/**
 * generated by fontconvert.py
 * name: m4_ui_cjk_16
 * size: 16
 * mode: 1-bit
 * Command used: lib/EpdFont/scripts/fontconvert.py m4_ui_cjk_16 16 lib/EpdFont/builtinFonts/source/NotoSans/NotoSans-Bold.ttf artifacts/fonts/source/NotoSansCJKsc-Regular.otf --codepoints-file lib/EpdFont/builtinFonts/source/m4_ui_charset.txt
 */
#pragma once
#include "EpdFontData.h"

static const uint8_t m4_ui_cjk_16Bitmaps[101412] = {
    0x7E, 0xFD, 0xFB, 0xF7, 0xEF, 0xDF, 0xBF, 0x7C, 0xF9, 0xF3, 0xE7, 0xCF, 0x9F, 0x3E, 0x3C, 0x00,
    0x03, 0xE7, 0xFF, 0xDF, 0xBE, 0x38, 0xF9, 0xFF, 0x9F, 0xF9, 0xFF, 0x9F, 0xF9, 0xFF, 0x9F, 0xF9,
    0xFF, 0x9F, 0xF9, 0xF0, 0x01, 0xF3, 0xC0, 0x0F, 0x9E, 0x00, 0x78, 0xF0, 0x03, 0xC7, 0x80, 0x1E,
    0x7C, 0x01, 0xF3, 0xE0, 0xFF, 0xFF, 0xC7, 0xFF, 0xFF, 0x3F, 0xFF, 0xF9, 0xFF, 0xFF, 0xCF, 0xFF,
    0xFE, 0x0F, 0x9E, 0x00, 0x78, 0xF0, 0x03, 0xC7, 0x83, 0xFF, 0xFF, 0xDF, 0xFF, 0xFE, 0xFF, 0xFF,
    0xF3, 0xFF, 0xFF, 0x83, 0xC7, 0x80, 0x1E, 0x3C, 0x00, 0xF3, 0xE0, 0x0F, 0x9E, 0x00, 0x7C, 0xF0,
    0x03, 0xC7, 0x80, 0x01, 0xC0, 0x00, 0xE0, 0x00, 0x70, 0x01, 0xFF, 0x83, 0xFF, 0xFB, 0xFF, 0xF9,
    0xFF, 0xFD, 0xFF, 0xFE, 0xFD, 0xC2, 0x7E, 0xE0, 0x3F, 0xF0, 0x0F, 0xF8, 0x07, 0xFF, 0x01, 0xFF,
    0xE0, 0x3F, 0xF8, 0x07, 0xFE, 0x01, 0xFF, 0x80, 0xFF, 0xC0, 0x77, 0xFC, 0x3B, 0xFF, 0xFF, 0xFF,
    0xFF, 0xFB, 0xFF, 0xFD, 0xFF, 0xF8, 0x1F, 0xF0, 0x00, 0xE0, 0x00, 0x70, 0x00, 0x38, 0x00, 0x00,
    0x00, 0x00, 0x01, 0xFC, 0x01, 0xF0, 0x1F, 0xF0, 0x1F, 0x00, 0xFF, 0xC0, 0xF8, 0x0F, 0xFE, 0x0F,
    0x80, 0x7C, 0xF0, 0x7C, 0x03, 0xC7, 0xC7, 0xC0, 0x1E, 0x3E, 0x3C, 0x00, 0xF1, 0xF3, 0xE0, 0x07,
    0x8F, 0x9E, 0x00, 0x3C, 0x7D, 0xF3, 0xE1, 0xF3, 0xDF, 0x7F, 0x8F, 0xFE, 0xFB, 0xFE, 0x3F, 0xFF,
    0xBF, 0xF8, 0xFF, 0x7D, 0xF7, 0xC3, 0xE7, 0xCF, 0x1E, 0x00, 0x3C, 0xF8, 0xF0, 0x03, 0xE7, 0xC7,
    0x80, 0x1E, 0x3E, 0x3C, 0x01, 0xF1, 0xF1, 0xE0, 0x1F, 0x07, 0x9F, 0x00, 0xF8, 0x3E, 0xF8, 0x0F,
    0x81, 0xFF, 0xC0, 0x7C, 0x07, 0xFC, 0x07, 0xC0, 0x1F, 0xC0, 0x00, 0x00, 0x38, 0x00, 0x00, 0x00,
    0x00, 0x07, 0xFC, 0x00, 0x0F, 0xFE, 0x00, 0x1F, 0xFF, 0x00, 0x3F, 0xFF, 0x00, 0x3F, 0x1F, 0x00,
    0x3E, 0x1F, 0x00, 0x3E, 0x1F, 0x00, 0x3F, 0x3F, 0x00, 0x1F, 0xFE, 0x00, 0x1F, 0xFE, 0x00, 0x0F,
    0xF8, 0x00, 0x1F, 0xF0, 0x7E, 0x3F, 0xF8, 0x7E, 0x7F, 0xFC, 0x7E, 0x7E, 0xFE, 0xFC, 0xFC, 0x7F,
    0xFC, 0xFC, 0x3F, 0xF8, 0xFC, 0x1F, 0xF8, 0xFC, 0x0F, 0xF0, 0xFF, 0x1F, 0xF0, 0x7F, 0xFF, 0xF8,
    0x7F, 0xFF, 0xFC, 0x3F, 0xFF, 0xFE, 0x0F, 0xFC, 0x7F, 0x01, 0xE0, 0x00, 0xFF, 0xFF, 0xFF, 0xFF,
    0xFF, 0xF8, 0x07, 0x83, 0xE1, 0xF0, 0x7C, 0x3E, 0x0F, 0x87, 0xC1, 0xF0, 0x7C, 0x3F, 0x0F, 0x83,
    0xE0, 0xF8, 0x3E, 0x0F, 0x83, 0xE0, 0xF8, 0x3E, 0x0F, 0x83, 0xE0, 0x7C, 0x1F, 0x07, 0xC1, 0xF8,
    0x3E, 0x0F, 0x81, 0xF0, 0x7E, 0x0F, 0x81, 0xE0, 0xF8, 0x7E, 0x1F, 0x07, 0xC3, 0xE1, 0xF8, 0x7C,
    0x3E, 0x1F, 0x87, 0xC3, 0xE1, 0xF0, 0xF8, 0x7C, 0x3E, 0x1F, 0x0F, 0x87, 0xC3, 0xE1, 0xF0, 0xF8,
    0xF8, 0x7C, 0x3E, 0x3E, 0x1F, 0x1F, 0x0F, 0x8F, 0x87, 0x80, 0x01, 0xE0, 0x00, 0x78, 0x00, 0x1E,
    0x00, 0x07, 0x80, 0x01, 0xE0, 0x1E, 0x79, 0xE7, 0xFF, 0xF9, 0xFF, 0xFE, 0x7F, 0xFF, 0x8F, 0xFF,
    0xE0, 0x7F, 0x80, 0x1F, 0xF0, 0x0F, 0xFC, 0x07, 0xCF, 0x81, 0xF3, 0xE0, 0x38, 0x70, 0x00, 0x00,
    0x00, 0x03, 0xE0, 0x01, 0xF0, 0x00, 0xF8, 0x00, 0x7C, 0x00, 0x3E, 0x00, 0x1F, 0x03, 0xFF, 0xFF,
    0xFF, 0xFF, 0xFF, 0xFF, 0xFF, 0xFF, 0xC0, 0xF8, 0x00, 0x7C, 0x00, 0x3E, 0x00, 0x1F, 0x00, 0x0F,
    0x80, 0x07, 0xC0, 0x01, 0xC0, 0x00, 0x7E, 0xFD, 0xF3, 0xEF, 0xDF, 0x3E, 0x78, 0xF0, 0x7F, 0xDF,
    0xF7, 0xFD, 0xFF, 0x7F, 0x80, 0x00, 0xF9, 0xFF, 0xF7, 0xEF, 0x8E, 0x00, 0x00, 0x7C, 0x03, 0xF0,
    0x0F, 0x80, 0x7E, 0x01, 0xF0, 0x07, 0xC0, 0x3F, 0x00, 0xF8, 0x03, 0xE0, 0x1F, 0x80, 0x7C, 0x01,
    0xF0, 0x0F, 0x80, 0x3E, 0x01, 0xF8, 0x07, 0xC0, 0x1F, 0x00, 0xFC, 0x03, 0xE0, 0x0F, 0x80, 0x7E,
    0x01, 0xF0, 0x0F, 0xC0, 0x3E, 0x00, 0xF8, 0x00, 0x00, 0x80, 0x07, 0xFC, 0x07, 0xFF, 0x07, 0xFF,
    0xC7, 0xFF, 0xE3, 0xF1, 0xF9, 0xF8, 0xFD, 0xF8, 0x3F, 0xFC, 0x1F, 0xFE, 0x0F, 0xFF, 0x07, 0xFF,
    0x83, 0xFF, 0xC1, 0xFF, 0xE0, 0xFF, 0xF0, 0x7F, 0xF8, 0x3F, 0xFC, 0x1F, 0xFE, 0x0F, 0xFF, 0x07,
    0xEF, 0x83, 0xE7, 0xE3, 0xF3, 0xFF, 0xF8, 0xFF, 0xF8, 0x3F, 0xF8, 0x0F, 0xF8, 0x00, 0xF0, 0x00,
    0x00, 0xF8, 0x1F, 0xC1, 0xFE, 0x1F, 0xF1, 0xFF, 0xBF, 0xFD, 0xFF, 0xEF, 0xBF, 0x39, 0xF8, 0x0F,
    0xC0, 0x7E, 0x03, 0xF0, 0x1F, 0x80, 0xFC, 0x07, 0xE0, 0x3F, 0x01, 0xF8, 0x0F, 0xC0, 0x7E, 0x03,
    0xF0, 0x1F, 0x80, 0xFC, 0x07, 0xE0, 0x3F, 0x00, 0x00, 0x07, 0xFC, 0x0F, 0xFF, 0x8F, 0xFF, 0xCF,
    0xFF, 0xF3, 0xFB, 0xF8, 0xE0, 0x7E, 0x20, 0x3F, 0x00, 0x1F, 0x80, 0x0F, 0x80, 0x0F, 0xC0, 0x0F,
    0xE0, 0x07, 0xE0, 0x07, 0xE0, 0x07, 0xE0, 0x07, 0xE0, 0x07, 0xE0, 0x07, 0xE0, 0x07, 0xE0, 0x07,
    0xE0, 0x07, 0xFF, 0xFF, 0xFF, 0xFF, 0xFF, 0xFF, 0xFF, 0xFF, 0xFF, 0xFF, 0x80, 0x00, 0x00, 0x0F,
    0xFC, 0x1F, 0xFF, 0x9F, 0xFF, 0xE7, 0xFF, 0xF3, 0xE3, 0xF8, 0xC0, 0xFC, 0x00, 0x3E, 0x00, 0x1F,
    0x00, 0x1F, 0x83, 0xFF, 0x81, 0xFF, 0x80, 0xFF, 0x80, 0x7F, 0xF0, 0x3F, 0xFC, 0x00, 0xFF, 0x00,
    0x1F, 0x80, 0x0F, 0xC0, 0x07, 0xE0, 0x03, 0xFE, 0x03, 0xFF, 0xFF, 0xFB, 0xFF, 0xFD, 0xFF, 0xFC,
    0xFF, 0xF8, 0x07, 0xE0, 0x00, 0x00, 0x3F, 0x00, 0x07, 0xE0, 0x01, 0xFC, 0x00, 0x7F, 0x80, 0x0F,
    0xF0, 0x03, 0xFE, 0x00, 0xFF, 0xC0, 0x1F, 0xF8, 0x07, 0xFF, 0x01, 0xF7, 0xE0, 0x3E, 0xFC, 0x0F,
    0x9F, 0x83, 0xE3, 0xF0, 0x7C, 0x7E, 0x1F, 0x0F, 0xC7, 0xFF, 0xFF, 0xFF, 0xFF, 0xFF, 0xFF, 0xFF,
    0xFF, 0xFF, 0x80, 0x1F, 0x80, 0x03, 0xF0, 0x00, 0x7E, 0x00, 0x0F, 0xC0, 0x01, 0xF8, 0x3F, 0xFE,
    0x1F, 0xFF, 0x1F, 0xFF, 0x8F, 0xFF, 0xC7, 0xFF, 0xE3, 0xF0, 0x01, 0xF8, 0x00, 0xFC, 0x00, 0x7D,
    0xC0, 0x3F, 0xFC, 0x1F, 0xFF, 0x8F, 0xFF, 0xE7, 0xFF, 0xF0, 0x83, 0xFC, 0x00, 0xFE, 0x00, 0x3F,
    0x00, 0x1F, 0x80, 0x0F, 0xC0, 0x07, 0xFE, 0x0F, 0xEF, 0xFF, 0xF7, 0xFF, 0xF3, 0xFF, 0xF0, 0xFF,
    0xF0, 0x0F, 0xC0, 0x00, 0x00, 0x00, 0x00, 0xFF, 0x81, 0xFF, 0xC1, 0xFF, 0xE1, 0xFF, 0xF1, 0xFE,
    0x01, 0xF8, 0x00, 0xF8, 0x00, 0x7C, 0x00, 0x7E, 0x7C, 0x3E, 0xFF, 0x9F, 0xFF, 0xEF, 0xFF, 0xF7,
    0xFF, 0xFF, 0xF8, 0x7F, 0xF8, 0x3F, 0xFC, 0x0F, 0xFE, 0x07, 0xFF, 0x03, 0xFF, 0x83, 0xF7, 0xE3,
    0xFB, 0xFF, 0xF8, 0xFF, 0xFC, 0x3F, 0xFC, 0x0F, 0xFC, 0x00, 0xF0, 0x00, 0x7F, 0xFF, 0xDF, 0xFF,
    0xF7, 0xFF, 0xFD, 0xFF, 0xFF, 0x7F, 0xFF, 0xC0, 0x03, 0xE0, 0x01, 0xF8, 0x00, 0x7E, 0x00, 0x3F,
    0x00, 0x0F, 0xC0, 0x07, 0xE0, 0x01, 0xF8, 0x00, 0x7C, 0x00, 0x3F, 0x00, 0x0F, 0xC0, 0x07, 0xE0,
    0x01, 0xF8, 0x00, 0xFC, 0x00, 0x3F, 0x00, 0x1F, 0x80, 0x07, 0xE0, 0x03, 0xF0, 0x00, 0xFC, 0x00,
    0x3F, 0x00, 0x00, 0x00, 0x07, 0xFC, 0x0F, 0xFF, 0x8F, 0xFF, 0xE7, 0xFF, 0xF3, 0xF1, 0xF9, 0xF0,
    0x7C, 0xF8, 0x3E, 0x7E, 0x1F, 0x3F, 0xBF, 0x8F, 0xFF, 0x83, 0xFF, 0x80, 0xFF, 0x80, 0xFF, 0xE1,
    0xFF, 0xF8, 0xFC, 0xFE, 0xFC, 0x1F, 0xFC, 0x0F, 0xFE, 0x03, 0xFF, 0x01, 0xFF, 0xC1, 0xFF, 0xFF,
    0xFD, 0xFF, 0xFC, 0x7F, 0xFC, 0x1F, 0xFC, 0x01, 0xF0, 0x00, 0x00, 0x00, 0x07, 0xF8, 0x0F, 0xFF,
    0x0F, 0xFF, 0xC7, 0xFF, 0xF7, 0xF3, 0xFB, 0xF0, 0x7D, 0xF0, 0x3F, 0xF8, 0x1F, 0xFC, 0x0F, 0xFE,
    0x07, 0xFF, 0x83, 0xFF, 0xFF, 0xFB, 0xFF, 0xFD, 0xFF, 0xFE, 0x7F, 0xDF, 0x0F, 0xCF, 0x80, 0x0F,
    0x80, 0x07, 0xC0, 0x07, 0xE0, 0x0F, 0xE3, 0xFF, 0xF1, 0xFF, 0xF0, 0xFF, 0xF0, 0x7F, 0xE0, 0x1F,
    0x80, 0x00, 0x38, 0xFD, 0xFF, 0xF7, 0xEF, 0x80, 0x00, 0x00, 0x00, 0x00, 0x00, 0x00, 0x1F, 0x3F,
    0xFE, 0xFD, 0xF1, 0xC0, 0x38, 0xFD, 0xFB, 0xF7, 0xEF, 0x80, 0x00, 0x00, 0x00, 0x00, 0x00, 0x00,
    0x00, 0x3F, 0x7E, 0xF9, 0xF7, 0xEF, 0x9F, 0x3C, 0x78, 0x00, 0x01, 0x80, 0x03, 0xC0, 0x07, 0xE0,
    0x0F, 0xF0, 0x1F, 0xF0, 0x3F, 0xE0, 0x7F, 0xC0, 0xFF, 0x80, 0xFF, 0x00, 0x7F, 0x00, 0x3F, 0xE0,
    0x07, 0xFE, 0x00, 0xFF, 0xC0, 0x1F, 0xFC, 0x03, 0xFE, 0x00, 0x3F, 0x00, 0x07, 0x80, 0x00, 0xC0,
    0xFF, 0xFF, 0xFF, 0xFF, 0xFF, 0xFF, 0xFF, 0xFF, 0xF0, 0x00, 0x00, 0x00, 0x03, 0xFF, 0xFF, 0xFF,
    0xFF, 0xFF, 0xFF, 0xFF, 0xFF, 0xDF, 0xFF, 0xC0, 0xC0, 0x00, 0x78, 0x00, 0x3F, 0x00, 0x1F, 0xE0,
    0x07, 0xFC, 0x00, 0xFF, 0x80, 0x1F, 0xF0, 0x03, 0xFE, 0x00, 0x7F, 0x80, 0x1F, 0xC0, 0x3F, 0xE0,
    0xFF, 0xC1, 0xFF, 0x87, 0xFF, 0x03, 0xFE, 0x01, 0xF8, 0x00, 0xF0, 0x00, 0x60, 0x00, 0x00, 0x00,
    0x00, 0x3F, 0xF0, 0xFF, 0xFC, 0xFF, 0xFE, 0x7F, 0xFE, 0x7C, 0x7E, 0x20, 0x3F, 0x00, 0x3F, 0x00,
    0x3E, 0x00, 0x7E, 0x00, 0xFC, 0x03, 0xFC, 0x07, 0xF8, 0x07, 0xE0, 0x07, 0xC0, 0x0F, 0x80, 0x0F,
    0x80, 0x07, 0x80, 0x00, 0x00, 0x00, 0x00, 0x0F, 0x80, 0x0F, 0xC0, 0x0F, 0xC0, 0x0F, 0xC0, 0x0F,
    0xC0, 0x07, 0x00, 0x00, 0x3F, 0xF0, 0x00, 0x1F, 0xFF, 0xC0, 0x03, 0xFF, 0xFF, 0x00, 0x7F, 0xFF,
    0xF8, 0x0F, 0xC0, 0x0F, 0xC1, 0xF0, 0x00, 0x7C, 0x3E, 0x1F, 0xF3, 0xE3, 0xC3, 0xFF, 0x9E, 0x7C,
    0x7F, 0xF9, 0xE7, 0x8F, 0xFF, 0x9F, 0x79, 0xF0, 0xF9, 0xFF, 0x9F, 0x0F, 0x9F, 0xF9, 0xE0, 0xF9,
    0xFF, 0x9E, 0x0F, 0x9F, 0xF9, 0xE0, 0xF1, 0xEF, 0x9E, 0x0F, 0x1E, 0xF9, 0xF1, 0xFB, 0xEF, 0x8F,
    0xFF, 0xFC, 0x78, 0xFF, 0xFF, 0xC7, 0xC7, 0xF3, 0xF8, 0x3E, 0x1C, 0x0E, 0x03, 0xF0, 0x00, 0x00,
    0x1F, 0x80, 0x1C, 0x00, 0xFF, 0xFF, 0xC0, 0x07, 0xFF, 0xFC, 0x00, 0x3F, 0xFF, 0xC0, 0x00, 0x7F,
    0xE0, 0x00, 0x00, 0xFE, 0x00, 0x01, 0xFE, 0x00, 0x01, 0xFF, 0x00, 0x01, 0xFF, 0x00, 0x03, 0xFF,
    0x80, 0x03, 0xFF, 0x80, 0x03, 0xEF, 0x80, 0x07, 0xEF, 0xC0, 0x07, 0xEF, 0xC0, 0x07, 0xC7, 0xC0,
    0x0F, 0xC7, 0xE0, 0x0F, 0xC7, 0xE0, 0x0F, 0x83, 0xE0, 0x1F, 0x83, 0xF0, 0x1F, 0xFF, 0xF0, 0x1F,
    0xFF, 0xF0, 0x3F, 0xFF, 0xF8, 0x3F, 0xFF, 0xF8, 0x3F, 0xFF, 0xF8, 0x7E, 0x00, 0xFC, 0x7E, 0x00,
    0xFC, 0xFE, 0x00, 0xFE, 0xFC, 0x00, 0x7E, 0xFC, 0x00, 0x7E, 0xFF, 0xFC, 0x1F, 0xFF, 0xE3, 0xFF,
    0xFE, 0x7F, 0xFF, 0xEF, 0xFF, 0xFD, 0xF8, 0x1F, 0xBF, 0x03, 0xF7, 0xE0, 0x7E, 0xFC, 0x0F, 0xDF,
    0xFF, 0xF3, 0xFF, 0xFC, 0x7F, 0xFF, 0x0F, 0xFF, 0xF9, 0xFF, 0xFF, 0xBF, 0x03, 0xF7, 0xE0, 0x3F,
    0xFC, 0x07, 0xFF, 0x80, 0xFF, 0xF0, 0x3F, 0xFE, 0x1F, 0xEF, 0xFF, 0xFD, 0xFF, 0xFF, 0x3F, 0xFF,
    0xC7, 0xFF, 0xF0, 0x00, 0x00, 0x00, 0x1F, 0xFC, 0x07, 0xFF, 0xF0, 0xFF, 0xFE, 0x1F, 0xFF, 0xE3,
    0xFF, 0x7C, 0x3F, 0x80, 0x47, 0xF0, 0x00, 0x7E, 0x00, 0x07, 0xE0, 0x00, 0x7E, 0x00, 0x07, 0xE0,
    0x00, 0xFC, 0x00, 0x0F, 0xC0, 0x00, 0x7E, 0x00, 0x07, 0xE0, 0x00, 0x7E, 0x00, 0x07, 0xE0, 0x00,
    0x7F, 0x00, 0x03, 0xF8, 0x00, 0x3F, 0xE1, 0xE1, 0xFF, 0xFE, 0x0F, 0xFF, 0xE0, 0x7F, 0xFE, 0x03,
    0xFF, 0xC0, 0x07, 0xE0, 0xFF, 0xF8, 0x07, 0xFF, 0xF8, 0x3F, 0xFF, 0xE1, 0xFF, 0xFF, 0x8F, 0xFF,
    0xFE, 0x7E, 0x07, 0xFB, 0xF0, 0x1F, 0xDF, 0x80, 0x7E, 0xFC, 0x03, 0xFF, 0xE0, 0x0F, 0xFF, 0x00,
    0x7F, 0xF8, 0x03, 0xFF, 0xC0, 0x1F, 0xFE, 0x00, 0xFF, 0xF0, 0x07, 0xFF, 0x80, 0x7F, 0xFC, 0x03,
    0xF7, 0xE0, 0x3F, 0xBF, 0x03, 0xF9, 0xFF, 0xFF, 0xCF, 0xFF, 0xFC, 0x7F, 0xFF, 0xC3, 0xFF, 0xFC,
    0x1F, 0xFF, 0x80, 0xFF, 0xFF, 0xFF, 0xFF, 0xFF, 0xFF, 0xFF, 0xFF, 0xFF, 0xE0, 0x0F, 0x80, 0x3E,
    0x00, 0xF8, 0x03, 0xFF, 0xEF, 0xFF, 0xBF, 0xFE, 0xFF, 0xFB, 0xFF, 0xEF, 0x80, 0x3E, 0x00, 0xF8,
    0x03, 0xE0, 0x0F, 0x80, 0x3F, 0xFE, 0xFF, 0xFF, 0xFF, 0xFF, 0xFF, 0xFF, 0xFF, 0xFF, 0xFF, 0xFF,
    0xFF, 0xFF, 0xFF, 0xFF, 0xFF, 0xFF, 0xE0, 0x0F, 0x80, 0x3E, 0x00, 0xF8, 0x03, 0xE0, 0x0F, 0xFF,
    0xBF, 0xFE, 0xFF, 0xFB, 0xFF, 0xEF, 0xFF, 0xBE, 0x00, 0xF8, 0x03, 0xE0, 0x0F, 0x80, 0x3E, 0x00,
    0xF8, 0x03, 0xE0, 0x0F, 0x80, 0x3E, 0x00, 0x00, 0x00, 0x00, 0x07, 0xFF, 0x00, 0xFF, 0xFE, 0x1F,
    0xFF, 0xE1, 0xFF, 0xFF, 0x0F, 0xF9, 0xF8, 0xFF, 0x00, 0x87, 0xE0, 0x00, 0x7F, 0x00, 0x03, 0xF0,
    0x00, 0x1F, 0x80, 0x00, 0xFC, 0x3F, 0xF7, 0xE1, 0xFF, 0xBF, 0x0F, 0xFD, 0xF8, 0x7F, 0xEF, 0xC3,
    0xFF, 0x7E, 0x01, 0xFB, 0xF0, 0x0F, 0xDF, 0xC0, 0x7E, 0x7F, 0x03, 0xF3, 0xFC, 0x1F, 0x8F, 0xFF,
    0xFC, 0x3F, 0xFF, 0xE0, 0xFF, 0xFF, 0x03, 0xFF, 0xF0, 0x03, 0xF8, 0x00, 0xF8, 0x03, 0xFF, 0x80,
    0x3F, 0xF8, 0x03, 0xFF, 0x80, 0x3F, 0xF8, 0x03, 0xFF, 0x80, 0x3F, 0xF8, 0x03, 0xFF, 0x80, 0x3F,
    0xF8, 0x03, 0xFF, 0xFF, 0xFF, 0xFF, 0xFF, 0xFF, 0xFF, 0xFF, 0xFF, 0xFF, 0xFF, 0xFF, 0xFF, 0xF8,
    0x03, 0xFF, 0x80, 0x3F, 0xF8, 0x03, 0xFF, 0x80, 0x3F, 0xF8, 0x03, 0xFF, 0x80, 0x3F, 0xF8, 0x03,
    0xFF, 0x80, 0x3F, 0xF8, 0x03, 0xFF, 0x80, 0x3F, 0xFF, 0xFF, 0xFF, 0xFF, 0xFF, 0xF3, 0xF8, 0x3E,
    0x07, 0xC0, 0xF8, 0x1F, 0x03, 0xE0, 0x7C, 0x0F, 0x81, 0xF0, 0x3E, 0x07, 0xC0, 0xF8, 0x1F, 0x03,
    0xE0, 0x7C, 0x0F, 0x87, 0xFD, 0xFF, 0xFF, 0xFF, 0xFF, 0x03, 0xE0, 0x3E, 0x03, 0xE0, 0x3E, 0x03,
    0xE0, 0x3E, 0x03, 0xE0, 0x3E, 0x03, 0xE0, 0x3E, 0x03, 0xE0, 0x3E, 0x03, 0xE0, 0x3E, 0x03, 0xE0,
    0x3E, 0x03, 0xE0, 0x3E, 0x03, 0xE0, 0x3E, 0x03, 0xE0, 0x3E, 0x03, 0xE0, 0x3E, 0x07, 0xE0, 0x7E,
    0xFF, 0xEF, 0xFC, 0xFF, 0xCF, 0xF8, 0xFF, 0x00, 0xF8, 0x07, 0xEF, 0x80, 0xFC, 0xF8, 0x1F, 0xCF,
    0x83, 0xF8, 0xF8, 0x3F, 0x0F, 0x87, 0xE0, 0xF8, 0xFE, 0x0F, 0x9F, 0xC0, 0xFB, 0xF8, 0x0F, 0xBF,
    0x00, 0xFF, 0xE0, 0x0F, 0xFF, 0x00, 0xFF, 0xF0, 0x0F, 0xFF, 0x80, 0xFF, 0xFC, 0x0F, 0xCF, 0xC0,
    0xF8, 0xFE, 0x0F, 0x87, 0xE0, 0xF8, 0x3F, 0x0F, 0x83, 0xF8, 0xF8, 0x1F, 0x8F, 0x81, 0xFC, 0xF8,
    0x0F, 0xEF, 0x80, 0x7E, 0xFC, 0x00, 0xFC, 0x00, 0xFC, 0x00, 0xFC, 0x00, 0xFC, 0x00, 0xFC, 0x00,
    0xFC, 0x00, 0xFC, 0x00, 0xFC, 0x00, 0xFC, 0x00, 0xFC, 0x00, 0xFC, 0x00, 0xFC, 0x00, 0xFC, 0x00,
    0xFC, 0x00, 0xFC, 0x00, 0xFC, 0x00, 0xFC, 0x00, 0xFC, 0x00, 0xFF, 0xFE, 0xFF, 0xFF, 0xFF, 0xFF,
    0xFF, 0xFF, 0xFF, 0xFF, 0xFE, 0x00, 0x3F, 0xFF, 0xC0, 0x0F, 0xFF, 0xF0, 0x07, 0xFF, 0xFC, 0x01,
    0xFF, 0xFF, 0x80, 0x7F, 0xFF, 0xE0, 0x3F, 0xFF, 0xF8, 0x0F, 0xFF, 0xFE, 0x03, 0xFF, 0xFF, 0xC1,
    0xFF, 0xFF, 0xF0, 0x7F, 0xFF, 0xBC, 0x1F, 0xFF, 0xEF, 0x8F, 0xBF, 0xFB, 0xE3, 0xEF, 0xFE, 0xF8,
    0xFB, 0xFF, 0x9F, 0x7C, 0xFF, 0xE7, 0xDF, 0x3F, 0xF9, 0xF7, 0xCF, 0xFE, 0x3F, 0xE3, 0xFF, 0x8F,
    0xF8, 0xFF, 0xE3, 0xFE, 0x3F, 0xF8, 0x7F, 0x0F, 0xFE, 0x1F, 0xC3, 0xFF, 0x87, 0xF0, 0xFF, 0xE0,
    0xF8, 0x3F, 0xFE, 0x00, 0xFB, 0xFC, 0x03, 0xEF, 0xF0, 0x0F, 0xBF, 0xE0, 0x3E, 0xFF, 0x80, 0xFB,
    0xFF, 0x03, 0xEF, 0xFC, 0x0F, 0xBF, 0xF8, 0x3E, 0xFF, 0xF0, 0xFB, 0xEF, 0xC3, 0xEF, 0x9F, 0x8F,
    0xBE, 0x7E, 0x3E, 0xF8, 0xFC, 0xFB, 0xE3, 0xF3, 0xEF, 0x87, 0xEF, 0xBE, 0x1F, 0xFE, 0xF8, 0x3F,
    0xFB, 0xE0, 0x7F, 0xEF, 0x81, 0xFF, 0xBE, 0x03, 0xFE, 0xF8, 0x0F, 0xFB, 0xE0, 0x1F, 0xEF, 0x80,
    0x7F, 0xBE, 0x00, 0xFE, 0x00, 0x18, 0x00, 0x01, 0xFF, 0xC0, 0x07, 0xFF, 0xE0, 0x0F, 0xFF, 0xF8,
    0x1F, 0xFF, 0xF8, 0x3F, 0xE7, 0xFC, 0x3F, 0x80, 0xFE, 0x7F, 0x00, 0x7E, 0x7E, 0x00, 0x7E, 0x7E,
    0x00, 0x7F, 0x7E, 0x00, 0x3F, 0x7E, 0x00, 0x3F, 0xFE, 0x00, 0x3F, 0xFE, 0x00, 0x3F, 0x7E, 0x00,
    0x3F, 0x7E, 0x00, 0x3F, 0x7E, 0x00, 0x7F, 0x7E, 0x00, 0x7E, 0x7F, 0x00, 0x7E, 0x3F, 0x80, 0xFE,
    0x3F, 0xE3, 0xFC, 0x1F, 0xFF, 0xFC, 0x0F, 0xFF, 0xF8, 0x07, 0xFF, 0xF0, 0x03, 0xFF, 0xC0, 0x00,
    0x3E, 0x00, 0xFF, 0xF8, 0x3F, 0xFF, 0x8F, 0xFF, 0xF3, 0xFF, 0xFE, 0xFF, 0xFF, 0xBF, 0x07, 0xEF,
    0xC0, 0xFF, 0xF0, 0x3F, 0xFC, 0x0F, 0xFF, 0x07, 0xEF, 0xC3, 0xFB, 0xFF, 0xFE, 0xFF, 0xFF, 0x3F,
    0xFF, 0x8F, 0xFF, 0xC3, 0xFF, 0xC0, 0xFC, 0x00, 0x3F, 0x00, 0x0F, 0xC0, 0x03, 0xF0, 0x00, 0xFC,
    0x00, 0x3F, 0x00, 0x0F, 0xC0, 0x03, 0xF0, 0x00, 0x00, 0x18, 0x00, 0x01, 0xFF, 0xC0, 0x07, 0xFF,
    0xE0, 0x0F, 0xFF, 0xF8, 0x1F, 0xFF, 0xF8, 0x3F, 0xE7, 0xFC, 0x3F, 0x80, 0xFE, 0x7F, 0x00, 0x7E,
    0x7E, 0x00, 0x7E, 0x7E, 0x00, 0x7F, 0x7E, 0x00, 0x3F, 0x7E, 0x00, 0x3F, 0xFE, 0x00, 0x3F, 0xFE,
    0x00, 0x3F, 0x7E, 0x00, 0x3F, 0x7E, 0x00, 0x3F, 0x7E, 0x00, 0x7F, 0x7E, 0x00, 0x7E, 0x7F, 0x00,
    0x7E, 0x3F, 0x80, 0xFE, 0x3F, 0xE3, 0xFC, 0x1F, 0xFF, 0xFC, 0x0F, 0xFF, 0xF8, 0x07, 0xFF, 0xF0,
    0x03, 0xFF, 0xC0, 0x00, 0x3F, 0xE0, 0x00, 0x07, 0xF0, 0x00, 0x03, 0xF8, 0x00, 0x01, 0xFC, 0x00,
    0x01, 0xFE, 0x00, 0x00, 0xFE, 0xFF, 0xF8, 0x0F, 0xFF, 0xE0, 0xFF, 0xFF, 0x0F, 0xFF, 0xF8, 0xFF,
    0xFF, 0x8F, 0xC1, 0xFC, 0xFC, 0x0F, 0xCF, 0xC0, 0xFC, 0xFC, 0x0F, 0xCF, 0xC1, 0xF8, 0xFC, 0x7F,
    0x8F, 0xFF, 0xF0, 0xFF, 0xFE, 0x0F, 0xFF, 0xC0, 0xFF, 0xFC, 0x0F, 0xC7, 0xE0, 0xFC, 0x7E, 0x0F,
    0xC3, 0xF0, 0xFC, 0x3F, 0x8F, 0xC1, 0xF8, 0xFC, 0x0F, 0xCF, 0xC0, 0xFE, 0xFC, 0x07, 0xEF, 0xC0,
    0x7F, 0x00, 0x00, 0x07, 0xFE, 0x07, 0xFF, 0xC7, 0xFF, 0xE7, 0xFF, 0xF3, 0xF9, 0xF1, 0xF0, 0x19,
    0xF8, 0x00, 0xFC, 0x00, 0x3F, 0x80, 0x1F, 0xE0, 0x07, 0xFC, 0x03, 0xFF, 0x80, 0x7F, 0xE0, 0x1F,
    0xF8, 0x03, 0xFE, 0x00, 0x7F, 0x00, 0x1F, 0x80, 0x07, 0xD8, 0x03, 0xEF, 0x87, 0xF7, 0xFF, 0xFB,
    0xFF, 0xF9, 0xFF, 0xF8, 0x7F, 0xF8, 0x03, 0xE0, 0x00, 0xFF, 0xFF, 0xFF, 0xFF, 0xFF, 0xFF, 0xFF,
    0xFF, 0xFF, 0xFF, 0xFF, 0xFE, 0x03, 0xF0, 0x00, 0x7E, 0x00, 0x0F, 0xC0, 0x01, 0xF8, 0x00, 0x3F,
    0x00, 0x07, 0xE0, 0x00, 0xFC, 0x00, 0x1F, 0x80, 0x03, 0xF0, 0x00, 0x7E, 0x00, 0x0F, 0xC0, 0x01,
    0xF8, 0x00, 0x3F, 0x00, 0x07, 0xE0, 0x00, 0xFC, 0x00, 0x1F, 0x80, 0x03, 0xF0, 0x00, 0x7E, 0x00,
    0x0F, 0xC0, 0xFC, 0x01, 0xFF, 0xE0, 0x0F, 0xFF, 0x00, 0x7F, 0xF8, 0x03, 0xFF, 0xC0, 0x1F, 0xFE,
    0x00, 0xFF, 0xF0, 0x07, 0xFF, 0x80, 0x3F, 0xFC, 0x01, 0xFF, 0xE0, 0x0F, 0xFF, 0x00, 0x7F, 0xF8,
    0x03, 0xFF, 0xC0, 0x1F, 0xFE, 0x00, 0xFF, 0xF0, 0x07, 0xFF, 0x80, 0x3F, 0xFC, 0x01, 0xFB, 0xF0,
    0x0F, 0xDF, 0x80, 0xFC, 0xFF, 0x1F, 0xE3, 0xFF, 0xFE, 0x1F, 0xFF, 0xF0, 0x7F, 0xFF, 0x00, 0xFF,
    0xE0, 0x00, 0xF8, 0x00, 0xFC, 0x00, 0xFF, 0xF0, 0x03, 0xFF, 0xC0, 0x1F, 0x9F, 0x80, 0x7E, 0x7E,
    0x01, 0xF9, 0xF8, 0x07, 0xC3, 0xE0, 0x3F, 0x0F, 0xC0, 0xFC, 0x3F, 0x03, 0xE0, 0x7C, 0x1F, 0x81,
    0xF8, 0x7E, 0x07, 0xE1, 0xF0, 0x0F, 0x8F, 0xC0, 0x3F, 0x3F, 0x00, 0xFC, 0xF8, 0x01, 0xF7, 0xE0,
    0x07, 0xFF, 0x00, 0x1F, 0xFC, 0x00, 0x3F, 0xF0, 0x00, 0xFF, 0x80, 0x03, 0xFE, 0x00, 0x07, 0xF8,
    0x00, 0x1F, 0xC0, 0x00, 0x3F, 0x00, 0xF8, 0x07, 0xE0, 0x1F, 0x7E, 0x03, 0xF0, 0x0F, 0xBF, 0x01,
    0xF8, 0x0F, 0xDF, 0x81, 0xFE, 0x07, 0xE7, 0xC0, 0xFF, 0x03, 0xF3, 0xF0, 0x7F, 0x81, 0xF1, 0xF8,
    0x3F, 0xE1, 0xF8, 0xFC, 0x3F, 0xF0, 0xFC, 0x3E, 0x1F, 0xF8, 0x7C, 0x1F, 0x8F, 0xFC, 0x3E, 0x0F,
    0xC7, 0xDF, 0x3F, 0x07, 0xE7, 0xCF, 0x9F, 0x81, 0xF3, 0xE7, 0xCF, 0x80, 0xF9, 0xF3, 0xE7, 0xC0,
    0x7E, 0xF8, 0xFB, 0xE0, 0x1F, 0xF8, 0x7F, 0xF0, 0x0F, 0xFC, 0x3F, 0xF0, 0x07, 0xFE, 0x1F, 0xF8,
    0x03, 0xFF, 0x07, 0xFC, 0x00, 0xFF, 0x03, 0xFE, 0x00, 0x7F, 0x81, 0xFE, 0x00, 0x3F, 0xC0, 0xFF,
    0x00, 0x1F, 0xE0, 0x3F, 0x80, 0x07, 0xE0, 0x1F, 0xC0, 0xFE, 0x01, 0xFC, 0xFC, 0x03, 0xF0, 0xFC,
    0x0F, 0xE1, 0xFC, 0x1F, 0x81, 0xF8, 0x7E, 0x01, 0xF9, 0xFC, 0x03, 0xF3, 0xF0, 0x03, 0xFF, 0xC0,
    0x07, 0xFF, 0x80, 0x07, 0xFE, 0x00, 0x07, 0xFC, 0x00, 0x0F, 0xF0, 0x00, 0x1F, 0xE0, 0x00, 0x7F,
    0xE0, 0x00, 0xFF, 0xC0, 0x03, 0xFF, 0xC0, 0x07, 0xFF, 0xC0, 0x1F, 0x9F, 0x80, 0x7F, 0x1F, 0x80,
    0xFC, 0x3F, 0x83, 0xF0, 0x3F, 0x0F, 0xE0, 0x7F, 0x1F, 0x80, 0x7F, 0x7E, 0x00, 0x7E, 0xFC, 0x01,
    0xFF, 0xF0, 0x1F, 0xDF, 0x80, 0xFC, 0xFE, 0x0F, 0xC3, 0xF0, 0x7E, 0x1F, 0xC7, 0xE0, 0x7E, 0x3F,
    0x03, 0xFB, 0xF0, 0x0F, 0xDF, 0x80, 0x3F, 0xF8, 0x01, 0xFF, 0xC0, 0x07, 0xFC, 0x00, 0x3F, 0xE0,
    0x00, 0xFE, 0x00, 0x07, 0xF0, 0x00, 0x3F, 0x00, 0x01, 0xF8, 0x00, 0x0F, 0xC0, 0x00, 0x7E, 0x00,
    0x03, 0xF0, 0x00, 0x1F, 0x80, 0x00, 0xFC, 0x00, 0x07, 0xE0, 0x00, 0x3F, 0x00, 0x7F, 0xFF, 0xEF,
    0xFF, 0xFD, 0xFF, 0xFF, 0xBF, 0xFF, 0xF7, 0xFF, 0xFC, 0x00, 0x3F, 0x00, 0x0F, 0xE0, 0x01, 0xF8,
    0x00, 0x7E, 0x00, 0x1F, 0x80, 0x07, 0xF0, 0x00, 0xFC, 0x00, 0x3F, 0x00, 0x0F, 0xE0, 0x01, 0xF8,
    0x00, 0x7E, 0x00, 0x1F, 0xC0, 0x03, 0xF0, 0x00, 0xFC, 0x00, 0x3F, 0xFF, 0xE7, 0xFF, 0xFF, 0xFF,
    0xFF, 0xFF, 0xFF, 0xFF, 0xFF, 0xFF, 0xFF, 0xFF, 0xFF, 0xFF, 0xFF, 0x87, 0xC3, 0xE1, 0xF0, 0xF8,
    0x7C, 0x3E, 0x1F, 0x0F, 0x87, 0xC3, 0xE1, 0xF0, 0xF8, 0x7C, 0x3E, 0x1F, 0x0F, 0x87, 0xC3, 0xE1,
    0xF0, 0xF8, 0x7F, 0xBF, 0xFF, 0xFF, 0xFF, 0xF8, 0xF8, 0x03, 0xF0, 0x07, 0xC0, 0x1F, 0x00, 0x7E,
    0x00, 0xF8, 0x03, 0xF0, 0x07, 0xC0, 0x1F, 0x00, 0x7E, 0x00, 0xF8, 0x03, 0xE0, 0x0F, 0xC0, 0x1F,
    0x00, 0x7C, 0x01, 0xF8, 0x03, 0xE0, 0x0F, 0xC0, 0x1F, 0x00, 0x7C, 0x01, 0xF8, 0x03, 0xE0, 0x0F,
    0x80, 0x3F, 0x00, 0x78, 0xFF, 0xFF, 0xFF, 0xEF, 0xF0, 0xF8, 0x7C, 0x3E, 0x1F, 0x0F, 0x87, 0xC3,
    0xE1, 0xF0, 0xF8, 0x7C, 0x3E, 0x1F, 0x0F, 0x87, 0xC3, 0xE1, 0xF0, 0xF8, 0x7C, 0x3E, 0x1F, 0x0F,
    0xBF, 0xFF, 0xFF, 0xFF, 0xFB, 0xFC, 0x01, 0xE0, 0x00, 0x3C, 0x00, 0x0F, 0xC0, 0x01, 0xF8, 0x00,
    0x7F, 0x80, 0x0F, 0xF0, 0x01, 0xFF, 0x00, 0x79, 0xF0, 0x0F, 0x3E, 0x03, 0xE3, 0xE0, 0x78, 0x7C,
    0x1F, 0x07, 0xC3, 0xC0, 0xF8, 0xF8, 0x0F, 0x9E, 0x01, 0xF3, 0xC0, 0x1E, 0x7F, 0xFE, 0xFF, 0xFD,
    0xFF, 0xF8, 0xFC, 0x1F, 0x83, 0xF0, 0x7E, 0x0F, 0xC1, 0xF0, 0x03, 0xF8, 0x0F, 0xFF, 0x0F, 0xFF,
    0xC7, 0xFF, 0xE1, 0xFF, 0xF8, 0xC0, 0xFC, 0x00, 0x7E, 0x03, 0xFF, 0x1F, 0xFF, 0x9F, 0xFF, 0xDF,
    0xFF, 0xFF, 0xC3, 0xFF, 0xC1, 0xFF, 0xE0, 0xFF, 0xF0, 0xFF, 0xFF, 0xFF, 0x7F, 0xFF, 0xBF, 0xFF,
    0xCF, 0xF9, 0xE1, 0xE0, 0x00, 0xFC, 0x00, 0x3F, 0x00, 0x0F, 0xC0, 0x03, 0xF0, 0x00, 0xFC, 0x00,
    0x3F, 0x00, 0x0F, 0xC0, 0x03, 0xF3, 0xE0, 0xFD, 0xFE, 0x3F, 0xFF, 0xCF, 0xFF, 0xF3, 0xFF, 0xFE,
    0xFE, 0x1F, 0xBF, 0x07, 0xFF, 0xC0, 0xFF, 0xF0, 0x3F, 0xFC, 0x0F, 0xFF, 0x03, 0xFF, 0xC0, 0xFF,
    0xF0, 0x3F, 0xFC, 0x1F, 0xBF, 0x8F, 0xEF, 0xFF, 0xFB, 0xFF, 0xFC, 0xFF, 0xFF, 0x3E, 0x7F, 0x00,
    0x07, 0x00, 0x01, 0xF8, 0x0F, 0xFE, 0x1F, 0xFE, 0x3F, 0xFE, 0x7F, 0xFE, 0x7F, 0x04, 0x7E, 0x00,
    0xFC, 0x00, 0xFC, 0x00, 0xFC, 0x00, 0xFC, 0x00, 0xFC, 0x00, 0xFC, 0x00, 0x7E, 0x00, 0x7F, 0x0E,
    0x7F, 0xFE, 0x3F, 0xFE, 0x1F, 0xFE, 0x0F, 0xFE, 0x01, 0xF0, 0x00, 0x0F, 0xC0, 0x03, 0xF0, 0x00,
    0xFC, 0x00, 0x3F, 0x00, 0x0F, 0xC0, 0x03, 0xF0, 0x00, 0xFC, 0x1F, 0x3F, 0x1F, 0xFF, 0xCF, 0xFF,
    0xF3, 0xFF, 0xFD, 0xFF, 0xFF, 0x7E, 0x1F, 0xDF, 0x83, 0xFF, 0xC0, 0xFF, 0xF0, 0x3F, 0xFC, 0x07,
    0xFF, 0x01, 0xFF, 0xC0, 0xFF, 0xF0, 0x3F, 0x7E, 0x0F, 0xDF, 0xC7, 0xF7, 0xFF, 0xFC, 0xFF, 0xFF,
    0x3F, 0xF7, 0xC3, 0xF9, 0xF0, 0x38, 0x00, 0x03, 0xF0, 0x03, 0xFF, 0x01, 0xFF, 0xF0, 0xFF, 0xFC,
    0x7F, 0xBF, 0x9F, 0x83, 0xE7, 0xC0, 0xFF, 0xFF, 0xFF, 0xFF, 0xFF, 0xFF, 0xFF, 0xFF, 0xFF, 0xFF,
    0xFF, 0xFE, 0xFC, 0x00, 0x1F, 0x80, 0x07, 0xF0, 0x18, 0xFF, 0xFE, 0x3F, 0xFF, 0x87, 0xFF, 0xE0,
    0x7F, 0xF0, 0x03, 0xE0, 0x01, 0xF8, 0x0F, 0xFC, 0x3F, 0xF0, 0xFF, 0xE1, 0xFF, 0xC3, 0xF0, 0x07,
    0xE0, 0x0F, 0xFC, 0x7F, 0xF9, 0xFF, 0xF3, 0xFF, 0xE7, 0xFF, 0xC1, 0xF8, 0x03, 0xF0, 0x07, 0xE0,
    0x0F, 0xC0, 0x1F, 0x80, 0x3F, 0x00, 0x7E, 0x00, 0xFC, 0x01, 0xF8, 0x03, 0xF0, 0x07, 0xE0, 0x0F,
    0xC0, 0x1F, 0x80, 0x3F, 0x00, 0x07, 0xC7, 0xC7, 0xFD, 0xF3, 0xFF, 0xFC, 0xFF, 0xFF, 0x7F, 0xFF,
    0xDF, 0x87, 0xF7, 0xE0, 0xFF, 0xF0, 0x3F, 0xFC, 0x0F, 0xFF, 0x01, 0xFF, 0xC0, 0x7F, 0xF0, 0x1F,
    0xFC, 0x0F, 0xDF, 0x83, 0xF7, 0xE1, 0xFD, 0xFF, 0xFF, 0x3F, 0xFF, 0xCF, 0xFF, 0xF0, 0xFE, 0xFC,
    0x0E, 0x3F, 0x00, 0x0F, 0xC0, 0x03, 0xF7, 0xC3, 0xF9, 0xFF, 0xFE, 0x7F, 0xFF, 0x1F, 0xFF, 0x83,
    0xFF, 0xC0, 0xFC, 0x00, 0x3F, 0x00, 0x0F, 0xC0, 0x03, 0xF0, 0x00, 0xFC, 0x00, 0x3F, 0x00, 0x0F,
    0xC0, 0x03, 0xF3, 0xE0, 0xFF, 0xFE, 0x3F, 0xFF, 0xCF, 0xFF, 0xFB, 0xFF, 0xFE, 0xFE, 0x1F, 0xFF,
    0x03, 0xFF, 0xC0, 0xFF, 0xF0, 0x3F, 0xFC, 0x0F, 0xFF, 0x03, 0xFF, 0xC0, 0xFF, 0xF0, 0x3F, 0xFC,
    0x0F, 0xFF, 0x03, 0xFF, 0xC0, 0xFF, 0xF0, 0x3F, 0xFC, 0x0F, 0xFF, 0x03, 0xF0, 0x33, 0xFF, 0xFF,
    0xFD, 0xE0, 0x1E, 0xFF, 0xFF, 0xFF, 0xFF, 0xFF, 0xFF, 0xFF, 0xFF, 0xFF, 0xFF, 0xFF, 0xFF, 0xFF,
    0xF0, 0x03, 0x03, 0xF0, 0xFC, 0x3F, 0x0F, 0xC1, 0xE0, 0x00, 0x1E, 0x0F, 0xC3, 0xF0, 0xFC, 0x3F,
    0x0F, 0xC3, 0xF0, 0xFC, 0x3F, 0x0F, 0xC3, 0xF0, 0xFC, 0x3F, 0x0F, 0xC3, 0xF0, 0xFC, 0x3F, 0x0F,
    0xC3, 0xF0, 0xFC, 0x3F, 0x0F, 0xE7, 0xFF, 0xFB, 0xFE, 0xFF, 0x3F, 0x80, 0xFC, 0x00, 0x1F, 0x80,
    0x03, 0xF0, 0x00, 0x7E, 0x00, 0x0F, 0xC0, 0x01, 0xF8, 0x00, 0x3F, 0x00, 0x07, 0xE0, 0x3E, 0xFC,
    0x1F, 0xDF, 0x83, 0xF3, 0xF0, 0xFC, 0x7E, 0x3F, 0x0F, 0xCF, 0xC1, 0xFB, 0xF0, 0x3F, 0xFE, 0x07,
    0xFF, 0x80, 0xFF, 0xF0, 0x1F, 0xFF, 0x03, 0xFF, 0xF0, 0x7F, 0x7E, 0x0F, 0xC7, 0xE1, 0xF8, 0xFE,
    0x3F, 0x0F, 0xC7, 0xE0, 0xFC, 0xFC, 0x1F, 0xDF, 0x81, 0xFC, 0xFF, 0xFF, 0xFF, 0xFF, 0xFF, 0xFF,
    0xFF, 0xFF, 0xFF, 0xFF, 0xFF, 0xFF, 0xFF, 0xFF, 0xFF, 0xFF, 0xFF, 0xFF, 0xFF, 0xF0, 0x70, 0xF8,
    0x1F, 0x87, 0xDF, 0xF3, 0xFE, 0x3F, 0xFF, 0xFF, 0xF9, 0xFF, 0xFF, 0xFF, 0xEF, 0xFF, 0xFF, 0xFF,
    0x7F, 0x0F, 0xE1, 0xFB, 0xF0, 0x7F, 0x07, 0xDF, 0x83, 0xF0, 0x3F, 0xFC, 0x1F, 0x81, 0xFF, 0xE0,
    0xFC, 0x0F, 0xFF, 0x07, 0xE0, 0x7F, 0xF8, 0x3F, 0x03, 0xFF, 0xC1, 0xF8, 0x1F, 0xFE, 0x0F, 0xC0,
    0xFF, 0xF0, 0x7E, 0x07, 0xFF, 0x83, 0xF0, 0x3F, 0xFC, 0x1F, 0x81, 0xFF, 0xE0, 0xFC, 0x0F, 0xFF,
    0x07, 0xE0, 0x7E, 0x70, 0xFC, 0x3E, 0xFF, 0x8F, 0xFF, 0xF3, 0xFF, 0xFE, 0xFF, 0xFF, 0xBF, 0x87,
    0xFF, 0xC0, 0xFF, 0xF0, 0x3F, 0xFC, 0x0F, 0xFF, 0x03, 0xFF, 0xC0, 0xFF, 0xF0, 0x3F, 0xFC, 0x0F,
    0xFF, 0x03, 0xFF, 0xC0, 0xFF, 0xF0, 0x3F, 0xFC, 0x0F, 0xFF, 0x03, 0xFF, 0xC0, 0xFC, 0x03, 0xF0,
    0x01, 0xFF, 0xC0, 0x7F, 0xFC, 0x1F, 0xFF, 0xC7, 0xFF, 0xF8, 0xFC, 0x1F, 0x9F, 0x83, 0xF7, 0xE0,
    0x7E, 0xFC, 0x07, 0xFF, 0x80, 0xFF, 0xF0, 0x1F, 0xFE, 0x03, 0xFF, 0xC0, 0xFC, 0xFC, 0x1F, 0x9F,
    0x87, 0xF1, 0xFF, 0xFC, 0x3F, 0xFF, 0x83, 0xFF, 0xE0, 0x1F, 0xF0, 0x00, 0xF8, 0x00, 0x70, 0xF8,
    0x3E, 0xFF, 0x8F, 0xFF, 0xF3, 0xFF, 0xFC, 0xFF, 0xFF, 0xBF, 0x87, 0xEF, 0xC1, 0xFF, 0xF0, 0x3F,
    0xFC, 0x0F, 0xFF, 0x03, 0xFF, 0xC0, 0xFF, 0xF0, 0x3F, 0xFC, 0x0F, 0xFF, 0x07, 0xEF, 0xE3, 0xFB,
    0xFF, 0xFE, 0xFF, 0xFF, 0x3F, 0xFF, 0xCF, 0xDF, 0xC3, 0xF1, 0xC0, 0xFC, 0x00, 0x3F, 0x00, 0x0F,
    0xC0, 0x03, 0xF0, 0x00, 0xFC, 0x00, 0x3F, 0x00, 0x0F, 0xC0, 0x00, 0x07, 0xC7, 0xC7, 0xFD, 0xF3,
    0xFF, 0xFC, 0xFF, 0xFF, 0x7F, 0xFF, 0xDF, 0x87, 0xF7, 0xE0, 0xFF, 0xF0, 0x3F, 0xFC, 0x0F, 0xFF,
    0x01, 0xFF, 0xC0, 0x7F, 0xF0, 0x3F, 0xFC, 0x0F, 0xDF, 0x83, 0xF7, 0xE1, 0xFD, 0xFF, 0xFF, 0x3F,
    0xFF, 0xCF, 0xFF, 0xF0, 0xFE, 0xFC, 0x0E, 0x3F, 0x00, 0x0F, 0xC0, 0x03, 0xF0, 0x00, 0xFC, 0x00,
    0x3F, 0x00, 0x0F, 0xC0, 0x03, 0xF0, 0x00, 0xFC, 0x70, 0xFF, 0xCF, 0xFE, 0xFF, 0xFF, 0xFF, 0xFF,
    0x7F, 0xFB, 0xF8, 0x1F, 0x80, 0xFC, 0x07, 0xE0, 0x3F, 0x01, 0xF8, 0x0F, 0xC0, 0x7E, 0x03, 0xF0,
    0x1F, 0x80, 0xFC, 0x07, 0xE0, 0x3F, 0x00, 0x07, 0xE0, 0x7F, 0xF9, 0xFF, 0xF3, 0xFF, 0xEF, 0xE7,
    0x9F, 0x81, 0x3F, 0x80, 0x7F, 0xC0, 0x7F, 0xE0, 0x7F, 0xF0, 0x7F, 0xF0, 0x3F, 0xE0, 0x0F, 0xE0,
    0x0F, 0xF8, 0x1F, 0xFF, 0xFE, 0xFF, 0xFD, 0xFF, 0xF3, 0xFF, 0xC0, 0x7C, 0x00, 0x00, 0x00, 0x3C,
    0x00, 0xF0, 0x03, 0xC0, 0x1F, 0xF8, 0xFF, 0xFF, 0xFF, 0xFF, 0xFF, 0xFF, 0xF8, 0x7C, 0x01, 0xF0,
    0x07, 0xC0, 0x1F, 0x00, 0x7C, 0x01, 0xF0, 0x07, 0xC0, 0x1F, 0x00, 0x7C, 0x01, 0xF8, 0x07, 0xFF,
    0x1F, 0xFC, 0x3F, 0xF0, 0x7F, 0xC0, 0x78, 0xF8, 0x0F, 0xBF, 0x03, 0xFF, 0xC0, 0xFF, 0xF0, 0x3F,
    0xFC, 0x0F, 0xFF, 0x03, 0xFF, 0xC0, 0xFF, 0xF0, 0x3F, 0xFC, 0x0F, 0xFF, 0x03, 0xFF, 0xC0, 0xFF,
    0xF0, 0x3F, 0xFC, 0x1F, 0xFF, 0x07, 0xFF, 0xE3, 0xFF, 0xFF, 0xFF, 0x7F, 0xFF, 0xDF, 0xFD, 0xF1,
    0xFE, 0x7C, 0x1E, 0x00, 0xF8, 0x03, 0xEF, 0xC0, 0x7E, 0xFC, 0x07, 0xE7, 0xC0, 0x7C, 0x7E, 0x0F,
    0xC7, 0xE0, 0xFC, 0x3E, 0x0F, 0x83, 0xF1, 0xF8, 0x1F, 0x1F, 0x01, 0xF1, 0xF0, 0x1F, 0xBF, 0x00,
    0xFB, 0xE0, 0x0F, 0xBE, 0x00, 0xFF, 0xE0, 0x07, 0xFC, 0x00, 0x7F, 0xC0, 0x03, 0xF8, 0x00, 0x3F,
    0x80, 0x03, 0xF8, 0x00, 0xF8, 0x0F, 0x81, 0xF7, 0xE0, 0xFE, 0x0F, 0xBF, 0x07, 0xF0, 0xFC, 0xF8,
    0x7F, 0x87, 0xE7, 0xE3, 0xFC, 0x3F, 0x3F, 0x1F, 0xF1, 0xF0, 0xF8, 0xFF, 0x9F, 0x87, 0xCF, 0xBC,
    0xFC, 0x3F, 0x7D, 0xE7, 0xC1, 0xFB, 0xCF, 0xBE, 0x07, 0xDE, 0x7F, 0xF0, 0x3E, 0xF1, 0xFF, 0x81,
    0xFF, 0x8F, 0xF8, 0x07, 0xF8, 0x7F, 0xC0, 0x3F, 0xC3, 0xFE, 0x01, 0xFE, 0x1F, 0xE0, 0x0F, 0xF0,
    0x7F, 0x00, 0x3F, 0x83, 0xF8, 0x01, 0xF8, 0x1F, 0x80, 0x7C, 0x07, 0xE7, 0xE0, 0xFE, 0x7F, 0x0F,
    0xC3, 0xF1, 0xF8, 0x3F, 0x9F, 0x81, 0xFB, 0xF0, 0x0F, 0xFE, 0x00, 0xFF, 0xE0, 0x07, 0xFC, 0x00,
    0x3F, 0x80, 0x07, 0xFC, 0x00, 0x7F, 0xE0, 0x0F, 0xFE, 0x01, 0xFF, 0xF0, 0x1F, 0xBF, 0x83, 0xF1,
    0xF8, 0x7F, 0x0F, 0xC7, 0xE0, 0xFE, 0xFE, 0x07, 0xE0, 0xF8, 0x03, 0xEF, 0xC0, 0x7E, 0xFC, 0x07,
    0xE7, 0xE0, 0x7C, 0x7E, 0x0F, 0xC7, 0xE0, 0xFC, 0x3F, 0x0F, 0x83, 0xF1, 0xF8, 0x1F, 0x1F, 0x81,
    0xF9, 0xF0, 0x1F, 0xBF, 0x00, 0xFB, 0xE0, 0x0F, 0xFE, 0x00, 0x7F, 0xE0, 0x07, 0xFC, 0x00, 0x3F,
    0xC0, 0x03, 0xFC, 0x00, 0x3F, 0x80, 0x01, 0xF8, 0x00, 0x1F, 0x00, 0x03, 0xF0, 0x00, 0x3F, 0x00,
    0x4F, 0xE0, 0x07, 0xFE, 0x00, 0x7F, 0xC0, 0x07, 0xF8, 0x00, 0x7F, 0x00, 0x00, 0x7F, 0xFD, 0xFF,
    0xFB, 0xFF, 0xF7, 0xFF, 0xEF, 0xFF, 0xC0, 0x3F, 0x00, 0x7E, 0x01, 0xF8, 0x07, 0xE0, 0x1F, 0xC0,
    0x3F, 0x00, 0xFC, 0x03, 0xF0, 0x0F, 0xE0, 0x1F, 0x80, 0x7F, 0xFF, 0xFF, 0xFF, 0xFF, 0xFF, 0xFF,
    0xF8, 0x01, 0xF0, 0x7F, 0x07, 0xF0, 0xFF, 0x0F, 0xC0, 0xF8, 0x0F, 0x80, 0xF8, 0x0F, 0x80, 0xF8,
    0x0F, 0x80, 0xF8, 0x7F, 0x8F, 0xF0, 0xFE, 0x0F, 0xF0, 0xFF, 0x81, 0xF8, 0x0F, 0x80, 0xF8, 0x0F,
    0x80, 0xF8, 0x0F, 0x80, 0xF8, 0x0F, 0xC0, 0xFF, 0x07, 0xF0, 0x7F, 0x03, 0xF0, 0x07, 0xFF, 0xFF,
    0xFF, 0xFF, 0xFF, 0xFF, 0xFF, 0xFF, 0xFF, 0xFF, 0xFF, 0xFF, 0xFF, 0xFF, 0xFF, 0xFF, 0xFF, 0xF8,
    0x0F, 0xE0, 0xFE, 0x0F, 0xF0, 0x3F, 0x01, 0xF0, 0x1F, 0x01, 0xF0, 0x1F, 0x01, 0xF0, 0x1F, 0x01,
    0xF0, 0x1F, 0xF0, 0xFF, 0x07, 0xF0, 0xFF, 0x1F, 0xF1, 0xF8, 0x1F, 0x01, 0xF0, 0x1F, 0x01, 0xF0,
    0x1F, 0x01, 0xF0, 0x1F, 0x0F, 0xF0, 0xFF, 0x0F, 0xE0, 0xFC, 0x0E, 0x00, 0x1E, 0x00, 0xBF, 0xE0,
    0xFF, 0xFF, 0xFF, 0xFF, 0xFF, 0x7F, 0xFE, 0x07, 0xF8, 0x00, 0x00, 0x03, 0x03, 0x00, 0xF0, 0xF8,
    0x3F, 0x3F, 0x0F, 0xCF, 0xE3, 0xF9, 0xF8, 0x7E, 0x7E, 0x1F, 0x9F, 0x87, 0xE7, 0xE0, 0xFC, 0xFE,
    0x0F, 0xCF, 0xC0, 0xFC, 0xFC, 0x0F, 0xCF, 0xC1, 0xFC, 0xFC, 0x1F, 0x8F, 0x81, 0xE1, 0xE0, 0x10,
    0x10, 0x00, 0x01, 0xFC, 0x7F, 0xE7, 0xFE, 0xF9, 0xFF, 0x0F, 0xF0, 0xFF, 0x0F, 0xF9, 0xF7, 0xFE,
    0x7F, 0xE1, 0xFC, 0x00, 0x00, 0x03, 0xE0, 0x01, 0xF0, 0x00, 0xF8, 0x00, 0x7C, 0x00, 0x3E, 0x00,
    0x1F, 0x03, 0xFF, 0xFF, 0xFF, 0xFF, 0xFF, 0xFF, 0xFF, 0xFF, 0xC0, 0xF8, 0x00, 0x7C, 0x00, 0x3E,
    0x00, 0x1F, 0x00, 0x0F, 0x80, 0x07, 0xC0, 0x01, 0xC0, 0x7F, 0xFF, 0xFF, 0xFF, 0xFF, 0xFF, 0xFF,
    0xFF, 0xF8, 0x00, 0xF9, 0xFF, 0xF7, 0xEF, 0x8E, 0x00, 0x18, 0x18, 0x0F, 0x0F, 0x83, 0xF3, 0xF0,
    0x3F, 0x3F, 0x03, 0xF3, 0xF0, 0x7F, 0x3F, 0x07, 0xE3, 0xF0, 0x7E, 0x7E, 0x0F, 0xCF, 0xC3, 0xF3,
    0xF8, 0xFC, 0x7E, 0x3F, 0x9F, 0x87, 0xE7, 0xE1, 0xF9, 0xF8, 0x1E, 0x0E, 0x00, 0x80, 0xC0, 0x00,
    0x00, 0x00, 0x1F, 0x07, 0xC3, 0xE7, 0xE3, 0xF0, 0xFF, 0xF8, 0xFC, 0x7F, 0x7E, 0x3F, 0x0F, 0xDF,
    0x0F, 0xC3, 0xE3, 0x80, 0xE0, 0x70, 0x03, 0x01, 0xE0, 0xFC, 0x7E, 0x3F, 0x8F, 0xC7, 0xE3, 0xF0,
    0xFC, 0x1F, 0x83, 0xF0, 0x7E, 0x1F, 0xC3, 0xF0, 0x78, 0x08, 0x18, 0x1E, 0x0F, 0xC1, 0xF8, 0x3F,
    0x0F, 0xE1, 0xF8, 0x3F, 0x0F, 0xC7, 0xE3, 0xF1, 0xFC, 0x7E, 0x3F, 0x07, 0x80, 0x40, 0x00, 0x00,
    0x00, 0x00, 0x01, 0x80, 0x00, 0x00, 0x07, 0x80, 0x00, 0x00, 0x1E, 0x00, 0x00, 0x00, 0x78, 0x00,
    0x00, 0x01, 0xE0, 0x00, 0x00, 0x07, 0x80, 0x00, 0x00, 0x3F, 0xFF, 0xFF, 0xFF, 0xFF, 0xFF, 0xFF,
    0xFF, 0xFF, 0xFF, 0xFF, 0xFC, 0xF0, 0x00, 0x00, 0x00, 0xF8, 0x00, 0x00, 0x00, 0xF8, 0x00, 0x00,
    0x00, 0xF0, 0x00, 0x00, 0x00, 0xF0, 0x00, 0x00, 0x00, 0xF0, 0x00, 0x00, 0x00, 0xC0, 0x00, 0x00,
    0x00, 0x80, 0x00, 0xE0, 0x00, 0xF8, 0x00, 0x7E, 0x00, 0x7F, 0x80, 0x7F, 0xE0, 0x7F, 0x78, 0x7B,
    0xBE, 0x79, 0xCF, 0xB8, 0xE1, 0x88, 0x70, 0x40, 0x38, 0x00, 0x1C, 0x00, 0x0E, 0x00, 0x07, 0x00,
    0x03, 0x80, 0x01, 0xC0, 0x00, 0xE0, 0x00, 0x70, 0x00, 0x38, 0x00, 0x1C, 0x00, 0x0E, 0x00, 0x07,
    0x00, 0x03, 0x80, 0x01, 0xC0, 0x00, 0xE0, 0x00, 0x70, 0x00, 0x38, 0x00, 0x1C, 0x00, 0x0E, 0x00,
    0x07, 0x00, 0x00, 0x00, 0x00, 0x00, 0x00, 0x00, 0x07, 0x00, 0x00, 0x00, 0x07, 0x00, 0x00, 0x00,
    0x07, 0x80, 0x00, 0x00, 0x03, 0xC0, 0x00, 0x00, 0x01, 0xE0, 0x00, 0x00, 0x00, 0xF8, 0xFF, 0xFF,
    0xFF, 0xFC, 0xFF, 0xFF, 0xFF, 0xFE, 0xFF, 0xFF, 0xFF, 0xFE, 0x00, 0x00, 0x00, 0x78, 0x00, 0x00,
    0x00, 0xF0, 0x00, 0x00, 0x01, 0xE0, 0x00, 0x00, 0x03, 0xC0, 0x00, 0x00, 0x07, 0x80, 0x00, 0x00,
    0x07, 0x00, 0x00, 0x00, 0x02, 0x00, 0x01, 0xC0, 0x00, 0xE0, 0x00, 0x70, 0x00, 0x38, 0x00, 0x1C,
    0x00, 0x0E, 0x00, 0x07, 0x00, 0x03, 0x80, 0x01, 0xC0, 0x00, 0xE0, 0x00, 0x70, 0x00, 0x38, 0x00,
    0x1C, 0x00, 0x0E, 0x00, 0x07, 0x00, 0x03, 0x80, 0x01, 0xC0, 0x00, 0xE0, 0x00, 0x70, 0x00, 0x38,
    0x02, 0x1C, 0x13, 0x8E, 0x19, 0xE7, 0x3E, 0x7B, 0xBE, 0x1F, 0xDE, 0x07, 0xFE, 0x01, 0xFE, 0x00,
    0x7E, 0x00, 0x3E, 0x00, 0x0E, 0x00, 0x02, 0x00, 0x30, 0x0F, 0x01, 0xF0, 0x1F, 0x01, 0xF0, 0x1F,
    0x01, 0xF0, 0x1F, 0x01, 0xC0, 0x00, 0x1F, 0x0F, 0xF1, 0xC7, 0x70, 0x7E, 0x0F, 0xC1, 0xF8, 0x3F,
    0x06, 0x7B, 0xC7, 0xF0, 0x7C, 0x00, 0xFF, 0xFF, 0xFF, 0xFF, 0xFF, 0xFF, 0xFF, 0xFF, 0xFF, 0xFF,
    0xFF, 0xF8, 0x7F, 0xFF, 0xFF, 0xFE, 0xFF, 0xFF, 0xFF, 0xFD, 0xFF, 0xFF, 0xFF, 0xF8, 0x01, 0xC0,
    0x00, 0x00, 0x03, 0x80, 0x00, 0x00, 0x07, 0x00, 0x00, 0x00, 0x0E, 0x00, 0x00, 0x00, 0x3C, 0x00,
    0x00, 0x00, 0x78, 0x00, 0x00, 0x00, 0xF0, 0x00, 0x00, 0x01, 0xFF, 0xFF, 0xC0, 0x03, 0xFF, 0xFF,
    0x80, 0x07, 0xFF, 0xFE, 0x00, 0x0E, 0x00, 0x1C, 0x00, 0x1C, 0x00, 0x38, 0x00, 0x78, 0x00, 0x70,
    0x00, 0xF0, 0x00, 0xE0, 0x01, 0xC0, 0x01, 0xC0, 0x07, 0x80, 0x03, 0x80, 0x0E, 0x00, 0x07, 0x00,
    0x3C, 0x00, 0x0E, 0x00, 0x78, 0x00, 0x3C, 0x01, 0xE0, 0x00, 0x78, 0x07, 0xC0, 0x00, 0xF0, 0x1F,
    0x00, 0x01, 0xC0, 0x7C, 0x00, 0x03, 0x81, 0xF0, 0x07, 0xFF, 0x07, 0xC0, 0x0F, 0xFC, 0x07, 0x00,
    0x1F, 0xF0, 0x00, 0x00, 0x00, 0x00, 0x00, 0x3F, 0xFF, 0xFF, 0xF0, 0xFF, 0xFF, 0xFF, 0xC3, 0xFF,
    0xFF, 0xFF, 0x00, 0x00, 0x00, 0x00, 0x00, 0x00, 0x00, 0x00, 0x00, 0x00, 0x00, 0x00, 0x00, 0x00,
    0x00, 0x00, 0x00, 0x00, 0x00, 0x00, 0x00, 0x00, 0x00, 0x00, 0x00, 0x00, 0x00, 0x00, 0x00, 0x00,
    0x03, 0xFF, 0xFF, 0xE0, 0x0F, 0xFF, 0xFF, 0x80, 0x3F, 0xFF, 0xFE, 0x00, 0x00, 0x00, 0x00, 0x00,
    0x00, 0x00, 0x00, 0x00, 0x00, 0x00, 0x00, 0x00, 0x00, 0x00, 0x00, 0x00, 0x00, 0x00, 0x00, 0x00,
    0x00, 0x00, 0x00, 0x00, 0x00, 0x00, 0x00, 0x00, 0x00, 0x00, 0x00, 0x00, 0x00, 0x3F, 0xFF, 0xFF,
    0xFE, 0xFF, 0xFF, 0xFF, 0xFB, 0xFF, 0xFF, 0xFF, 0xE0, 0x00, 0x07, 0x00, 0x00, 0x00, 0x0E, 0x00,
    0x00, 0x00, 0x1C, 0x00, 0x00, 0x00, 0x38, 0x00, 0x00, 0x00, 0x70, 0x00, 0x00, 0x00, 0xE0, 0x00,
    0x00, 0x01, 0xC0, 0x00, 0x00, 0x03, 0x80, 0x00, 0x00, 0x07, 0x00, 0x00, 0x00, 0x0E, 0x00, 0x00,
    0x00, 0x1C, 0x00, 0x00, 0x00, 0x3F, 0xFF, 0xC0, 0x00, 0x7F, 0xFF, 0x80, 0x00, 0xFF, 0xFF, 0x00,
    0x01, 0xC0, 0x00, 0x00, 0x03, 0x80, 0x00, 0x00, 0x07, 0x00, 0x00, 0x00, 0x0E, 0x00, 0x00, 0x00,
    0x1C, 0x00, 0x00, 0x00, 0x38, 0x00, 0x00, 0x00, 0x70, 0x00, 0x00, 0x00, 0xE0, 0x00, 0x00, 0x01,
    0xC0, 0x00, 0x00, 0x03, 0x80, 0x00, 0x00, 0x07, 0x00, 0x00, 0x00, 0x0E, 0x00, 0x00, 0x00, 0x1C,
    0x00, 0x07, 0xFF, 0xFF, 0xFF, 0xFF, 0xFF, 0xFF, 0xFF, 0xFF, 0xFF, 0xFF, 0xFF, 0xC0, 0x7F, 0xFF,
    0xFF, 0xFF, 0xFF, 0xFF, 0xFF, 0xFF, 0xFF, 0xFF, 0xFF, 0xF8, 0x00, 0x3C, 0x00, 0x00, 0x00, 0x78,
    0x00, 0x00, 0x00, 0xF0, 0x00, 0x00, 0x01, 0xE0, 0x00, 0x00, 0x03, 0xC0, 0x00, 0x00, 0x07, 0x80,
    0x00, 0x00, 0x0F, 0xC0, 0x00, 0x00, 0x1F, 0xE0, 0x00, 0x00, 0x3F, 0xF0, 0x00, 0x00, 0x7B, 0xF8,
    0x00, 0x00, 0xF1, 0xF8, 0x00, 0x01, 0xE1, 0xFC, 0x00, 0x03, 0xC0, 0xFC, 0x00, 0x07, 0x80, 0xF8,
    0x00, 0x0F, 0x00, 0x60, 0x00, 0x1E, 0x00, 0x00, 0x00, 0x3C, 0x00, 0x00, 0x00, 0x78, 0x00, 0x00,
    0x00, 0xF0, 0x00, 0x00, 0x01, 0xE0, 0x00, 0x00, 0x03, 0xC0, 0x00, 0x00, 0x07, 0x80, 0x00, 0x00,
    0x0F, 0x00, 0x00, 0x00, 0x1E, 0x00, 0x00, 0x00, 0x3C, 0x00, 0x00, 0x00, 0x78, 0x00, 0x00, 0x00,
    0x00, 0x00, 0x00, 0x7F, 0xFF, 0xFF, 0xFC, 0xFF, 0xFF, 0xFF, 0xF9, 0xFF, 0xFF, 0xFF, 0xF0, 0x00,
    0x0F, 0x00, 0x00, 0x00, 0x1E, 0x00, 0x00, 0x00, 0x78, 0x00, 0x00, 0x01, 0xF0, 0x00, 0x00, 0x03,
    0xC0, 0x00, 0x00, 0x0F, 0x90, 0x00, 0x00, 0x3F, 0x70, 0x00, 0x00, 0xFE, 0xF8, 0x00, 0x03, 0xFC,
    0xF8, 0x00, 0x0F, 0xB8, 0xFC, 0x00, 0x7E, 0x70, 0xFC, 0x01, 0xF8, 0xE0, 0x7C, 0x07, 0xC1, 0xC0,
    0x7C, 0x3F, 0x03, 0x80, 0x7D, 0xFC, 0x07, 0x00, 0x7D, 0xE0, 0x0E, 0x00, 0x7B, 0x80, 0x1C, 0x00,
    0x60, 0x00, 0x38, 0x00, 0x00, 0x00, 0x70, 0x00, 0x00, 0x00, 0xE0, 0x00, 0x00, 0x01, 0xC0, 0x00,
    0x00, 0x03, 0x80, 0x00, 0x00, 0x07, 0x00, 0x00, 0x00, 0x0E, 0x00, 0x00, 0x00, 0x1C, 0x00, 0x00,
    0x00, 0x38, 0x00, 0x00, 0x00, 0x00, 0x00, 0x00, 0x00, 0xC0, 0x00, 0x00, 0x0E, 0x00, 0x00, 0x00,
    0x70, 0x00, 0x00, 0x03, 0x80, 0x00, 0x00, 0x1F, 0xFF, 0xFF, 0x01, 0xFF, 0xFF, 0xFC, 0x0F, 0xFF,
    0xFF, 0xE0, 0x70, 0x00, 0x00, 0x03, 0x80, 0x00, 0x00, 0x1C, 0x00, 0x00, 0x01, 0xE0, 0x00, 0x00,
    0x0E, 0x00, 0x00, 0x00, 0x70, 0x00, 0x00, 0x03, 0xFF, 0xFF, 0xFC, 0x3F, 0xFF, 0xFF, 0xE1, 0xFF,
    0xFF, 0xFF, 0x00, 0x00, 0x00, 0x78, 0x00, 0x00, 0x03, 0xC0, 0x00, 0x00, 0x1C, 0x00, 0x00, 0x00,
    0xE7, 0xFF, 0xFF, 0xC7, 0x3F, 0xFF, 0xFE, 0x39, 0xFF, 0xFF, 0xF1, 0xC0, 0x00, 0x00, 0x1E, 0x00,
    0x00, 0x00, 0xF0, 0x00, 0x00, 0x07, 0x00, 0x00, 0x00, 0x78, 0x00, 0x03, 0x07, 0xC0, 0x00, 0x1F,
    0xFC, 0x00, 0x00, 0x7F, 0xC0, 0x00, 0x03, 0xFC, 0x00, 0x03, 0x03, 0x81, 0xC0, 0x0F, 0x07, 0x03,
    0x80, 0x1E, 0x0E, 0x07, 0x00, 0x3C, 0x1C, 0x0E, 0x00, 0x78, 0x38, 0x1C, 0x00, 0xF0, 0x70, 0x38,
    0x01, 0xE0, 0xE0, 0x70, 0x03, 0xC1, 0xC0, 0xE0, 0xFF, 0xFF, 0xFF, 0xFF, 0xFF, 0xFF, 0xFF, 0xFF,
    0xFF, 0xFF, 0xFF, 0xF8, 0x3C, 0x1C, 0x0E, 0x00, 0x78, 0x38, 0x1C, 0x00, 0xF0, 0x70, 0x38, 0x01,
    0xE0, 0xE0, 0x70, 0x03, 0xC1, 0xC0, 0xE0, 0x07, 0x83, 0x81, 0xC0, 0x0F, 0x07, 0x03, 0x80, 0x1E,
    0x0E, 0x07, 0x00, 0x3C, 0x1F, 0xFE, 0x00, 0x78, 0x3F, 0xFC, 0x00, 0xF0, 0x7F, 0xF8, 0x01, 0xE0,
    0x00, 0x00, 0x03, 0xC0, 0x00, 0x00, 0x07, 0x80, 0x00, 0x00, 0x0F, 0x00, 0x00, 0x00, 0x1F, 0xFF,
    0xFF, 0xF0, 0x3F, 0xFF, 0xFF, 0xE0, 0x7F, 0xFF, 0xFF, 0xC0, 0x7F, 0xFF, 0xFF, 0xF1, 0xFF, 0xFF,
    0xFF, 0xC7, 0xFF, 0xFF, 0xFF, 0x00, 0x01, 0xC0, 0x00, 0x00, 0x07, 0x00, 0x00, 0x00, 0x1C, 0x00,
    0x01, 0xFF, 0xFF, 0xFE, 0x0F, 0xFF, 0xFF, 0xF8, 0x3F, 0xFF, 0xFF, 0xE0, 0x00, 0x1C, 0x00, 0x00,
    0x00, 0x70, 0x00, 0x00, 0x01, 0xC0, 0x00, 0x00, 0x07, 0x00, 0x03, 0xFF, 0xFF, 0xFF, 0xEF, 0xFF,
    0xFF, 0xFF, 0xFF, 0xFF, 0xFF, 0xFF, 0x00, 0x78, 0x00, 0x00, 0x03, 0xC0, 0x00, 0x00, 0x0F, 0x00,
    0xC0, 0x00, 0x78, 0x07, 0x80, 0x03, 0xC0, 0x0F, 0x00, 0x1E, 0x00, 0x1E, 0x00, 0xF0, 0x00, 0x3C,
    0x07, 0xC0, 0x7F, 0xF0, 0x3F, 0xFF, 0xFF, 0xE0, 0xFF, 0xFF, 0xFF, 0xC3, 0xFF, 0xF8, 0x0F, 0x04,
    0x00, 0x00, 0x1E, 0x00, 0x00, 0x00, 0x38, 0x00, 0x00, 0x00, 0x00, 0x00, 0x00, 0x01, 0xE0, 0x00,
    0x03, 0xFF, 0xE0, 0x7F, 0xFF, 0xFF, 0xC0, 0xFF, 0xFF, 0xFC, 0x01, 0xFF, 0xFC, 0x00, 0x00, 0x00,
    0x70, 0x00, 0x00, 0x00, 0xE0, 0x00, 0x00, 0x01, 0xC0, 0x00, 0x0F, 0xFF, 0xFF, 0xF0, 0x3F, 0xFF,
    0xFF, 0xE0, 0x7F, 0xFF, 0xFF, 0xC0, 0x00, 0x1C, 0x00, 0x00, 0x00, 0x38, 0x00, 0x00, 0x00, 0x70,
    0x00, 0x00, 0x00, 0xE0, 0x00, 0x3F, 0xFF, 0xFF, 0xFE, 0x7F, 0xFF, 0xFF, 0xFE, 0xFF, 0xFF, 0xFF,
    0xFC, 0x00, 0x78, 0x00, 0x00, 0x01, 0xE0, 0x00, 0x00, 0x03, 0xC0, 0xE0, 0x00, 0x0F, 0x01, 0xE0,
    0x00, 0x3C, 0x01, 0xE0, 0x00, 0xF0, 0x01, 0xE0, 0x03, 0xC0, 0x01, 0xE0, 0x0F, 0x00, 0x3F, 0xC0,
    0x3F, 0xFF, 0xFF, 0xC0, 0xFF, 0xFF, 0xFF, 0xC1, 0xFF, 0xFF, 0x07, 0x83, 0xE0, 0x00, 0x07, 0x80,
    0x00, 0x00, 0x06, 0x00, 0x00, 0x00, 0x00, 0x7F, 0xFF, 0xFF, 0xFE, 0xFF, 0xFF, 0xFF, 0xFD, 0xFF,
    0xFF, 0xFF, 0xF8, 0x01, 0xC1, 0xC0, 0x00, 0x03, 0x83, 0x80, 0x00, 0x07, 0x07, 0x00, 0x00, 0x0E,
    0x0E, 0x00, 0x1F, 0xFF, 0xFF, 0xFC, 0x3F, 0xFF, 0xFF, 0xF8, 0x7F, 0xFF, 0xFF, 0xF0, 0xE0, 0xE0,
    0xE0, 0xE1, 0xC1, 0xC1, 0xC1, 0xC3, 0x87, 0x83, 0x83, 0x87, 0x0F, 0x07, 0x07, 0x0E, 0x1E, 0x0F,
    0x0E, 0x1C, 0x3E, 0x3F, 0x1C, 0x38, 0x7E, 0x7F, 0x38, 0x71, 0xFE, 0xEE, 0x70, 0xE3, 0x9F, 0xDE,
    0xE1, 0xCF, 0x37, 0x1F, 0xC3, 0x9C, 0x1E, 0x1F, 0x87, 0x78, 0x78, 0x1F, 0x0F, 0xE0, 0xE0, 0x2E,
    0x1D, 0x81, 0xC0, 0x1C, 0x38, 0x00, 0x00, 0x38, 0x70, 0x00, 0x00, 0x70, 0xE0, 0x00, 0x3F, 0xE1,
    0xC0, 0x00, 0x7F, 0xC3, 0x80, 0x00, 0x7F, 0x00, 0x00, 0x01, 0xC0, 0x00, 0x00, 0x03, 0xC0, 0x00,
    0x00, 0x03, 0xC0, 0x00, 0x00, 0x07, 0xE0, 0x00, 0x00, 0x0F, 0xF0, 0x00, 0x00, 0x1E, 0xF0, 0x00,
    0x00, 0x3C, 0x7C, 0x00, 0x00, 0x7C, 0x3E, 0x00, 0x01, 0xF8, 0x1F, 0x00, 0x03, 0xE1, 0x8F, 0xC0,
    0x0F, 0xC3, 0x87, 0xE0, 0x1F, 0x83, 0x81, 0xF8, 0x7F, 0x03, 0x80, 0xFE, 0xFC, 0x03, 0x80, 0x7E,
    0x70, 0x03, 0x80, 0x1E, 0x20, 0x03, 0x80, 0x04, 0x00, 0x03, 0x80, 0x00, 0x00, 0x03, 0x80, 0x00,
    0x00, 0x03, 0x80, 0x00, 0x00, 0x03, 0x80, 0x00, 0x00, 0x03, 0x80, 0x00, 0x00, 0x03, 0x80, 0x00,
    0x00, 0x03, 0x80, 0x00, 0x00, 0x03, 0x80, 0x00, 0x00, 0x03, 0x80, 0x00, 0x00, 0x03, 0x80, 0x00,
    0x00, 0x03, 0x80, 0x00, 0x00, 0x03, 0x80, 0x00, 0x00, 0x03, 0x80, 0x00, 0x00, 0x03, 0x80, 0x00,
    0x00, 0x03, 0x80, 0x00, 0x00, 0x00, 0x00, 0x00, 0x00, 0xE0, 0x00, 0x00, 0x0E, 0x00, 0x00, 0x00,
    0xE0, 0x00, 0x00, 0x0E, 0x00, 0x00, 0x00, 0xE0, 0x00, 0x00, 0x0E, 0x00, 0x0F, 0xFF, 0xFF, 0xFE,
    0xFF, 0xFF, 0xFF, 0xEF, 0xFF, 0xFF, 0xFE, 0xE0, 0x0E, 0x00, 0xEE, 0x00, 0xE0, 0x0E, 0xE0, 0x0E,
    0x00, 0xEE, 0x00, 0xE0, 0x0E, 0xE0, 0x0E, 0x00, 0xEE, 0x00, 0xE0, 0x0E, 0xE0, 0x0E, 0x00, 0xEE,
    0x00, 0xE0, 0x0E, 0xFF, 0xFF, 0xFF, 0xEF, 0xFF, 0xFF, 0xFE, 0xFF, 0xFF, 0xFF, 0xEE, 0x00, 0xE0,
    0x0E, 0xE0, 0x0E, 0x00, 0xE0, 0x00, 0xE0, 0x00, 0x00, 0x0E, 0x00, 0x00, 0x00, 0xE0, 0x00, 0x00,
    0x0E, 0x00, 0x00, 0x00, 0xE0, 0x00, 0x00, 0x0E, 0x00, 0x00, 0x00, 0xE0, 0x00, 0x00, 0x0E, 0x00,
    0x00, 0x00, 0xE0, 0x00, 0x00, 0x00, 0x00, 0x00, 0x00, 0x00, 0x00, 0x00, 0x01, 0xC0, 0x00, 0x00,
    0x38, 0x00, 0x00, 0x07, 0x00, 0x03, 0xFF, 0xFF, 0xF8, 0xFF, 0xFF, 0xFF, 0x9F, 0xFF, 0xFF, 0xF3,
    0xC0, 0x70, 0x1E, 0x78, 0x0E, 0x03, 0xCF, 0x01, 0xC0, 0x79, 0xE0, 0x38, 0x0F, 0x3F, 0xFF, 0xFF,
    0xE7, 0xFF, 0xFF, 0xFC, 0xFF, 0xFF, 0xFF, 0x80, 0x03, 0x80, 0x00, 0x00, 0x70, 0x00, 0x00, 0x0E,
    0x00, 0x1F, 0xFF, 0xFF, 0xFF, 0xFF, 0xFF, 0xFF, 0xFF, 0xFF, 0xFF, 0xFE, 0x00, 0xE0, 0x0F, 0xC0,
    0x1C, 0x01, 0xF8, 0x03, 0x80, 0x3F, 0x00, 0x70, 0x07, 0xFF, 0xFF, 0xFF, 0xFF, 0xFF, 0xFF, 0xFF,
    0xFF, 0xFF, 0xFF, 0xF0, 0x07, 0x00, 0x70, 0x00, 0xE0, 0x00, 0x00, 0x1C, 0x00, 0x00, 0x03, 0x80,
    0x00, 0x00, 0x70, 0x00, 0x00, 0x00, 0x00, 0x00, 0x00, 0x00, 0x00, 0x00, 0x0E, 0x07, 0x00, 0x00,
    0x38, 0x1C, 0x00, 0x00, 0xE0, 0xF0, 0x00, 0x03, 0x83, 0x80, 0x03, 0xCE, 0x0F, 0xFF, 0xFF, 0x38,
    0x7F, 0xFF, 0xFC, 0xE1, 0xFF, 0xFF, 0xF3, 0x8F, 0x00, 0x03, 0xCE, 0x38, 0xE0, 0x0F, 0x39, 0xE7,
    0xC0, 0x3C, 0xEF, 0x0F, 0x80, 0xF3, 0xF8, 0x0F, 0x03, 0xCE, 0xE0, 0x1E, 0x0F, 0x38, 0x00, 0x30,
    0x3C, 0xE0, 0x00, 0x00, 0xF3, 0x8F, 0xFF, 0xFB, 0xCE, 0x3F, 0xFF, 0xEF, 0x38, 0xFF, 0xFF, 0xBC,
    0xE3, 0x87, 0x0E, 0xF3, 0x8E, 0x1C, 0x3B, 0xCE, 0x38, 0x70, 0xEF, 0x38, 0xE1, 0xC3, 0xBC, 0xE3,
    0x87, 0x0E, 0xF3, 0x8E, 0x1C, 0x3B, 0xCE, 0x38, 0x70, 0xEF, 0x38, 0xE1, 0xC3, 0xBC, 0xE3, 0x87,
    0x0E, 0x03, 0x8F, 0xFF, 0xF8, 0x0E, 0x3F, 0xFF, 0xE0, 0x38, 0xFF, 0xFF, 0x80, 0xE3, 0x80, 0x0E,
    0x00, 0x00, 0x00, 0x00, 0x00, 0x00, 0x00, 0x00, 0x00, 0x3C, 0x00, 0x00, 0xF0, 0xF0, 0x00, 0x01,
    0xC3, 0xC0, 0x00, 0x07, 0x8F, 0x00, 0x00, 0x0F, 0x3C, 0x00, 0x00, 0x1C, 0xF0, 0x00, 0x00, 0x63,
    0xC0, 0x00, 0x00, 0x0F, 0x00, 0x01, 0xFF, 0xFF, 0xFF, 0xE7, 0xFF, 0xFF, 0xFF, 0x9F, 0xFF, 0xFF,
    0xFE, 0x00, 0x0E, 0x00, 0x38, 0x00, 0x78, 0x00, 0xE0, 0x01, 0xE0, 0x03, 0x80, 0x07, 0x10, 0x0E,
    0x00, 0x1C, 0xE0, 0x38, 0x00, 0xF3, 0xC0, 0xE0, 0x03, 0xC7, 0x03, 0x80, 0x1E, 0x1E, 0x0E, 0x00,
    0x78, 0x3C, 0x78, 0x03, 0xC0, 0x71, 0xE0, 0x0F, 0x01, 0xC7, 0x80, 0x78, 0x02, 0x1E, 0x03, 0xC0,
    0x00, 0x78, 0x1F, 0x00, 0x01, 0xC0, 0xF8, 0x00, 0x07, 0x07, 0xC0, 0x00, 0x3C, 0x3E, 0x00, 0x20,
    0xF1, 0xF0, 0x00, 0xFF, 0x87, 0x80, 0x03, 0xFE, 0x08, 0x00, 0x0F, 0xE0, 0x00, 0x00, 0x00, 0x00,
    0x00, 0x1C, 0x00, 0x00, 0x00, 0x7C, 0x00, 0x00, 0x00, 0x7C, 0x00, 0x00, 0x00, 0x7C, 0x00, 0x00,
    0x00, 0x3C, 0x00, 0x00, 0x00, 0x3C, 0x00, 0x1F, 0xFF, 0xFF, 0xFC, 0x3F, 0xFF, 0xFF, 0xF8, 0x7F,
    0xFF, 0xFF, 0xF0, 0x00, 0x0E, 0x00, 0x00, 0x00, 0x1C, 0x00, 0x00, 0x00, 0x38, 0x00, 0x00, 0x00,
    0x70, 0x00, 0x00, 0x00, 0xE0, 0x00, 0x00, 0x01, 0xC0, 0x00, 0x00, 0x03, 0x80, 0x00, 0x1F, 0xFF,
    0xFF, 0xE0, 0x3F, 0xFF, 0xFF, 0xC0, 0x7F, 0xFF, 0xFF, 0x80, 0x00, 0x38, 0x00, 0x00, 0x00, 0x70,
    0x00, 0x00, 0x00, 0xE0, 0x00, 0x00, 0x01, 0xC0, 0x00, 0x00, 0x03, 0x80, 0x00, 0x00, 0x07, 0x00,
    0x00, 0x00, 0x0E, 0x00, 0x00, 0x00, 0x1C, 0x00, 0x07, 0xFF, 0xFF, 0xFF, 0xFF, 0xFF, 0xFF, 0xFF,
    0xFF, 0xFF, 0xFF, 0xFF, 0x80, 0x1F, 0xFF, 0xFF, 0x80, 0x7F, 0xFF, 0xFE, 0x01, 0xFF, 0xFF, 0xF0,
    0x00, 0x3C, 0x01, 0xC0, 0x00, 0xF0, 0x0F, 0x00, 0x03, 0xC0, 0x3C, 0x00, 0x0F, 0x00, 0xE0, 0x00,
    0x38, 0x03, 0x80, 0x00, 0xE0, 0x1E, 0x00, 0x03, 0x80, 0x78, 0x00, 0x0E, 0x01, 0xC0, 0x00, 0x38,
    0x0F, 0x00, 0x00, 0xE0, 0x3F, 0xFC, 0x07, 0x80, 0xFF, 0xF0, 0x1E, 0x03, 0xFF, 0xC0, 0x70, 0x00,
    0x07, 0x01, 0xC0, 0x00, 0x1C, 0x0F, 0x00, 0x00, 0xF0, 0x3C, 0x00, 0x03, 0xC0, 0xE0, 0x00, 0x0F,
    0x07, 0x80, 0x00, 0x3C, 0x1C, 0x00, 0x00, 0xF0, 0xF0, 0x00, 0x03, 0x87, 0x80, 0x00, 0x0E, 0x1E,
    0x00, 0x00, 0x38, 0xF0, 0x00, 0xC1, 0xE7, 0xC0, 0x03, 0xFF, 0x9E, 0x00, 0x0F, 0xFC, 0x30, 0x00,
    0x1F, 0xC0, 0x00, 0x00, 0x00, 0x00, 0x00, 0x07, 0x00, 0x00, 0x00, 0x07, 0x00, 0x00, 0x00, 0x07,
    0x00, 0x40, 0x00, 0x03, 0x80, 0x70, 0x0E, 0x03, 0x80, 0xF0, 0x0E, 0x03, 0xC0, 0xE0, 0x0F, 0x01,
    0xC0, 0xE0, 0x07, 0x01, 0xE1, 0xE0, 0x07, 0x80, 0xC1, 0xC0, 0x03, 0x80, 0x03, 0xC0, 0x03, 0xC0,
    0x03, 0x80, 0x01, 0xC0, 0x07, 0x80, 0x01, 0xE0, 0x0F, 0x00, 0x00, 0xF0, 0x0F, 0x00, 0x00, 0xF0,
    0x1E, 0x00, 0x00, 0x78, 0x3C, 0x00, 0x00, 0x3C, 0x3C, 0x00, 0x00, 0x3E, 0x78, 0x00, 0x00, 0x1F,
    0xF0, 0x00, 0x00, 0x0F, 0xE0, 0x00, 0x00, 0x07, 0xC0, 0x00, 0x00, 0x07, 0xE0, 0x00, 0x00, 0x1F,
    0xF0, 0x00, 0x00, 0x3E, 0xF8, 0x00, 0x00, 0xFC, 0x7E, 0x00, 0x01, 0xF8, 0x3F, 0x80, 0x07, 0xE0,
    0x0F, 0xE0, 0x3F, 0xC0, 0x07, 0xF8, 0xFF, 0x00, 0x01, 0xFE, 0xFC, 0x00, 0x00, 0x7E, 0x60, 0x00,
    0x00, 0x0C, 0x7F, 0xFF, 0xFF, 0xEF, 0xFF, 0xFF, 0xFD, 0xFF, 0xFF, 0xFF, 0x80, 0x00, 0x00, 0x70,
    0x00, 0x00, 0x0E, 0x00, 0x00, 0x01, 0xC1, 0xC0, 0x00, 0x38, 0x3C, 0x00, 0x07, 0x07, 0xE0, 0x00,
    0xE0, 0x3E, 0x00, 0x1C, 0x03, 0xE0, 0x03, 0x80, 0x3E, 0x00, 0x70, 0x01, 0xE0, 0x0E, 0x00, 0x1C,
    0x03, 0xC0, 0x01, 0x00, 0x78, 0x00, 0x00, 0xCF, 0x00, 0x00, 0xF9, 0xE0, 0x00, 0xFF, 0x3C, 0x00,
    0xFF, 0xC7, 0x80, 0xFF, 0xC0, 0xF0, 0xFF, 0xC0, 0x1E, 0xFF, 0xE0, 0x03, 0xBF, 0xE0, 0x00, 0x73,
    0xE0, 0x00, 0x0E, 0x60, 0x00, 0x01, 0xC0, 0x00, 0x00, 0x78, 0x00, 0x03, 0xFF, 0x00, 0x00, 0x7F,
    0xC0, 0x00, 0x0F, 0xF0, 0x00, 0x00, 0x00, 0x00, 0x00, 0x07, 0x00, 0x00, 0x00, 0x0E, 0x03, 0x80,
    0x00, 0x1C, 0x07, 0x80, 0x00, 0x38, 0x0F, 0xC0, 0x00, 0x70, 0x07, 0xC0, 0x00, 0xE0, 0x07, 0xC7,
    0xFF, 0xFF, 0xF7, 0x0F, 0xFF, 0xFF, 0xE6, 0x1F, 0xFF, 0xFF, 0xC0, 0x00, 0x0E, 0x03, 0x80, 0x00,
    0x1C, 0x07, 0x00, 0x00, 0x38, 0x0E, 0x00, 0x00, 0x70, 0x1C, 0x00, 0x00, 0xE0, 0x38, 0x00, 0x01,
    0xC0, 0x70, 0x3F, 0xFF, 0xFF, 0xFF, 0x7F, 0xFF, 0xFF, 0xFE, 0xFF, 0xFF, 0xFF, 0xFC, 0x00, 0x1C,
    0x00, 0x78, 0x00, 0x38, 0x00, 0xF0, 0x00, 0x70, 0x01, 0xC0, 0x00, 0xE0, 0x03, 0x80, 0x01, 0xC0,
    0x07, 0x00, 0x03, 0x80, 0x0E, 0x00, 0x07, 0x00, 0x3C, 0x00, 0x0E, 0x1F, 0xF8, 0x00, 0x1C, 0x3F,
    0xE0, 0x00, 0x38, 0x7F, 0x80, 0x00, 0x70, 0x00, 0x00, 0x00, 0xE0, 0x00, 0x00, 0x01, 0xC0, 0x00,
    0x00, 0x03, 0x00, 0x00, 0xFF, 0xFF, 0xFF, 0x9F, 0xFF, 0xFF, 0xFF, 0xFF, 0xFF, 0xFF, 0x80, 0x00,
    0x03, 0xE0, 0x00, 0x00, 0xF8, 0x00, 0x00, 0x7E, 0x00, 0x00, 0x1F, 0x00, 0x00, 0x0F, 0xC0, 0x00,
    0x03, 0xF0, 0x00, 0x01, 0xF8, 0x00, 0x00, 0x3E, 0x00, 0x00, 0x07, 0x00, 0x00, 0x00, 0xE0, 0x00,
    0x00, 0x1C, 0x00, 0x00, 0x03, 0x80, 0x00, 0x00, 0x70, 0x00, 0x00, 0x0E, 0x00, 0x00, 0x01, 0xC0,
    0x00, 0x00, 0x38, 0x00, 0x00, 0x07, 0x00, 0x00, 0x00, 0xE0, 0x00, 0x00, 0x1C, 0x00, 0x00, 0x03,
    0x80, 0x00, 0x00, 0x70, 0x00, 0x00, 0x0E, 0x00, 0x00, 0x01, 0xC0, 0x00, 0x1F, 0xF8, 0x00, 0x01,
    0xFF, 0x00, 0x00, 0x3F, 0xC0, 0x00, 0x00, 0x00, 0x00, 0x00, 0x00, 0x07, 0x00, 0x00, 0x00, 0x0E,
    0x00, 0x00, 0x00, 0x1C, 0x00, 0x07, 0xFF, 0xFF, 0xFF, 0xEF, 0xFF, 0xFF, 0xFF, 0xC0, 0x00, 0xE0,
    0x00, 0x00, 0x01, 0xC0, 0x00, 0x0F, 0xFF, 0xFF, 0xE0, 0x1F, 0xFF, 0xFF, 0xC0, 0x38, 0x0E, 0x03,
    0x80, 0x70, 0x1C, 0x07, 0x00, 0xFF, 0xFF, 0xFE, 0x01, 0xFF, 0xFF, 0xFC, 0x00, 0x00, 0xE0, 0x00,
    0x00, 0x01, 0xC0, 0x00, 0x1F, 0xFF, 0xFF, 0xF0, 0x3F, 0xFF, 0xFF, 0xE0, 0x00, 0x0E, 0x03, 0xC0,
    0x00, 0x1C, 0x07, 0x8F, 0xFF, 0xFF, 0xFF, 0xFF, 0xFF, 0xFF, 0xFF, 0xC0, 0x00, 0xE0, 0x3C, 0x00,
    0x01, 0xC0, 0x78, 0x00, 0x03, 0x80, 0xF0, 0x3F, 0xFF, 0xFF, 0xE0, 0x7F, 0xFF, 0xFF, 0xC0, 0x00,
    0x1C, 0x07, 0x80, 0x00, 0x38, 0x07, 0x00, 0x00, 0x70, 0x00, 0x00, 0x1F, 0xE0, 0x00, 0x00, 0x3F,
    0x80, 0x00, 0x00, 0x00, 0x00, 0x00, 0x1F, 0xFF, 0xFF, 0xF0, 0x3F, 0xFF, 0xFF, 0xE0, 0x7F, 0xFF,
    0xFF, 0xC0, 0x00, 0x00, 0x00, 0x00, 0x00, 0x00, 0x00, 0x00, 0x00, 0x00, 0x00, 0x00, 0x00, 0x00,
    0x00, 0x00, 0x00, 0x00, 0x00, 0x00, 0x00, 0x00, 0x00, 0x00, 0x00, 0x00, 0x00, 0x00, 0x00, 0x00,
    0x00, 0x00, 0x00, 0x00, 0x00, 0x00, 0x00, 0x00, 0x00, 0x00, 0x00, 0x00, 0x00, 0x00, 0x00, 0x00,
    0x00, 0x00, 0x00, 0x00, 0x00, 0x00, 0x00, 0x00, 0x00, 0x00, 0x00, 0x00, 0x00, 0x00, 0x00, 0x00,
    0x00, 0x00, 0x00, 0x07, 0xFF, 0xFF, 0xFF, 0xEF, 0xFF, 0xFF, 0xFF, 0xDF, 0xFF, 0xFF, 0xFF, 0x80,
    0x1F, 0xFF, 0xFF, 0xF0, 0x3F, 0xFF, 0xFF, 0xF0, 0x7F, 0xFF, 0xFF, 0xE0, 0x00, 0x1E, 0x00, 0x00,
    0x00, 0x3C, 0x00, 0x00, 0x00, 0x78, 0x00, 0x00, 0x00, 0xF0, 0x00, 0x00, 0x01, 0xE0, 0x00, 0x00,
    0x03, 0xC0, 0x00, 0x00, 0x07, 0x80, 0x00, 0x00, 0x0F, 0x00, 0x03, 0xFF, 0xFF, 0xFF, 0xFF, 0xFF,
    0xFF, 0xFF, 0xFF, 0xFF, 0xFF, 0xFF, 0xC0, 0x00, 0xF0, 0x00, 0x00, 0x01, 0xE0, 0x00, 0x00, 0x03,
    0xC0, 0x00, 0x00, 0x07, 0x80, 0x00, 0x00, 0x0F, 0x00, 0x00, 0x00, 0x1E, 0x00, 0x00, 0x00, 0x3C,
    0x00, 0x00, 0x00, 0x78, 0x00, 0x00, 0x00, 0xF0, 0x00, 0x00, 0x01, 0xE0, 0x00, 0x00, 0x03, 0xC0,
    0x00, 0x00, 0x07, 0x80, 0x00, 0x07, 0xFF, 0x00, 0x00, 0x07, 0xFC, 0x00, 0x00, 0x0F, 0xF0, 0x00,
    0x00, 0x0F, 0xFF, 0xFF, 0xE0, 0x1F, 0xFF, 0xFF, 0xC0, 0x3F, 0xFF, 0xFF, 0x80, 0x00, 0x00, 0x00,
    0x00, 0x00, 0x00, 0x00, 0x00, 0x00, 0x00, 0x00, 0x00, 0x00, 0x00, 0x00, 0x00, 0x00, 0x00, 0x00,
    0x00, 0x00, 0x00, 0x00, 0x00, 0x00, 0x00, 0x03, 0xFF, 0xFF, 0xFF, 0xFF, 0xFF, 0xFF, 0xFF, 0xF7,
    0xFF, 0xFF, 0xFF, 0xE0, 0x07, 0xC0, 0x00, 0x00, 0x0F, 0x00, 0x00, 0x00, 0x3C, 0x02, 0x00, 0x00,
    0x78, 0x0E, 0x00, 0x01, 0xE0, 0x1E, 0x00, 0x03, 0xC0, 0x3C, 0x00, 0x0F, 0x00, 0x3C, 0x00, 0x3C,
    0x00, 0x3C, 0x00, 0x78, 0x00, 0x78, 0x01, 0xE0, 0x00, 0x78, 0x07, 0x80, 0xFF, 0xF8, 0x1F, 0xFF,
    0xFF, 0xF0, 0x3F, 0xFF, 0xFF, 0xF0, 0x7F, 0xFF, 0x81, 0xE0, 0xF8, 0x00, 0x01, 0xE0, 0x00, 0x00,
    0x01, 0x80, 0x00, 0x00, 0x00, 0x00, 0x00, 0x01, 0x00, 0x00, 0x00, 0x0F, 0x00, 0x00, 0x00, 0x0E,
    0x00, 0x00, 0x00, 0x1E, 0x00, 0x07, 0xFF, 0xFF, 0xFF, 0xEF, 0xFF, 0xFF, 0xFF, 0xDF, 0xFF, 0xFF,
    0xFF, 0x00, 0x00, 0x00, 0x00, 0x07, 0xFF, 0xFF, 0xC0, 0x0F, 0xFF, 0xFF, 0x80, 0x1E, 0x00, 0x07,
    0x00, 0x3C, 0x00, 0x0E, 0x00, 0x78, 0x00, 0x1C, 0x00, 0xFF, 0xFF, 0xF8, 0x01, 0xFF, 0xFF, 0xF0,
    0x00, 0x00, 0x00, 0x00, 0x00, 0x00, 0x00, 0x00, 0xFF, 0xFF, 0xFF, 0xF9, 0xFF, 0xFF, 0xFF, 0xF3,
    0x80, 0x00, 0x00, 0xE7, 0x00, 0x00, 0x01, 0xCE, 0x0F, 0xFF, 0x83, 0x9C, 0x1F, 0xFF, 0x07, 0x00,
    0x7F, 0xFE, 0x00, 0x00, 0xF0, 0x1C, 0x00, 0x01, 0xC0, 0x38, 0x10, 0x07, 0x80, 0x70, 0x38, 0x1F,
    0x00, 0xE0, 0xE0, 0xFC, 0x01, 0xE1, 0xCF, 0xF0, 0x03, 0xFF, 0x9F, 0x80, 0x03, 0xFF, 0x1C, 0x00,
    0x01, 0xF8, 0x00, 0x03, 0x80, 0x00, 0x00, 0x03, 0x80, 0x00, 0x00, 0x03, 0x80, 0x00, 0x00, 0x03,
    0x80, 0x00, 0x00, 0x03, 0x80, 0x00, 0x00, 0x03, 0x80, 0x00, 0x00, 0x07, 0x80, 0x00, 0x00, 0x07,
    0xC0, 0x00, 0x00, 0x07, 0xC0, 0x00, 0x00, 0x07, 0xC0, 0x00, 0x00, 0x07, 0xC0, 0x00, 0x00, 0x07,
    0xC0, 0x00, 0x00, 0x0F, 0xE0, 0x00, 0x00, 0x0F, 0xE0, 0x00, 0x00, 0x0E, 0xF0, 0x00, 0x00, 0x1E,
    0x70, 0x00, 0x00, 0x1E, 0x70, 0x00, 0x00, 0x1C, 0x78, 0x00, 0x00, 0x3C, 0x38, 0x00, 0x00, 0x78,
    0x3C, 0x00, 0x00, 0x78, 0x1E, 0x00, 0x00, 0xF0, 0x1E, 0x00, 0x01, 0xF0, 0x0F, 0x00, 0x01, 0xE0,
    0x07, 0x80, 0x07, 0xC0, 0x07, 0xC0, 0x0F, 0x80, 0x03, 0xE0, 0x1F, 0x00, 0x01, 0xF8, 0x7E, 0x00,
    0x00, 0xFE, 0xFC, 0x00, 0x00, 0x3E, 0x78, 0x00, 0x00, 0x1C, 0x20, 0x00, 0x00, 0x00, 0x00, 0x70,
    0x00, 0x00, 0x00, 0x38, 0x00, 0x00, 0x00, 0x3C, 0x00, 0x00, 0x00, 0x1D, 0xFF, 0xFF, 0x80, 0x1E,
    0xFF, 0xFF, 0xE0, 0x0F, 0x7F, 0xFF, 0xE0, 0x0F, 0x1C, 0x00, 0x70, 0x07, 0x0E, 0x00, 0x38, 0x07,
    0x83, 0x80, 0x1C, 0x07, 0xC1, 0xC0, 0x1E, 0x07, 0xE0, 0xE0, 0x0E, 0x03, 0xF0, 0x78, 0x07, 0x03,
    0xF8, 0x1C, 0x07, 0x83, 0xDC, 0x0E, 0x03, 0x81, 0xEE, 0x07, 0x83, 0xC0, 0xE7, 0x01, 0xC1, 0xC0,
    0x23, 0x80, 0xF1, 0xE0, 0x01, 0xC0, 0x38, 0xE0, 0x00, 0xE0, 0x1E, 0xF0, 0x00, 0x70, 0x07, 0xF0,
    0x00, 0x38, 0x03, 0xF8, 0x00, 0x1C, 0x00, 0xF8, 0x00, 0x0E, 0x00, 0x7C, 0x00, 0x07, 0x00, 0x7F,
    0x00, 0x03, 0x80, 0x7F, 0xC0, 0x01, 0xC0, 0x79, 0xF0, 0x00, 0xE0, 0xF8, 0x7C, 0x00, 0x71, 0xF8,
    0x1F, 0x80, 0x3B, 0xF8, 0x07, 0xF0, 0x1D, 0xF0, 0x00, 0xF8, 0x0E, 0x70, 0x00, 0x18, 0x00, 0x00,
    0x00, 0x00, 0x01, 0xE0, 0x0F, 0x00, 0x03, 0xC0, 0x1C, 0x00, 0x07, 0x80, 0x38, 0x00, 0x0F, 0x00,
    0x70, 0x00, 0x1E, 0x00, 0xE0, 0x00, 0x38, 0x01, 0xC0, 0x00, 0x70, 0x03, 0x80, 0x00, 0xE0, 0x07,
    0x00, 0x01, 0xC0, 0x1E, 0x00, 0x03, 0x80, 0x3C, 0x00, 0x07, 0x00, 0x78, 0x00, 0x1F, 0x00, 0xF0,
    0x00, 0x3E, 0x01, 0xE0, 0x00, 0x7E, 0x03, 0xC0, 0x00, 0xFE, 0x0F, 0x80, 0x01, 0xDE, 0x1F, 0x80,
    0x03, 0xBC, 0x3F, 0x00, 0x0F, 0x3C, 0x7E, 0x00, 0x1E, 0x3D, 0xEE, 0x00, 0x38, 0x7B, 0x9C, 0x00,
    0xF0, 0x7F, 0x3C, 0x01, 0xE0, 0x5E, 0x38, 0x03, 0x80, 0x78, 0x78, 0x0F, 0x00, 0xF0, 0x78, 0x1C,
    0x03, 0xC0, 0xF0, 0x78, 0x0F, 0x80, 0xF1, 0xE0, 0x3E, 0x00, 0xFF, 0xC0, 0xF8, 0x00, 0xFF, 0x01,
    0xE0, 0x00, 0xC4, 0x00, 0x80, 0x00, 0x80, 0x00, 0x00, 0x00, 0x00, 0x00, 0x70, 0x07, 0x00, 0x00,
    0x38, 0x03, 0x80, 0x00, 0x3C, 0x01, 0xC0, 0x00, 0x1C, 0x70, 0xE0, 0x00, 0x1E, 0x38, 0x70, 0x00,
    0x0E, 0x1C, 0x38, 0x10, 0x0F, 0x0E, 0x1C, 0x3C, 0x07, 0x07, 0x0E, 0xFE, 0x07, 0x83, 0x87, 0xFF,
    0x07, 0xC1, 0xC7, 0xFF, 0x83, 0xE0, 0xEF, 0xF1, 0xC3, 0xF0, 0x7F, 0xE0, 0xE3, 0xF8, 0x7F, 0xF0,
    0x73, 0xDD, 0xFF, 0x38, 0x38, 0xEE, 0xFE, 0x1C, 0x1C, 0x67, 0x7F, 0x0E, 0x0E, 0x03, 0x83, 0x87,
    0x07, 0x01, 0xC1, 0xC3, 0x83, 0x80, 0xE0, 0xE1, 0xC1, 0xC0, 0x70, 0x70, 0xEF, 0xE0, 0x38, 0x38,
    0x77, 0xE0, 0x1C, 0x1C, 0x3B, 0xE0, 0x0E, 0x0E, 0x1C, 0x00, 0x07, 0x07, 0x0E, 0x06, 0x03, 0x83,
    0x80, 0x03, 0x81, 0xC1, 0xC0, 0x01, 0xC0, 0xE0, 0xE0, 0x00, 0xE0, 0x70, 0x70, 0x00, 0x70, 0x38,
    0x3F, 0xFF, 0xF8, 0x1C, 0x0F, 0xFF, 0xF8, 0x0E, 0x07, 0xFF, 0xF8, 0x07, 0x00, 0x00, 0x00, 0x00,
    0x00, 0x00, 0x03, 0x80, 0xE0, 0x00, 0x0E, 0x03, 0x83, 0x00, 0x38, 0x0E, 0x1E, 0x00, 0xE0, 0x38,
    0x3C, 0x03, 0x80, 0xE0, 0xF0, 0x0E, 0x03, 0x81, 0xE0, 0x38, 0x0E, 0x03, 0xC1, 0xE0, 0x38, 0x07,
    0x07, 0x80, 0xE0, 0x1E, 0x1C, 0x03, 0x80, 0x38, 0x70, 0x0E, 0x00, 0x81, 0xC0, 0x38, 0x00, 0x07,
    0x00, 0xE0, 0x00, 0x3C, 0x03, 0x80, 0x00, 0xE0, 0x0E, 0x00, 0x03, 0x80, 0x38, 0x00, 0x1E, 0x00,
    0xE0, 0x00, 0x78, 0x03, 0x81, 0x81, 0xC0, 0x0E, 0x1F, 0x0F, 0x00, 0x39, 0xFC, 0x7E, 0x00, 0xFF,
    0xC1, 0xFC, 0x03, 0xFC, 0x0F, 0xF8, 0x1F, 0xC0, 0x79, 0xF0, 0xFC, 0x03, 0xE3, 0xE1, 0xC0, 0x3F,
    0x07, 0xC4, 0x03, 0xF8, 0x0F, 0x00, 0x1F, 0x80, 0x1E, 0x00, 0x7C, 0x00, 0x38, 0x00, 0xC0, 0x00,
    0xC0, 0x01, 0xC0, 0x1C, 0x00, 0x03, 0x8C, 0x38, 0x00, 0x07, 0x1C, 0x70, 0x00, 0x1E, 0x38, 0xE0,
    0x00, 0x38, 0xF1, 0xC0, 0x00, 0xF1, 0xC3, 0x80, 0x01, 0xC3, 0x87, 0x00, 0x07, 0x87, 0xFF, 0xFE,
    0x1E, 0x1F, 0xFF, 0xFC, 0x3C, 0x3F, 0xFF, 0xF0, 0xF8, 0xF0, 0x70, 0x03, 0xF1, 0xC0, 0xE0, 0x07,
    0xE7, 0x81, 0xC0, 0x1F, 0xCE, 0x03, 0x80, 0x3B, 0x84, 0x07, 0x00, 0x37, 0x00, 0x0E, 0x00, 0x0E,
    0x00, 0x1C, 0x00, 0x1C, 0xFF, 0xFF, 0xFC, 0x39, 0xFF, 0xFF, 0xF8, 0x73, 0xFF, 0xFF, 0xF0, 0xE0,
    0x01, 0xC0, 0x01, 0xC0, 0x03, 0x80, 0x03, 0x80, 0x07, 0x00, 0x07, 0x00, 0x0E, 0x00, 0x0E, 0x00,
    0x1C, 0x00, 0x1C, 0x00, 0x38, 0x00, 0x38, 0x00, 0x70, 0x00, 0x70, 0x00, 0xE0, 0x00, 0xE0, 0x01,
    0xC0, 0x01, 0xC0, 0x03, 0x80, 0x03, 0x80, 0x07, 0x00, 0x00, 0x00, 0x0C, 0x00, 0x00, 0x00, 0x00,
    0x00, 0x00, 0x70, 0x00, 0x08, 0x00, 0x70, 0x00, 0x7C, 0x00, 0xF0, 0x07, 0xFE, 0x00, 0xE1, 0xFF,
    0xFC, 0x01, 0xFF, 0xFF, 0xC0, 0x01, 0xDF, 0xFE, 0x00, 0x03, 0xCF, 0x0E, 0x00, 0x03, 0x80, 0x0E,
    0x00, 0x07, 0x80, 0x0E, 0x00, 0x0F, 0x80, 0x0E, 0x00, 0x1F, 0x80, 0x0E, 0x00, 0x1F, 0x80, 0x0E,
    0x00, 0x3F, 0x80, 0x0E, 0x00, 0x7B, 0x80, 0x0E, 0x00, 0x7B, 0xBF, 0xFF, 0xFF, 0x73, 0xBF, 0xFF,
    0xFF, 0x23, 0xBF, 0xFF, 0xFF, 0x03, 0x80, 0x0E, 0x00, 0x03, 0x80, 0x0E, 0x00, 0x03, 0x80, 0x0E,
    0x00, 0x03, 0x80, 0x0E, 0x00, 0x03, 0x80, 0x0E, 0x00, 0x03, 0x80, 0x0E, 0x00, 0x03, 0x80, 0x0E,
    0x00, 0x03, 0x80, 0x0E, 0x00, 0x03, 0x80, 0x0E, 0x00, 0x03, 0x80, 0x0E, 0x00, 0x03, 0x9F, 0xFF,
    0xFF, 0x03, 0x9F, 0xFF, 0xFF, 0x03, 0x9F, 0xFF, 0xFF, 0x03, 0x80, 0x00, 0x00, 0x03, 0x80, 0x00,
    0x00, 0x00, 0x70, 0x1C, 0x00, 0x00, 0x38, 0x0E, 0x00, 0x00, 0x3C, 0x07, 0x00, 0x00, 0x1C, 0x03,
    0x80, 0x00, 0x1E, 0x01, 0xC0, 0x00, 0x0F, 0x00, 0xE0, 0x00, 0x0F, 0x00, 0x70, 0x00, 0x07, 0x00,
    0x38, 0x00, 0x07, 0xBF, 0xFF, 0xFF, 0x07, 0xDF, 0xFF, 0xFF, 0x87, 0xEF, 0xFF, 0xFF, 0xC7, 0xF0,
    0x07, 0xE0, 0x07, 0xF8, 0x07, 0xF8, 0x03, 0xDC, 0x03, 0xFC, 0x01, 0xCE, 0x03, 0xFF, 0x00, 0xE7,
    0x01, 0xFB, 0x80, 0x03, 0x81, 0xFD, 0xE0, 0x01, 0xC0, 0xEE, 0x70, 0x00, 0xE0, 0xF7, 0x3C, 0x00,
    0x70, 0xF3, 0x8F, 0x00, 0x38, 0x79, 0xC7, 0x80, 0x1C, 0x78, 0xE1, 0xE0, 0x0E, 0x78, 0x70, 0x78,
    0x07, 0x78, 0x38, 0x3E, 0x03, 0xFC, 0x1C, 0x0F, 0x81, 0xFC, 0x0E, 0x03, 0x80, 0xEC, 0x07, 0x00,
    0x80, 0x70, 0x03, 0x80, 0x00, 0x38, 0x01, 0xC0, 0x00, 0x1C, 0x00, 0xE0, 0x00, 0x0E, 0x00, 0x70,
    0x00, 0x00, 0x00, 0x18, 0x00, 0x00, 0x01, 0xC0, 0x00, 0x00, 0x07, 0x80, 0x00, 0x00, 0x1F, 0x00,
    0x00, 0x00, 0x3E, 0x00, 0x00, 0x00, 0xFE, 0x00, 0x00, 0x03, 0xDE, 0x00, 0x00, 0x0F, 0x1E, 0x00,
    0x00, 0x3E, 0x1F, 0x00, 0x01, 0xF8, 0x1F, 0x00, 0x07, 0xC0, 0x1F, 0x80, 0x3F, 0x00, 0x1F, 0xC3,
    0xFC, 0x00, 0x0F, 0xFF, 0xEE, 0x00, 0xEF, 0xEF, 0x1C, 0x01, 0xC3, 0x88, 0x78, 0x03, 0x80, 0x00,
    0xF0, 0x0F, 0x00, 0x01, 0xC0, 0x1E, 0x00, 0x03, 0x80, 0x3C, 0x00, 0x07, 0x80, 0x78, 0x00, 0x1F,
    0x80, 0xF0, 0x00, 0x3F, 0xC3, 0xF0, 0x00, 0x77, 0xC7, 0xE0, 0x01, 0xE7, 0xCE, 0xE0, 0x03, 0x87,
    0xBD, 0xE0, 0x0F, 0x07, 0xF1, 0xE0, 0x1C, 0x01, 0xE3, 0xC0, 0x78, 0x07, 0x83, 0xE1, 0xE0, 0x1E,
    0x03, 0xE7, 0x80, 0x7C, 0x03, 0xEE, 0x00, 0xF0, 0x03, 0x88, 0x00, 0xC0, 0x02, 0x00, 0x00, 0x00,
    0x00, 0x00, 0x00, 0x01, 0xC0, 0x00, 0x00, 0x03, 0xC0, 0x00, 0x00, 0x07, 0xC0, 0x00, 0x00, 0x0F,
    0xE0, 0x00, 0x00, 0x1F, 0xF0, 0x00, 0x00, 0x3E, 0x78, 0x00, 0x00, 0x7C, 0x3E, 0x00, 0x01, 0xF8,
    0x1F, 0x00, 0x03, 0xF0, 0x0F, 0xC0, 0x0F, 0xC0, 0x07, 0xF0, 0x3F, 0xFF, 0xFF, 0xFC, 0xFF, 0xFF,
    0xFF, 0xFE, 0x7D, 0xFF, 0xFF, 0x3E, 0x70, 0x00, 0x00, 0x0C, 0x00, 0x00, 0x00, 0x00, 0x00, 0x00,
    0x00, 0x00, 0x00, 0x00, 0x00, 0x00, 0x3F, 0xFF, 0xFF, 0xFC, 0x3F, 0xFF, 0xFF, 0xFC, 0x3F, 0xFF,
    0xFF, 0xFC, 0x00, 0x3C, 0x00, 0x00, 0x00, 0x7C, 0x1E, 0x00, 0x00, 0x78, 0x1F, 0x00, 0x00, 0xF0,
    0x0F, 0x80, 0x01, 0xE0, 0x07, 0xC0, 0x03, 0xC0, 0x03, 0xE0, 0x07, 0x8F, 0xFF, 0xE0, 0x1F, 0xFF,
    0xFF, 0xF0, 0x1F, 0xFF, 0xFF, 0xF8, 0x0F, 0xFE, 0x00, 0x78, 0x08, 0x00, 0x00, 0x38, 0x00, 0x00,
    0x00, 0x00, 0x00, 0x00, 0x00, 0x00, 0x00, 0xE0, 0x1C, 0x00, 0x00, 0xE0, 0x3C, 0x00, 0x01, 0xE0,
    0x38, 0x00, 0x01, 0xDF, 0xFF, 0xFC, 0x03, 0xDF, 0xFF, 0xFE, 0x03, 0x9F, 0xFF, 0xFE, 0x07, 0x80,
    0x70, 0x00, 0x07, 0x00, 0x70, 0x00, 0x0F, 0x00, 0xF0, 0x00, 0x1F, 0x00, 0xE0, 0x00, 0x1F, 0x7F,
    0xFF, 0xFF, 0x3F, 0x7F, 0xFF, 0xFF, 0x7F, 0x3F, 0xFF, 0xFF, 0xF7, 0x01, 0xC0, 0x00, 0x77, 0x01,
    0xC0, 0x00, 0x67, 0x03, 0xC0, 0x00, 0x07, 0x03, 0xFF, 0xF8, 0x07, 0x03, 0xFF, 0xFC, 0x07, 0x07,
    0xFF, 0xFC, 0x07, 0x00, 0x00, 0x78, 0x07, 0x00, 0x00, 0xF0, 0x07, 0x00, 0x01, 0xE0, 0x07, 0x00,
    0x43, 0xC0, 0x07, 0x00, 0xE7, 0x80, 0x07, 0x00, 0xFF, 0x00, 0x07, 0x00, 0x7F, 0x00, 0x07, 0x00,
    0x3F, 0x00, 0x07, 0x00, 0x0F, 0x80, 0x07, 0x00, 0x07, 0xC0, 0x07, 0x00, 0x03, 0xC0, 0x07, 0x00,
    0x01, 0x80, 0x00, 0x00, 0x00, 0x00, 0x00, 0x00, 0x00, 0x00, 0x01, 0xC1, 0xC0, 0x00, 0x03, 0x87,
    0x80, 0x00, 0x0F, 0x0E, 0x00, 0x00, 0x1E, 0x3C, 0x00, 0x00, 0x38, 0x70, 0x00, 0x00, 0xF1, 0xFF,
    0xFF, 0x83, 0xC3, 0xFF, 0xFF, 0x07, 0x8F, 0xFF, 0xFE, 0x1E, 0x1C, 0x00, 0x00, 0x3C, 0x78, 0xF0,
    0x00, 0xF9, 0xE1, 0xC0, 0x03, 0xF3, 0x83, 0x80, 0x0F, 0xE2, 0x07, 0x00, 0x3F, 0xC0, 0x0E, 0x00,
    0x3B, 0x8F, 0xFF, 0xFF, 0x67, 0x1F, 0xFF, 0xFE, 0x0E, 0x3F, 0xFF, 0xFC, 0x1C, 0x01, 0xE0, 0x70,
    0x38, 0x03, 0xC0, 0xE0, 0x70, 0x07, 0x01, 0xC0, 0xE0, 0x0E, 0x03, 0x81, 0xC0, 0x3C, 0x07, 0x03,
    0x80, 0x70, 0x0E, 0x07, 0x01, 0xE0, 0x1C, 0x0E, 0x03, 0xC0, 0x38, 0x1C, 0x0F, 0x00, 0x70, 0x38,
    0x3C, 0x00, 0xE0, 0x70, 0xF0, 0x43, 0xC0, 0xE7, 0xE0, 0xFF, 0x01, 0xCF, 0x01, 0xFE, 0x03, 0x8C,
    0x01, 0xE0, 0x00, 0x00, 0x00, 0x00, 0x00, 0x00, 0x20, 0x00, 0x00, 0x70, 0x1C, 0x00, 0x00, 0x38,
    0x1C, 0x00, 0x00, 0x3C, 0x0E, 0x00, 0x00, 0x1C, 0x07, 0x00, 0x00, 0x1E, 0x07, 0x80, 0x00, 0x0F,
    0xFF, 0xFF, 0xFC, 0x0F, 0xFF, 0xFF, 0xFE, 0x07, 0x3F, 0xFF, 0xFF, 0x07, 0x81, 0xE7, 0x00, 0x07,
    0xC0, 0xE3, 0x80, 0x03, 0xE0, 0xF1, 0xC0, 0x03, 0xF0, 0x70, 0xE0, 0x03, 0xF8, 0x78, 0x70, 0x03,
    0xDC, 0x7F, 0xFF, 0xF8, 0xEE, 0x7F, 0xFF, 0xFC, 0x67, 0x7F, 0xFF, 0xFE, 0x03, 0xFF, 0x87, 0x07,
    0x01, 0xFD, 0xC3, 0x83, 0x80, 0xEC, 0xE1, 0xC1, 0xC0, 0x70, 0x70, 0xE0, 0xE0, 0x38, 0x38, 0x70,
    0x70, 0x1C, 0x1C, 0x38, 0x38, 0x0E, 0x0E, 0x1C, 0x1C, 0x07, 0x07, 0x0E, 0x0E, 0x03, 0x83, 0x87,
    0x7F, 0x01, 0xC1, 0xC3, 0x9F, 0x00, 0xE0, 0xE1, 0xCE, 0x00, 0x70, 0x00, 0xE0, 0x00, 0x38, 0x00,
    0x70, 0x00, 0x1C, 0x00, 0x38, 0x00, 0x0E, 0x00, 0x1C, 0x00, 0x00, 0x00, 0x00, 0x00, 0x00, 0x00,
    0x00, 0x00, 0x00, 0x00, 0x70, 0x00, 0x3C, 0x00, 0x38, 0x00, 0xFF, 0x00, 0x3C, 0x1F, 0xFF, 0x80,
    0x1C, 0xFF, 0xFE, 0x00, 0x0E, 0x7F, 0xFC, 0x00, 0x0F, 0x3E, 0x1E, 0x00, 0x07, 0x1C, 0x0F, 0x00,
    0x07, 0x8E, 0x03, 0x80, 0x07, 0x87, 0x01, 0xC0, 0x03, 0xC3, 0x80, 0xE0, 0x03, 0xE1, 0xC0, 0x70,
    0x03, 0xF0, 0xE0, 0x38, 0x01, 0xF8, 0x70, 0x1C, 0x01, 0xFC, 0x3F, 0xFF, 0xFC, 0xEE, 0x1F, 0xFF,
    0xFE, 0x67, 0x0F, 0xFF, 0xFF, 0x13, 0x87, 0x01, 0xC0, 0x01, 0xC3, 0x80, 0xF0, 0x00, 0xE1, 0xC0,
    0x38, 0x00, 0x70, 0xE0, 0x1C, 0x00, 0x38, 0x70, 0x0E, 0x00, 0x1C, 0x38, 0x07, 0x00, 0x0E, 0x1C,
    0x03, 0x80, 0x07, 0x0E, 0x09, 0xE2, 0x03, 0x87, 0x0E, 0x71, 0x81, 0xC3, 0x83, 0x38, 0xC0, 0xE1,
    0xC1, 0xDE, 0x60, 0x70, 0xFF, 0x67, 0xF0, 0x38, 0x7F, 0xBB, 0xF8, 0x1C, 0x7F, 0x9C, 0xF8, 0x0E,
    0x3E, 0x06, 0x3C, 0x03, 0x08, 0x00, 0x00, 0x00, 0x00, 0x00, 0x00, 0x00, 0x00, 0x70, 0x0E, 0x00,
    0x00, 0x78, 0x07, 0x00, 0x00, 0x38, 0x03, 0x80, 0x00, 0x1C, 0x01, 0xC0, 0x00, 0x1C, 0x00, 0xE0,
    0x00, 0x0E, 0x00, 0x70, 0x00, 0x0F, 0x7F, 0xFF, 0xFE, 0x07, 0x3F, 0xFF, 0xFF, 0x07, 0x9F, 0xFF,
    0xFF, 0x87, 0xC0, 0x1F, 0xC0, 0x03, 0xE0, 0x0F, 0xE0, 0x03, 0xF0, 0x0F, 0xF8, 0x03, 0xF8, 0x07,
    0xFC, 0x01, 0xFC, 0x03, 0xF7, 0x00, 0xEE, 0x03, 0xBB, 0x80, 0x27, 0x01, 0xDD, 0xE0, 0x03, 0x81,
    0xCE, 0x70, 0x01, 0xC1, 0xE7, 0x3C, 0x00, 0xE0, 0xE3, 0x8E, 0x00, 0x70, 0xF1, 0xC7, 0x80, 0x38,
    0xF0, 0xE1, 0xE0, 0x1C, 0x70, 0x70, 0x78, 0x0E, 0x7F, 0xFF, 0xFE, 0x07, 0x7F, 0xFF, 0xFF, 0x83,
    0xBB, 0xFF, 0xFB, 0x81, 0xC8, 0x07, 0x00, 0x80, 0xE0, 0x03, 0x80, 0x00, 0x70, 0x01, 0xC0, 0x00,
    0x38, 0x00, 0xE0, 0x00, 0x1C, 0x00, 0x70, 0x00, 0x0E, 0x00, 0x38, 0x00, 0x00, 0x00, 0x00, 0x00,
    0x00, 0x00, 0x00, 0x00, 0x00, 0x01, 0xC0, 0x00, 0x00, 0x01, 0xC0, 0x00, 0x00, 0x03, 0xC0, 0x00,
    0x00, 0x03, 0xBF, 0xFF, 0xFE, 0x03, 0xBF, 0xFF, 0xFE, 0x07, 0xBF, 0xFF, 0xFE, 0x07, 0x00, 0x00,
    0x38, 0x0F, 0x00, 0x00, 0x38, 0x1F, 0x00, 0x00, 0x38, 0x1F, 0x00, 0x00, 0x38, 0x3F, 0x1F, 0xFC,
    0x38, 0x7F, 0x1F, 0xFC, 0x38, 0x7F, 0x1F, 0xFC, 0x38, 0xFF, 0x1C, 0x1C, 0x38, 0xEF, 0x1C, 0x1C,
    0x38, 0x6F, 0x1C, 0x1C, 0x38, 0x0F, 0x1C, 0x1C, 0x38, 0x0F, 0x1C, 0x1C, 0x38, 0x0F, 0x1C, 0x1C,
    0x38, 0x0F, 0x1C, 0x1C, 0x38, 0x0F, 0x1F, 0xFC, 0x38, 0x0F, 0x1F, 0xFC, 0x38, 0x0F, 0x1F, 0xFC,
    0x38, 0x0F, 0x1C, 0x00, 0x38, 0x0F, 0x1C, 0x00, 0x38, 0x0F, 0x00, 0x00, 0x38, 0x0F, 0x00, 0x00,
    0x38, 0x0F, 0x00, 0x00, 0x38, 0x0F, 0x00, 0x1F, 0xF8, 0x0F, 0x00, 0x1F, 0xF8, 0x0F, 0x00, 0x0F,
    0xF0, 0x00, 0xE0, 0xE0, 0x00, 0x01, 0xE0, 0xE0, 0x00, 0x01, 0xE1, 0xE0, 0x00, 0x01, 0xC1, 0xC0,
    0x00, 0x03, 0xC3, 0xC0, 0x00, 0x03, 0x83, 0xFF, 0xFE, 0x07, 0x87, 0xFF, 0xFE, 0x0F, 0x07, 0xFF,
    0xFE, 0x0F, 0x0F, 0x38, 0x00, 0x1F, 0x0E, 0x38, 0x00, 0x3F, 0x1E, 0x38, 0x00, 0x3F, 0x3C, 0x38,
    0x00, 0x7F, 0x7C, 0x38, 0x00, 0xF7, 0x78, 0x3F, 0xFE, 0xE7, 0x30, 0x3F, 0xFE, 0x67, 0x00, 0x3F,
    0xFC, 0x07, 0x00, 0x38, 0x00, 0x07, 0x00, 0x38, 0x00, 0x07, 0x00, 0x38, 0x00, 0x07, 0x00, 0x38,
    0x00, 0x07, 0x00, 0x3F, 0xFE, 0x07, 0x00, 0x3F, 0xFE, 0x07, 0x00, 0x3F, 0xFE, 0x07, 0x00, 0x38,
    0x00, 0x07, 0x00, 0x38, 0x00, 0x07, 0x00, 0x38, 0x00, 0x07, 0x00, 0x38, 0x00, 0x07, 0x00, 0x38,
    0x00, 0x07, 0x00, 0x38, 0x00, 0x07, 0x00, 0x38, 0x00, 0x07, 0x00, 0x38, 0x00, 0x00, 0x00, 0x10,
    0x00, 0x00, 0xE1, 0xC0, 0x00, 0x00, 0xE1, 0xC0, 0x00, 0x01, 0xE1, 0xC0, 0x00, 0x01, 0xC3, 0xC0,
    0x00, 0x03, 0xC3, 0x80, 0x00, 0x03, 0xC3, 0x80, 0x00, 0x07, 0x87, 0xFF, 0xFF, 0x07, 0x07, 0xFF,
    0xFF, 0x0F, 0x0F, 0xFF, 0xFF, 0x0F, 0x0E, 0x0E, 0x07, 0x1F, 0x1E, 0x0E, 0x07, 0x3F, 0x1C, 0x0E,
    0x0E, 0x7F, 0x3C, 0x0E, 0x0E, 0xFF, 0x38, 0x0E, 0x0E, 0x77, 0x19, 0x8E, 0x30, 0x67, 0x03, 0xCE,
    0x70, 0x07, 0x03, 0x8E, 0x38, 0x07, 0x03, 0x8E, 0x38, 0x07, 0x07, 0x8E, 0x3C, 0x07, 0x07, 0x0E,
    0x1C, 0x07, 0x07, 0x0E, 0x1E, 0x07, 0x0F, 0x0E, 0x0E, 0x07, 0x0E, 0x0E, 0x0E, 0x07, 0x1E, 0x0E,
    0x0F, 0x07, 0x3C, 0x0E, 0x0F, 0x07, 0x3C, 0x0E, 0x07, 0x07, 0x08, 0x0E, 0x04, 0x07, 0x00, 0x0E,
    0x00, 0x07, 0x00, 0xFE, 0x00, 0x07, 0x00, 0xFE, 0x00, 0x07, 0x00, 0x7C, 0x00, 0x00, 0x00, 0x00,
    0x00, 0x00, 0x38, 0x07, 0x00, 0x00, 0x3C, 0x03, 0x80, 0x00, 0x1C, 0x01, 0xC0, 0x00, 0x1F, 0xFF,
    0xFF, 0xF0, 0x0F, 0xFF, 0xFF, 0xF8, 0x0F, 0xFF, 0xFF, 0xFC, 0x0F, 0x00, 0x1C, 0x00, 0x07, 0x80,
    0x0E, 0x00, 0x07, 0xC0, 0x07, 0x00, 0x07, 0xE7, 0xFF, 0xFF, 0x83, 0xF3, 0xFF, 0xFF, 0xC3, 0xF9,
    0xC1, 0xE0, 0xE3, 0xFC, 0xE0, 0x70, 0x73, 0xDE, 0x70, 0x38, 0x38, 0xEF, 0x38, 0x1C, 0x1C, 0x67,
    0x9C, 0x0E, 0x0E, 0x03, 0xCE, 0x0F, 0x07, 0x01, 0xE7, 0xFF, 0xFF, 0x80, 0xF3, 0xFF, 0xFF, 0xC0,
    0x78, 0x41, 0xC0, 0x00, 0x3C, 0x70, 0xE0, 0x00, 0x1E, 0x3C, 0x70, 0x00, 0x0F, 0x0F, 0x78, 0x00,
    0x07, 0x87, 0xF8, 0x00, 0x03, 0xC0, 0xFC, 0x00, 0x01, 0xE0, 0x3E, 0x00, 0x00, 0xF0, 0x3F, 0xC0,
    0x00, 0x78, 0x7F, 0xFC, 0x00, 0x3C, 0xFE, 0x7F, 0xF8, 0x1F, 0xFC, 0x07, 0xFC, 0x0F, 0x78, 0x00,
    0x7E, 0x03, 0x00, 0x00, 0x02, 0x00, 0x00, 0x00, 0x00, 0x00, 0x00, 0xE1, 0xC0, 0xE0, 0x00, 0xE1,
    0xC0, 0xE0, 0x01, 0xE1, 0xC0, 0xE0, 0x01, 0xC1, 0xC0, 0xE0, 0x03, 0xC1, 0xC0, 0xE0, 0x03, 0xC1,
    0xC0, 0xE0, 0x07, 0x81, 0xC0, 0xE0, 0x07, 0x1F, 0xFF, 0xFF, 0x0F, 0x1F, 0xFF, 0xFF, 0x1F, 0x1F,
    0xFF, 0xFF, 0x1F, 0x01, 0xC0, 0xE0, 0x3F, 0x01, 0xC0, 0xE0, 0x7F, 0x01, 0xC0, 0xE0, 0xFF, 0x01,
    0xC0, 0xE0, 0x77, 0x01, 0xC0, 0xE0, 0x67, 0x01, 0xC0, 0xE0, 0x07, 0x01, 0xC0, 0xE0, 0x07, 0x01,
    0xC0, 0xE0, 0x07, 0x3F, 0xFF, 0xFF, 0x07, 0x3F, 0xFF, 0xFF, 0x07, 0x3F, 0xFF, 0xFF, 0x07, 0x00,
    0x00, 0x00, 0x07, 0x00, 0xC0, 0x40, 0x07, 0x01, 0xE0, 0xE0, 0x07, 0x03, 0xC0, 0xF0, 0x07, 0x03,
    0x80, 0x78, 0x07, 0x07, 0x80, 0x3C, 0x07, 0x0F, 0x00, 0x1E, 0x07, 0x1E, 0x00, 0x1E, 0x07, 0x3C,
    0x00, 0x0F, 0x07, 0x18, 0x00, 0x06, 0x00, 0x00, 0x00, 0x00, 0x00, 0x00, 0x00, 0x00, 0x07, 0x00,
    0x00, 0x1C, 0x0E, 0x00, 0x00, 0x38, 0x1F, 0xFF, 0xC0, 0x70, 0x77, 0xFF, 0x9C, 0xE0, 0xEE, 0x03,
    0x39, 0xC1, 0xDC, 0x06, 0x73, 0x87, 0x39, 0xCC, 0xE7, 0x0E, 0x73, 0x99, 0xCE, 0x3C, 0xE7, 0x33,
    0x9C, 0x79, 0xCE, 0x67, 0x39, 0xF3, 0x9C, 0xCE, 0x73, 0xE7, 0x39, 0x9C, 0xEF, 0xCE, 0x73, 0x39,
    0xDF, 0x9C, 0xE6, 0x73, 0xBF, 0x39, 0xCC, 0xE7, 0x6E, 0x73, 0x99, 0xCE, 0x1C, 0xE7, 0x33, 0x9C,
    0x39, 0xCE, 0x67, 0x38, 0x73, 0x9C, 0xCE, 0x70, 0xE7, 0x39, 0x9C, 0xE1, 0xCE, 0x73, 0x39, 0xC3,
    0x9C, 0xC6, 0x73, 0x87, 0x3B, 0x8C, 0xE7, 0x0E, 0x37, 0x19, 0xCE, 0x1C, 0x0F, 0x80, 0x1C, 0x38,
    0x3B, 0x80, 0x38, 0x70, 0x73, 0x80, 0x70, 0xE1, 0xC7, 0x80, 0xE1, 0xC7, 0x87, 0x8F, 0xC3, 0x9E,
    0x07, 0x3F, 0x87, 0x30, 0x04, 0x3E, 0x00, 0x00, 0x00, 0x00, 0x00, 0x60, 0x00, 0x00, 0x00, 0x7B,
    0xFF, 0xFE, 0x00, 0x3B, 0xFF, 0xFF, 0x00, 0x3D, 0xFF, 0xFF, 0x80, 0x1C, 0xE0, 0x01, 0xC0, 0x1E,
    0x70, 0x00, 0xE0, 0x0E, 0x38, 0x00, 0x70, 0x0F, 0x1C, 0x00, 0x38, 0x0F, 0x8E, 0x00, 0x1C, 0x07,
    0xC7, 0x00, 0x0E, 0x07, 0xE3, 0xFF, 0xFF, 0x07, 0xF1, 0xFF, 0xFF, 0x87, 0xF8, 0x7F, 0xFF, 0xC3,
    0xFC, 0x00, 0x70, 0x01, 0xDE, 0x00, 0x38, 0x00, 0xCF, 0x00, 0x1C, 0x00, 0x07, 0xBF, 0xFF, 0xFF,
    0x03, 0xDF, 0xFF, 0xFF, 0x81, 0xEF, 0xFF, 0xFF, 0xC0, 0xF0, 0x07, 0xF0, 0x00, 0x78, 0x07, 0xF8,
    0x00, 0x3C, 0x07, 0xFE, 0x00, 0x1E, 0x07, 0xBF, 0x80, 0x0F, 0x07, 0x9D, 0xE0, 0x07, 0x87, 0x8E,
    0x78, 0x03, 0xC7, 0xC7, 0x1E, 0x01, 0xEF, 0xC3, 0x87, 0x80, 0xFF, 0x81, 0xC1, 0xF0, 0x7B, 0x80,
    0xE0, 0x70, 0x3D, 0x80, 0x70, 0x18, 0x1E, 0x00, 0x38, 0x00, 0x00, 0x00, 0x18, 0x00, 0x00, 0x00,
    0x00, 0x00, 0x03, 0x80, 0xE0, 0x00, 0x07, 0x01, 0xC0, 0x00, 0x1E, 0x01, 0xC0, 0x00, 0x38, 0x03,
    0x80, 0x00, 0xF0, 0x07, 0x80, 0x01, 0xC0, 0x06, 0x00, 0x07, 0xBF, 0xFF, 0xFF, 0x0E, 0x7F, 0xFF,
    0xFE, 0x3C, 0x00, 0x00, 0x00, 0x78, 0x00, 0x00, 0x01, 0xF0, 0xFF, 0xFF, 0x87, 0xE1, 0xFF, 0xFF,
    0x1F, 0xC0, 0x00, 0x00, 0x3F, 0x80, 0x00, 0x00, 0x77, 0x00, 0x00, 0x00, 0x4E, 0x1F, 0xFF, 0xF0,
    0x1C, 0x3F, 0xFF, 0xE0, 0x38, 0x00, 0x00, 0x00, 0x70, 0x00, 0x00, 0x00, 0xE0, 0x00, 0x00, 0x01,
    0xC3, 0xFF, 0xFF, 0x03, 0x87, 0xFF, 0xFE, 0x07, 0x0E, 0x00, 0x1C, 0x0E, 0x1C, 0x00, 0x38, 0x1C,
    0x38, 0x00, 0x70, 0x38, 0x70, 0x00, 0xE0, 0x70, 0xE0, 0x01, 0xC0, 0xE1, 0xC0, 0x03, 0x81, 0xC3,
    0xFF, 0xFF, 0x03, 0x87, 0xFF, 0xFE, 0x07, 0x0E, 0x00, 0x1C, 0x0E, 0x18, 0x00, 0x30, 0x00, 0x00,
    0x00, 0x00, 0x00, 0xE0, 0x1C, 0x00, 0x00, 0x70, 0x0E, 0x00, 0x00, 0x38, 0x0F, 0x00, 0x00, 0x38,
    0x07, 0x00, 0x00, 0x1C, 0x07, 0xFF, 0xF0, 0x1E, 0x03, 0xFF, 0xF8, 0x0E, 0x03, 0xC0, 0x38, 0x07,
    0x03, 0xF0, 0x3C, 0x07, 0x83, 0xFC, 0x3C, 0x07, 0xCF, 0xCF, 0x3C, 0x03, 0xE7, 0xC3, 0xFC, 0x03,
    0xF3, 0x80, 0xFC, 0x03, 0xF9, 0xC0, 0xFF, 0x01, 0xFC, 0xE3, 0xFF, 0xF1, 0xEE, 0x7F, 0xF0, 0xFE,
    0x67, 0x3F, 0xE1, 0x1F, 0x33, 0x9F, 0x83, 0xC1, 0x01, 0xCE, 0x03, 0xC0, 0x00, 0xE7, 0x0F, 0xC0,
    0x00, 0x73, 0x9F, 0x87, 0x00, 0x39, 0xCF, 0x07, 0x80, 0x1C, 0xE0, 0x0F, 0x80, 0x0E, 0x70, 0x1F,
    0x0C, 0x07, 0x38, 0xFF, 0x0F, 0x03, 0x9C, 0xFC, 0x0F, 0x01, 0xCE, 0x38, 0x1F, 0x00, 0xE0, 0x00,
    0x7F, 0x00, 0x70, 0x01, 0xFE, 0x00, 0x38, 0x0F, 0xFC, 0x00, 0x1C, 0x0F, 0xF0, 0x00, 0x0E, 0x07,
    0xC0, 0x00, 0x06, 0x00, 0x00, 0x00, 0x00, 0x01, 0xC0, 0x00, 0x00, 0x03, 0x80, 0x00, 0x00, 0x07,
    0x7F, 0xFF, 0xF8, 0x1C, 0xFF, 0xFF, 0xF0, 0x39, 0xFF, 0xFF, 0xE0, 0xF3, 0x81, 0x81, 0xC1, 0xC7,
    0x03, 0x83, 0x87, 0x8E, 0x07, 0x07, 0x0F, 0x1C, 0x0E, 0x0E, 0x3E, 0x3B, 0xFF, 0xFC, 0x7C, 0x77,
    0xFF, 0xF9, 0xF8, 0xE0, 0x70, 0x77, 0xF1, 0xC0, 0xE0, 0xFE, 0xE3, 0x81, 0xC1, 0xDD, 0xC7, 0x03,
    0x83, 0xB3, 0x8E, 0x7F, 0xE7, 0x07, 0x1C, 0xFF, 0xCE, 0x0E, 0x39, 0xC1, 0x9C, 0x1C, 0x73, 0x83,
    0x38, 0x38, 0xE7, 0x06, 0x70, 0x71, 0xCE, 0x0C, 0xE0, 0xE3, 0x9C, 0x19, 0xC1, 0xC7, 0x3F, 0xF3,
    0x83, 0x8E, 0x7F, 0xE7, 0x07, 0x1C, 0x00, 0x0E, 0x0E, 0x38, 0x00, 0x1C, 0x1C, 0x7F, 0xFF, 0xF8,
    0x38, 0xFF, 0xFF, 0xF0, 0x71, 0xFF, 0xFF, 0xE0, 0xE3, 0x80, 0x01, 0xC1, 0xC7, 0x00, 0x03, 0x81,
    0x00, 0x00, 0x00, 0x00, 0x00, 0x0C, 0x00, 0x00, 0xE0, 0x1C, 0x00, 0x00, 0xE0, 0x1E, 0x00, 0x01,
    0xE0, 0x1E, 0x00, 0x01, 0xCF, 0xFF, 0xFE, 0x03, 0xDF, 0xFF, 0xFE, 0x03, 0xDF, 0xFF, 0xFE, 0x07,
    0x83, 0x80, 0x70, 0x07, 0x03, 0x80, 0x70, 0x0F, 0x03, 0x80, 0x70, 0x0F, 0x01, 0xC0, 0xF0, 0x1F,
    0x01, 0xC0, 0xE0, 0x3F, 0x01, 0xC1, 0xE0, 0x7F, 0x00, 0xC1, 0xC0, 0x7F, 0x3F, 0xFF, 0xFF, 0x77,
    0x3F, 0xFF, 0xFF, 0x27, 0x3F, 0xFF, 0xFF, 0x07, 0x00, 0x00, 0x00, 0x07, 0x00, 0x00, 0x00, 0x07,
    0x07, 0xFF, 0xF8, 0x07, 0x07, 0xFF, 0xF8, 0x07, 0x07, 0xFF, 0xF8, 0x07, 0x07, 0x00, 0x38, 0x07,
    0x07, 0x00, 0x38, 0x07, 0x07, 0x00, 0x38, 0x07, 0x07, 0x00, 0x38, 0x07, 0x07, 0x00, 0x38, 0x07,
    0x07, 0x00, 0x38, 0x07, 0x07, 0xFF, 0xF8, 0x07, 0x07, 0xFF, 0xF8, 0x07, 0x07, 0xFF, 0xF8, 0x07,
    0x07, 0x00, 0x38, 0x03, 0x80, 0x00, 0x00, 0x03, 0x80, 0x00, 0x60, 0x03, 0x83, 0xFF, 0xF0, 0x07,
    0x83, 0xFF, 0xF0, 0x07, 0x00, 0x00, 0x70, 0x0F, 0x00, 0x00, 0x70, 0x0E, 0x00, 0x00, 0xE0, 0x0E,
    0x67, 0xFF, 0xFC, 0x1E, 0x6F, 0xFF, 0xFE, 0x3E, 0x6F, 0xFF, 0xFE, 0x3E, 0x60, 0xE0, 0x00, 0x7E,
    0x61, 0xE0, 0x00, 0xFE, 0x61, 0xC0, 0x00, 0xFE, 0x61, 0xFF, 0xFC, 0xFE, 0x63, 0xFF, 0xFC, 0x5E,
    0x67, 0xFF, 0xF8, 0x1E, 0x67, 0x0E, 0x00, 0x1E, 0x6F, 0x0E, 0x00, 0x1E, 0x66, 0x0E, 0x00, 0x1E,
    0x60, 0x0E, 0x00, 0x1E, 0x6F, 0xFF, 0xFE, 0x1E, 0x6F, 0xFF, 0xFE, 0x1E, 0x67, 0xFF, 0xFC, 0x1E,
    0x60, 0x1F, 0x00, 0x1E, 0x60, 0x3F, 0x80, 0x1E, 0x00, 0x3B, 0xC0, 0x1E, 0x00, 0xF9, 0xE0, 0x1E,
    0x01, 0xF1, 0xF8, 0x1E, 0x07, 0xE0, 0xFE, 0x1E, 0x1F, 0x80, 0x3E, 0x1E, 0x0E, 0x00, 0x0C, 0x0C,
    0x00, 0x00, 0x00, 0x00, 0x00, 0x00, 0x00, 0x03, 0x80, 0x70, 0x00, 0x07, 0x70, 0xE1, 0xC0, 0x1E,
    0xF1, 0xC7, 0x00, 0x38, 0xF3, 0x8E, 0x00, 0xF0, 0xEF, 0x38, 0x01, 0xC1, 0xDC, 0xF0, 0x07, 0x81,
    0x38, 0x40, 0x0F, 0x3F, 0xFF, 0xF8, 0x3C, 0x7F, 0xFF, 0xF0, 0x78, 0x03, 0x80, 0x01, 0xF0, 0x0F,
    0x00, 0x07, 0xE0, 0x1C, 0x00, 0x1F, 0xDF, 0xFF, 0xFF, 0xFF, 0xBF, 0xFF, 0xFF, 0xF7, 0x03, 0xC0,
    0xE0, 0x4E, 0x07, 0x01, 0xE0, 0x1C, 0x1E, 0x01, 0xC0, 0x38, 0x78, 0x03, 0xC0, 0x71, 0xFF, 0xFF,
    0xE0, 0xE7, 0xFF, 0xFF, 0xE1, 0xDE, 0xE0, 0x3B, 0x83, 0x99, 0xC0, 0x70, 0x07, 0x03, 0x80, 0xE0,
    0x0E, 0x07, 0x1F, 0x80, 0x1C, 0x0E, 0x1F, 0x40, 0x38, 0x1C, 0x00, 0xE0, 0x70, 0x38, 0x01, 0xC0,
    0xE0, 0x70, 0x07, 0x01, 0xC0, 0xFF, 0xFE, 0x03, 0x81, 0xFF, 0xFC, 0x07, 0x01, 0xFF, 0xF0, 0x04,
    0x00, 0x00, 0x00, 0x00, 0x00, 0x18, 0x00, 0x03, 0x80, 0x78, 0x00, 0x07, 0x00, 0xF0, 0x00, 0x1E,
    0x01, 0xC0, 0x00, 0x3B, 0xFF, 0xFF, 0xC0, 0xF7, 0xFF, 0xFF, 0x81, 0xCF, 0xFF, 0xFF, 0x07, 0x80,
    0x1C, 0x00, 0x0E, 0x00, 0x70, 0x00, 0x3C, 0x00, 0xE0, 0x00, 0x78, 0x7F, 0xFF, 0xC1, 0xF0, 0xFF,
    0xFF, 0x87, 0xE1, 0xC0, 0x07, 0x0F, 0xC3, 0x80, 0x0E, 0x3F, 0x87, 0x00, 0x1C, 0x77, 0x0F, 0xFF,
    0xF8, 0x6E, 0x1F, 0xFF, 0xF0, 0x1C, 0x38, 0x00, 0xE0, 0x38, 0x70, 0x01, 0xC0, 0x70, 0xFF, 0xFF,
    0x80, 0xE1, 0xFF, 0xFF, 0x01, 0xC3, 0x80, 0x0E, 0x03, 0x87, 0x00, 0x1C, 0x07, 0x0E, 0x00, 0x38,
    0x0E, 0x1F, 0xFF, 0xF0, 0x1C, 0x3F, 0xFF, 0xE0, 0x38, 0x70, 0x01, 0xC0, 0x70, 0xE0, 0x03, 0x80,
    0xE1, 0xC0, 0x07, 0x01, 0xDF, 0xFF, 0xFF, 0xC3, 0xBF, 0xFF, 0xFF, 0x87, 0x3F, 0xFF, 0xFF, 0x04,
    0x00, 0x00, 0x00, 0x00, 0x00, 0x00, 0x00, 0x01, 0xC0, 0x00, 0x00, 0x03, 0xC0, 0x00, 0x00, 0x03,
    0x80, 0xFF, 0xFF, 0x03, 0xB8, 0xFF, 0xFF, 0x07, 0x38, 0x7F, 0xFF, 0x07, 0x38, 0x03, 0xC0, 0x0F,
    0x38, 0x03, 0x80, 0x0F, 0x38, 0x3F, 0xFC, 0x1E, 0x38, 0x3F, 0xFE, 0x1E, 0x38, 0x3F, 0xFE, 0x3E,
    0x3F, 0xB8, 0x0E, 0x3E, 0x3F, 0xB9, 0x8E, 0x7E, 0x3F, 0xB9, 0x8E, 0xFE, 0x38, 0x39, 0x8E, 0x7E,
    0x38, 0x39, 0x8E, 0x6E, 0x38, 0x39, 0x8E, 0x0E, 0x38, 0x39, 0x8E, 0x0E, 0x38, 0x39, 0x8E, 0x0E,
    0x38, 0x39, 0x8E, 0x0E, 0x38, 0xB9, 0x8E, 0x0E, 0x3B, 0xBB, 0x8E, 0x0E, 0x3F, 0xBB, 0x8E, 0x0E,
    0x3F, 0x3B, 0x8E, 0x0E, 0x7C, 0x3B, 0x8E, 0x0E, 0x38, 0x07, 0xE0, 0x0E, 0x20, 0x07, 0xF0, 0x0E,
    0x00, 0x0F, 0x78, 0x0E, 0x00, 0x1E, 0x3E, 0x0E, 0x00, 0x7C, 0x1F, 0x0E, 0x01, 0xF8, 0x0F, 0x0E,
    0x00, 0xE0, 0x07, 0x06, 0x00, 0x00, 0x00, 0x00, 0x00, 0x00, 0x00, 0x00, 0xE0, 0x38, 0x00, 0x03,
    0xC0, 0x70, 0x00, 0x07, 0x00, 0xF0, 0x00, 0x0E, 0x01, 0xE0, 0x00, 0x3D, 0xFF, 0xFF, 0xC0, 0xF3,
    0xFF, 0xFF, 0x81, 0xE7, 0x00, 0x07, 0x07, 0x8E, 0x00, 0x0E, 0x0F, 0x1C, 0x00, 0x1C, 0x3E, 0x38,
    0x00, 0x78, 0xFC, 0x7F, 0xFF, 0xF3, 0xF8, 0xFF, 0xFF, 0xE7, 0xF1, 0xC0, 0x00, 0x1F, 0xE3, 0x80,
    0x00, 0x3B, 0xCF, 0xFF, 0xFF, 0x27, 0x9F, 0xFF, 0xFE, 0x0F, 0x3F, 0x39, 0x8C, 0x1E, 0x7E, 0x73,
    0x18, 0x3C, 0xFC, 0xE6, 0x30, 0x79, 0xF9, 0xCC, 0x60, 0xF3, 0xF3, 0x98, 0xC1, 0xE7, 0xFF, 0xFF,
    0x83, 0xCF, 0xFF, 0xFF, 0x07, 0x9F, 0x9C, 0xC6, 0x0F, 0x77, 0x39, 0x8C, 0x1E, 0xEE, 0x73, 0x18,
    0x3D, 0xDC, 0xE6, 0x30, 0x7B, 0xB9, 0xCC, 0x60, 0xFE, 0x73, 0x98, 0xC1, 0xFC, 0xE7, 0x3F, 0x83,
    0xD9, 0xC0, 0x0F, 0x00, 0x00, 0x00, 0x00, 0x01, 0xC0, 0x00, 0x0E, 0x01, 0xC0, 0x00, 0x0E, 0x03,
    0xDF, 0xF8, 0x0E, 0x03, 0x9F, 0xF9, 0xCE, 0x03, 0x98, 0x39, 0xCE, 0x07, 0x98, 0x39, 0xCE, 0x07,
    0x18, 0x39, 0xCE, 0x0F, 0x18, 0x39, 0xCE, 0x0F, 0x1F, 0xF9, 0xCE, 0x1F, 0x1F, 0xF9, 0xCE, 0x3F,
    0x18, 0x39, 0xCE, 0x3F, 0x18, 0x39, 0xCE, 0x7F, 0x18, 0x39, 0xCE, 0xF7, 0x18, 0x39, 0xCE, 0x67,
    0x1F, 0xF9, 0xCE, 0x67, 0x1F, 0xF9, 0xCE, 0x07, 0x18, 0x39, 0xCE, 0x07, 0x18, 0x39, 0xCE, 0x07,
    0x18, 0x39, 0xCE, 0x07, 0x18, 0x39, 0xCE, 0x07, 0x18, 0x39, 0xCE, 0x07, 0x1F, 0xF9, 0xCE, 0x07,
    0x1F, 0xF9, 0xCE, 0x07, 0x00, 0x21, 0xCE, 0x07, 0x0E, 0x60, 0x0E, 0x07, 0x1E, 0x70, 0x0E, 0x07,
    0x1C, 0x78, 0x0E, 0x07, 0x3C, 0x38, 0x0E, 0x07, 0x78, 0x3C, 0xFE, 0x07, 0x70, 0x18, 0xFE, 0x07,
    0x20, 0x00, 0x7C, 0x00, 0x00, 0x00, 0x00, 0x07, 0x07, 0x07, 0x00, 0x0E, 0x0E, 0x0E, 0x00, 0x1C,
    0x1C, 0x1C, 0x00, 0x7B, 0xFF, 0xFF, 0xC0, 0xEF, 0xFF, 0xFF, 0x83, 0xDF, 0xFF, 0xFF, 0x07, 0x01,
    0xC1, 0xC0, 0x0E, 0x03, 0x83, 0x80, 0x3C, 0x07, 0x07, 0x00, 0xFB, 0xFF, 0xFF, 0xF9, 0xF7, 0xFF,
    0xFF, 0xF7, 0xE7, 0xFF, 0xFF, 0xFF, 0xC1, 0xE0, 0x00, 0x3F, 0x87, 0x80, 0x00, 0x77, 0x1F, 0xFF,
    0xFC, 0x4E, 0xFF, 0xFF, 0xF8, 0x1F, 0xF8, 0x38, 0x70, 0x3F, 0xF0, 0x70, 0xE0, 0x76, 0xE0, 0xE1,
    0xC0, 0xE1, 0xFF, 0xFF, 0x81, 0xC3, 0xFF, 0xFF, 0x03, 0x87, 0x07, 0x0E, 0x07, 0x0E, 0x0E, 0x1C,
    0x0E, 0x1C, 0x1C, 0x38, 0x1C, 0x3F, 0xFF, 0xF0, 0x38, 0x7F, 0xFF, 0xE0, 0x70, 0xE0, 0xE1, 0xC0,
    0xE1, 0xC1, 0xC3, 0x81, 0xC3, 0x83, 0x87, 0x03, 0x87, 0x07, 0x3E, 0x07, 0x0E, 0x0C, 0x7C, 0x00,
    0x00, 0x00, 0x00, 0x00, 0x00, 0x00, 0x00, 0x00, 0x70, 0x0F, 0x00, 0x00, 0x38, 0x07, 0x80, 0x00,
    0x3F, 0xFF, 0xFF, 0xE0, 0x1F, 0xFF, 0xFF, 0xF0, 0x1E, 0x00, 0xF0, 0x00, 0x0E, 0x00, 0x78, 0x00,
    0x0F, 0x1F, 0xFF, 0xFC, 0x07, 0x0F, 0xFF, 0xFE, 0x07, 0x87, 0x0F, 0x07, 0x07, 0xC3, 0x87, 0x83,
    0x83, 0xE1, 0xFF, 0xFF, 0xC3, 0xF0, 0xFF, 0xFF, 0xE3, 0xF8, 0x70, 0xF0, 0x73, 0xFC, 0x38, 0x78,
    0x38, 0xEE, 0x1F, 0xFF, 0xFC, 0x67, 0x0F, 0xFF, 0xFE, 0x03, 0x80, 0x0F, 0x1E, 0x01, 0xC0, 0x07,
    0xFF, 0x80, 0xE7, 0xFF, 0xFF, 0xE0, 0x73, 0xFF, 0xFF, 0x70, 0x38, 0x00, 0x03, 0x90, 0x1C, 0x00,
    0x01, 0xC0, 0x0E, 0xFF, 0xFF, 0xFE, 0x07, 0x7F, 0xFF, 0xFF, 0x03, 0x83, 0xC0, 0x38, 0x01, 0xC0,
    0xF0, 0x1C, 0x00, 0xE0, 0x3C, 0x0E, 0x00, 0x70, 0x0F, 0x07, 0x00, 0x38, 0x07, 0x07, 0x80, 0x1C,
    0x00, 0x3F, 0x80, 0x0E, 0x00, 0x1F, 0xC0, 0x00, 0x00, 0x07, 0x00, 0x00, 0x00, 0x00, 0x00, 0x00,
    0x00, 0x71, 0xC0, 0x00, 0x00, 0x38, 0xE0, 0x00, 0x00, 0x3C, 0xF0, 0x00, 0x00, 0x1C, 0x7F, 0xFF,
    0xF0, 0x1E, 0x7F, 0xFF, 0xF8, 0x0E, 0x38, 0x00, 0x00, 0x0F, 0x3F, 0xFF, 0xF0, 0x07, 0x3F, 0xFF,
    0xF8, 0x07, 0xBD, 0xC0, 0x1C, 0x07, 0xCC, 0xE0, 0x0E, 0x03, 0xE0, 0x7F, 0xFF, 0x03, 0xF0, 0x3F,
    0xFF, 0x83, 0xF8, 0x1C, 0x01, 0xC3, 0xDC, 0x0F, 0xFF, 0xE0, 0xEE, 0x07, 0xFF, 0xF0, 0x67, 0x00,
    0x00, 0x00, 0x03, 0x80, 0x00, 0x00, 0x01, 0xDF, 0xFF, 0xFF, 0xE0, 0xEF, 0xFF, 0xFF, 0xF0, 0x70,
    0x3C, 0x00, 0x00, 0x38, 0x3C, 0x00, 0x00, 0x1C, 0x3F, 0xFF, 0xFC, 0x0E, 0x3F, 0xFF, 0xFC, 0x07,
    0x3C, 0x71, 0xCE, 0x03, 0xBC, 0x79, 0xE7, 0x01, 0xCC, 0x78, 0xE3, 0x80, 0xE0, 0x78, 0xE1, 0xC0,
    0x70, 0x78, 0xF0, 0xE0, 0x38, 0x78, 0xF0, 0xE0, 0x1C, 0x78, 0xF7, 0xF0, 0x0E, 0x18, 0x71, 0xF0,
    0x00, 0x00, 0x00, 0x00, 0x00, 0x00, 0x00, 0x80, 0x60, 0x00, 0x70, 0xE0, 0x38, 0x00, 0x38, 0x70,
    0x1C, 0x00, 0x3C, 0x38, 0x0E, 0x00, 0x1F, 0xFF, 0xFF, 0xF0, 0x1F, 0xFF, 0xFF, 0xF8, 0x0E, 0x07,
    0x01, 0xC0, 0x0F, 0x03, 0x80, 0xE0, 0x07, 0x01, 0xFF, 0xF0, 0x07, 0x80, 0xFF, 0xF8, 0x07, 0xC0,
    0x03, 0x80, 0x03, 0xE0, 0x01, 0xC0, 0x03, 0xF0, 0xFF, 0xFF, 0xE3, 0xF8, 0x7F, 0xFF, 0xF3, 0xFC,
    0x38, 0x38, 0x38, 0xEE, 0x1C, 0x1C, 0x1C, 0x67, 0x0E, 0x0E, 0x0E, 0x03, 0x87, 0xFF, 0xFF, 0x01,
    0xC3, 0xFF, 0xFF, 0x80, 0xE0, 0x01, 0xC0, 0x00, 0x70, 0x00, 0xE0, 0x00, 0x38, 0xFF, 0xFF, 0xF0,
    0x1C, 0x7F, 0xFF, 0xF8, 0x0E, 0x00, 0x1C, 0x00, 0x07, 0x00, 0x0E, 0x00, 0x03, 0x87, 0xFF, 0xFF,
    0x01, 0xC3, 0xFF, 0xFF, 0x80, 0xE0, 0x01, 0xC0, 0x00, 0x70, 0x00, 0xE0, 0x00, 0x38, 0x00, 0x70,
    0x00, 0x1C, 0xFF, 0xFF, 0xFC, 0x0E, 0x7F, 0xFF, 0xFE, 0x00, 0x04, 0x00, 0x00, 0x00, 0x0F, 0x00,
    0x00, 0x00, 0x0F, 0x00, 0x00, 0x00, 0x1E, 0x00, 0x00, 0x00, 0x3C, 0x00, 0x00, 0x00, 0x3C, 0x1C,
    0x00, 0x00, 0x78, 0x1C, 0x00, 0x00, 0xF0, 0x1E, 0x00, 0x00, 0xF0, 0x0F, 0x00, 0x01, 0xE0, 0x07,
    0x80, 0x03, 0xC0, 0x03, 0xC0, 0x07, 0x80, 0x03, 0xC0, 0x0F, 0x0F, 0xFF, 0xE0, 0x1F, 0xFF, 0xFF,
    0xF0, 0x1F, 0xFF, 0xFF, 0xF8, 0x1F, 0xFC, 0x38, 0x78, 0x08, 0x38, 0x38, 0x30, 0x00, 0x38, 0x38,
    0x00, 0x00, 0x38, 0x38, 0x00, 0x00, 0x38, 0x38, 0x00, 0x00, 0x78, 0x38, 0x00, 0x00, 0x78, 0x38,
    0x00, 0x00, 0x70, 0x38, 0x00, 0x00, 0xF0, 0x38, 0x0E, 0x00, 0xF0, 0x38, 0x0F, 0x01, 0xE0, 0x38,
    0x0E, 0x03, 0xE0, 0x38, 0x0E, 0x07, 0xC0, 0x38, 0x0E, 0x1F, 0x80, 0x38, 0x1E, 0x7F, 0x00, 0x3F,
    0xFE, 0xFC, 0x00, 0x3F, 0xFC, 0x78, 0x00, 0x0F, 0xF8, 0x00, 0x00, 0x00, 0x00, 0x00, 0x01, 0x80,
    0x00, 0x03, 0x07, 0x00, 0x00, 0x07, 0x0E, 0x00, 0x00, 0x1E, 0x1C, 0x00, 0x00, 0x38, 0x38, 0x00,
    0x00, 0x70, 0x70, 0x00, 0x01, 0xFF, 0xFF, 0xFC, 0x03, 0xFF, 0xFF, 0xF8, 0x0F, 0xFF, 0xFF, 0xF0,
    0x1C, 0x07, 0x00, 0x00, 0x78, 0x0E, 0x00, 0x00, 0xE0, 0x1C, 0x00, 0x03, 0xC0, 0x38, 0x00, 0x03,
    0x00, 0x70, 0x00, 0x00, 0x00, 0xE0, 0x00, 0x3F, 0xFF, 0xFF, 0xFF, 0x7F, 0xFF, 0xFF, 0xFE, 0xFF,
    0xFF, 0xFF, 0xFC, 0x01, 0xE0, 0xF0, 0x00, 0x03, 0x81, 0xE0, 0x00, 0x07, 0x03, 0xC0, 0x00, 0x0E,
    0x07, 0x80, 0x00, 0x3C, 0x0F, 0x00, 0x00, 0x78, 0x1E, 0x00, 0x00, 0xE0, 0x3C, 0x0C, 0x03, 0xC0,
    0x78, 0x1C, 0x0F, 0x00, 0xF0, 0x38, 0x3E, 0x01, 0xE0, 0x71, 0xF8, 0x03, 0xC1, 0xEF, 0xE0, 0x03,
    0xFF, 0x9F, 0x00, 0x07, 0xFF, 0x3C, 0x00, 0x07, 0xFC, 0x00, 0x00, 0x00, 0x00, 0x00, 0x00, 0x00,
    0x00, 0x00, 0x07, 0x00, 0x00, 0x10, 0x0E, 0x01, 0x80, 0xF0, 0x1C, 0x03, 0x80, 0xE0, 0x38, 0x0F,
    0x01, 0xE0, 0x70, 0x1C, 0x01, 0xC0, 0xE0, 0x78, 0x03, 0xC1, 0xC0, 0xE0, 0x03, 0x83, 0x83, 0xC0,
    0x07, 0x87, 0x07, 0x00, 0x07, 0x0E, 0x1E, 0x00, 0x0E, 0x1C, 0x38, 0x00, 0x00, 0x38, 0x00, 0x00,
    0x00, 0x70, 0x00, 0x3F, 0xFF, 0xFF, 0xFF, 0xFF, 0xFF, 0xFF, 0xFF, 0x7F, 0xFF, 0xFF, 0xFE, 0x00,
    0xF0, 0x70, 0x00, 0x01, 0xC0, 0xE0, 0x00, 0x03, 0x81, 0xC0, 0x00, 0x07, 0x03, 0x80, 0x00, 0x0E,
    0x07, 0x00, 0x00, 0x3C, 0x0E, 0x00, 0x00, 0x70, 0x1C, 0x00, 0x01, 0xE0, 0x38, 0x0C, 0x03, 0xC0,
    0x70, 0x1C, 0x0F, 0x00, 0xE0, 0x38, 0x7C, 0x01, 0xC0, 0x71, 0xF0, 0x03, 0x80, 0xFF, 0xC0, 0x07,
    0xFF, 0xFF, 0x00, 0x07, 0xFF, 0x38, 0x00, 0x0F, 0xFE, 0x00, 0x00, 0x00, 0x00, 0x00, 0x30, 0x00,
    0x00, 0x00, 0x78, 0x00, 0x00, 0x00, 0x7C, 0x00, 0x00, 0x00, 0x3E, 0x00, 0x00, 0x00, 0x1E, 0x00,
    0x00, 0x00, 0x0F, 0x00, 0x00, 0x00, 0x07, 0x80, 0x00, 0x00, 0x03, 0xC0, 0x00, 0x00, 0x03, 0xC0,
    0x00, 0x00, 0x07, 0xE0, 0x00, 0x00, 0x07, 0xE0, 0x00, 0x00, 0x07, 0xF0, 0x00, 0x00, 0x0F, 0x70,
    0x00, 0x00, 0x0F, 0x78, 0x00, 0x00, 0x0E, 0x38, 0x00, 0x00, 0x1E, 0x3C, 0x00, 0x00, 0x1E, 0x1C,
    0x00, 0x00, 0x3C, 0x1E, 0x00, 0x00, 0x3C, 0x0F, 0x00, 0x00, 0x78, 0x0F, 0x00, 0x00, 0xF0, 0x07,
    0x80, 0x00, 0xF0, 0x07, 0xC0, 0x01, 0xE0, 0x03, 0xE0, 0x03, 0xC0, 0x01, 0xE0, 0x07, 0x80, 0x01,
    0xF8, 0x1F, 0x80, 0x00, 0xFC, 0x3F, 0x00, 0x00, 0x7E, 0xFC, 0x00, 0x00, 0x3E, 0x78, 0x00, 0x00,
    0x0E, 0x30, 0x00, 0x00, 0x04, 0x00, 0x40, 0x00, 0x00, 0x3C, 0x00, 0x00, 0x07, 0xC0, 0x00, 0x00,
    0x3C, 0x00, 0x00, 0x03, 0x80, 0x00, 0x00, 0x78, 0x00, 0x00, 0x07, 0x80, 0x07, 0xFF, 0xFF, 0xFF,
    0xFF, 0xFF, 0xFF, 0xFF, 0xFF, 0xFF, 0xFF, 0xC0, 0x7C, 0x03, 0xF8, 0x0F, 0xC0, 0x7F, 0x01, 0xF8,
    0x0F, 0xE0, 0x7F, 0x01, 0xFC, 0x0E, 0xF0, 0x3F, 0x83, 0xCE, 0x07, 0xF0, 0x71, 0xE0, 0xFE, 0x1E,
    0x1E, 0x1F, 0xC7, 0x83, 0xE3, 0xF9, 0xE0, 0x3E, 0x7F, 0xF8, 0x03, 0xFF, 0xFE, 0x00, 0x3F, 0xFF,
    0x80, 0x03, 0xBF, 0x80, 0x00, 0x07, 0xF0, 0x00, 0x00, 0xFE, 0x00, 0x00, 0x1F, 0xC0, 0x00, 0x03,
    0xF8, 0x00, 0x00, 0x7F, 0x00, 0x03, 0xFF, 0xE0, 0x00, 0x3F, 0xFC, 0x00, 0x07, 0xF0, 0x00, 0x00,
    0x00, 0x00, 0x00, 0x80, 0x00, 0x00, 0x00, 0xF0, 0x00, 0x00, 0x00, 0x78, 0x00, 0x00, 0x00, 0x7C,
    0x00, 0x00, 0x00, 0x7F, 0x00, 0x00, 0x00, 0x7B, 0xC0, 0x00, 0x00, 0x78, 0xF0, 0x00, 0x00, 0x7C,
    0x3E, 0x00, 0x00, 0x7C, 0x0F, 0x80, 0x00, 0xFC, 0x03, 0xE0, 0x00, 0xF8, 0x00, 0xF8, 0x00, 0xF8,
    0x00, 0x3F, 0x01, 0xF8, 0x00, 0x07, 0xC3, 0xFF, 0xFF, 0xFF, 0xF9, 0xFF, 0xFF, 0xFF, 0xFE, 0x67,
    0xFF, 0xFF, 0xCE, 0x00, 0x01, 0xC0, 0x00, 0x00, 0x00, 0xE0, 0x00, 0x00, 0x00, 0x70, 0x00, 0x00,
    0x00, 0x38, 0x00, 0x00, 0x00, 0x1C, 0x00, 0x00, 0x1F, 0xFF, 0xFF, 0x00, 0x0F, 0xFF, 0xFF, 0x80,
    0x03, 0xFF, 0xFF, 0xC0, 0x00, 0x01, 0xC0, 0x00, 0x00, 0x00, 0xE0, 0x00, 0x00, 0x00, 0x70, 0x00,
    0x00, 0x00, 0x38, 0x00, 0x00, 0x00, 0x1C, 0x00, 0x01, 0xFF, 0xFF, 0xFF, 0xF0, 0xFF, 0xFF, 0xFF,
    0xF8, 0x7F, 0xFF, 0xFF, 0xFC, 0x7F, 0xFF, 0xFF, 0xFE, 0xFF, 0xFF, 0xFF, 0xFD, 0xFF, 0xFF, 0xFF,
    0xF8, 0x00, 0x1C, 0x00, 0x00, 0x00, 0x38, 0x00, 0x00, 0x00, 0x70, 0x00, 0x00, 0x00, 0xE0, 0x00,
    0x0F, 0xFF, 0xFF, 0xFC, 0x3F, 0xFF, 0xFF, 0xF8, 0x7F, 0xFF, 0xFF, 0xF0, 0xE0, 0x0E, 0x00, 0xE1,
    0xC0, 0x1C, 0x01, 0xC3, 0x9C, 0x39, 0x83, 0x87, 0x38, 0x73, 0x87, 0x0E, 0x38, 0xE3, 0x8E, 0x1C,
    0x71, 0xC7, 0x1C, 0x38, 0xF3, 0x8F, 0x38, 0x71, 0xE7, 0x1E, 0x70, 0xE7, 0xEE, 0x7C, 0xE1, 0xCF,
    0xDC, 0xFD, 0xC3, 0x99, 0xBB, 0xBB, 0x87, 0x73, 0xF7, 0x37, 0x0F, 0xE7, 0xFC, 0x7E, 0x1F, 0x8F,
    0xF8, 0xFC, 0x3A, 0x03, 0xA1, 0xB8, 0x70, 0x07, 0x00, 0x70, 0xE0, 0x0E, 0x00, 0xE1, 0xC0, 0x1C,
    0x3F, 0xC3, 0x80, 0x38, 0x3F, 0x07, 0x00, 0x00, 0x78, 0x00, 0x00, 0xE0, 0x0E, 0x00, 0x01, 0xC0,
    0x1C, 0x00, 0x03, 0x80, 0x38, 0x00, 0x07, 0x00, 0x70, 0x00, 0x0E, 0x00, 0xE0, 0x00, 0x1C, 0x01,
    0xC0, 0x00, 0x38, 0x03, 0x80, 0x1F, 0xFF, 0xFF, 0xFE, 0x3F, 0xFF, 0xFF, 0xFC, 0x7F, 0xFF, 0xFF,
    0xF8, 0x03, 0x80, 0x38, 0x00, 0x07, 0x00, 0x70, 0x00, 0x0E, 0x00, 0xE0, 0x00, 0x1C, 0x01, 0xC0,
    0x00, 0x38, 0x03, 0x80, 0x00, 0x70, 0x07, 0x00, 0x00, 0xE0, 0x0E, 0x01, 0xFF, 0xFF, 0xFF, 0xFF,
    0xFF, 0xFF, 0xFF, 0xFF, 0xFF, 0xFF, 0xFF, 0xF0, 0x00, 0x00, 0x00, 0x00, 0x00, 0x00, 0x00, 0x00,
    0x1C, 0x07, 0x00, 0x00, 0x7C, 0x1F, 0x00, 0x01, 0xF0, 0x0F, 0x80, 0x07, 0xC0, 0x0F, 0x80, 0x1F,
    0x00, 0x0F, 0x80, 0xFC, 0x00, 0x0F, 0x83, 0xE0, 0x00, 0x0F, 0x8F, 0x80, 0x00, 0x07, 0x8E, 0x00,
    0x00, 0x06, 0x00, 0x00, 0x00, 0x00, 0x00, 0x00, 0x00, 0x00, 0x03, 0x00, 0x07, 0x00, 0x0F, 0x00,
    0x0E, 0x00, 0x0F, 0x00, 0x3C, 0x00, 0x0E, 0x00, 0x70, 0x00, 0x1E, 0x01, 0xE0, 0x00, 0x1C, 0x07,
    0x80, 0x00, 0x38, 0x0E, 0x00, 0x1F, 0xFF, 0xFF, 0xF8, 0x3F, 0xFF, 0xFF, 0xF0, 0x7F, 0xFF, 0xFF,
    0xE0, 0x00, 0x1E, 0x00, 0x00, 0x00, 0x3C, 0x00, 0x00, 0x00, 0x78, 0x00, 0x00, 0x00, 0xF0, 0x00,
    0x00, 0x01, 0xE0, 0x00, 0x7F, 0xFF, 0xFF, 0xFC, 0xFF, 0xFF, 0xFF, 0xFD, 0xFF, 0xFF, 0xFF, 0xF8,
    0x00, 0x3F, 0x00, 0x00, 0x00, 0x7E, 0x00, 0x00, 0x01, 0xFE, 0x00, 0x00, 0x03, 0xDE, 0x00, 0x00,
    0x0F, 0x3E, 0x00, 0x00, 0x3E, 0x3E, 0x00, 0x01, 0xF8, 0x3E, 0x00, 0x07, 0xE0, 0x3E, 0x00, 0x3F,
    0x80, 0x3F, 0x01, 0xFC, 0x00, 0x3F, 0xCF, 0xF0, 0x00, 0x3F, 0xDF, 0x80, 0x00, 0x1F, 0x9C, 0x00,
    0x00, 0x0E, 0x00, 0x00, 0x00, 0x00, 0x01, 0xC0, 0x07, 0x80, 0x03, 0x80, 0x0F, 0x00, 0x07, 0x00,
    0x1E, 0x00, 0x0E, 0x00, 0x3C, 0x07, 0xFF, 0xFF, 0xFF, 0xCF, 0xFF, 0xFF, 0xFF, 0x8F, 0xFF, 0xFF,
    0xFF, 0x00, 0xE0, 0x03, 0xC0, 0x01, 0xC0, 0x07, 0x80, 0x03, 0xFF, 0xFF, 0x00, 0x07, 0xFF, 0xFE,
    0x00, 0x0F, 0xFF, 0xFC, 0x00, 0x1C, 0x00, 0x78, 0x00, 0x38, 0x00, 0xF0, 0x00, 0x70, 0x01, 0xE0,
    0x00, 0xE0, 0x03, 0xC0, 0x01, 0xFF, 0xFF, 0x80, 0x03, 0xFF, 0xFF, 0x00, 0x07, 0x00, 0x1E, 0x00,
    0x0E, 0x00, 0x3C, 0x00, 0x1C, 0x00, 0x78, 0x0F, 0xFF, 0xFF, 0xFF, 0xFF, 0xFF, 0xFF, 0xFF, 0xFF,
    0xFF, 0xFF, 0xFF, 0x00, 0x30, 0x00, 0x00, 0x00, 0xF0, 0x7C, 0x00, 0x07, 0xE0, 0xFE, 0x00, 0x7F,
    0x80, 0x7F, 0x87, 0xFC, 0x00, 0x3F, 0xDF, 0xC0, 0x00, 0x0F, 0xDE, 0x00, 0x00, 0x07, 0x00, 0x00,
    0x00, 0x00, 0x00, 0x18, 0x30, 0x00, 0x00, 0x78, 0x70, 0x00, 0x00, 0xF0, 0xE0, 0x00, 0x01, 0xE1,
    0xC0, 0x00, 0x03, 0xC3, 0x80, 0x03, 0xFF, 0xFF, 0xFE, 0x07, 0xFF, 0xFF, 0xFC, 0x0F, 0xFF, 0xFF,
    0xF8, 0x1C, 0x3C, 0x38, 0x70, 0x38, 0x78, 0x70, 0xE0, 0x70, 0xF0, 0xE1, 0xC0, 0xE1, 0xE1, 0xC3,
    0x81, 0xC3, 0xC3, 0x87, 0x03, 0xFF, 0xFF, 0xFE, 0x07, 0xFF, 0xFF, 0xFC, 0x0F, 0xFF, 0xFF, 0xF8,
    0x1C, 0x3C, 0x38, 0x70, 0x38, 0x78, 0x70, 0xE0, 0x70, 0xF0, 0xE1, 0xC0, 0xE1, 0xE1, 0xC3, 0x81,
    0xC3, 0xC3, 0x87, 0x1F, 0xFF, 0xFF, 0xFF, 0xFF, 0xFF, 0xFF, 0xFF, 0xFF, 0xFF, 0xFF, 0xFF, 0x00,
    0x20, 0x08, 0x00, 0x00, 0xE0, 0x3C, 0x00, 0x07, 0xE0, 0x7E, 0x00, 0x1F, 0x00, 0x7F, 0x00, 0xFC,
    0x00, 0x3F, 0x07, 0xE0, 0x00, 0x1F, 0x9F, 0x80, 0x00, 0x1F, 0x3C, 0x00, 0x00, 0x0C, 0x00, 0x00,
    0x00, 0x00, 0x00, 0x06, 0x00, 0x00, 0x00, 0xE0, 0x00, 0x00, 0x0E, 0x00, 0x00, 0x00, 0xE0, 0x00,
    0x00, 0x0E, 0x00, 0x00, 0x00, 0xE0, 0x00, 0xFF, 0xFF, 0xFF, 0xEF, 0xFF, 0xFF, 0xFE, 0xFF, 0xFF,
    0xFF, 0xEE, 0x00, 0xE0, 0x0E, 0xE0, 0x0E, 0x00, 0xEE, 0x00, 0xE0, 0x0E, 0xE0, 0x0E, 0x00, 0xEE,
    0x01, 0xE0, 0x0E, 0xE0, 0x1F, 0x00, 0xEE, 0x01, 0xF8, 0x0E, 0xE0, 0x3F, 0xC0, 0xEE, 0x03, 0x9E,
    0x0E, 0xE0, 0x78, 0xF0, 0xEE, 0x0F, 0x07, 0x8E, 0xE1, 0xE0, 0x3C, 0xEE, 0x3E, 0x01, 0xEE, 0xEF,
    0x80, 0x1F, 0xEE, 0xF0, 0x00, 0xFE, 0xEE, 0x00, 0x06, 0xEE, 0x00, 0x00, 0x0E, 0xE0, 0x00, 0x00,
    0xEE, 0x00, 0x00, 0x0E, 0xE0, 0x00, 0x00, 0xEE, 0x00, 0x03, 0xFE, 0xE0, 0x00, 0x1F, 0xEE, 0x00,
    0x01, 0xFC, 0x00, 0x00, 0x00, 0x00, 0x0F, 0xFC, 0x7F, 0xF0, 0x1F, 0xF8, 0xFF, 0xE0, 0x3F, 0xF1,
    0xFF, 0xC0, 0x70, 0xE3, 0x83, 0x80, 0xE1, 0xC7, 0x07, 0x01, 0xC3, 0x8E, 0x0E, 0x03, 0x87, 0x1C,
    0x1C, 0x07, 0x0E, 0x38, 0x38, 0x0E, 0x1C, 0x70, 0x70, 0x1C, 0x38, 0xE0, 0xE0, 0x38, 0x71, 0xC1,
    0xC7, 0xFF, 0xFF, 0xFF, 0xFF, 0xFF, 0xFF, 0xFF, 0xFF, 0xFF, 0xFF, 0xFF, 0xC3, 0x87, 0x1C, 0x1C,
    0x07, 0x0E, 0x38, 0x38, 0x1E, 0x1C, 0x70, 0x70, 0x3C, 0x39, 0xE0, 0xE0, 0x70, 0x73, 0x81, 0xC0,
    0xE0, 0xE7, 0x03, 0x81, 0xC1, 0xCE, 0x07, 0x03, 0x83, 0x9C, 0x0E, 0x0F, 0x07, 0x78, 0x1C, 0x1C,
    0x0E, 0xE0, 0x38, 0x38, 0x1D, 0xC0, 0x70, 0xF0, 0x3F, 0x80, 0xE1, 0xC7, 0xFE, 0x3F, 0xC7, 0x8F,
    0xFC, 0x7F, 0x06, 0x1F, 0xB0, 0x7E, 0x00, 0x00, 0x00, 0x00, 0x00, 0x7F, 0xFF, 0xFF, 0xFC, 0x7F,
    0xFF, 0xFF, 0xFC, 0x7F, 0xFF, 0xFF, 0xFC, 0x00, 0x03, 0x80, 0x00, 0x00, 0x03, 0x80, 0x00, 0x0F,
    0xFF, 0xFF, 0xE0, 0x0F, 0xFF, 0xFF, 0xE0, 0x0F, 0xFF, 0xFF, 0xE0, 0x0E, 0x03, 0x80, 0xE0, 0x0E,
    0x03, 0x80, 0xE0, 0x0E, 0x03, 0x80, 0xE0, 0x0E, 0x03, 0x80, 0xE0, 0x0F, 0xFF, 0xFF, 0xE0, 0x0F,
    0xFF, 0xFF, 0xE0, 0x0F, 0xFF, 0xFF, 0xE0, 0x0E, 0x03, 0x80, 0xE0, 0x0E, 0x03, 0x80, 0xE0, 0x0E,
    0x03, 0x80, 0xE0, 0xFF, 0xFF, 0xFF, 0xFE, 0xFF, 0xFF, 0xFF, 0xFE, 0xFF, 0xFF, 0xFF, 0xFE, 0x0E,
    0x00, 0x00, 0xE0, 0x0E, 0x00, 0x00, 0xE0, 0x0E, 0x00, 0x00, 0xE0, 0x0E, 0x00, 0x00, 0xE0, 0x0E,
    0x00, 0x00, 0xE0, 0x0E, 0x00, 0x1F, 0xE0, 0x0E, 0x00, 0x1F, 0xE0, 0x0E, 0x00, 0x1F, 0xC0, 0x00,
    0x00, 0x00, 0x00, 0xFF, 0xFF, 0xFF, 0xFF, 0xFF, 0xFF, 0xFF, 0xFF, 0xFF, 0xFF, 0xFF, 0xC1, 0x00,
    0x00, 0x7E, 0x1E, 0x00, 0x03, 0xF0, 0xF0, 0x00, 0x1F, 0x87, 0x00, 0x00, 0xE0, 0x3F, 0xFF, 0xE0,
    0x01, 0xFF, 0xFF, 0x80, 0x1F, 0xFF, 0xFC, 0x00, 0xF0, 0x00, 0x00, 0x07, 0x00, 0x00, 0x00, 0x38,
    0x00, 0x00, 0x01, 0xC0, 0x00, 0x00, 0x1F, 0xFF, 0xFF, 0x00, 0xFF, 0xFF, 0xF8, 0x07, 0xFF, 0xFF,
    0xC0, 0x00, 0x00, 0x1E, 0x00, 0x00, 0x00, 0xE0, 0x00, 0x00, 0x07, 0x07, 0xFF, 0xFF, 0x38, 0x3F,
    0xFF, 0xF9, 0xC1, 0xFF, 0xFF, 0xCE, 0x00, 0x00, 0x00, 0x70, 0x00, 0x00, 0x07, 0x80, 0x00, 0x00,
    0x38, 0x00, 0x00, 0x01, 0xC0, 0x00, 0x0F, 0xFE, 0x00, 0x00, 0x3F, 0xE0, 0x00, 0x01, 0xFF, 0x00,
    0x00, 0x00, 0x00, 0x00, 0x00, 0x00, 0x18, 0x00, 0x00, 0x00, 0x78, 0x00, 0x00, 0x00, 0xF0, 0x03,
    0x80, 0x01, 0xE0, 0x07, 0x80, 0x03, 0xC0, 0x0F, 0x80, 0x07, 0x80, 0x07, 0x80, 0x0F, 0x00, 0x07,
    0x9F, 0xFF, 0xFE, 0x07, 0x3F, 0xFF, 0xFC, 0x04, 0x7F, 0xFF, 0xF8, 0x00, 0xE0, 0xF0, 0x70, 0x01,
    0xC1, 0xE0, 0xE0, 0x03, 0x83, 0xC1, 0xC0, 0x07, 0x07, 0x83, 0x80, 0x0E, 0x0F, 0x07, 0x00, 0x1C,
    0x1E, 0x0E, 0x02, 0x38, 0x3C, 0x1C, 0x0F, 0x70, 0x78, 0x38, 0x1C, 0xFF, 0xFF, 0xF0, 0x79, 0xFF,
    0xFF, 0xE0, 0xE3, 0xFF, 0xFF, 0xC3, 0xC7, 0x07, 0x83, 0x87, 0x0E, 0x0F, 0x07, 0x1E, 0x00, 0x1E,
    0x00, 0x38, 0x00, 0x3C, 0x00, 0xF0, 0x00, 0x78, 0x03, 0xC0, 0x00, 0xF0, 0x07, 0x80, 0x01, 0xE0,
    0x06, 0x00, 0x03, 0xC0, 0x00, 0x00, 0x07, 0x80, 0x00, 0x00, 0x0F, 0x00, 0x00, 0x00, 0x1E, 0x00,
    0x00, 0x00, 0x18, 0x00, 0x00, 0x00, 0x00, 0x00, 0x00, 0x00, 0x70, 0x00, 0x80, 0x01, 0xE0, 0x07,
    0x80, 0x03, 0xC0, 0x07, 0x80, 0x0F, 0xC0, 0x07, 0x00, 0x3F, 0xC0, 0x0F, 0x00, 0xFB, 0xC0, 0x0F,
    0x01, 0xE3, 0xC0, 0x1E, 0x07, 0x83, 0xC0, 0x1E, 0x1E, 0x07, 0xC0, 0x30, 0xF8, 0x87, 0xC0, 0x03,
    0xE7, 0x87, 0xC0, 0x0F, 0x87, 0x87, 0xE0, 0x3E, 0x07, 0x87, 0xC0, 0x38, 0x07, 0x03, 0x00, 0x00,
    0x0C, 0x00, 0x00, 0x1F, 0xFF, 0xE0, 0x08, 0x3F, 0xFF, 0xE0, 0x3C, 0x7F, 0xFF, 0xC0, 0x70, 0x00,
    0x07, 0x00, 0xE0, 0x00, 0x1E, 0x03, 0xC0, 0x00, 0x78, 0x07, 0x00, 0x01, 0xE0, 0x1E, 0x01, 0x87,
    0x80, 0x3C, 0x07, 0x9F, 0x00, 0x70, 0x0F, 0xFC, 0x01, 0xE0, 0x07, 0xF0, 0x03, 0x80, 0x07, 0xC0,
    0x0F, 0x00, 0x07, 0xC0, 0x1E, 0x00, 0x03, 0xE0, 0x08, 0x00, 0x03, 0xC0, 0x00, 0x00, 0x03, 0x00,
    0x00, 0x00, 0x00, 0x00, 0x00, 0x07, 0x0C, 0x00, 0x40, 0x0E, 0x3C, 0x03, 0xC0, 0x1C, 0x38, 0x03,
    0xC0, 0x70, 0x78, 0x07, 0x80, 0xE0, 0x70, 0x07, 0x83, 0xC0, 0xE0, 0x07, 0x87, 0xFF, 0xFF, 0x0F,
    0x1F, 0xFF, 0xFE, 0x0F, 0x3F, 0xFF, 0xFC, 0x1C, 0xF8, 0x1C, 0x00, 0x03, 0xF0, 0x38, 0x00, 0x07,
    0xE0, 0x70, 0x00, 0x1F, 0xFF, 0xFF, 0x80, 0x7B, 0xFF, 0xFF, 0x80, 0xE7, 0xFF, 0xFF, 0x00, 0x8E,
    0x07, 0x00, 0x00, 0x1C, 0x0E, 0x00, 0x0C, 0x38, 0x1C, 0x00, 0x1C, 0x70, 0x38, 0x00, 0x78, 0xFF,
    0xFF, 0xC0, 0xE1, 0xFF, 0xFF, 0xC1, 0xC3, 0xFF, 0xFF, 0x87, 0x87, 0x03, 0x80, 0x0E, 0x0E, 0x07,
    0x00, 0x3C, 0x1C, 0x0E, 0x00, 0x70, 0x38, 0x1C, 0x01, 0xE0, 0x7F, 0xFF, 0xFB, 0xC0, 0xFF, 0xFF,
    0xFF, 0x01, 0xFF, 0xFF, 0xE6, 0x03, 0x80, 0x00, 0x00, 0x07, 0x00, 0x00, 0x00, 0x0C, 0x00, 0x00,
    0x00, 0x00, 0x00, 0x00, 0x00, 0x00, 0x38, 0x00, 0x20, 0x00, 0x38, 0x00, 0xF0, 0x00, 0x38, 0x00,
    0x78, 0x3F, 0xFF, 0xF0, 0x38, 0x3F, 0xFF, 0xF0, 0x3C, 0x00, 0x38, 0x00, 0x1E, 0x00, 0x38, 0x00,
    0x1E, 0x00, 0x38, 0x00, 0x0F, 0xFF, 0xFF, 0xFE, 0x0E, 0xFF, 0xFF, 0xFE, 0x00, 0x7F, 0xFF, 0xFC,
    0x00, 0x03, 0x83, 0x00, 0x00, 0x07, 0x87, 0xC0, 0x00, 0x1F, 0x03, 0xF0, 0x00, 0x3E, 0x40, 0xF8,
    0x00, 0xFC, 0xF0, 0x3C, 0x04, 0x71, 0xE0, 0x1C, 0x0E, 0x21, 0xC0, 0x00, 0x0E, 0x03, 0xFF, 0xF0,
    0x0E, 0x07, 0xFF, 0xE0, 0x1E, 0x1F, 0x01, 0xE0, 0x1C, 0x3F, 0x81, 0xC0, 0x1C, 0xFF, 0xC3, 0xC0,
    0x3C, 0xF1, 0xEF, 0x80, 0x38, 0x60, 0xFF, 0x00, 0x78, 0x00, 0x7E, 0x00, 0x70, 0x01, 0xFF, 0x00,
    0xF0, 0x0F, 0xFF, 0xE0, 0xE0, 0xFF, 0xC7, 0xFE, 0x21, 0xFF, 0x01, 0xFE, 0x00, 0xF8, 0x00, 0x3C,
    0x00, 0x00, 0x00, 0x00, 0x00, 0x00, 0x00, 0x00, 0x00, 0x00, 0x78, 0x00, 0x60, 0x00, 0x70, 0x00,
    0xF0, 0x00, 0x70, 0x00, 0x78, 0x7F, 0xFF, 0xFC, 0x78, 0x7F, 0xFF, 0xFC, 0x3C, 0x00, 0xF0, 0x00,
    0x1C, 0x00, 0xE0, 0x00, 0x1E, 0x00, 0xE0, 0x00, 0x0E, 0x3F, 0xFF, 0xF8, 0x0F, 0x3F, 0xFF, 0xF8,
    0x04, 0x01, 0xC0, 0x00, 0x00, 0x03, 0xC0, 0x00, 0x00, 0xFF, 0xFF, 0xFE, 0x00, 0xFF, 0xFF, 0xFE,
    0x00, 0x0F, 0x07, 0xC0, 0x00, 0x1E, 0x03, 0xC0, 0x00, 0x3E, 0x01, 0xF0, 0x06, 0x7F, 0xFF, 0xFC,
    0x0F, 0xFB, 0xFF, 0x7E, 0x0E, 0xE0, 0x78, 0x1E, 0x1E, 0x40, 0x70, 0x04, 0x1E, 0x00, 0x70, 0x00,
    0x1C, 0x3F, 0xFF, 0xF8, 0x3C, 0x3F, 0xFF, 0xF8, 0x3C, 0x01, 0xE8, 0x00, 0x78, 0x03, 0xDE, 0x00,
    0x78, 0x07, 0xDF, 0xC0, 0xF0, 0x1F, 0x87, 0xF0, 0xF0, 0x7F, 0x01, 0xFC, 0x20, 0xFC, 0x00, 0x7C,
    0x00, 0x70, 0x00, 0x18, 0x00, 0x40, 0x00, 0x00, 0x00, 0x78, 0x00, 0x7C, 0x00, 0x38, 0xFF, 0xFF,
    0x00, 0x3F, 0xFF, 0xFE, 0x00, 0x3D, 0xFF, 0xC0, 0x00, 0x1C, 0x00, 0xE0, 0x00, 0x1E, 0x00, 0x70,
    0x00, 0x1F, 0x00, 0x38, 0x00, 0x1F, 0xBF, 0xFF, 0xFE, 0x1F, 0xDF, 0xFF, 0xFF, 0x9F, 0xEF, 0xFF,
    0xFF, 0xCE, 0xF0, 0x03, 0x80, 0x02, 0x78, 0x01, 0xC0, 0x00, 0x3C, 0x00, 0xE0, 0x00, 0x1E, 0x00,
    0x70, 0x00, 0x0F, 0x3F, 0xFF, 0xFC, 0x07, 0x9F, 0xFF, 0xFE, 0x03, 0xC0, 0x00, 0x00, 0x00, 0x00,
    0x00, 0x00, 0x00, 0x0F, 0xFF, 0xE0, 0x00, 0x0F, 0xFF, 0xF8, 0x00, 0x07, 0xFF, 0xFC, 0x00, 0x03,
    0xC0, 0x1E, 0x00, 0x01, 0xE0, 0x0F, 0x00, 0x00, 0xE0, 0x07, 0x80, 0x00, 0x70, 0x03, 0xC1, 0x80,
    0x78, 0x01, 0xE0, 0xE0, 0x78, 0x00, 0xF0, 0x70, 0xF8, 0x00, 0x78, 0x73, 0xF8, 0x00, 0x1F, 0xF8,
    0xF8, 0x00, 0x0F, 0xFC, 0x70, 0x00, 0x01, 0xF8, 0x00, 0x00, 0x00, 0x00, 0x01, 0xC0, 0x00, 0x00,
    0x38, 0x00, 0x00, 0x07, 0x00, 0xC3, 0x80, 0xE0, 0x3C, 0x70, 0x1C, 0x07, 0x8E, 0x03, 0x80, 0xF1,
    0xC0, 0x70, 0x1E, 0x38, 0x0E, 0x03, 0xC7, 0x01, 0xC0, 0x78, 0xE0, 0x38, 0x0F, 0x1C, 0x07, 0x01,
    0xE3, 0x80, 0xE0, 0x3C, 0x7F, 0xFF, 0xFF, 0x8F, 0xFF, 0xFF, 0xF1, 0xFF, 0xFF, 0xFE, 0x00, 0x0E,
    0x00, 0x1C, 0x01, 0xC0, 0x1F, 0xC0, 0x38, 0x03, 0xF8, 0x07, 0x00, 0x7F, 0x00, 0xE0, 0x0F, 0xE0,
    0x1C, 0x01, 0xFC, 0x03, 0x80, 0x3F, 0x80, 0x70, 0x07, 0xF0, 0x0E, 0x00, 0xFE, 0x01, 0xC0, 0x1F,
    0xC0, 0x38, 0x03, 0xFF, 0xFF, 0xFF, 0xFF, 0xFF, 0xFF, 0xFF, 0xFF, 0xFF, 0xFF, 0xC0, 0x00, 0x00,
    0x38, 0x00, 0x00, 0x07, 0x00, 0x00, 0x00, 0x00, 0x00, 0x00, 0x00, 0x00, 0x00, 0x1C, 0x00, 0x00,
    0x00, 0x70, 0x00, 0x00, 0x01, 0xC0, 0x00, 0x00, 0x07, 0x00, 0x00, 0x00, 0x1C, 0x00, 0x03, 0xFF,
    0xFF, 0xFE, 0x0F, 0xFF, 0xFF, 0xF8, 0x3F, 0xFF, 0xFF, 0xE0, 0x00, 0x1C, 0x00, 0x00, 0x00, 0x70,
    0x00, 0x00, 0x01, 0xC0, 0x00, 0x00, 0x07, 0x00, 0x00, 0x00, 0x1C, 0x00, 0x0F, 0xFF, 0xFF, 0xFF,
    0xFF, 0xFF, 0xFF, 0xFF, 0xFF, 0xFF, 0xFF, 0xF8, 0x00, 0x1C, 0x00, 0x00, 0x00, 0x70, 0x00, 0x07,
    0x01, 0xC0, 0x78, 0x1C, 0x07, 0x01, 0xE0, 0x70, 0x1C, 0x07, 0x81, 0xC0, 0x70, 0x1E, 0x07, 0x01,
    0xC0, 0x78, 0x1C, 0x07, 0x01, 0xE0, 0x70, 0x1C, 0x07, 0x81, 0xC0, 0x70, 0x1E, 0x07, 0xFF, 0xFF,
    0xF8, 0x1F, 0xFF, 0xFF, 0xE0, 0x7F, 0xFF, 0xFF, 0x80, 0x00, 0x00, 0x1E, 0x00, 0x00, 0x00, 0x78,
    0x00, 0x00, 0x00, 0x00, 0x00, 0x60, 0x0C, 0x00, 0x00, 0x78, 0x1C, 0x00, 0x00, 0x70, 0x1E, 0x00,
    0x00, 0xF0, 0x0E, 0x00, 0x00, 0xE0, 0x0F, 0x00, 0x01, 0xE0, 0x07, 0x80, 0x03, 0xC0, 0x03, 0xC0,
    0x03, 0xC0, 0x03, 0xC0, 0x07, 0x80, 0x01, 0xE0, 0x0F, 0x00, 0x00, 0xF0, 0x1F, 0x00, 0x00, 0xF8,
    0x3E, 0x00, 0x00, 0x7C, 0x7F, 0xFF, 0xFF, 0xFE, 0xFF, 0xFF, 0xFF, 0xDE, 0x77, 0xFF, 0xFF, 0xCC,
    0x00, 0x1E, 0x01, 0xC0, 0x00, 0x1C, 0x01, 0xC0, 0x00, 0x1C, 0x01, 0xC0, 0x00, 0x1C, 0x01, 0xC0,
    0x00, 0x3C, 0x01, 0xC0, 0x00, 0x3C, 0x01, 0xC0, 0x00, 0x38, 0x01, 0xC0, 0x00, 0x78, 0x01, 0xC0,
    0x00, 0x70, 0x03, 0xC0, 0x00, 0xF0, 0x03, 0xC0, 0x01, 0xE0, 0x03, 0xC0, 0x03, 0xC0, 0x03, 0x80,
    0x0F, 0xC0, 0x03, 0x80, 0x3F, 0x81, 0xFF, 0x80, 0x7E, 0x01, 0xFF, 0x80, 0x3C, 0x00, 0xFF, 0x00,
    0x20, 0x00, 0x00, 0x00, 0x07, 0x00, 0x00, 0x00, 0x07, 0x00, 0x00, 0x00, 0x07, 0x03, 0xFF, 0xFF,
    0x07, 0x03, 0xFF, 0xFF, 0x07, 0x03, 0xFF, 0xFF, 0x07, 0x00, 0x1C, 0x0F, 0x07, 0x00, 0x1C, 0x0F,
    0x07, 0x7E, 0x1C, 0x0F, 0x0F, 0xFE, 0x1C, 0x0F, 0x7F, 0xFC, 0x1C, 0x0E, 0x7F, 0xC0, 0x1C, 0x0E,
    0x7F, 0x00, 0x1C, 0x0E, 0x07, 0x00, 0x1C, 0x0E, 0x07, 0x00, 0x3C, 0x0E, 0x07, 0x00, 0x3C, 0x0E,
    0x07, 0x00, 0x38, 0x0E, 0x07, 0x00, 0x38, 0x0E, 0x07, 0x00, 0x38, 0x0E, 0x07, 0x0E, 0x78, 0x0E,
    0x07, 0x3E, 0x70, 0x0E, 0x07, 0xFE, 0x70, 0x0E, 0x07, 0xF0, 0xF0, 0x0E, 0x0F, 0xC1, 0xE0, 0x1E,
    0x0F, 0x01, 0xE0, 0x1E, 0x0C, 0x03, 0xC0, 0x1E, 0x00, 0x07, 0xC0, 0x1C, 0x00, 0x0F, 0x84, 0x3C,
    0x00, 0x3F, 0x07, 0xFC, 0x00, 0x1E, 0x07, 0xF8, 0x00, 0x18, 0x03, 0xE0, 0x00, 0x00, 0x00, 0x00,
    0x1C, 0x00, 0x00, 0x70, 0x77, 0x80, 0x01, 0xC1, 0xDF, 0x00, 0x07, 0x07, 0x3E, 0x0E, 0x1C, 0x1C,
    0x3C, 0x38, 0x70, 0x70, 0xF0, 0xE1, 0xC1, 0xC1, 0x83, 0x87, 0x07, 0x00, 0x0E, 0x1C, 0x1D, 0xFF,
    0xB8, 0x77, 0xFF, 0xFE, 0xE1, 0xFF, 0xFF, 0xFB, 0x87, 0xFF, 0xE0, 0x0E, 0x1F, 0x8E, 0x0E, 0x38,
    0x70, 0x38, 0x78, 0xE1, 0xC0, 0xE1, 0xC3, 0x87, 0x03, 0x8F, 0x0E, 0x1C, 0x0F, 0x38, 0x38, 0x70,
    0x3D, 0xE0, 0xE1, 0xC0, 0x77, 0x03, 0x87, 0x01, 0xFC, 0x0E, 0x1C, 0x07, 0xE0, 0x38, 0x70, 0x0F,
    0x00, 0xE1, 0xC0, 0x7C, 0x01, 0x87, 0x03, 0xF0, 0xC0, 0x1C, 0x1F, 0xC3, 0x80, 0x70, 0xFF, 0x0E,
    0x01, 0xCF, 0xDE, 0x38, 0x07, 0x7E, 0x3C, 0xE0, 0x1F, 0xE0, 0x7F, 0x1F, 0xF7, 0x01, 0xFC, 0x3F,
    0x80, 0x01, 0xE0, 0xFE, 0x00, 0x00, 0x00, 0x00, 0x00, 0x70, 0x00, 0x1C, 0x01, 0xE0, 0x00, 0x38,
    0x03, 0xC0, 0x00, 0x70, 0x0F, 0xC0, 0x70, 0xE0, 0x3F, 0xC0, 0xE1, 0xC0, 0x73, 0xC1, 0xC3, 0x81,
    0xE3, 0x83, 0x87, 0x07, 0x87, 0x87, 0x0E, 0x1E, 0x07, 0x8E, 0x1C, 0x7C, 0x07, 0x9C, 0x39, 0xF0,
    0x07, 0xB8, 0x77, 0xC0, 0x07, 0x70, 0xEF, 0xFF, 0xFC, 0xE1, 0xCB, 0xFF, 0xE1, 0xC3, 0x87, 0xFF,
    0xC3, 0x87, 0x0F, 0x03, 0x87, 0x0E, 0x1E, 0x07, 0x0E, 0x1C, 0x3C, 0x0E, 0x1C, 0x38, 0x78, 0x1C,
    0x38, 0x70, 0xF0, 0x78, 0x70, 0xE1, 0xE0, 0xE0, 0xE1, 0xC3, 0xDF, 0xC1, 0xC3, 0x87, 0x9F, 0x83,
    0x87, 0x0F, 0x00, 0x40, 0x0E, 0x1E, 0x00, 0xC0, 0x1C, 0x3C, 0x03, 0x80, 0x38, 0x78, 0x07, 0x00,
    0x70, 0xF0, 0x0E, 0x00, 0xE0, 0xFF, 0xFC, 0x7F, 0xC1, 0xFF, 0xF8, 0xFF, 0x03, 0xFF, 0xE1, 0xFE,
    0x00, 0x00, 0x00, 0x00, 0x00, 0x00, 0x00, 0x00, 0x38, 0x00, 0x00, 0x00, 0xF0, 0x00, 0x00, 0x01,
    0xE1, 0xFF, 0xFF, 0x03, 0x8F, 0xFF, 0xFC, 0x0E, 0x3F, 0xFF, 0xF0, 0x10, 0x03, 0x81, 0xFF, 0xFC,
    0x0E, 0x07, 0xFF, 0xF0, 0x38, 0x1D, 0xFF, 0xC0, 0xE0, 0x70, 0x0F, 0x03, 0x81, 0xC0, 0x38, 0x0E,
    0x07, 0x01, 0xE0, 0x78, 0x1C, 0x0F, 0x21, 0xE0, 0x70, 0x39, 0xC7, 0x81, 0xC1, 0xEF, 0x1C, 0x07,
    0x0F, 0xF8, 0x70, 0x1C, 0x7F, 0xC1, 0xC0, 0xF3, 0xFE, 0x07, 0x03, 0xDF, 0xFC, 0x3C, 0x0F, 0xFF,
    0xF8, 0xE0, 0x3F, 0xDE, 0xE3, 0x80, 0xE6, 0x79, 0x8E, 0x03, 0x81, 0xE0, 0x78, 0x0E, 0x07, 0x81,
    0xC0, 0x38, 0x1E, 0x0F, 0x00, 0xE0, 0x78, 0x38, 0x03, 0x81, 0xE1, 0xE0, 0x0E, 0x07, 0x8F, 0x00,
    0x78, 0x1E, 0x78, 0x7F, 0xC0, 0x7B, 0xE1, 0xFF, 0x01, 0xE7, 0x03, 0xF8, 0x03, 0x00, 0x00, 0x00,
    0x00, 0x00, 0x00, 0x1C, 0xFF, 0x3F, 0xC0, 0x73, 0xFC, 0xFF, 0x01, 0xCF, 0xF3, 0xFC, 0xE7, 0x39,
    0xCE, 0x73, 0x9C, 0xE7, 0x39, 0xCE, 0x73, 0x9C, 0xE7, 0x39, 0xCE, 0x73, 0x9C, 0xE7, 0x39, 0xCE,
    0x73, 0x9C, 0xE7, 0x39, 0xCE, 0x73, 0x9C, 0xE7, 0x39, 0xCE, 0x73, 0x9C, 0xE7, 0x39, 0xCE, 0x73,
    0x9F, 0xFF, 0xFF, 0xFE, 0x7F, 0xFF, 0xFF, 0xF9, 0xFF, 0xFF, 0xFE, 0xE7, 0x39, 0xCE, 0x73, 0x9C,
    0xE7, 0x39, 0xCE, 0x73, 0x9C, 0xE7, 0x39, 0xCE, 0x73, 0x9C, 0xE7, 0x39, 0xCE, 0x73, 0x9C, 0xE7,
    0x31, 0xCE, 0x73, 0x9C, 0xC7, 0x39, 0xCE, 0x77, 0x1C, 0x07, 0x39, 0xDC, 0x70, 0x1C, 0xC7, 0x71,
    0xC0, 0x77, 0x1D, 0xC7, 0x01, 0xDC, 0x77, 0x1C, 0x07, 0x77, 0xF9, 0xF0, 0x1F, 0x9F, 0xEF, 0xC7,
    0xFE, 0x7B, 0xBE, 0x0F, 0x80, 0x00, 0x00, 0x38, 0x00, 0x00, 0x00, 0x38, 0x00, 0x00, 0x01, 0xFF,
    0xFF, 0xF0, 0x0F, 0xFF, 0xFF, 0xB8, 0x7F, 0xFF, 0xF9, 0xC3, 0x83, 0x84, 0x0E, 0x1C, 0x3C, 0xF0,
    0x70, 0xE1, 0xC3, 0x83, 0x87, 0x1C, 0x0E, 0x1C, 0x39, 0xE0, 0x78, 0xE1, 0xDF, 0xFF, 0xE7, 0x0E,
    0xFF, 0xFF, 0x38, 0x77, 0xFF, 0xBD, 0xC3, 0x98, 0x00, 0xCE, 0x1C, 0x07, 0x80, 0x70, 0xE0, 0x3C,
    0x03, 0x87, 0x01, 0xE0, 0x1C, 0x3B, 0xFF, 0xFC, 0xE1, 0xDF, 0xFF, 0xE7, 0x0E, 0xFF, 0xFF, 0x38,
    0x70, 0x1E, 0x01, 0xC3, 0x80, 0xF0, 0x0E, 0x1C, 0x07, 0x80, 0x70, 0xE0, 0x3C, 0x03, 0x87, 0x01,
    0xE7, 0xC0, 0x38, 0x0F, 0xFE, 0x01, 0xDF, 0xFF, 0xE0, 0x0F, 0xFF, 0xF0, 0x00, 0xFF, 0xF0, 0x00,
    0x7F, 0xF0, 0x00, 0x03, 0xF8, 0x00, 0x00, 0x1F, 0x00, 0x00, 0x00, 0x00, 0x00, 0x23, 0x80, 0x00,
    0x71, 0xCE, 0x00, 0x01, 0xC7, 0x38, 0x00, 0x07, 0x1C, 0xE0, 0x07, 0x1C, 0xFF, 0xFF, 0x1C, 0x73,
    0xFF, 0xFC, 0x71, 0xCF, 0xFF, 0xF1, 0xC7, 0x70, 0xE0, 0x07, 0x1D, 0xC3, 0x80, 0x1C, 0x7F, 0x0E,
    0x00, 0x71, 0xFF, 0xFF, 0xF9, 0xC7, 0xFF, 0xFF, 0xE7, 0x1F, 0xFF, 0xFF, 0x9C, 0x70, 0x0E, 0x00,
    0x71, 0xC0, 0x38, 0x01, 0xC7, 0x00, 0xE0, 0x07, 0x1C, 0xFF, 0xFF, 0x1C, 0x73, 0xFF, 0xFC, 0x71,
    0xCF, 0xFF, 0xF1, 0xC7, 0x38, 0xE1, 0xC7, 0x1C, 0xE3, 0x87, 0x1C, 0x73, 0x8E, 0x1C, 0x71, 0xCE,
    0x38, 0x70, 0x07, 0x38, 0xE1, 0xC0, 0x1C, 0xE3, 0x87, 0x00, 0x73, 0x8E, 0x1C, 0x01, 0xCE, 0x3B,
    0xF0, 0x07, 0x38, 0xEF, 0xC0, 0x1C, 0x03, 0x98, 0x0F, 0xF0, 0x0E, 0x00, 0x3F, 0xC0, 0x38, 0x00,
    0x7E, 0x00, 0x00, 0x00, 0x00, 0x00, 0x00, 0x00, 0x0E, 0x1F, 0xFF, 0xC0, 0x1C, 0x7F, 0xFF, 0x80,
    0x38, 0xFF, 0xFF, 0x38, 0x71, 0xC0, 0x0E, 0x70, 0xE3, 0x80, 0x1C, 0xE1, 0xC7, 0x00, 0x39, 0xC3,
    0x8E, 0x00, 0x73, 0x87, 0x1F, 0xFF, 0xE7, 0x0E, 0x3F, 0xFF, 0xCE, 0x1C, 0x7F, 0xFF, 0x9C, 0x38,
    0xE0, 0xE0, 0x38, 0x71, 0xC1, 0xC0, 0x70, 0xE3, 0x83, 0x80, 0xE1, 0xC7, 0xFF, 0xFD, 0xC3, 0x8F,
    0xFF, 0xFB, 0x87, 0x1F, 0xFF, 0xF7, 0x0E, 0x3F, 0x38, 0xEE, 0x1C, 0x7E, 0x71, 0xDC, 0x38, 0xFC,
    0xE3, 0xB8, 0x71, 0xF9, 0xC7, 0x70, 0xE3, 0xF3, 0x8E, 0xE1, 0xC7, 0xE7, 0x1D, 0xC3, 0x9D, 0xCE,
    0x38, 0x07, 0x3B, 0x9C, 0x70, 0x0E, 0x77, 0x3F, 0xC0, 0x1C, 0xEE, 0x7F, 0x80, 0x3B, 0x98, 0xE0,
    0x00, 0x77, 0x01, 0xC0, 0x1F, 0xEE, 0x03, 0x80, 0x3F, 0xC0, 0x07, 0x00, 0x7F, 0x00, 0x00, 0x40,
    0x00, 0x00, 0x07, 0x80, 0x00, 0x70, 0x0E, 0x00, 0x01, 0xC0, 0x3C, 0x00, 0x07, 0x00, 0x70, 0x00,
    0x1F, 0xFF, 0xFF, 0x9C, 0x7F, 0xFF, 0xFE, 0x71, 0xDF, 0xFF, 0xF9, 0xC7, 0x03, 0xC0, 0x07, 0x1C,
    0x1E, 0x00, 0x1C, 0x70, 0x70, 0x78, 0x71, 0xC3, 0x81, 0xC1, 0xC7, 0x1E, 0x0F, 0x07, 0x1C, 0xFF,
    0xF8, 0x1C, 0x73, 0xFF, 0xC0, 0x71, 0xCF, 0xFF, 0x01, 0xC7, 0x00, 0xF8, 0xE7, 0x1C, 0x07, 0xC7,
    0x9C, 0x70, 0x3E, 0x3C, 0x71, 0xC1, 0xF0, 0xF1, 0xC7, 0x0F, 0x87, 0x87, 0x1C, 0xFC, 0x3C, 0x1C,
    0x77, 0xC1, 0xE0, 0x71, 0xCE, 0x0F, 0x81, 0xC7, 0x00, 0x7E, 0x00, 0x1C, 0x03, 0xFE, 0x00, 0x70,
    0x3E, 0x7C, 0x01, 0xC1, 0xF0, 0xF8, 0x07, 0x1F, 0x81, 0xE0, 0x1D, 0xFC, 0x03, 0x8F, 0xF7, 0xC0,
    0x04, 0x3F, 0xCC, 0x00, 0x00, 0xFE, 0x00, 0x00, 0x00, 0x00, 0x00, 0x00, 0x01, 0x00, 0x07, 0x00,
    0x07, 0x80, 0x0F, 0x00, 0x0F, 0x00, 0x0F, 0x00, 0x3C, 0x00, 0x0E, 0x00, 0x70, 0x00, 0x1E, 0x01,
    0xE0, 0x3F, 0xFF, 0xFF, 0xFF, 0xFF, 0xFF, 0xFF, 0xFF, 0x7F, 0xFF, 0xFF, 0xFE, 0x00, 0x00, 0x00,
    0x00, 0x00, 0x00, 0x00, 0x00, 0x00, 0x00, 0x01, 0xC3, 0xFF, 0xE1, 0xC3, 0x87, 0xFF, 0xC3, 0x87,
    0x0F, 0x03, 0x87, 0x0E, 0x1E, 0x07, 0x0E, 0x1C, 0x3C, 0x0E, 0x1C, 0x38, 0x7F, 0xFC, 0x38, 0x70,
    0xFF, 0xF8, 0x70, 0xE1, 0xE0, 0x70, 0xE1, 0xC3, 0xC0, 0xE1, 0xC3, 0x87, 0x81, 0xC3, 0x87, 0x0F,
    0x03, 0x87, 0x0E, 0x1F, 0xFF, 0x0E, 0x1C, 0x3F, 0xFE, 0x1C, 0x38, 0x78, 0x1C, 0x38, 0x70, 0xF0,
    0x38, 0x60, 0xE1, 0xE0, 0x70, 0x01, 0xC3, 0xC0, 0xE0, 0x03, 0x87, 0x9F, 0xC0, 0xFF, 0x0F, 0x3F,
    0x81, 0xFC, 0x1E, 0x3E, 0x03, 0xF8, 0x00, 0x00, 0x00, 0x00, 0x00, 0x80, 0x02, 0x00, 0x03, 0x80,
    0x0E, 0x00, 0x07, 0x80, 0x3C, 0x00, 0x07, 0x00, 0x70, 0x07, 0xFF, 0xFF, 0xFF, 0xEF, 0xFF, 0xFF,
    0xFF, 0xC0, 0x00, 0x00, 0x00, 0x00, 0x00, 0x00, 0x38, 0x1F, 0xFE, 0x18, 0x70, 0x3F, 0xFC, 0x70,
    0xE0, 0x70, 0x18, 0xE1, 0xC0, 0xE0, 0x31, 0xC3, 0x81, 0xFF, 0xE3, 0x87, 0x03, 0xFF, 0xC7, 0x0E,
    0x07, 0x01, 0x8E, 0x1C, 0x0F, 0xFF, 0x1C, 0x38, 0x1F, 0xFE, 0x38, 0x70, 0x38, 0x0C, 0x00, 0xE0,
    0x70, 0xF8, 0x0F, 0xC0, 0xE1, 0xF0, 0x1F, 0x00, 0x00, 0x00, 0x00, 0x00, 0x00, 0x00, 0x00, 0x1F,
    0xFF, 0xFF, 0xFE, 0x3F, 0xFF, 0xFF, 0xF8, 0x00, 0x0E, 0x00, 0x70, 0x00, 0x3C, 0x00, 0xE0, 0x00,
    0x70, 0x01, 0xC0, 0x03, 0xE0, 0x03, 0x80, 0x1F, 0x80, 0x0F, 0x03, 0xFE, 0x04, 0x1C, 0x1F, 0xF0,
    0x0F, 0xF8, 0x3F, 0x00, 0x1F, 0xE0, 0x20, 0x00, 0x00, 0x00, 0x00, 0x60, 0x00, 0x00, 0x03, 0x80,
    0x00, 0x70, 0x0E, 0x00, 0x01, 0xCF, 0xFF, 0xF0, 0x07, 0x3F, 0xFF, 0xC6, 0x1C, 0x03, 0x87, 0x1C,
    0x7F, 0xFF, 0xFF, 0x71, 0xFF, 0xFF, 0xFD, 0xC7, 0x00, 0xE1, 0xC7, 0x1C, 0x03, 0x87, 0x1C, 0x73,
    0xFF, 0xFC, 0x71, 0xCF, 0xFF, 0xF1, 0xC7, 0x00, 0xE0, 0x07, 0x1C, 0xFF, 0xFF, 0x1C, 0x73, 0xFF,
    0xFC, 0x71, 0xC0, 0x38, 0x01, 0xC7, 0xFF, 0xFF, 0xF7, 0x1F, 0xFF, 0xFF, 0xDC, 0x70, 0x00, 0x00,
    0x71, 0xCF, 0xFF, 0xF1, 0xC7, 0x3F, 0xFF, 0xC7, 0x1C, 0xE1, 0x87, 0x1C, 0x73, 0xFF, 0xFC, 0x71,
    0xCF, 0xFF, 0xF1, 0xC7, 0x38, 0x61, 0xC0, 0x1C, 0xFF, 0xFF, 0x00, 0x73, 0xFF, 0xFC, 0x01, 0xC0,
    0x00, 0x00, 0x07, 0x3F, 0xFF, 0xF0, 0x1F, 0xFF, 0xFF, 0xCF, 0xFF, 0xFF, 0xF8, 0x3F, 0xC0, 0x00,
    0x00, 0x7E, 0x00, 0x00, 0x00, 0x00, 0x00, 0x3C, 0x00, 0x00, 0x00, 0xF0, 0x00, 0x00, 0x03, 0xC0,
    0x00, 0x00, 0x0F, 0x00, 0x00, 0x00, 0x3C, 0x00, 0x00, 0x00, 0xF0, 0x00, 0x00, 0x03, 0xC0, 0x00,
    0x7F, 0xFF, 0xFF, 0xF9, 0xFF, 0xFF, 0xFF, 0xF7, 0xFF, 0xFF, 0xFF, 0x80, 0x03, 0x80, 0x0E, 0x00,
    0x0E, 0x00, 0x38, 0x00, 0x38, 0x00, 0xE0, 0x00, 0xE0, 0x03, 0x80, 0x07, 0x80, 0x0E, 0x00, 0x1E,
    0x00, 0x38, 0x00, 0x70, 0x00, 0xE0, 0x01, 0xC0, 0x03, 0x80, 0x0F, 0x00, 0x0E, 0x00, 0x38, 0x00,
    0x78, 0x01, 0xE0, 0x01, 0xE0, 0x07, 0x80, 0x07, 0x80, 0x3C, 0x00, 0x1C, 0x01, 0xE0, 0x00, 0x70,
    0x0F, 0x80, 0x01, 0xC0, 0x7C, 0x00, 0x07, 0x03, 0xE0, 0x00, 0x3C, 0x1F, 0x00, 0x00, 0xF0, 0xF8,
    0x01, 0xFF, 0x87, 0xC0, 0x07, 0xFE, 0x1E, 0x00, 0x0F, 0xF0, 0x20, 0x00, 0x00, 0x00, 0x00, 0x00,
    0x1C, 0x00, 0x00, 0x00, 0x38, 0x00, 0x00, 0x00, 0x70, 0x00, 0x00, 0x01, 0xE0, 0x0F, 0xFF, 0x83,
    0xC0, 0x1F, 0xFF, 0x07, 0x80, 0x3F, 0xFE, 0x0F, 0x00, 0x03, 0x83, 0xFF, 0xFE, 0x07, 0x07, 0xFF,
    0xFE, 0x0E, 0x0F, 0xFF, 0xFC, 0x1C, 0x00, 0xE0, 0x78, 0x38, 0x01, 0xC0, 0xF0, 0x70, 0x03, 0x81,
    0xE0, 0xE0, 0x07, 0x03, 0x81, 0xC0, 0x0E, 0x07, 0x03, 0x80, 0x1C, 0x0E, 0x07, 0x00, 0x38, 0x1C,
    0x0E, 0x00, 0xF0, 0x38, 0x1C, 0x01, 0xC0, 0x70, 0x39, 0xE3, 0x80, 0xE0, 0x7F, 0xCF, 0x01, 0xC7,
    0xFF, 0x9C, 0x03, 0xBF, 0xF8, 0x78, 0x07, 0x7F, 0x80, 0xF0, 0x0E, 0xF0, 0x03, 0xC0, 0x3C, 0x00,
    0x07, 0x80, 0x78, 0x00, 0x1E, 0x00, 0xE0, 0x00, 0xF8, 0x01, 0xC0, 0x03, 0xE0, 0xFF, 0x80, 0x0F,
    0x81, 0xFF, 0x00, 0x0E, 0x03, 0xFC, 0x00, 0x00, 0x00, 0x00, 0x03, 0x80, 0x00, 0x00, 0x07, 0x00,
    0x00, 0x00, 0x0E, 0x00, 0x00, 0x00, 0x1C, 0x00, 0x00, 0x00, 0x38, 0x01, 0xFF, 0xE0, 0x70, 0x03,
    0xFF, 0xCF, 0xFF, 0xE7, 0xFF, 0xBF, 0xFF, 0xCE, 0x07, 0x7F, 0xFF, 0x9C, 0x0E, 0x07, 0x07, 0x38,
    0x1C, 0x0E, 0x1E, 0x70, 0x38, 0x1C, 0x3C, 0xE0, 0x70, 0x38, 0x79, 0xC0, 0xE0, 0x70, 0xF3, 0x81,
    0xC0, 0xE1, 0xE7, 0x03, 0x81, 0xC3, 0xCE, 0x07, 0x07, 0x87, 0x9C, 0x0E, 0x0E, 0x0E, 0x38, 0x1C,
    0x1C, 0x1C, 0x70, 0x38, 0x38, 0x38, 0xE0, 0x70, 0x70, 0x71, 0xC0, 0xE1, 0xE0, 0xE3, 0x81, 0xC3,
    0x81, 0xC7, 0x03, 0x87, 0x03, 0x8E, 0x07, 0x1E, 0x07, 0x1C, 0x0E, 0x38, 0x0E, 0x3F, 0xFC, 0x70,
    0x1C, 0x7F, 0xF9, 0xE0, 0x78, 0xFF, 0xF7, 0x8F, 0xE1, 0xC0, 0xEF, 0x1F, 0xC3, 0x81, 0xCC, 0x3E,
    0x07, 0x03, 0x80, 0x00, 0x00, 0x00, 0x00, 0x00, 0x00, 0x00, 0x00, 0x1C, 0x00, 0x00, 0x00, 0x3C,
    0x00, 0x00, 0x00, 0x78, 0x00, 0x00, 0x00, 0xFF, 0xFF, 0xF0, 0x01, 0xFF, 0xFF, 0xF0, 0x03, 0xFF,
    0xFF, 0xE0, 0x07, 0xE0, 0x03, 0xC0, 0x1F, 0xF0, 0x07, 0x80, 0x3E, 0x78, 0x1F, 0x00, 0x3C, 0x3E,
    0x7E, 0x00, 0x10, 0x1F, 0xF8, 0x00, 0x00, 0x0F, 0xF0, 0x00, 0x00, 0xFF, 0xFF, 0x00, 0x1F, 0xFF,
    0xFF, 0xFE, 0xFF, 0xF8, 0x1F, 0xFE, 0x7F, 0x83, 0x01, 0xFC, 0x60, 0x07, 0x80, 0x00, 0x00, 0x07,
    0x00, 0x00, 0x1F, 0xFF, 0xFF, 0xF0, 0x1F, 0xFF, 0xFF, 0xF0, 0x1F, 0xFF, 0xFF, 0xF0, 0x00, 0x0E,
    0x00, 0x70, 0x00, 0x1E, 0x00, 0x70, 0x00, 0x1C, 0x00, 0x70, 0x00, 0x3C, 0x00, 0xF0, 0x00, 0x78,
    0x00, 0xE0, 0x01, 0xF0, 0x00, 0xE0, 0x07, 0xE0, 0x00, 0xE0, 0x3F, 0xC0, 0x61, 0xE0, 0x7F, 0x00,
    0x7F, 0xC0, 0x7C, 0x00, 0x7F, 0x80, 0x20, 0x00, 0x00, 0x00, 0x00, 0x00, 0x0E, 0x00, 0x00, 0x00,
    0x1E, 0x00, 0xFF, 0xF8, 0x3C, 0x01, 0xFF, 0xF0, 0x78, 0x03, 0xFF, 0xE0, 0xF0, 0x00, 0x00, 0x01,
    0xE0, 0x00, 0x00, 0x03, 0xC0, 0x00, 0x00, 0x7F, 0xFF, 0x00, 0x00, 0xFF, 0xFE, 0x00, 0x01, 0xFF,
    0xFD, 0xFF, 0xFC, 0x38, 0x3F, 0xFF, 0xF8, 0x70, 0x7F, 0xFF, 0xF0, 0xE0, 0xE0, 0xE0, 0x01, 0xC3,
    0xC1, 0xC0, 0x03, 0x87, 0x87, 0x80, 0x07, 0x0F, 0x0E, 0x38, 0x1E, 0x1E, 0x1C, 0x38, 0x3C, 0x3C,
    0x38, 0x70, 0x70, 0x70, 0xE0, 0xE0, 0xE0, 0xE1, 0xC0, 0xE1, 0xC1, 0xC7, 0x83, 0xC7, 0x83, 0x8E,
    0x7F, 0xCE, 0x07, 0x1F, 0xFF, 0xBC, 0x0E, 0x7F, 0xF7, 0x78, 0x1C, 0xFC, 0x0E, 0xE0, 0x38, 0x80,
    0x03, 0xC0, 0xF0, 0x00, 0x0F, 0x21, 0xC0, 0x00, 0x3E, 0x7F, 0x80, 0x00, 0x78, 0xFE, 0x00, 0x00,
    0x61, 0xF8, 0x00, 0x01, 0x00, 0x00, 0x00, 0x01, 0xC0, 0x00, 0x00, 0x03, 0xC0, 0x00, 0x00, 0x03,
    0x80, 0xFF, 0xFC, 0x7F, 0xFE, 0xFF, 0xFC, 0xFF, 0xFF, 0x7F, 0xFC, 0xFF, 0xFF, 0x70, 0x38, 0x0F,
    0x0E, 0x38, 0x38, 0x0E, 0x0E, 0x38, 0x70, 0x1E, 0x1C, 0x1C, 0xF0, 0x3E, 0x1C, 0x1E, 0xE0, 0x1F,
    0xB8, 0x0F, 0xE0, 0x07, 0xF8, 0x07, 0xC0, 0x01, 0xF8, 0x0F, 0xC0, 0x03, 0xFC, 0x3F, 0xF0, 0x0F,
    0xFE, 0xFF, 0xFC, 0x7F, 0x8F, 0xF8, 0x7E, 0xFE, 0x00, 0xE0, 0x1C, 0x70, 0x03, 0x80, 0x04, 0x00,
    0x07, 0x80, 0x00, 0x1F, 0xFF, 0xFF, 0xF0, 0x1F, 0xFF, 0xFF, 0xF8, 0x1F, 0xFF, 0xFF, 0xF8, 0x00,
    0x0F, 0x00, 0x78, 0x00, 0x0E, 0x00, 0x70, 0x00, 0x1E, 0x00, 0x70, 0x00, 0x3C, 0x00, 0x70, 0x00,
    0x7C, 0x00, 0x70, 0x03, 0xF8, 0x00, 0xF0, 0x1F, 0xE0, 0x11, 0xE0, 0x7F, 0xC0, 0x3F, 0xE0, 0x3E,
    0x00, 0x1F, 0xC0, 0x30, 0x00, 0x00, 0x00, 0x00, 0x0F, 0x07, 0x00, 0x7F, 0xFE, 0x1E, 0x01, 0xFF,
    0xFE, 0x3C, 0x03, 0xFF, 0x00, 0x78, 0x00, 0x1C, 0x00, 0xF0, 0x00, 0x38, 0x01, 0xE0, 0x3F, 0xFF,
    0xE3, 0xC0, 0x7F, 0xFF, 0xFF, 0xFE, 0x01, 0xC0, 0xFF, 0xFE, 0x03, 0xFF, 0xFF, 0xFD, 0xFF, 0xFE,
    0x38, 0x7B, 0xFF, 0xFC, 0x70, 0xF7, 0x1C, 0x38, 0xE1, 0xEE, 0x38, 0x71, 0xC3, 0x9F, 0xFF, 0xE3,
    0x87, 0x3F, 0xFF, 0xC7, 0x0E, 0x71, 0xC3, 0x8E, 0x1C, 0xE3, 0x87, 0x1C, 0x39, 0xFF, 0xFE, 0x70,
    0x73, 0xFF, 0xFC, 0xE0, 0xE0, 0x1C, 0x01, 0xC1, 0xC0, 0x38, 0x07, 0x83, 0x9F, 0xFF, 0xEF, 0x07,
    0x3F, 0xFF, 0xDC, 0x0E, 0x01, 0xC0, 0x78, 0x1C, 0x03, 0x80, 0xE0, 0x38, 0x07, 0xFF, 0xC0, 0xF7,
    0xFF, 0xFF, 0x01, 0xEF, 0xFF, 0xFC, 0x7F, 0x9F, 0xE0, 0xF8, 0xFF, 0x00, 0x00, 0xE0, 0xFC, 0x00,
    0x00, 0x00, 0x00, 0x00, 0x00, 0x00, 0x00, 0x00, 0x00, 0x1C, 0x00, 0x7F, 0xF8, 0x3C, 0x00, 0x7F,
    0xFC, 0x38, 0x00, 0x7F, 0xFC, 0x78, 0x08, 0x00, 0x3C, 0xFF, 0xFC, 0x00, 0x79, 0xFF, 0xFC, 0x08,
    0xF3, 0xF0, 0x38, 0x1D, 0xE7, 0xF0, 0x78, 0x1F, 0xC7, 0xB8, 0x70, 0x0F, 0x83, 0x1F, 0xE0, 0x07,
    0x80, 0x0F, 0xC0, 0x7F, 0xFC, 0x0F, 0xC0, 0xFF, 0xFE, 0x1F, 0xF0, 0xFF, 0xFE, 0xFF, 0xFE, 0x07,
    0x9F, 0xF8, 0x7F, 0x07, 0x9F, 0xEE, 0x1E, 0x0F, 0x9F, 0x1E, 0x00, 0x0F, 0x98, 0x1E, 0x00, 0x1F,
    0xB8, 0x1C, 0x00, 0x1F, 0xBF, 0xFF, 0xFC, 0x3B, 0x97, 0xFF, 0xFC, 0x7B, 0x83, 0xFF, 0xFC, 0xF3,
    0x80, 0x38, 0x1C, 0xF3, 0x80, 0x38, 0x1C, 0xE3, 0x80, 0x78, 0x3C, 0x43, 0x80, 0xF0, 0x3C, 0x03,
    0x81, 0xE0, 0x38, 0x03, 0x83, 0xE0, 0x38, 0x1F, 0x8F, 0xC0, 0x78, 0x1F, 0x9F, 0x87, 0xF0, 0x1F,
    0x0E, 0x07, 0xF0, 0x00, 0x00, 0x03, 0xC0, 0x0E, 0x1C, 0x07, 0x00, 0x1C, 0x38, 0x0E, 0x00, 0x38,
    0x70, 0x1C, 0x07, 0xFF, 0xFE, 0x38, 0x0F, 0xFF, 0xFC, 0x70, 0x01, 0xC3, 0x80, 0xE0, 0x03, 0x87,
    0x01, 0xC0, 0x07, 0xFE, 0x03, 0x80, 0x0F, 0xFC, 0xFF, 0xFE, 0x03, 0x81, 0xFF, 0xFD, 0xFF, 0xFF,
    0xFF, 0xFB, 0xFF, 0xFC, 0x38, 0x77, 0x1C, 0x38, 0xF0, 0xEE, 0x38, 0x71, 0xC1, 0xDC, 0x70, 0xE3,
    0x83, 0xBF, 0xFF, 0xC7, 0x07, 0x7F, 0xFF, 0x8E, 0x0E, 0x03, 0x80, 0x1C, 0x1C, 0x07, 0x00, 0x38,
    0x3B, 0xFF, 0xFC, 0x70, 0xF7, 0xFF, 0xF9, 0xC1, 0xE0, 0x38, 0x03, 0x83, 0x80, 0x70, 0x07, 0x07,
    0x3F, 0xFF, 0x9E, 0x0E, 0x7F, 0xFF, 0x38, 0x1C, 0x03, 0x80, 0xF0, 0x38, 0x07, 0x0F, 0xC0, 0x73,
    0xFF, 0xFF, 0x80, 0xEF, 0xFF, 0xFE, 0x3F, 0xDF, 0xFE, 0x3C, 0x7F, 0x00, 0x00, 0x70, 0xFC, 0x00,
    0x00, 0x00, 0x00, 0x00, 0x00, 0x00, 0x00, 0x01, 0xE0, 0x00, 0x00, 0x03, 0xC0, 0x00, 0x00, 0x07,
    0x00, 0x00, 0x00, 0x1E, 0x00, 0x00, 0x00, 0x3C, 0x00, 0x00, 0x00, 0x7F, 0xFF, 0xFF, 0x81, 0xFF,
    0xFF, 0xFF, 0x03, 0xFF, 0xFF, 0xFE, 0x0F, 0x0E, 0x0E, 0x1C, 0x3C, 0x3C, 0x3C, 0x38, 0x78, 0x78,
    0x70, 0x71, 0xE0, 0xE0, 0xE0, 0xE7, 0xC3, 0xC1, 0xC1, 0xCF, 0x07, 0x07, 0x83, 0xBC, 0x1E, 0x0E,
    0x07, 0x70, 0x3C, 0x1C, 0x0E, 0x20, 0x70, 0x78, 0x3C, 0x01, 0xE0, 0xE0, 0x78, 0x07, 0x81, 0xC0,
    0xF0, 0x0F, 0x07, 0x81, 0xE0, 0x3C, 0x0E, 0x03, 0x80, 0xF0, 0x3C, 0x07, 0x03, 0xE0, 0x78, 0x0E,
    0x0F, 0x81, 0xE0, 0x1C, 0x3E, 0x03, 0xC0, 0x38, 0x78, 0x0F, 0x00, 0xF0, 0xE0, 0x3C, 0x01, 0xE0,
    0x80, 0xF8, 0x03, 0x80, 0x03, 0xE1, 0xFF, 0x00, 0x07, 0x83, 0xFE, 0x00, 0x06, 0x07, 0xF8, 0x00,
    0x00, 0x00, 0x00, 0x00, 0x40, 0x00, 0x00, 0x00, 0xF0, 0x00, 0x00, 0x00, 0xE0, 0x00, 0x00, 0x01,
    0xE0, 0x00, 0x00, 0x01, 0xE0, 0x00, 0x00, 0x03, 0xFF, 0xFF, 0xF0, 0x03, 0xFF, 0xFF, 0xF0, 0x07,
    0xFF, 0xFF, 0xF0, 0x0F, 0x00, 0x00, 0x70, 0x1E, 0x00, 0x00, 0x70, 0x3E, 0x00, 0x00, 0x70, 0x7F,
    0xFF, 0xE0, 0x70, 0xFF, 0xFF, 0xF0, 0x70, 0xF7, 0xFF, 0xF0, 0x70, 0x27, 0x00, 0xF0, 0x70, 0x07,
    0x00, 0xF0, 0x70, 0x07, 0x00, 0xF0, 0x70, 0x07, 0x00, 0xF0, 0x70, 0x07, 0x00, 0xF0, 0x70, 0x07,
    0xFF, 0xF0, 0xF0, 0x07, 0xFF, 0xF0, 0xF0, 0x07, 0xFF, 0xE0, 0xE0, 0x07, 0x00, 0x0F, 0xE0, 0x07,
    0x00, 0x0F, 0xE0, 0x07, 0x00, 0x0F, 0x88, 0x07, 0x00, 0x00, 0x0E, 0x07, 0x00, 0x00, 0x0E, 0x07,
    0x00, 0x00, 0x0E, 0x07, 0xC0, 0x00, 0x3E, 0x03, 0xFF, 0xFF, 0xFC, 0x01, 0xFF, 0xFF, 0xFC, 0x00,
    0x7F, 0xFF, 0xF0, 0xFF, 0xFF, 0xFF, 0xF7, 0xFF, 0xFF, 0xFF, 0xBF, 0xFF, 0xFF, 0xFD, 0xC0, 0x00,
    0x00, 0x0E, 0x00, 0x00, 0x40, 0x70, 0x00, 0x07, 0x83, 0x8E, 0x00, 0x3C, 0x1C, 0x78, 0x03, 0xC0,
    0xE3, 0xE0, 0x1C, 0x07, 0x07, 0x81, 0xE0, 0x38, 0x1E, 0x1E, 0x01, 0xC0, 0x79, 0xE0, 0x0E, 0x01,
    0xFE, 0x00, 0x70, 0x07, 0xF0, 0x03, 0x80, 0x1F, 0x00, 0x1C, 0x00, 0xFC, 0x00, 0xE0, 0x1F, 0xF0,
    0x07, 0x01, 0xF7, 0xC0, 0x38, 0x1F, 0x1F, 0x01, 0xC1, 0xF0, 0x7C, 0x0E, 0x3F, 0x01, 0xF0, 0x73,
    0xF0, 0x07, 0x83, 0xBE, 0x00, 0x1E, 0x1C, 0xE0, 0x00, 0x60, 0xE0, 0x00, 0x00, 0x07, 0x00, 0x00,
    0x00, 0x3F, 0xFF, 0xFF, 0xFF, 0xFF, 0xFF, 0xFF, 0xFF, 0xFF, 0xFF, 0xFF, 0x80, 0xFF, 0xFF, 0xFF,
    0xE7, 0xFF, 0xFF, 0xFF, 0x3F, 0xFF, 0xFF, 0xF9, 0xC0, 0x00, 0x00, 0x0E, 0x00, 0x00, 0x00, 0x70,
    0x3F, 0xFE, 0x03, 0x81, 0xFF, 0xF0, 0x1C, 0x0E, 0x03, 0x80, 0xE0, 0x70, 0x1C, 0x07, 0x03, 0x80,
    0xE0, 0x38, 0x1C, 0x07, 0x01, 0xC0, 0xFF, 0xF8, 0x0E, 0x07, 0xFF, 0xC0, 0x70, 0x00, 0x00, 0x03,
    0x80, 0x00, 0x00, 0x1C, 0xFF, 0xDF, 0xF8, 0xE7, 0xFE, 0xFF, 0xC7, 0x38, 0x77, 0x0E, 0x39, 0xC3,
    0xB8, 0x71, 0xCE, 0x1D, 0xC3, 0x8E, 0x70, 0xEE, 0x1C, 0x73, 0x87, 0x70, 0xE3, 0x9F, 0xFB, 0xFF,
    0x1C, 0xFF, 0xDF, 0xF8, 0xE0, 0x00, 0x00, 0x07, 0x00, 0x00, 0x00, 0x3F, 0xFF, 0xFF, 0xFF, 0xFF,
    0xFF, 0xFF, 0xFF, 0xFF, 0xFF, 0xFF, 0x00, 0x00, 0x00, 0x00, 0x00, 0x00, 0x07, 0x00, 0x00, 0x00,
    0x0E, 0x00, 0x00, 0x00, 0x1C, 0x00, 0x00, 0x00, 0x38, 0x00, 0x00, 0x00, 0x70, 0x00, 0x00, 0x00,
    0xE0, 0x00, 0x00, 0x01, 0xC0, 0x00, 0x00, 0x03, 0x80, 0x00, 0x00, 0x07, 0x00, 0x00, 0x00, 0x0E,
    0x00, 0x00, 0x00, 0x1C, 0x00, 0x00, 0x00, 0x38, 0x00, 0x0F, 0xFF, 0xFF, 0xFF, 0xFF, 0xFF, 0xFF,
    0xFF, 0xFF, 0xFF, 0xFF, 0xFF, 0x00, 0x03, 0x80, 0x00, 0x00, 0x07, 0x00, 0x00, 0x00, 0x0E, 0x00,
    0x00, 0x00, 0x1C, 0x00, 0x00, 0x00, 0x38, 0x00, 0x00, 0x00, 0x70, 0x00, 0x00, 0x00, 0xE0, 0x00,
    0x00, 0x01, 0xC0, 0x00, 0x00, 0x03, 0x80, 0x00, 0x00, 0x07, 0x00, 0x00, 0x00, 0x0E, 0x00, 0x00,
    0x00, 0x1C, 0x00, 0x00, 0x00, 0x38, 0x00, 0x00, 0x00, 0x70, 0x00, 0x00, 0x00, 0xE0, 0x00, 0x00,
    0x01, 0xC0, 0x00, 0x00, 0x00, 0x00, 0x00, 0x00, 0x00, 0x00, 0xC0, 0x00, 0x00, 0x3F, 0xC0, 0x00,
    0x1F, 0xFF, 0x80, 0x3F, 0xFF, 0xFC, 0x03, 0xFF, 0xFF, 0x80, 0x03, 0xFF, 0xF0, 0x00, 0x07, 0x80,
    0xE0, 0x00, 0x00, 0x01, 0xC0, 0x00, 0x00, 0x03, 0x80, 0x00, 0x00, 0x07, 0x00, 0x00, 0x00, 0x0E,
    0x00, 0x00, 0x00, 0x1C, 0x00, 0x00, 0x00, 0x38, 0x00, 0x0F, 0xFF, 0xFF, 0xFF, 0xFF, 0xFF, 0xFF,
    0xFF, 0xFF, 0xFF, 0xFF, 0xFF, 0x00, 0x03, 0x80, 0x00, 0x00, 0x07, 0x00, 0x00, 0x00, 0x0E, 0x00,
    0x00, 0x00, 0x1C, 0x00, 0x00, 0x00, 0x38, 0x00, 0x00, 0x00, 0x70, 0x00, 0x00, 0x00, 0xE0, 0x00,
    0x00, 0x01, 0xC0, 0x00, 0x00, 0x03, 0x80, 0x00, 0x00, 0x07, 0x00, 0x00, 0x00, 0x0E, 0x00, 0x00,
    0x00, 0x1C, 0x00, 0x00, 0x00, 0x38, 0x00, 0x00, 0x00, 0x70, 0x00, 0x00, 0x00, 0xE0, 0x00, 0x00,
    0x01, 0xC0, 0x00, 0x00, 0x03, 0x07, 0x00, 0x00, 0x0F, 0x0E, 0x00, 0x00, 0xFE, 0x1C, 0x00, 0x0F,
    0xF8, 0x38, 0x01, 0xFF, 0xC0, 0x70, 0x0F, 0xFC, 0x00, 0xE0, 0x1F, 0xF8, 0x01, 0xC0, 0x38, 0x70,
    0x03, 0x80, 0x00, 0xE0, 0x07, 0x00, 0x01, 0xC0, 0x0E, 0x00, 0x03, 0x80, 0x1C, 0x00, 0x07, 0x00,
    0x38, 0x00, 0x0E, 0x00, 0x70, 0x1F, 0xFF, 0xFF, 0xFF, 0xFF, 0xFF, 0xFF, 0xFF, 0xFF, 0xFF, 0xFF,
    0xFF, 0x00, 0xE0, 0x07, 0x00, 0x01, 0xC0, 0x0E, 0x00, 0x07, 0x80, 0x1C, 0x00, 0x0F, 0x00, 0x38,
    0x00, 0x1E, 0x00, 0x70, 0x00, 0x38, 0x00, 0xE0, 0x00, 0xF0, 0x01, 0xC0, 0x01, 0xE0, 0x03, 0x80,
    0x07, 0x80, 0x07, 0x00, 0x1F, 0x00, 0x0E, 0x00, 0x7C, 0x00, 0x1C, 0x01, 0xF0, 0x00, 0x38, 0x07,
    0xC0, 0x00, 0x70, 0x1F, 0x00, 0x00, 0xE0, 0x1C, 0x00, 0x01, 0xC0, 0x00, 0x00, 0x03, 0x00, 0x00,
    0x01, 0x80, 0x00, 0x00, 0x07, 0x00, 0x80, 0x38, 0x0E, 0x03, 0xC0, 0x78, 0x1C, 0x07, 0x80, 0xF0,
    0x38, 0x1E, 0x00, 0xF0, 0x70, 0x38, 0x00, 0xE0, 0xE0, 0xF0, 0x01, 0xE1, 0xC1, 0xC0, 0x01, 0xC3,
    0x87, 0x80, 0x03, 0x87, 0x0E, 0x00, 0x06, 0x0E, 0x08, 0x00, 0x00, 0x1C, 0x00, 0x01, 0xFF, 0xFF,
    0xFF, 0x83, 0xFF, 0xFF, 0xFF, 0x07, 0xFF, 0xFF, 0xFE, 0x00, 0x01, 0xC0, 0x00, 0x00, 0x03, 0x80,
    0x00, 0x00, 0x07, 0x00, 0x00, 0x00, 0x0E, 0x00, 0x00, 0x00, 0x1C, 0x00, 0x0F, 0xFF, 0xFF, 0xFF,
    0xFF, 0xFF, 0xFF, 0xFF, 0xDF, 0xFF, 0xFF, 0xFF, 0x80, 0x01, 0xC0, 0x00, 0x00, 0x03, 0x80, 0x00,
    0x00, 0x07, 0x00, 0x00, 0x00, 0x0E, 0x00, 0x00, 0x00, 0x1C, 0x00, 0x00, 0x00, 0x38, 0x00, 0x00,
    0x00, 0x70, 0x00, 0x00, 0x00, 0xE0, 0x00, 0x00, 0x01, 0xC0, 0x00, 0x00, 0x00, 0x00, 0x00, 0x01,
    0xC0, 0x03, 0x80, 0x03, 0xC0, 0x0F, 0x00, 0x07, 0x80, 0x1E, 0x00, 0x07, 0x80, 0x78, 0x00, 0x07,
    0x80, 0xE0, 0x00, 0x0F, 0x03, 0xC0, 0x03, 0xFF, 0xFF, 0xFC, 0x07, 0xFF, 0xFF, 0xF8, 0x0E, 0x03,
    0x80, 0x70, 0x1C, 0x07, 0x00, 0xE0, 0x38, 0x0E, 0x01, 0xC0, 0x70, 0x1C, 0x03, 0x80, 0xFF, 0xFF,
    0xFF, 0x01, 0xFF, 0xFF, 0xFE, 0x03, 0x80, 0xE0, 0x1C, 0x07, 0x01, 0xC0, 0x38, 0x0E, 0x03, 0x80,
    0x70, 0x1F, 0xFF, 0xFF, 0xE0, 0x3F, 0xFF, 0xFF, 0xC0, 0x7F, 0xFF, 0xFF, 0x00, 0x00, 0x38, 0x00,
    0x00, 0x00, 0x70, 0x00, 0x1F, 0xFF, 0xFF, 0xFF, 0xFF, 0xFF, 0xFF, 0xFF, 0xFF, 0xFF, 0xFF, 0xFE,
    0x00, 0x07, 0x00, 0x00, 0x00, 0x0E, 0x00, 0x00, 0x00, 0x1C, 0x00, 0x00, 0x00, 0x38, 0x00, 0x00,
    0x00, 0x70, 0x00, 0x00, 0x00, 0xE0, 0x00, 0x00, 0x00, 0x00, 0x00, 0x00, 0x00, 0x00, 0x00, 0x0E,
    0x00, 0x1C, 0xC0, 0x0E, 0x00, 0x1D, 0xF0, 0x0E, 0x00, 0x1C, 0xF8, 0x0E, 0x00, 0x1C, 0x38, 0x0E,
    0x3F, 0xFF, 0xFE, 0x0E, 0x3F, 0xFF, 0xFE, 0x0E, 0x00, 0x1C, 0x00, 0x0E, 0x0F, 0xFF, 0xFC, 0x0E,
    0x0F, 0xFF, 0xFC, 0xFF, 0xEE, 0x1C, 0x1C, 0xFF, 0xEE, 0x1C, 0x1C, 0xFF, 0xEF, 0xFF, 0xFC, 0x0E,
    0x0F, 0xFF, 0xFC, 0x0E, 0x0E, 0x1C, 0x1C, 0x0E, 0x0E, 0x1C, 0x1C, 0x0E, 0x0F, 0xFF, 0xFC, 0x0E,
    0x0F, 0xFF, 0xFC, 0x0E, 0x0E, 0x1C, 0x1C, 0x0E, 0x0E, 0x1D, 0xDC, 0x0E, 0x00, 0x01, 0xC0, 0x0E,
    0x00, 0x01, 0xC0, 0x0E, 0x7F, 0xFF, 0xFE, 0x0E, 0x7F, 0xFF, 0xFE, 0x0E, 0x02, 0x01, 0xC0, 0x0E,
    0x07, 0x01, 0xC0, 0x0E, 0x07, 0xC1, 0xC0, 0x0E, 0x03, 0xE1, 0xC0, 0x0E, 0x01, 0xE1, 0xC0, 0x0E,
    0x00, 0xC1, 0xC0, 0x0E, 0x00, 0x1F, 0xC0, 0x0E, 0x00, 0x1F, 0xC0, 0x00, 0x00, 0x00, 0x00, 0x00,
    0x03, 0x00, 0x00, 0x00, 0x0F, 0x00, 0x00, 0x00, 0x1E, 0x00, 0x00, 0x00, 0x3C, 0x00, 0x00, 0x00,
    0x78, 0x00, 0x00, 0x00, 0xFF, 0xFC, 0x00, 0x01, 0xFF, 0xFC, 0x00, 0x03, 0xFF, 0xF8, 0x00, 0x07,
    0x80, 0x00, 0x00, 0x0F, 0x00, 0x00, 0x00, 0x1E, 0x00, 0x00, 0x00, 0x3C, 0x00, 0x00, 0x00, 0x78,
    0x00, 0x1F, 0xFF, 0xFF, 0xFF, 0xFF, 0xFF, 0xFF, 0xFF, 0xFF, 0xFF, 0xFF, 0xFF, 0x00, 0x07, 0x80,
    0x00, 0x00, 0x0F, 0x00, 0x00, 0x00, 0x1E, 0x00, 0x00, 0x00, 0x3D, 0x00, 0x00, 0x00, 0x7F, 0x80,
    0x00, 0x00, 0xFF, 0xE0, 0x00, 0x01, 0xEF, 0xF0, 0x00, 0x03, 0xC7, 0xF8, 0x00, 0x07, 0x81, 0xF8,
    0x00, 0x0F, 0x00, 0xF0, 0x00, 0x1E, 0x00, 0x40, 0x00, 0x3C, 0x00, 0x00, 0x00, 0x78, 0x00, 0x00,
    0x00, 0xF0, 0x00, 0x00, 0x01, 0xE0, 0x00, 0x00, 0x03, 0xC0, 0x00, 0x00, 0x03, 0x00, 0x00, 0x00,
    0x00, 0x00, 0x00, 0x00, 0xE0, 0x00, 0x00, 0x1F, 0xC7, 0xFF, 0xC7, 0xFE, 0x3F, 0xFF, 0x3F, 0xE0,
    0xFF, 0xFC, 0xF8, 0x03, 0xC0, 0x73, 0x80, 0x0F, 0x01, 0xCE, 0x00, 0x3C, 0x07, 0x38, 0x00, 0xF0,
    0x1C, 0xE0, 0x03, 0xC0, 0x73, 0x80, 0x0F, 0x01, 0xCE, 0x00, 0x3C, 0x07, 0x3F, 0xFE, 0xF0, 0x1C,
    0xFF, 0xFB, 0xC0, 0x73, 0xFF, 0xCF, 0x01, 0xCE, 0x00, 0x3C, 0x07, 0x38, 0x00, 0xF0, 0x1C, 0xE0,
    0x03, 0xC0, 0x73, 0x80, 0x0F, 0x01, 0xCE, 0x00, 0x3C, 0x07, 0x38, 0x00, 0xF0, 0x1C, 0xE0, 0x33,
    0xC0, 0x73, 0x8F, 0xCF, 0x01, 0xCF, 0xFF, 0xBC, 0xFF, 0x7F, 0xF8, 0xF3, 0xF9, 0xFE, 0x03, 0xCF,
    0xE7, 0x80, 0x0F, 0x00, 0x00, 0x00, 0x3C, 0x00, 0x00, 0x00, 0xF0, 0x00, 0x00, 0x03, 0xC0, 0x00,
    0x00, 0x0F, 0x00, 0x00, 0x00, 0x00, 0x00, 0x3F, 0xFC, 0x00, 0x03, 0xFF, 0xF3, 0xFF, 0xDF, 0xFF,
    0x9F, 0xFE, 0xE0, 0x1C, 0xFF, 0xF7, 0x00, 0xE7, 0x03, 0xB8, 0x07, 0x38, 0x1D, 0xC0, 0x39, 0xC0,
    0xEF, 0xFF, 0xCE, 0x07, 0x7F, 0xFE, 0x70, 0x3B, 0xFF, 0xF3, 0x81, 0xDC, 0x03, 0x9C, 0x0E, 0xE0,
    0x1C, 0xE0, 0x77, 0x00, 0xE7, 0x03, 0xB8, 0x07, 0x38, 0x1D, 0xFF, 0xF9, 0xC0, 0xEF, 0xFF, 0xCE,
    0x07, 0x7F, 0xFE, 0x70, 0x3B, 0x80, 0x03, 0x81, 0xDC, 0x08, 0x1C, 0x0E, 0xE1, 0xE0, 0xE0, 0x77,
    0x07, 0x07, 0x03, 0xB8, 0x3C, 0x3B, 0xFD, 0xC0, 0xE1, 0xCF, 0xCE, 0x1F, 0x8E, 0x7C, 0x7F, 0xFC,
    0x70, 0x03, 0xFF, 0xF3, 0x80, 0x3F, 0xC3, 0x9C, 0x01, 0xF8, 0x1C, 0xE0, 0x06, 0x00, 0x47, 0x00,
    0x00, 0x00, 0x38, 0x00, 0x00, 0x00, 0x00, 0x00, 0x00, 0xC0, 0x00, 0x00, 0x03, 0x80, 0x00, 0x00,
    0x0E, 0x00, 0x00, 0x00, 0x38, 0x0F, 0xFF, 0x00, 0xE0, 0x3F, 0xFC, 0x03, 0x80, 0xFF, 0xF3, 0xFF,
    0xF3, 0x81, 0xCF, 0xFF, 0xCE, 0x07, 0x3F, 0xFF, 0x38, 0x1C, 0x03, 0x80, 0xE0, 0x70, 0x0E, 0x03,
    0x81, 0xC0, 0x38, 0x0E, 0x07, 0x00, 0xE0, 0x38, 0x1C, 0x03, 0x80, 0xE0, 0x77, 0xFF, 0xFB, 0x81,
    0xDF, 0xFF, 0xEE, 0x07, 0x7F, 0xFF, 0xB8, 0x1C, 0x0F, 0x00, 0xE0, 0x70, 0x38, 0x03, 0x81, 0xC0,
    0xE7, 0x0E, 0x07, 0x07, 0x1C, 0x38, 0x1C, 0x1C, 0x38, 0xE0, 0x70, 0xE0, 0xE3, 0x81, 0xC3, 0x83,
    0xCE, 0x07, 0x1C, 0x3F, 0x39, 0xFC, 0xFF, 0xFE, 0xE7, 0xE7, 0xFF, 0xFB, 0x9F, 0x0F, 0xF0, 0xEE,
    0x00, 0x3C, 0x03, 0xB8, 0x00, 0x00, 0x00, 0xE0, 0x00, 0x00, 0x03, 0x80, 0x00, 0x00, 0x0E, 0x00,
    0x00, 0x00, 0x00, 0x00, 0x00, 0x01, 0x00, 0x00, 0x01, 0x01, 0xC0, 0x00, 0x03, 0x83, 0xC1, 0xC0,
    0x03, 0xC3, 0xC3, 0x80, 0x01, 0xC3, 0x87, 0x80, 0x00, 0xE3, 0x87, 0x00, 0x1F, 0xFF, 0xFF, 0xF0,
    0x1F, 0xFF, 0xFF, 0xF0, 0x1F, 0xFF, 0xFF, 0xF0, 0x00, 0x0E, 0x00, 0x00, 0x00, 0x1E, 0x00, 0x00,
    0x00, 0x1C, 0x00, 0x00, 0x7F, 0xFF, 0xFF, 0xFC, 0x7F, 0xFF, 0xFF, 0xFE, 0x7F, 0xFF, 0xFF, 0xFE,
    0x01, 0xF0, 0x1E, 0x00, 0x03, 0xE0, 0x0F, 0x00, 0x07, 0xC0, 0x07, 0x80, 0x0F, 0xFF, 0xFF, 0xE0,
    0x3F, 0xFF, 0xFF, 0xF0, 0xFD, 0xFF, 0xFE, 0xFE, 0xF9, 0xC0, 0x0E, 0x3F, 0x61, 0xC0, 0x1E, 0x0E,
    0x01, 0xC0, 0x1C, 0x00, 0x01, 0xC3, 0xFC, 0x00, 0x01, 0xC3, 0xFC, 0x60, 0x01, 0xC0, 0x00, 0xF0,
    0x01, 0xC0, 0x00, 0xE0, 0x01, 0xC0, 0x00, 0xE0, 0x01, 0xFF, 0xFF, 0xE0, 0x00, 0xFF, 0xFF, 0xE0,
    0x00, 0x7F, 0xFF, 0xC0, 0x00, 0x00, 0x00, 0x00, 0x3C, 0x00, 0x00, 0x00, 0xE0, 0x00, 0x00, 0x03,
    0x80, 0x0F, 0xFF, 0x1F, 0xFF, 0x3F, 0xFC, 0x7F, 0xFE, 0xFF, 0xF3, 0xFF, 0xFB, 0x81, 0xCE, 0x38,
    0x0E, 0x07, 0x78, 0xE0, 0x38, 0x1F, 0xC3, 0x80, 0xE0, 0x76, 0x0E, 0x03, 0x81, 0xDF, 0xFF, 0xEE,
    0x07, 0xFF, 0xFF, 0xB8, 0x1F, 0xFF, 0xFE, 0xE0, 0x70, 0x0E, 0x03, 0x81, 0xC0, 0x38, 0x0E, 0x07,
    0x38, 0xE0, 0x38, 0x1C, 0xE3, 0x80, 0xE0, 0x73, 0x8F, 0xF3, 0x81, 0xCE, 0x3F, 0xCE, 0x07, 0x38,
    0xFF, 0x38, 0x1C, 0xE3, 0x80, 0xE0, 0x73, 0x8E, 0x03, 0x81, 0xCE, 0x38, 0x0E, 0x07, 0x38, 0xE0,
    0x39, 0xFC, 0xE3, 0xFE, 0xE7, 0xF3, 0xFF, 0xFB, 0x8F, 0xBF, 0xFF, 0xEE, 0x00, 0xFF, 0xF0, 0x38,
    0x03, 0xF8, 0x00, 0xE0, 0x08, 0x00, 0x03, 0x80, 0x00, 0x00, 0x0E, 0x00, 0x00, 0x00, 0x00, 0x00,
    0x00, 0x00, 0x00, 0x00, 0x03, 0x9C, 0x00, 0x00, 0x0F, 0x3C, 0x3F, 0xF8, 0x1C, 0x3C, 0x7F, 0xF0,
    0x78, 0x3C, 0xFF, 0xE1, 0xE0, 0x39, 0xC1, 0xC7, 0x88, 0x7B, 0x83, 0x9E, 0x38, 0x7F, 0x07, 0x7C,
    0x70, 0x6E, 0x0E, 0x61, 0xF0, 0x1C, 0x1C, 0x03, 0xF0, 0x38, 0x38, 0x0F, 0xF0, 0x70, 0x70, 0x3C,
    0xF0, 0xE0, 0xE0, 0xF0, 0xF1, 0xC1, 0xC3, 0xE0, 0xF3, 0x83, 0x87, 0x80, 0xF7, 0x07, 0x3E, 0x00,
    0xFE, 0x0E, 0xF8, 0x00, 0xDC, 0x1D, 0xFF, 0xFE, 0x38, 0x39, 0xFF, 0xFC, 0x70, 0x70, 0xFF, 0xF8,
    0xE0, 0xE1, 0xC0, 0x71, 0xC1, 0xC3, 0x80, 0xE3, 0x83, 0x87, 0x01, 0xC7, 0xFF, 0x0E, 0x03, 0x8E,
    0xFC, 0x1C, 0x07, 0x1D, 0xF0, 0x3F, 0xFE, 0x38, 0x00, 0x7F, 0xFC, 0x70, 0x00, 0xFF, 0xF8, 0xE0,
    0x01, 0xC0, 0x71, 0xC0, 0x03, 0x80, 0xE3, 0x80, 0x03, 0x00, 0x07, 0x00, 0x0F, 0xFF, 0xFF, 0xFC,
    0x3F, 0xFF, 0xFF, 0xFC, 0x7F, 0xFF, 0xFF, 0xF8, 0xF0, 0x00, 0x00, 0x01, 0xE0, 0x00, 0x00, 0x03,
    0xC0, 0x00, 0x00, 0x07, 0x80, 0x00, 0x00, 0x0F, 0x00, 0x00, 0x00, 0x1E, 0x00, 0x00, 0x00, 0x3C,
    0x00, 0x00, 0x00, 0x78, 0x00, 0x00, 0x00, 0xF0, 0x00, 0x00, 0x01, 0xE0, 0x00, 0x00, 0x03, 0xC0,
    0x00, 0x00, 0x07, 0x80, 0x00, 0x00, 0x0F, 0x00, 0x00, 0x00, 0x1E, 0x00, 0x00, 0x00, 0x38, 0x00,
    0x00, 0x00, 0x70, 0x00, 0x00, 0x00, 0xE0, 0x00, 0x00, 0x01, 0xC0, 0x00, 0x00, 0x07, 0x80, 0x00,
    0x00, 0x0F, 0x00, 0x00, 0x00, 0x1C, 0x00, 0x00, 0x00, 0x78, 0x00, 0x00, 0x00, 0xF0, 0x00, 0x00,
    0x01, 0xC0, 0x00, 0x00, 0x07, 0x80, 0x00, 0x00, 0x06, 0x00, 0x00, 0x00, 0x00, 0x00, 0x00, 0x00,
    0x00, 0x1F, 0xFF, 0xFF, 0xFE, 0x7F, 0xFF, 0xFF, 0xFC, 0xFF, 0xFF, 0xFF, 0xF9, 0xE0, 0x00, 0x00,
    0x03, 0xC0, 0x0C, 0x00, 0x07, 0x80, 0x38, 0x00, 0x0F, 0x00, 0x70, 0x00, 0x1E, 0x00, 0xE0, 0x00,
    0x3C, 0x01, 0xC0, 0x00, 0x78, 0x03, 0x80, 0x00, 0xF7, 0xFF, 0xFF, 0xE1, 0xEF, 0xFF, 0xFF, 0xC3,
    0xDF, 0xFF, 0xFF, 0x87, 0x80, 0x38, 0x07, 0x0F, 0x00, 0xF0, 0x0E, 0x1E, 0x01, 0xE0, 0x1C, 0x3C,
    0x03, 0x80, 0x38, 0x70, 0x07, 0x00, 0x70, 0xE0, 0x0E, 0x00, 0xE1, 0xC0, 0x3C, 0x03, 0xC3, 0x80,
    0x70, 0x07, 0x87, 0x01, 0xE0, 0x0E, 0x0E, 0x03, 0x80, 0x1C, 0x3C, 0x0F, 0x00, 0x38, 0x78, 0x3C,
    0x00, 0x70, 0xE0, 0xF8, 0x01, 0xE3, 0xC3, 0xE0, 0x83, 0xC7, 0x9F, 0x81, 0xFF, 0x0E, 0x3C, 0x03,
    0xFE, 0x0C, 0x30, 0x03, 0xF0, 0x00, 0x1F, 0xFF, 0xFF, 0xFE, 0x7F, 0xFF, 0xFF, 0xFC, 0xFF, 0xFF,
    0xFF, 0xF9, 0xE0, 0x00, 0x00, 0x03, 0xC0, 0x06, 0x00, 0x07, 0x80, 0x1E, 0x00, 0x0F, 0x00, 0x3C,
    0x00, 0x1E, 0x00, 0x78, 0x00, 0x3C, 0x00, 0xF0, 0x00, 0x78, 0x01, 0xE0, 0x00, 0xF0, 0x03, 0xC0,
    0x01, 0xE0, 0x07, 0x80, 0x03, 0xDF, 0xFF, 0xFF, 0x87, 0xBF, 0xFF, 0xFF, 0x0F, 0x7F, 0xFF, 0xFE,
    0x1C, 0x00, 0x78, 0x00, 0x38, 0x00, 0xF0, 0x00, 0x70, 0x01, 0xE7, 0x00, 0xE0, 0x03, 0xCF, 0x01,
    0xC0, 0x07, 0x8F, 0x03, 0x80, 0x0F, 0x0F, 0x07, 0x00, 0x1E, 0x0F, 0x0E, 0x00, 0x3C, 0x1C, 0x3C,
    0x00, 0x78, 0x00, 0x70, 0x00, 0xF0, 0x00, 0xE0, 0x01, 0xE0, 0x03, 0xDF, 0xFF, 0xFF, 0xFF, 0x3F,
    0xFF, 0xFF, 0xFE, 0x7F, 0xFF, 0xFF, 0xEC, 0x00, 0x00, 0x00, 0x00, 0x1F, 0xFF, 0xFF, 0xFE, 0x1F,
    0xFF, 0xFF, 0xFE, 0x1F, 0xFF, 0xFF, 0xFC, 0x1C, 0x00, 0x70, 0x00, 0x1C, 0x00, 0x71, 0x00, 0x1C,
    0x00, 0x73, 0xC0, 0x1C, 0x00, 0x73, 0xE0, 0x1C, 0x00, 0x70, 0xF0, 0x1C, 0x00, 0x70, 0x70, 0x1C,
    0x00, 0x70, 0x20, 0x1D, 0xFF, 0xFF, 0xFC, 0x1D, 0xFF, 0xFF, 0xFC, 0x1D, 0xFF, 0xFF, 0xFC, 0x1C,
    0x00, 0xF8, 0x00, 0x1C, 0x00, 0xF8, 0x00, 0x1C, 0x00, 0xF8, 0x00, 0x1C, 0x01, 0xFC, 0x00, 0x1C,
    0x01, 0xDC, 0x00, 0x3C, 0x03, 0xCE, 0x00, 0x3C, 0x03, 0x8F, 0x00, 0x38, 0x07, 0x87, 0x00, 0x38,
    0x07, 0x07, 0x80, 0x38, 0x0F, 0x03, 0xC0, 0x78, 0x1E, 0x01, 0xE0, 0x78, 0x3C, 0x00, 0xF0, 0x70,
    0xF8, 0x00, 0xFC, 0xF3, 0xF0, 0x00, 0x7E, 0xE3, 0xE0, 0x00, 0x1E, 0x61, 0x80, 0x00, 0x0C, 0x00,
    0x00, 0x00, 0x00, 0x1F, 0xFF, 0xFF, 0xFE, 0x3F, 0xFF, 0xFF, 0xFC, 0x7F, 0xFF, 0xFF, 0xF8, 0xE0,
    0x00, 0x00, 0x01, 0xC0, 0x00, 0x00, 0x03, 0x9F, 0xFF, 0xFC, 0x07, 0x3F, 0xFF, 0xF8, 0x0E, 0x78,
    0x00, 0x70, 0x1C, 0xF0, 0x00, 0xE0, 0x39, 0xFF, 0xFF, 0xC0, 0x73, 0xFF, 0xFF, 0x80, 0xE7, 0x80,
    0x07, 0x01, 0xCF, 0x00, 0x0E, 0x03, 0x9F, 0xFF, 0xFC, 0x07, 0x1F, 0xFF, 0xF8, 0x0E, 0x00, 0x00,
    0x00, 0x1C, 0xFF, 0xFF, 0xE0, 0x39, 0xFF, 0xFF, 0xE0, 0x70, 0x00, 0x3F, 0x00, 0xE0, 0x01, 0xF8,
    0x03, 0xC0, 0x07, 0xC0, 0x07, 0x00, 0x0E, 0x00, 0x0E, 0xFF, 0xFF, 0xFF, 0x9D, 0xFF, 0xFF, 0xFF,
    0x78, 0x00, 0x70, 0x00, 0xF0, 0x00, 0xE0, 0x01, 0xC0, 0x01, 0xC0, 0x07, 0x80, 0x03, 0x80, 0x0E,
    0x00, 0xFF, 0x00, 0x0C, 0x01, 0xFC, 0x00, 0x00, 0x00, 0x00, 0x00, 0x00, 0x1F, 0xFF, 0xFF, 0xFE,
    0x3F, 0xFF, 0xFF, 0xFC, 0x7F, 0xFF, 0xFF, 0xF8, 0xE0, 0x07, 0x00, 0x01, 0xC0, 0x0F, 0x00, 0x03,
    0x80, 0x1C, 0x00, 0x07, 0x00, 0x78, 0x00, 0x0E, 0x7F, 0xFF, 0xF8, 0x1C, 0xFF, 0xFF, 0xF0, 0x39,
    0xE0, 0x00, 0xE0, 0x73, 0xC0, 0x01, 0xC0, 0xE7, 0x80, 0x03, 0x81, 0xCF, 0xFF, 0xFF, 0x03, 0x9F,
    0xFF, 0xFE, 0x07, 0x3C, 0x00, 0x1C, 0x0E, 0x78, 0x00, 0x38, 0x1C, 0xF0, 0x00, 0x70, 0x39, 0xFF,
    0xFF, 0xE0, 0x73, 0xFF, 0xFF, 0xC1, 0xE0, 0x03, 0x80, 0x03, 0x81, 0x07, 0x00, 0x07, 0x07, 0x8E,
    0x70, 0x0E, 0x0E, 0x1C, 0xF0, 0x1C, 0x3C, 0x38, 0xF0, 0x78, 0xF0, 0x70, 0xF0, 0xE3, 0xC0, 0xE0,
    0xF3, 0xCF, 0x01, 0xC0, 0xF7, 0x1C, 0x7F, 0x80, 0xEE, 0x10, 0xFF, 0x00, 0x80, 0x01, 0xFC, 0x00,
    0x00, 0x1F, 0xFF, 0xFF, 0xFE, 0x3F, 0xFF, 0xFF, 0xFE, 0x3F, 0xFF, 0xFF, 0xFE, 0x38, 0x00, 0x01,
    0x80, 0x39, 0xFF, 0x83, 0x90, 0x39, 0xFF, 0x83, 0xB8, 0x39, 0x83, 0x83, 0x9C, 0x39, 0x83, 0x83,
    0x9E, 0x39, 0xFF, 0x83, 0x8E, 0x39, 0xFF, 0x83, 0x84, 0x39, 0x83, 0x83, 0x80, 0x39, 0xFF, 0x83,
    0x80, 0x39, 0xFF, 0xBF, 0xFE, 0x38, 0x00, 0x3F, 0xFE, 0x38, 0x00, 0x03, 0xC0, 0x3B, 0xFF, 0xC3,
    0xC0, 0x3B, 0xFF, 0xC3, 0xC0, 0x3B, 0x81, 0xC3, 0xC0, 0x3B, 0xFF, 0xC3, 0xE0, 0x3B, 0xFF, 0xC7,
    0xE0, 0x3B, 0x81, 0xC7, 0xE0, 0x3B, 0x81, 0xC7, 0xE0, 0x3B, 0xFF, 0xCF, 0x70, 0x73, 0xFF, 0xCE,
    0x70, 0x73, 0x81, 0xCE, 0x78, 0x73, 0x81, 0xDE, 0x38, 0xF3, 0x81, 0xFC, 0x3C, 0xE3, 0x81, 0xF8,
    0x1E, 0xE3, 0x8F, 0xF8, 0x1E, 0xE3, 0x8F, 0xF0, 0x0E, 0x03, 0x80, 0x20, 0x04, 0x7F, 0xFD, 0xFF,
    0xF8, 0x7F, 0xFD, 0xFF, 0xFC, 0x7F, 0xFD, 0xFF, 0xFC, 0x00, 0x1C, 0xE0, 0x3C, 0x00, 0x1C, 0xE0,
    0x38, 0x00, 0x1C, 0xE0, 0x38, 0x10, 0x3C, 0xF0, 0x38, 0x70, 0x38, 0x70, 0x38, 0x78, 0x38, 0x70,
    0x78, 0x3C, 0x38, 0x70, 0x70, 0x1E, 0x78, 0x78, 0x70, 0x0F, 0x78, 0x38, 0xF0, 0x0F, 0x70, 0x38,
    0xE0, 0x07, 0xF0, 0x38, 0xE0, 0x03, 0xF0, 0x3D, 0xE0, 0x01, 0xE0, 0x1D, 0xC0, 0x01, 0xE0, 0x1F,
    0xC0, 0x01, 0xF0, 0x0F, 0x80, 0x03, 0xF0, 0x0F, 0x80, 0x03, 0xF8, 0x0F, 0x00, 0x07, 0xBC, 0x1F,
    0x80, 0x07, 0xBC, 0x1F, 0x80, 0x0F, 0x1E, 0x3F, 0xC0, 0x1E, 0x1E, 0x79, 0xE0, 0x3E, 0x09, 0xF0,
    0xF0, 0x7C, 0x03, 0xE0, 0xF8, 0xF8, 0x0F, 0xC0, 0x7E, 0xF0, 0x0F, 0x80, 0x1E, 0x60, 0x07, 0x00,
    0x0C, 0x00, 0x00, 0x00, 0x00, 0x00, 0x00, 0x01, 0xE0, 0x00, 0x00, 0xFF, 0xE0, 0x1F, 0xFF, 0xFF,
    0xC0, 0x7F, 0xFF, 0xF8, 0x00, 0xFF, 0xFC, 0x00, 0x01, 0xE0, 0x00, 0x00, 0x03, 0xC0, 0x00, 0x00,
    0x07, 0x80, 0x00, 0x00, 0x0F, 0x00, 0x00, 0x00, 0x1E, 0x00, 0x00, 0x00, 0x3F, 0xFF, 0xFF, 0xC0,
    0x7F, 0xFF, 0xFF, 0x00, 0xFF, 0xFF, 0xFE, 0x01, 0xEF, 0x00, 0x3C, 0x03, 0x8E, 0x00, 0x70, 0x07,
    0x1E, 0x01, 0xE0, 0x0E, 0x1C, 0x03, 0xC0, 0x1C, 0x3C, 0x0F, 0x00, 0x38, 0x3C, 0x1E, 0x00, 0x70,
    0x78, 0x78, 0x00, 0xE0, 0x79, 0xE0, 0x03, 0xC0, 0x7F, 0x80, 0x07, 0x80, 0xFF, 0x00, 0x0E, 0x00,
    0xFC, 0x00, 0x1C, 0x03, 0xFC, 0x00, 0x78, 0x0F, 0xFC, 0x00, 0xF0, 0x7E, 0x7E, 0x01, 0xC7, 0xF8,
    0x7F, 0x87, 0xBF, 0xC0, 0x3F, 0xCE, 0x7E, 0x00, 0x1F, 0x9C, 0x70, 0x00, 0x0E, 0x00, 0x00, 0x00,
    0x00, 0x00, 0x01, 0x00, 0x00, 0x00, 0x00, 0xE0, 0xC0, 0x00, 0x70, 0xF0, 0xF0, 0x00, 0x38, 0x78,
    0x3C, 0x00, 0x3C, 0x3C, 0x0F, 0x00, 0x1C, 0x1C, 0x03, 0xC0, 0x1E, 0x0E, 0x01, 0xE0, 0x0F, 0x07,
    0x00, 0x40, 0x0F, 0xFF, 0xFF, 0xFE, 0x07, 0xFF, 0xFF, 0xFF, 0x03, 0xFF, 0xFF, 0xFF, 0x81, 0x81,
    0xE0, 0x00, 0x00, 0x00, 0xF0, 0x00, 0x00, 0x00, 0x70, 0x00, 0x00, 0x00, 0x7F, 0xFF, 0x80, 0x00,
    0x3F, 0xFF, 0xE0, 0x00, 0x3F, 0xFF, 0xF0, 0x00, 0x1F, 0x00, 0x78, 0x00, 0x1F, 0xC0, 0x78, 0x00,
    0x0F, 0xE0, 0x3C, 0x00, 0x0F, 0x78, 0x3C, 0x00, 0x0F, 0x1E, 0x3E, 0x00, 0x0F, 0x8F, 0x9E, 0x00,
    0x0F, 0x83, 0xFE, 0x00, 0x0F, 0x80, 0xFE, 0x00, 0x0F, 0x80, 0x3E, 0x00, 0x0F, 0x80, 0x7F, 0xC0,
    0x0F, 0x80, 0x7F, 0xF8, 0x03, 0x81, 0xFC, 0x7F, 0x00, 0x07, 0xFC, 0x0F, 0xF8, 0x03, 0xF8, 0x03,
    0xFC, 0x00, 0xE0, 0x00, 0x3C, 0x00, 0x00, 0x00, 0x00, 0x00, 0x7F, 0xFF, 0x00, 0x00, 0xFF, 0xFF,
    0x00, 0x00, 0xFF, 0xFF, 0xFF, 0xFC, 0x3C, 0x3D, 0xFF, 0xFC, 0x3C, 0x3D, 0xFF, 0xFC, 0x3C, 0x3C,
    0x70, 0x1C, 0x3C, 0x3C, 0x70, 0x1C, 0x3F, 0xFC, 0x38, 0x3C, 0x3F, 0xFC, 0x38, 0x38, 0x3F, 0xFC,
    0x38, 0x38, 0x3C, 0x3C, 0x38, 0x38, 0x3C, 0x3C, 0x38, 0x78, 0x3C, 0x3C, 0x1C, 0x70, 0x3C, 0x3C,
    0x1C, 0x70, 0x3F, 0xFC, 0x1C, 0xF0, 0x3F, 0xFC, 0x0E, 0xE0, 0x3F, 0xFC, 0x0E, 0xE0, 0x3C, 0x3C,
    0x0F, 0xE0, 0x3C, 0x3C, 0x07, 0xC0, 0x3C, 0x3C, 0x07, 0xC0, 0x3C, 0x3F, 0x07, 0x80, 0x3C, 0xFF,
    0x87, 0xC0, 0x7F, 0xFF, 0x8F, 0xC0, 0xFF, 0xFC, 0x0F, 0xE0, 0xFF, 0x3C, 0x1E, 0xF0, 0x60, 0x3C,
    0x3C, 0xF8, 0x00, 0x3C, 0x78, 0x7C, 0x00, 0x3D, 0xF0, 0x3E, 0x00, 0x3D, 0xE0, 0x1E, 0x00, 0x3C,
    0xC0, 0x0C, 0x00, 0x00, 0x00, 0x00, 0x00, 0x00, 0x00, 0x60, 0x00, 0x00, 0x7F, 0xE0, 0x3F, 0xFF,
    0xFF, 0xC3, 0xFF, 0xFF, 0xFC, 0x03, 0xFF, 0xF8, 0x0C, 0x00, 0xC0, 0xE0, 0x1C, 0x03, 0xC0, 0xE0,
    0x78, 0x03, 0x81, 0xC0, 0xF0, 0x07, 0x83, 0x81, 0xC0, 0x07, 0x07, 0x87, 0x00, 0xFF, 0xFF, 0xFF,
    0xF3, 0xFF, 0xFF, 0xFF, 0xE7, 0xFF, 0xFF, 0xFF, 0xCE, 0x00, 0x00, 0x03, 0x9C, 0x00, 0x00, 0x07,
    0x38, 0x00, 0x00, 0x0E, 0x77, 0xFF, 0xFF, 0x9C, 0xEF, 0xFF, 0xFF, 0xB8, 0x1F, 0xFF, 0xFF, 0x00,
    0x1E, 0x00, 0x3C, 0x00, 0x1E, 0x00, 0xF8, 0x00, 0x1E, 0x01, 0xE0, 0x00, 0x1E, 0x0F, 0x80, 0x00,
    0x1E, 0x3E, 0x00, 0x00, 0x1F, 0xF8, 0x00, 0x00, 0x1F, 0xE0, 0x00, 0x00, 0x3F, 0xC0, 0x00, 0x03,
    0xFF, 0xF0, 0x00, 0x7F, 0xEF, 0xFE, 0x0F, 0xFF, 0x03, 0xFF, 0xDF, 0xF0, 0x01, 0xFF, 0x3E, 0x00,
    0x00, 0x3E, 0x00, 0x00, 0x00, 0x00, 0x00, 0x00, 0x00, 0x00, 0x07, 0xFF, 0xFF, 0x80, 0x0F, 0xFF,
    0xFE, 0x00, 0x0F, 0xE0, 0xF8, 0x00, 0x1F, 0xFF, 0xC0, 0x00, 0x01, 0xFF, 0xC0, 0x01, 0xFF, 0xCF,
    0xF0, 0x03, 0xF8, 0x01, 0xC0, 0x3F, 0xFE, 0xFF, 0xF8, 0x7F, 0xF9, 0xFF, 0xF0, 0x78, 0xF1, 0xE3,
    0xC0, 0xFF, 0x83, 0xFF, 0x00, 0x7F, 0x01, 0xFE, 0x0F, 0xFF, 0xBF, 0xFF, 0x1F, 0x87, 0xBE, 0x1F,
    0x3F, 0xFF, 0xFF, 0xFE, 0x7F, 0xFF, 0xFF, 0xFC, 0xE0, 0x00, 0x00, 0x39, 0xC0, 0x00, 0x00, 0x73,
    0x9F, 0xFF, 0xFC, 0xE3, 0x3F, 0xFF, 0xF9, 0xC0, 0x70, 0x00, 0x70, 0x00, 0xFF, 0xFF, 0xE0, 0x01,
    0xFF, 0xFF, 0xC0, 0x03, 0x80, 0x03, 0x80, 0x07, 0xFF, 0xFF, 0x00, 0x0F, 0xFF, 0xFE, 0x00, 0x1C,
    0x00, 0x1C, 0x07, 0xFF, 0xFF, 0xFF, 0xEF, 0xFF, 0xFF, 0xFF, 0xC0, 0xFF, 0xFF, 0xFF, 0xBF, 0xFF,
    0xFF, 0xFF, 0xFF, 0xFF, 0xFF, 0x80, 0x00, 0x0F, 0xE0, 0x00, 0x03, 0xF8, 0x00, 0x00, 0xFE, 0x00,
    0x00, 0x3F, 0x80, 0x00, 0x0F, 0xE0, 0x00, 0x03, 0xF8, 0x00, 0x00, 0xFE, 0x00, 0x00, 0x3F, 0x80,
    0x00, 0x0F, 0xE0, 0x00, 0x03, 0xF8, 0x00, 0x00, 0xFE, 0x00, 0x00, 0x3F, 0x80, 0x00, 0x0F, 0xE0,
    0x00, 0x03, 0xF8, 0x00, 0x00, 0xFE, 0x00, 0x00, 0x3F, 0x80, 0x00, 0x0F, 0xE0, 0x00, 0x03, 0xF8,
    0x00, 0x00, 0xFF, 0xFF, 0xFF, 0xFF, 0xFF, 0xFF, 0xFF, 0xFF, 0xFF, 0xFF, 0xF8, 0x00, 0x00, 0xFE,
    0x00, 0x00, 0x3F, 0x80, 0x00, 0x06, 0x0F, 0xFF, 0xFF, 0xE0, 0x1F, 0xFF, 0xFF, 0xC0, 0x3F, 0xFF,
    0xFF, 0x80, 0x70, 0x00, 0x07, 0x00, 0xE0, 0x00, 0x0E, 0x01, 0xC0, 0x00, 0x1C, 0x03, 0x80, 0x00,
    0x38, 0x07, 0x00, 0x00, 0x70, 0x0E, 0x00, 0x00, 0xE0, 0x1C, 0x00, 0x01, 0xC0, 0x38, 0x00, 0x03,
    0x80, 0x70, 0x00, 0x07, 0x00, 0xE0, 0x00, 0x0E, 0x01, 0xFF, 0xFF, 0xFC, 0x03, 0xFF, 0xFF, 0xF8,
    0x07, 0xFF, 0xFF, 0xF0, 0x00, 0x00, 0x00, 0x00, 0x00, 0x00, 0x00, 0x00, 0x00, 0x00, 0x00, 0x00,
    0x03, 0x80, 0xE0, 0x00, 0x07, 0x81, 0xE0, 0x00, 0x1E, 0x01, 0xF0, 0x00, 0x78, 0x01, 0xF0, 0x01,
    0xE0, 0x01, 0xF0, 0x0F, 0x80, 0x01, 0xF0, 0x3E, 0x00, 0x01, 0xF1, 0xF8, 0x00, 0x01, 0xF3, 0xE0,
    0x00, 0x01, 0xF7, 0x00, 0x00, 0x01, 0xC0, 0x00, 0x00, 0x00, 0x00, 0x7F, 0xFF, 0xFF, 0xFF, 0xFF,
    0xFF, 0xFF, 0xFF, 0xFF, 0xFF, 0xFF, 0xF8, 0x00, 0x00, 0x07, 0x00, 0x00, 0x00, 0x0E, 0x00, 0x00,
    0x00, 0x1C, 0x00, 0x00, 0x00, 0x38, 0x00, 0x00, 0x00, 0x70, 0x0F, 0xFF, 0xC0, 0xE0, 0x1F, 0xFF,
    0x81, 0xC0, 0x3F, 0xFF, 0x03, 0x80, 0x70, 0x0E, 0x07, 0x00, 0xE0, 0x1C, 0x0E, 0x01, 0xC0, 0x38,
    0x1C, 0x03, 0x80, 0x70, 0x38, 0x07, 0x00, 0xE0, 0x70, 0x0E, 0x01, 0xC0, 0xE0, 0x1C, 0x03, 0x81,
    0xC0, 0x3F, 0xFF, 0x03, 0x80, 0x7F, 0xFE, 0x07, 0x00, 0xFF, 0xFC, 0x0E, 0x01, 0xC0, 0x00, 0x1C,
    0x03, 0x80, 0x00, 0x38, 0x07, 0x00, 0x00, 0x70, 0x00, 0x00, 0x00, 0xE0, 0x00, 0x00, 0x03, 0xC0,
    0x00, 0x01, 0xFF, 0x80, 0x00, 0x03, 0xFE, 0x00, 0x00, 0x07, 0xFC, 0x00, 0x00, 0x00, 0x00, 0x00,
    0x00, 0x03, 0x80, 0x00, 0x00, 0x03, 0x80, 0x00, 0x00, 0x03, 0x80, 0x00, 0x00, 0x03, 0x80, 0x00,
    0x00, 0x03, 0x80, 0x00, 0x1F, 0xFF, 0xFF, 0xF8, 0x1F, 0xFF, 0xFF, 0xF8, 0x1F, 0xFF, 0xFF, 0xF8,
    0x1C, 0x03, 0x80, 0x38, 0x1C, 0x03, 0x80, 0x38, 0x1C, 0x03, 0x80, 0x38, 0x1C, 0x03, 0x80, 0x38,
    0x1C, 0x03, 0x80, 0x38, 0x1C, 0x03, 0x80, 0x38, 0x1F, 0xFF, 0xFF, 0xF8, 0x1F, 0xFF, 0xFF, 0xF8,
    0x1F, 0xFF, 0xFF, 0xF8, 0x02, 0x03, 0x80, 0x00, 0x0F, 0x03, 0x80, 0x00, 0x07, 0x07, 0x80, 0x00,
    0x07, 0x87, 0x80, 0x00, 0x03, 0xC7, 0x00, 0x00, 0x01, 0xEF, 0x00, 0x00, 0x01, 0xFE, 0x00, 0x00,
    0x00, 0xFE, 0x00, 0x00, 0x00, 0x7F, 0x00, 0x00, 0x01, 0xFF, 0xE0, 0x00, 0x0F, 0xFF, 0xFF, 0x00,
    0x7F, 0xC3, 0xFF, 0xFE, 0xFF, 0x00, 0x7F, 0xFE, 0x78, 0x00, 0x03, 0xFC, 0x00, 0x00, 0x00, 0x00,
    0x00, 0x00, 0x00, 0x00, 0x00, 0x1E, 0x00, 0x00, 0x00, 0x38, 0x00, 0x00, 0x00, 0x70, 0x00, 0x00,
    0x01, 0xE0, 0x00, 0x00, 0x03, 0xC0, 0x00, 0x00, 0x07, 0x00, 0x00, 0x3F, 0xFF, 0xFF, 0xFF, 0x7F,
    0xFF, 0xFF, 0xFE, 0xFF, 0xFF, 0xFF, 0xF8, 0x01, 0xE0, 0x00, 0x00, 0x03, 0x80, 0x00, 0x00, 0x0F,
    0x00, 0x00, 0x00, 0x1C, 0x00, 0x00, 0x00, 0x78, 0x00, 0x00, 0x00, 0xF0, 0x00, 0x00, 0x03, 0xFF,
    0xFF, 0xF0, 0x07, 0xFF, 0xFF, 0xE0, 0x1F, 0xFF, 0xFF, 0xC0, 0x7F, 0x00, 0x03, 0x81, 0xFE, 0x00,
    0x07, 0x07, 0xDC, 0x00, 0x0E, 0x1F, 0x38, 0x00, 0x1C, 0x7C, 0x70, 0x00, 0x38, 0xF0, 0xE0, 0x00,
    0x70, 0x81, 0xC0, 0x00, 0xE0, 0x03, 0x80, 0x01, 0xC0, 0x07, 0x00, 0x03, 0x80, 0x0F, 0xFF, 0xFF,
    0x00, 0x1F, 0xFF, 0xFE, 0x00, 0x3F, 0xFF, 0xFC, 0x00, 0x70, 0x00, 0x38, 0x00, 0xC0, 0x00, 0x00,
    0x0F, 0xFF, 0xFF, 0xC0, 0x3F, 0xFF, 0xFF, 0x00, 0xFF, 0xFF, 0xFC, 0x03, 0x80, 0x00, 0xF0, 0x0E,
    0x00, 0x03, 0xC0, 0x38, 0x00, 0x0F, 0x00, 0xE0, 0x00, 0x3C, 0x03, 0xFF, 0xFF, 0xF0, 0x0F, 0xFF,
    0xFF, 0xC0, 0x3F, 0xFF, 0xFE, 0x00, 0x00, 0x00, 0x00, 0x00, 0x00, 0x00, 0x00, 0xFF, 0xFF, 0xFF,
    0xFB, 0xFF, 0xFF, 0xFF, 0xEF, 0xFF, 0xFF, 0xFF, 0x80, 0xF0, 0x00, 0x00, 0x03, 0xC0, 0x00, 0x00,
    0x0E, 0x00, 0x00, 0x00, 0x7F, 0xFF, 0xF8, 0x01, 0xFF, 0xFF, 0xE0, 0x07, 0xFF, 0xFF, 0x80, 0x00,
    0x00, 0x0E, 0x00, 0x00, 0x00, 0x38, 0x00, 0x00, 0x01, 0xE0, 0x00, 0x00, 0x07, 0x80, 0x00, 0x00,
    0x1C, 0x00, 0x00, 0x00, 0xF0, 0x00, 0x01, 0xFF, 0xC0, 0x00, 0x07, 0xFE, 0x00, 0x00, 0x1F, 0xF0,
    0x00, 0x00, 0x06, 0x00, 0x00, 0x00, 0x00, 0x00, 0x00, 0x00, 0x01, 0xC0, 0x00, 0x00, 0x03, 0xC0,
    0x00, 0x00, 0x03, 0xC0, 0x00, 0x00, 0x07, 0xE0, 0x00, 0x00, 0x0F, 0xF0, 0x00, 0x00, 0x1E, 0x78,
    0x00, 0x00, 0x7C, 0x3E, 0x00, 0x00, 0xF8, 0x1F, 0x00, 0x03, 0xF0, 0x0F, 0xC0, 0x07, 0xE0, 0x07,
    0xE0, 0x1F, 0x80, 0x01, 0xF8, 0x7F, 0xFF, 0xFF, 0xFE, 0xFD, 0xFF, 0xFF, 0x3E, 0x79, 0xFF, 0xFF,
    0x0C, 0x20, 0x00, 0x00, 0x00, 0x00, 0x00, 0x00, 0x00, 0x00, 0x00, 0x00, 0x00, 0x03, 0xFF, 0xFF,
    0xC0, 0x07, 0xFF, 0xFF, 0xE0, 0x07, 0xFF, 0xFF, 0xE0, 0x07, 0x00, 0x01, 0xE0, 0x07, 0x00, 0x01,
    0xE0, 0x07, 0x00, 0x01, 0xE0, 0x07, 0x00, 0x01, 0xE0, 0x07, 0x00, 0x01, 0xE0, 0x07, 0x00, 0x01,
    0xE0, 0x07, 0xFF, 0xFF, 0xE0, 0x07, 0xFF, 0xFF, 0xE0, 0x07, 0xFF, 0xFF, 0xE0, 0x07, 0x00, 0x01,
    0xE0, 0x07, 0x00, 0x01, 0xE0, 0x7F, 0xFF, 0xFF, 0xFB, 0xFF, 0xFF, 0xFF, 0xDF, 0xFF, 0xFF, 0xFE,
    0xE0, 0x00, 0x00, 0x77, 0x00, 0x00, 0x03, 0xB8, 0x00, 0x00, 0x1D, 0xC7, 0xFF, 0xF8, 0xEE, 0x7F,
    0xFF, 0xE7, 0x73, 0xFF, 0xFF, 0x3B, 0x80, 0x00, 0x01, 0xDC, 0x00, 0x00, 0x0E, 0xE0, 0x00, 0x00,
    0x77, 0x0F, 0xFF, 0xC3, 0xB8, 0x7F, 0xFE, 0x1D, 0xC3, 0xFF, 0xF0, 0xEE, 0x1C, 0x03, 0x87, 0x70,
    0xE0, 0x1C, 0x3B, 0x87, 0x00, 0xE1, 0xDC, 0x38, 0x07, 0x0E, 0xE1, 0xC0, 0x38, 0x77, 0x0E, 0x01,
    0xC3, 0xB8, 0x7F, 0xFE, 0x1D, 0xC3, 0xFF, 0xF0, 0xEE, 0x1F, 0xFF, 0x07, 0x70, 0xE0, 0x00, 0x3B,
    0x87, 0x00, 0x01, 0xDC, 0x00, 0x00, 0x0E, 0xE0, 0x00, 0x1F, 0xF7, 0x00, 0x00, 0x7F, 0xB8, 0x00,
    0x03, 0xF8, 0x00, 0x00, 0x00, 0x00, 0x00, 0x08, 0x00, 0x00, 0x01, 0xE0, 0x00, 0x00, 0x1E, 0x00,
    0x00, 0x03, 0xC0, 0x00, 0x00, 0x7F, 0xFF, 0xE0, 0x0F, 0xFF, 0xFE, 0x01, 0xFF, 0xFF, 0xE0, 0x7C,
    0x00, 0x3C, 0x0F, 0x80, 0x07, 0x83, 0xF0, 0x00, 0xF8, 0x7E, 0xE0, 0x1F, 0x03, 0x8F, 0x03, 0xE0,
    0x00, 0x7C, 0x7C, 0x00, 0x03, 0xEF, 0x80, 0x00, 0x1F, 0xF0, 0x00, 0x00, 0xFC, 0x00, 0x00, 0x3F,
    0x80, 0x00, 0x0F, 0xE0, 0x00, 0x07, 0xFF, 0xFF, 0xF3, 0xFF, 0xFF, 0xFF, 0xFF, 0xFF, 0xFF, 0xF7,
    0xFC, 0x00, 0x0F, 0x61, 0xC0, 0x00, 0xF0, 0x1C, 0x00, 0x0F, 0x01, 0xC0, 0x00, 0xF0, 0x1C, 0x00,
    0x0F, 0x01, 0xC0, 0x00, 0xF0, 0x1C, 0x00, 0x0F, 0x01, 0xFF, 0xFF, 0xF0, 0x1F, 0xFF, 0xFF, 0x01,
    0xFF, 0xFF, 0xF0, 0x1C, 0x00, 0x0F, 0x00, 0x00, 0x00, 0x00, 0x00, 0x00, 0x01, 0xE0, 0x00, 0x01,
    0xFF, 0xE0, 0x3F, 0xFF, 0xFF, 0xC0, 0x7F, 0xFF, 0xF8, 0x00, 0xFF, 0xF0, 0x00, 0x01, 0xC0, 0x00,
    0x00, 0x03, 0x80, 0x00, 0x00, 0x07, 0x00, 0x00, 0x00, 0x0E, 0x00, 0x00, 0x00, 0x1F, 0xFF, 0xFF,
    0xFC, 0x3F, 0xFF, 0xFF, 0xF8, 0x7F, 0xFF, 0xFF, 0xF0, 0xE0, 0x00, 0x00, 0x01, 0xC0, 0x00, 0x00,
    0x03, 0x80, 0x00, 0x00, 0x07, 0x00, 0x00, 0x00, 0x1E, 0x7F, 0xFF, 0xF0, 0x3C, 0xFF, 0xFF, 0xF0,
    0x79, 0xFF, 0xFF, 0xE0, 0xE3, 0x80, 0x03, 0xC1, 0xC7, 0x00, 0x07, 0x83, 0x8E, 0x00, 0x0F, 0x07,
    0x1C, 0x00, 0x1E, 0x1E, 0x38, 0x00, 0x3C, 0x38, 0x70, 0x00, 0x78, 0x70, 0xE0, 0x00, 0xF1, 0xE1,
    0xC0, 0x01, 0xE3, 0x83, 0xFF, 0xFF, 0xCF, 0x07, 0xFF, 0xFF, 0x9E, 0x0F, 0xFF, 0xFF, 0x18, 0x1C,
    0x00, 0x1E, 0x00, 0x18, 0x00, 0x00, 0x00, 0x00, 0x00, 0x00, 0x01, 0xE0, 0x00, 0x00, 0x1E, 0x00,
    0x00, 0x03, 0xC0, 0x00, 0x00, 0x3C, 0x00, 0x00, 0x03, 0x80, 0x00, 0xFF, 0xFF, 0xFF, 0xEF, 0xFF,
    0xFF, 0xFF, 0xFF, 0xFF, 0xFF, 0xFE, 0x00, 0x00, 0x0F, 0xE0, 0x00, 0x00, 0xFE, 0x00, 0x00, 0x0F,
    0xE0, 0x00, 0x00, 0xFE, 0x1F, 0xFF, 0x0F, 0xE1, 0xFF, 0xF8, 0xFE, 0x1F, 0xFF, 0x8F, 0xE1, 0xC0,
    0x78, 0xFE, 0x1C, 0x07, 0x8F, 0xE1, 0xC0, 0x78, 0xFE, 0x1C, 0x07, 0x8F, 0xE1, 0xC0, 0x78, 0xFE,
    0x1C, 0x07, 0x8F, 0xE1, 0xFF, 0xF8, 0xFE, 0x1F, 0xFF, 0x8F, 0xE1, 0xFF, 0xF8, 0xFE, 0x1C, 0x00,
    0x0F, 0xE1, 0xC0, 0x00, 0xFE, 0x1C, 0x00, 0x0F, 0xE0, 0x00, 0x00, 0xFE, 0x00, 0x03, 0xFF, 0xE0,
    0x00, 0x3F, 0xEE, 0x00, 0x01, 0xFC, 0x7F, 0xFF, 0xFF, 0xFC, 0xFF, 0xFF, 0xFF, 0xF9, 0xFF, 0xFF,
    0xFF, 0xF0, 0x00, 0x1F, 0x00, 0x00, 0x00, 0x7C, 0x00, 0x00, 0x01, 0xF1, 0x00, 0x00, 0x0F, 0xE7,
    0x80, 0x00, 0x3F, 0xDF, 0xC0, 0x01, 0xFB, 0x8F, 0xE0, 0x0F, 0xC7, 0x07, 0xF0, 0xFF, 0x0E, 0x03,
    0xF7, 0xF8, 0x1C, 0x01, 0xF7, 0xC0, 0x38, 0x01, 0xCC, 0x00, 0x70, 0x00, 0x00, 0x00, 0xE0, 0x00,
    0x00, 0x00, 0x00, 0x00, 0x07, 0xFF, 0xFF, 0xE0, 0x0F, 0xFF, 0xFF, 0xC0, 0x1F, 0xFF, 0xFF, 0x80,
    0x38, 0x00, 0x07, 0x00, 0x70, 0x00, 0x0E, 0x00, 0xE0, 0x00, 0x1C, 0x01, 0xC0, 0x00, 0x38, 0x03,
    0x80, 0x00, 0x70, 0x07, 0x00, 0x00, 0xE0, 0x0F, 0xFF, 0xFF, 0xC0, 0x1F, 0xFF, 0xFF, 0x80, 0x3F,
    0xFF, 0xFF, 0x00, 0x70, 0x00, 0x0E, 0x00, 0x00, 0x00, 0x00, 0x00, 0x00, 0x00, 0x00, 0x00, 0x00,
    0x01, 0xC0, 0x00, 0x00, 0x03, 0xC0, 0x00, 0x00, 0x07, 0xC0, 0x00, 0x00, 0x0F, 0xE0, 0x00, 0x00,
    0x1E, 0xF0, 0x00, 0x00, 0x7C, 0x7C, 0x00, 0x00, 0xF8, 0x3E, 0x00, 0x03, 0xF6, 0x1F, 0x80, 0x0F,
    0xEF, 0x87, 0xE0, 0x3F, 0x87, 0xC3, 0xFC, 0xFF, 0x01, 0xE0, 0xFE, 0xFC, 0x00, 0xE0, 0x3E, 0x77,
    0xFF, 0xFF, 0x0C, 0x07, 0xFF, 0xFF, 0xC0, 0x07, 0xFF, 0xFF, 0x80, 0x00, 0x00, 0x0F, 0x00, 0x00,
    0x00, 0x1F, 0x00, 0x00, 0x00, 0x1E, 0x00, 0x00, 0x00, 0x3C, 0x00, 0x07, 0xFF, 0xFF, 0xC0, 0x07,
    0xFF, 0xFF, 0xE0, 0x07, 0xFF, 0xFF, 0xE0, 0x07, 0x00, 0x01, 0xE0, 0x07, 0x00, 0x01, 0xE0, 0x07,
    0x00, 0x01, 0xE0, 0x07, 0x00, 0x01, 0xE0, 0x07, 0x00, 0x01, 0xE0, 0x07, 0xFF, 0xFF, 0xE0, 0x07,
    0xFF, 0xFF, 0xE0, 0x07, 0xFF, 0xFF, 0xE0, 0x07, 0x00, 0x01, 0xE0, 0x00, 0x00, 0x00, 0x00, 0x00,
    0x3C, 0x00, 0x00, 0x00, 0xE0, 0x00, 0x00, 0x07, 0x80, 0x00, 0x00, 0x1C, 0x00, 0x07, 0xFF, 0xFF,
    0xF8, 0x3F, 0xFF, 0xFF, 0xC1, 0xFF, 0xFF, 0xFE, 0x0E, 0x00, 0x00, 0x70, 0x70, 0x00, 0x03, 0x83,
    0x80, 0x00, 0x1C, 0x1C, 0x00, 0x00, 0xE0, 0xE0, 0x00, 0x07, 0x07, 0xFF, 0xFF, 0xF8, 0x3F, 0xFF,
    0xFF, 0xC1, 0xFF, 0xFF, 0xFE, 0x0E, 0x00, 0x00, 0x00, 0x70, 0x00, 0x00, 0x03, 0x80, 0x00, 0x00,
    0x3D, 0xFF, 0xFF, 0xF1, 0xEF, 0xFF, 0xFF, 0x8E, 0x7F, 0xFF, 0xFC, 0x73, 0x80, 0x00, 0xE3, 0x9C,
    0x00, 0x07, 0x1C, 0xE0, 0x00, 0x39, 0xE7, 0x00, 0x01, 0xCE, 0x38, 0x00, 0x0E, 0x71, 0xFF, 0xFF,
    0xF7, 0x8F, 0xFF, 0xFF, 0xB8, 0x7F, 0xFF, 0xFF, 0xC3, 0x80, 0x00, 0xEC, 0x1C, 0x00, 0x07, 0x00,
    0x00, 0x00, 0x00, 0x00, 0x01, 0x00, 0x00, 0x00, 0x01, 0xC0, 0x00, 0x00, 0x03, 0xC0, 0x00, 0x00,
    0x07, 0xE0, 0x00, 0x00, 0x1F, 0xF0, 0x00, 0x00, 0x3E, 0xF8, 0x00, 0x00, 0x7C, 0x7C, 0x00, 0x01,
    0xF8, 0x3F, 0x00, 0x07, 0xE0, 0x0F, 0xC0, 0x1F, 0xFF, 0xFF, 0xF8, 0xFF, 0xFF, 0xFF, 0xFE, 0xFE,
    0xFF, 0xFE, 0x7E, 0x78, 0x00, 0x00, 0x1C, 0x40, 0x00, 0x00, 0x00, 0x00, 0x00, 0x00, 0x00, 0x1F,
    0xFC, 0x7F, 0xF8, 0x1F, 0xFC, 0x7F, 0xF8, 0x1F, 0xFC, 0x7F, 0xF8, 0x1C, 0x1C, 0x70, 0x78, 0x1C,
    0x1C, 0x70, 0x78, 0x1C, 0x1C, 0x70, 0x78, 0x1C, 0x1C, 0x70, 0x78, 0x1C, 0x1C, 0x70, 0x78, 0x1C,
    0x1C, 0x70, 0x78, 0x1F, 0xFC, 0x70, 0x78, 0x1F, 0xFC, 0x77, 0xF0, 0x1F, 0xF8, 0x77, 0xF0, 0x1C,
    0x00, 0x73, 0xC0, 0x1C, 0x00, 0x70, 0x00, 0x1C, 0x00, 0x70, 0x00, 0x00, 0x00, 0x70, 0x00, 0x00,
    0x00, 0x70, 0x00, 0x00, 0x00, 0x60, 0x00, 0x00, 0x06, 0x00, 0x00, 0x00, 0xFE, 0x00, 0x00, 0x7F,
    0xFC, 0x00, 0x01, 0xFF, 0xC3, 0xFF, 0xE3, 0xFE, 0x07, 0xFF, 0xC0, 0x1C, 0x0F, 0xFF, 0x80, 0x38,
    0x1C, 0x07, 0x00, 0x70, 0x38, 0x0E, 0x00, 0xE0, 0x70, 0x1C, 0x01, 0xC0, 0xE0, 0x39, 0xFF, 0xFF,
    0xC0, 0x73, 0xFF, 0xFF, 0x80, 0xE3, 0xFF, 0xFF, 0x01, 0xC0, 0x3C, 0x0E, 0x03, 0x80, 0xFC, 0x1C,
    0x07, 0x01, 0xFC, 0x38, 0x0E, 0x07, 0xFC, 0x70, 0x1C, 0x0F, 0xFC, 0xE0, 0x38, 0x3B, 0xBD, 0xC0,
    0x70, 0x77, 0x3B, 0x80, 0xE1, 0xCE, 0x77, 0x01, 0xC7, 0x9C, 0x6E, 0x03, 0x8E, 0x38, 0x1C, 0x07,
    0x3C, 0x70, 0x38, 0x0E, 0x70, 0xE0, 0x7F, 0xFC, 0xC1, 0xC0, 0xFF, 0xF8, 0x83, 0x81, 0xFF, 0xF0,
    0x07, 0x03, 0x80, 0xE0, 0x0E, 0x07, 0x01, 0xC0, 0x1C, 0x0E, 0x03, 0x80, 0x38, 0x00, 0x00, 0x00,
    0x00, 0x00, 0x00, 0x00, 0x00, 0x00, 0x00, 0x00, 0x00, 0xF0, 0x00, 0x00, 0x03, 0xC0, 0x00, 0x00,
    0x0E, 0x00, 0xFF, 0x80, 0x78, 0x03, 0xFE, 0x01, 0xC0, 0x0F, 0xF9, 0xFF, 0xFF, 0xB8, 0xE7, 0xFF,
    0xFE, 0xE3, 0x9F, 0xFF, 0xFB, 0x8E, 0x70, 0x00, 0xEE, 0x39, 0xC0, 0x03, 0xB8, 0xE7, 0x00, 0x0E,
    0xE3, 0x9C, 0x00, 0x3B, 0x8E, 0x73, 0xFC, 0xEE, 0x39, 0xCF, 0xF3, 0xB8, 0xE7, 0x38, 0xCE, 0xE3,
    0x9C, 0xE3, 0x3B, 0x8E, 0x73, 0x8C, 0xEE, 0x39, 0xCE, 0x33, 0xB8, 0xE7, 0x38, 0xCE, 0xFF, 0x9C,
    0xE3, 0x3B, 0xFE, 0x73, 0x8C, 0xEF, 0xF9, 0xCF, 0xF3, 0xB8, 0x07, 0x3F, 0xCE, 0xE0, 0x1C, 0xE0,
    0x3B, 0x80, 0x73, 0x80, 0xEE, 0x01, 0xC0, 0x03, 0x80, 0x07, 0x00, 0x0E, 0x00, 0x1C, 0x00, 0x38,
    0x00, 0x70, 0x07, 0xE0, 0x01, 0xC0, 0x1F, 0x80, 0x07, 0x00, 0x7E, 0x00, 0x00, 0x00, 0x00, 0xFF,
    0xF1, 0xFF, 0xFF, 0xFF, 0x1F, 0xFF, 0xE0, 0x71, 0xC0, 0x7E, 0x07, 0x1C, 0x07, 0xE0, 0x71, 0xC0,
    0x7F, 0xFF, 0x1F, 0xFF, 0xFF, 0xF1, 0xFF, 0xFE, 0x07, 0x1C, 0x07, 0xE0, 0x71, 0xC0, 0x7E, 0x07,
    0x1C, 0x07, 0xFF, 0xF1, 0xFF, 0xFF, 0xFF, 0x1F, 0xFF, 0xE0, 0x00, 0x00, 0x7E, 0x00, 0x00, 0x07,
    0xE0, 0x00, 0x00, 0x7E, 0x1F, 0xFF, 0x07, 0xE1, 0xFF, 0xF0, 0x7E, 0x1F, 0xFF, 0x07, 0xE1, 0xC0,
    0x70, 0x7E, 0x1C, 0x07, 0x07, 0xE1, 0xC0, 0x70, 0x7E, 0x1C, 0x07, 0x07, 0xE1, 0xC0, 0x70, 0x7E,
    0x1F, 0xFF, 0x07, 0xE1, 0xFF, 0xF0, 0x7E, 0x1F, 0xFE, 0x07, 0xE1, 0xC0, 0x00, 0x7E, 0x1C, 0x01,
    0xFF, 0xE0, 0x00, 0x1F, 0xEE, 0x00, 0x01, 0xFE, 0x00, 0x00, 0x00, 0x00, 0x00, 0x00, 0x00, 0x00,
    0x01, 0xC0, 0x07, 0x00, 0x01, 0xC0, 0x07, 0x00, 0x01, 0xC0, 0x0F, 0x00, 0x00, 0xE0, 0x0E, 0x00,
    0x1F, 0xFF, 0x0E, 0x00, 0x3F, 0xFF, 0x0E, 0x00, 0x3F, 0xFF, 0x1F, 0xFE, 0x38, 0x07, 0x1F, 0xFE,
    0x38, 0x07, 0x1F, 0xFE, 0x38, 0x07, 0x3C, 0x38, 0x38, 0x07, 0x3C, 0x38, 0x38, 0x07, 0x3C, 0x38,
    0x3F, 0xFF, 0x7E, 0x38, 0x3F, 0xFF, 0x7E, 0x38, 0x3F, 0xFF, 0xFE, 0x78, 0x38, 0x00, 0x6E, 0x70,
    0x38, 0x00, 0x07, 0x70, 0x38, 0x00, 0x07, 0x70, 0x3F, 0xFF, 0x87, 0xE0, 0x3F, 0xFF, 0x83, 0xE0,
    0x3F, 0x07, 0x83, 0xE0, 0x3F, 0x03, 0x83, 0xC0, 0x3F, 0x03, 0x83, 0xC0, 0x7F, 0x03, 0x83, 0xE0,
    0x77, 0x03, 0x87, 0xE0, 0x77, 0x03, 0x8F, 0xF0, 0x77, 0x07, 0x8E, 0x78, 0xE7, 0xFF, 0xBE, 0x3C,
    0xE7, 0xFF, 0xFC, 0x3E, 0x67, 0x03, 0xF8, 0x1E, 0x07, 0x00, 0x70, 0x0C, 0x00, 0x00, 0x00, 0x00,
    0x00, 0x00, 0x00, 0x00, 0x03, 0x80, 0x0E, 0x00, 0x07, 0x80, 0x3C, 0x00, 0x07, 0x00, 0x70, 0x00,
    0x0F, 0x01, 0xE0, 0x07, 0xFF, 0xFF, 0xFF, 0x0F, 0xFF, 0xFF, 0xFE, 0x00, 0x01, 0xC0, 0x00, 0x00,
    0x03, 0x80, 0x00, 0x1F, 0xFF, 0xFF, 0xC0, 0x3F, 0xFF, 0xFF, 0x80, 0x00, 0x1C, 0x00, 0x00, 0x00,
    0x38, 0x00, 0x0F, 0xFF, 0xFF, 0xFF, 0x9F, 0xFF, 0xFF, 0xFF, 0x03, 0xC1, 0xC1, 0xE0, 0x03, 0x83,
    0x83, 0xC0, 0x07, 0x87, 0x07, 0x00, 0x07, 0x0E, 0x1E, 0x07, 0xFF, 0xFF, 0xFF, 0xFF, 0xFF, 0xFF,
    0xFF, 0xE0, 0x00, 0x00, 0x00, 0x00, 0x00, 0x00, 0x00, 0x03, 0xFF, 0xFF, 0xF0, 0x07, 0xFF, 0xFF,
    0xE0, 0x0E, 0x00, 0x03, 0xC0, 0x1C, 0x00, 0x07, 0x80, 0x38, 0x00, 0x0F, 0x00, 0x70, 0x00, 0x1E,
    0x00, 0xFF, 0xFF, 0xFC, 0x01, 0xFF, 0xFF, 0xF8, 0x03, 0x80, 0x00, 0xF0, 0x06, 0x00, 0x00, 0x00,
    0x1F, 0xFE, 0x7F, 0xF8, 0x3F, 0xFC, 0xFF, 0xF0, 0x70, 0x39, 0xC1, 0xE0, 0xE0, 0x73, 0x83, 0xC1,
    0xC0, 0xE7, 0x07, 0x83, 0xFF, 0xCF, 0xFF, 0x07, 0xFF, 0x9F, 0xFE, 0x00, 0x00, 0x00, 0x00, 0x00,
    0x00, 0x00, 0x00, 0x1F, 0xFF, 0xFF, 0xE0, 0x3F, 0xFF, 0xFF, 0xC0, 0x70, 0x1C, 0x07, 0x80, 0xE0,
    0x38, 0x0F, 0x01, 0xFF, 0xFF, 0xFE, 0x03, 0xFF, 0xFF, 0xFC, 0x07, 0x01, 0xC0, 0x78, 0x0E, 0x03,
    0x80, 0xF0, 0x1C, 0x07, 0x01, 0xE0, 0x3F, 0xFF, 0xFF, 0xC0, 0x7F, 0xFF, 0xFF, 0x80, 0x00, 0x38,
    0x00, 0x00, 0x00, 0x70, 0x00, 0x00, 0x00, 0xE0, 0x00, 0x3F, 0xFF, 0xFF, 0xFF, 0x7F, 0xFF, 0xFF,
    0xFE, 0xFF, 0xFF, 0xFF, 0xF8, 0x00, 0x0E, 0x00, 0x00, 0x00, 0x1C, 0x00, 0x00, 0x00, 0x38, 0x00,
    0x00, 0x00, 0x70, 0x00, 0x00, 0x0F, 0xFE, 0x3F, 0xFC, 0x07, 0xFF, 0x1F, 0xFE, 0x03, 0xFF, 0x8F,
    0xFF, 0x01, 0xC1, 0xC7, 0x07, 0x80, 0xE0, 0xE3, 0x83, 0xC0, 0x70, 0x71, 0xC1, 0xE0, 0x38, 0x38,
    0xE0, 0xF0, 0x1F, 0xFC, 0x7F, 0xF8, 0x0F, 0xFE, 0x3F, 0xFC, 0x07, 0xFF, 0x1F, 0xFE, 0x00, 0x00,
    0xE1, 0xE0, 0x00, 0x00, 0xF1, 0xFC, 0x00, 0x00, 0xF0, 0x1E, 0x03, 0xFF, 0xFF, 0xFF, 0xF9, 0xFF,
    0xFF, 0xFF, 0xFC, 0x7F, 0xFF, 0xFF, 0xFE, 0x00, 0xF0, 0x0F, 0x80, 0x00, 0xF8, 0x03, 0xE0, 0x01,
    0xF0, 0x00, 0xFC, 0x03, 0xFF, 0x83, 0xFF, 0xC7, 0xFF, 0xE3, 0xFF, 0xF3, 0xFF, 0xF1, 0xFF, 0xF8,
    0xF8, 0x38, 0xE0, 0xF8, 0x1C, 0x1C, 0x70, 0x78, 0x0E, 0x0E, 0x38, 0x3C, 0x07, 0x07, 0x1C, 0x1E,
    0x03, 0x83, 0x8E, 0x0F, 0x01, 0xFF, 0xC7, 0xFF, 0x80, 0xFF, 0xE3, 0xFF, 0xC0, 0x7F, 0xF1, 0xFF,
    0xE0, 0x30, 0x00, 0x60, 0x00, 0x00, 0x01, 0x80, 0x00, 0x00, 0x07, 0x00, 0x00, 0xFF, 0xFF, 0xFF,
    0xF3, 0xFF, 0xFF, 0xFF, 0xE0, 0x00, 0x38, 0x00, 0x01, 0xFF, 0xFF, 0xFC, 0x03, 0xFF, 0xFF, 0xF8,
    0x07, 0x81, 0xC0, 0x70, 0x0F, 0xFF, 0xFF, 0xE0, 0x0F, 0xFF, 0xFF, 0xC1, 0xFF, 0xFF, 0xFF, 0xF3,
    0xFF, 0xFF, 0xFF, 0xF7, 0x00, 0x00, 0x00, 0xEE, 0xFF, 0xDF, 0xFD, 0xDD, 0xFF, 0xBF, 0xFB, 0x03,
    0xFF, 0x7F, 0xF0, 0x07, 0xFE, 0xFF, 0xE0, 0x00, 0xE0, 0x38, 0x00, 0xFF, 0xFF, 0xFF, 0xE0, 0xFF,
    0xFF, 0xFF, 0xC1, 0xFF, 0xFF, 0xFF, 0x03, 0xFF, 0xFF, 0xFE, 0x00, 0x1C, 0x07, 0x00, 0x3F, 0xFF,
    0xFF, 0xFF, 0xFF, 0xFF, 0xFF, 0xFE, 0x00, 0xFF, 0xC0, 0xE0, 0x3F, 0xE1, 0xC7, 0xE7, 0xFF, 0x01,
    0xFF, 0x07, 0xFC, 0x3D, 0xF8, 0x00, 0x3F, 0xF8, 0xFF, 0x00, 0xFF, 0xE0, 0x7F, 0x80, 0xF8, 0x00,
    0x1E, 0x01, 0x00, 0x00, 0x00, 0x7F, 0xFF, 0xFF, 0xFB, 0xFF, 0xFF, 0xFF, 0xDF, 0xFF, 0xFF, 0xFE,
    0xE0, 0xE1, 0xE0, 0xF7, 0x07, 0x0F, 0x07, 0xB8, 0x38, 0x78, 0x3D, 0xC1, 0xC3, 0xC1, 0xEE, 0x0E,
    0x1E, 0x0F, 0x70, 0x70, 0xF0, 0x7B, 0x83, 0x87, 0x83, 0xDC, 0x1C, 0x3C, 0x1E, 0xE1, 0xE1, 0xE0,
    0xF7, 0x0F, 0x0F, 0x07, 0xB8, 0x70, 0x78, 0x3D, 0xC7, 0x81, 0xE7, 0xEE, 0x78, 0x0F, 0xFF, 0x77,
    0xC0, 0x7F, 0xFB, 0xFC, 0x00, 0x03, 0xDF, 0xC0, 0x00, 0x1E, 0xE8, 0x00, 0x00, 0xF7, 0x00, 0x00,
    0x07, 0xB8, 0x00, 0x00, 0x3D, 0xFF, 0xFF, 0xFF, 0xEF, 0xFF, 0xFF, 0xFF, 0x7F, 0xFF, 0xFF, 0xFB,
    0x80, 0x00, 0x03, 0xDC, 0x00, 0x00, 0x1E, 0x00, 0x00, 0x00, 0x00, 0xFF, 0xFF, 0xFF, 0xFF, 0xFF,
    0xFF, 0xFF, 0xFF, 0xFF, 0xFF, 0xFF, 0xE0, 0x00, 0x00, 0x7F, 0x00, 0x00, 0x03, 0xF8, 0x00, 0x00,
    0x1F, 0xC0, 0x00, 0x00, 0xFE, 0x00, 0x00, 0x07, 0xF0, 0xFF, 0xF8, 0x3F, 0x87, 0xFF, 0xC1, 0xFC,
    0x3F, 0xFE, 0x0F, 0xE1, 0xC0, 0x70, 0x7F, 0x0E, 0x03, 0x83, 0xF8, 0x70, 0x1C, 0x1F, 0xC3, 0x80,
    0xE0, 0xFE, 0x1C, 0x07, 0x07, 0xF0, 0xE0, 0x38, 0x3F, 0x87, 0x01, 0xC1, 0xFC, 0x3F, 0xFE, 0x0F,
    0xE1, 0xFF, 0xF0, 0x7F, 0x0F, 0xFF, 0x83, 0xF8, 0x00, 0x00, 0x1F, 0xC0, 0x00, 0x00, 0xFE, 0x00,
    0x00, 0x07, 0xF0, 0x00, 0x00, 0x3F, 0x80, 0x00, 0x01, 0xFF, 0xFF, 0xFF, 0xFF, 0xFF, 0xFF, 0xFF,
    0xFF, 0xFF, 0xFF, 0xFF, 0xF8, 0x00, 0x00, 0x1D, 0x80, 0x00, 0x00, 0xC0, 0xFF, 0xFF, 0xFF, 0xFF,
    0xFF, 0xFF, 0xFF, 0xFF, 0xFF, 0xFF, 0xFF, 0xC0, 0x0E, 0x00, 0x7E, 0x00, 0x70, 0x03, 0xF0, 0x03,
    0x80, 0x1F, 0x9F, 0xFF, 0xFC, 0xFC, 0xFF, 0xFF, 0xE7, 0xE0, 0x07, 0x00, 0x3F, 0x00, 0x38, 0x01,
    0xF8, 0x01, 0xC0, 0x0F, 0xC7, 0xFF, 0xFC, 0x7E, 0x3F, 0xFF, 0xE3, 0xF0, 0x03, 0x80, 0x1F, 0x80,
    0x1C, 0x00, 0xFC, 0x00, 0xE0, 0x07, 0xE7, 0xFF, 0xFF, 0xBF, 0x3F, 0xFF, 0xF9, 0xF9, 0xFF, 0xFF,
    0xCF, 0xC0, 0x0E, 0x0E, 0x7E, 0x00, 0x70, 0x73, 0xF0, 0x03, 0x83, 0x9F, 0x80, 0x1D, 0xFC, 0xFC,
    0x00, 0xEF, 0xC7, 0xE0, 0x07, 0x00, 0x3F, 0x00, 0x38, 0x01, 0xFF, 0xFF, 0xFF, 0xFF, 0xFF, 0xFF,
    0xFF, 0xFF, 0xFF, 0xFF, 0xFF, 0xF0, 0x00, 0x00, 0x1C, 0x7F, 0xFF, 0xFF, 0xFB, 0xFF, 0xFF, 0xFF,
    0xDF, 0xFF, 0xFF, 0xFE, 0xE0, 0x00, 0x00, 0xF7, 0x00, 0x70, 0x07, 0xB8, 0x03, 0x80, 0x3D, 0xC0,
    0x1C, 0x01, 0xEE, 0x00, 0xE0, 0x0F, 0x77, 0xFF, 0xFF, 0x7B, 0xBF, 0xFF, 0xFB, 0xDC, 0x01, 0xC0,
    0x1E, 0xE0, 0x0E, 0x00, 0xF7, 0x00, 0x70, 0x07, 0xB8, 0x03, 0x80, 0x3D, 0xC7, 0xFF, 0xF1, 0xEE,
    0x3F, 0xFF, 0x8F, 0x71, 0xC0, 0x1C, 0x7B, 0x8E, 0x00, 0xE3, 0xDC, 0x70, 0x07, 0x1E, 0xE3, 0x80,
    0x38, 0xF7, 0x1C, 0x01, 0xC7, 0xB8, 0xFF, 0xFE, 0x3D, 0xC7, 0xFF, 0xF1, 0xEE, 0x00, 0x00, 0x0F,
    0x70, 0x00, 0x00, 0x7B, 0x80, 0x00, 0x03, 0xDF, 0xFF, 0xFF, 0xFE, 0xFF, 0xFF, 0xFF, 0xF7, 0xFF,
    0xFF, 0xFF, 0xB8, 0x00, 0x00, 0x3C, 0x00, 0x00, 0x00, 0x00, 0x7F, 0xFF, 0xFF, 0xFF, 0xFF, 0xFF,
    0xFF, 0xFF, 0xFF, 0xFF, 0xFF, 0xE0, 0x30, 0x00, 0x7F, 0x01, 0xC0, 0x03, 0xF8, 0x1C, 0x00, 0x1F,
    0xC1, 0xFF, 0xF8, 0xFE, 0x1F, 0xFF, 0xC7, 0xF1, 0xE0, 0x3C, 0x3F, 0xBF, 0x83, 0xC1, 0xFF, 0xEF,
    0x3C, 0x0F, 0xEC, 0x3F, 0xC0, 0x7F, 0x00, 0xFC, 0x03, 0xF8, 0x1F, 0xF8, 0x1F, 0xC7, 0xFF, 0xF8,
    0xFF, 0xFF, 0x0F, 0xFF, 0xFF, 0xD8, 0x1F, 0xBF, 0xF1, 0xF8, 0x09, 0xFC, 0x07, 0xF8, 0x0F, 0xE0,
    0x07, 0xE0, 0x7F, 0x08, 0x06, 0x03, 0xF8, 0xFF, 0x00, 0x1F, 0xC7, 0xFF, 0x80, 0xFE, 0x07, 0xFF,
    0x87, 0xF0, 0x01, 0xFC, 0x3F, 0x80, 0x00, 0xC1, 0xFF, 0xFF, 0xFF, 0xFF, 0xFF, 0xFF, 0xFF, 0xFF,
    0xFF, 0xFF, 0xFF, 0xF8, 0x00, 0x00, 0x1D, 0x80, 0x00, 0x00, 0xE0, 0x7F, 0xFF, 0xFF, 0xFF, 0xFF,
    0xFF, 0xFF, 0xFF, 0xFF, 0xFF, 0xFF, 0xC0, 0x1C, 0x00, 0x7E, 0x01, 0xC0, 0x03, 0xF0, 0xFF, 0xFE,
    0x1F, 0x87, 0xFF, 0xF0, 0xFC, 0x07, 0x03, 0x87, 0xE7, 0xFF, 0xFF, 0xBF, 0x3F, 0xFF, 0xFD, 0xF8,
    0x00, 0x00, 0x0F, 0xC3, 0xFF, 0xF8, 0x7E, 0x1F, 0xFF, 0xC3, 0xF0, 0xE0, 0x0E, 0x1F, 0x87, 0x00,
    0x70, 0xFC, 0x3F, 0xFF, 0x87, 0xE1, 0xFF, 0xFC, 0x3F, 0x00, 0x0E, 0x01, 0xF9, 0xFF, 0xFF, 0xCF,
    0xCF, 0xFF, 0xFE, 0x7E, 0x18, 0x1C, 0x03, 0xF1, 0xC0, 0xE0, 0x1F, 0x8F, 0xFF, 0xFC, 0xFC, 0x7F,
    0xFF, 0xE7, 0xE0, 0x01, 0xC0, 0x3F, 0x00, 0x0E, 0x01, 0xFF, 0xFF, 0xFF, 0xFF, 0xFF, 0xFF, 0xFF,
    0xFF, 0xFF, 0xFF, 0xFF, 0xF0, 0x00, 0x00, 0x1D, 0x80, 0x00, 0x00, 0xE0, 0xFF, 0xFF, 0xFF, 0xFF,
    0xFF, 0xFF, 0xFF, 0xFC, 0x00, 0x00, 0x0F, 0xC0, 0x00, 0x00, 0x7E, 0x1F, 0xFF, 0xC3, 0xF0, 0xFF,
    0xFE, 0x1F, 0x87, 0x00, 0x70, 0xFC, 0x3F, 0xFF, 0x87, 0xE1, 0xFF, 0xFC, 0x3F, 0x00, 0x38, 0x01,
    0xF8, 0x01, 0xC0, 0x0F, 0xDF, 0xFF, 0xFF, 0x7E, 0xFF, 0xFF, 0xFB, 0xF0, 0x03, 0x80, 0x1F, 0x8F,
    0xFF, 0xF8, 0xFC, 0x7F, 0xFF, 0xC7, 0xE3, 0x80, 0x0E, 0x3F, 0x1C, 0xFF, 0x71, 0xF8, 0xE7, 0xFB,
    0x8F, 0xC7, 0x31, 0xDC, 0x7E, 0x39, 0xFE, 0xE3, 0xF1, 0xCF, 0xE7, 0x1F, 0x8E, 0x00, 0x38, 0xFC,
    0x7F, 0xFF, 0xC7, 0xE3, 0xFF, 0xFE, 0x3F, 0x00, 0x00, 0x01, 0xFF, 0xFF, 0xFF, 0xFF, 0xFF, 0xFF,
    0xFF, 0xFF, 0xFF, 0xFF, 0xFF, 0xF0, 0x00, 0x00, 0x1C, 0x00, 0x00, 0x00, 0x00, 0x00, 0x3C, 0x00,
    0x00, 0x00, 0x78, 0x00, 0x00, 0x00, 0xE0, 0x00, 0x00, 0x03, 0xC0, 0x00, 0x00, 0x07, 0x80, 0x00,
    0x1F, 0xFF, 0xFF, 0xFF, 0xBF, 0xFF, 0xFF, 0xFF, 0x7F, 0xFF, 0xFF, 0xFC, 0x01, 0xE0, 0x00, 0x00,
    0x03, 0x80, 0x70, 0x00, 0x0F, 0x00, 0xE0, 0x00, 0x3C, 0x01, 0xC0, 0x00, 0x78, 0x03, 0x80, 0x01,
    0xE0, 0x07, 0x00, 0x07, 0x80, 0x0E, 0x00, 0x1F, 0x00, 0x1C, 0x00, 0x7E, 0x3F, 0xFF, 0xF1, 0xFC,
    0x7F, 0xFF, 0xE7, 0xF8, 0xFF, 0xFF, 0xCF, 0x70, 0x01, 0xC0, 0x0C, 0xE0, 0x03, 0x80, 0x01, 0xC0,
    0x07, 0x00, 0x03, 0x80, 0x0E, 0x00, 0x07, 0x00, 0x1C, 0x00, 0x0E, 0x00, 0x38, 0x00, 0x1C, 0x00,
    0x70, 0x00, 0x38, 0x00, 0xE0, 0x00, 0x70, 0x01, 0xC0, 0x00, 0xE7, 0xFF, 0xFF, 0xC1, 0xCF, 0xFF,
    0xFF, 0x83, 0x9F, 0xFF, 0xFE, 0x00, 0x00, 0x04, 0x00, 0x0E, 0x00, 0x0E, 0x00, 0x0E, 0x00, 0x0E,
    0x00, 0x0E, 0x00, 0x0E, 0x00, 0x0E, 0x07, 0x0E, 0x00, 0x0E, 0x07, 0x0E, 0x00, 0x0E, 0x07, 0x0E,
    0x18, 0x0E, 0x07, 0x0E, 0x3C, 0x0E, 0x07, 0x0E, 0xFC, 0xFF, 0xE7, 0x0F, 0xFC, 0xFF, 0xE7, 0x1F,
    0xFC, 0xFF, 0xE7, 0xFF, 0x1C, 0x0E, 0x07, 0xFE, 0x1C, 0x0E, 0x0F, 0xFE, 0x1C, 0x0E, 0x3F, 0x8E,
    0x1C, 0x0E, 0x3F, 0x0E, 0x1C, 0x0E, 0x3F, 0x0E, 0x1C, 0x0E, 0x07, 0x0E, 0x1C, 0x0E, 0x07, 0x0E,
    0x1C, 0x0E, 0x07, 0x0E, 0x1C, 0x0E, 0xE7, 0x0E, 0x3C, 0x0F, 0xF7, 0x0E, 0xF8, 0x1F, 0xE7, 0x0E,
    0xF8, 0x7F, 0x87, 0x0E, 0x00, 0xFE, 0x07, 0x0E, 0x04, 0xF8, 0x07, 0x00, 0x0E, 0x40, 0x07, 0x00,
    0x0E, 0x00, 0x07, 0x00, 0x0E, 0x00, 0x07, 0x80, 0x1E, 0x00, 0x07, 0xFF, 0xFE, 0x00, 0x03, 0xFF,
    0xFC, 0x00, 0x00, 0xFF, 0xF0, 0x07, 0x00, 0x0F, 0x00, 0x07, 0x00, 0x0F, 0x00, 0x07, 0x00, 0x0F,
    0x00, 0x07, 0x00, 0x0F, 0x00, 0x07, 0x00, 0x0F, 0x00, 0x07, 0x00, 0x0F, 0x00, 0x07, 0x00, 0x0F,
    0x00, 0x07, 0x07, 0x0F, 0x00, 0xFF, 0xF7, 0x0F, 0x00, 0xFF, 0xF7, 0x0F, 0x00, 0xFF, 0xF7, 0x0F,
    0x00, 0x07, 0x07, 0x0F, 0xFE, 0x07, 0x07, 0x0F, 0xFE, 0x07, 0x07, 0x0F, 0xFE, 0x07, 0x07, 0x0F,
    0x00, 0x07, 0x07, 0x0F, 0x00, 0x07, 0x07, 0x0F, 0x00, 0x07, 0x07, 0x0F, 0x00, 0x07, 0x37, 0x0F,
    0x00, 0x07, 0xF7, 0x0F, 0x00, 0x07, 0xF7, 0x0F, 0x00, 0x1F, 0xE7, 0x0F, 0x00, 0xFF, 0x87, 0x0F,
    0x00, 0xFE, 0x07, 0x0F, 0x00, 0xF0, 0x07, 0x0F, 0x00, 0x40, 0x07, 0x0F, 0x00, 0x00, 0x07, 0x0F,
    0x00, 0x00, 0x7F, 0xFF, 0xFE, 0x00, 0x7F, 0xFF, 0xFE, 0x00, 0x7F, 0xFF, 0xFE, 0x00, 0x03, 0x80,
    0x00, 0x03, 0x07, 0x03, 0x00, 0x0F, 0x0E, 0x07, 0x00, 0x1E, 0x1C, 0x0E, 0x00, 0x38, 0x38, 0x3C,
    0x00, 0x70, 0x70, 0x70, 0x01, 0xE0, 0xE0, 0xE0, 0x03, 0xC1, 0xC3, 0xC0, 0x07, 0x83, 0x87, 0x80,
    0x1F, 0x87, 0x1F, 0x80, 0x7F, 0x8E, 0x3F, 0x80, 0xF7, 0x9C, 0xF7, 0x83, 0xC7, 0xBB, 0xC7, 0x8F,
    0x07, 0xFF, 0x07, 0xBE, 0x06, 0xFE, 0x07, 0xF8, 0x01, 0xF8, 0x0F, 0x60, 0x03, 0x80, 0x0C, 0x00,
    0x07, 0x00, 0x00, 0x7F, 0xFF, 0xFF, 0xE0, 0xFF, 0xFF, 0xFF, 0xC1, 0xFF, 0xFF, 0xFF, 0x80, 0x00,
    0x70, 0x00, 0x00, 0x00, 0xE0, 0x00, 0x00, 0x01, 0xC0, 0x00, 0x00, 0x03, 0x80, 0x00, 0x00, 0x07,
    0x00, 0x00, 0x00, 0x0E, 0x00, 0x03, 0xFF, 0xFF, 0xFF, 0xFF, 0xFF, 0xFF, 0xFF, 0xFF, 0xFF, 0xFF,
    0xFF, 0xC0, 0x00, 0x00, 0x00, 0x00, 0x00, 0xE7, 0xFF, 0xE0, 0xE1, 0xDF, 0xFF, 0xE1, 0xC3, 0xBF,
    0xFF, 0xC3, 0x87, 0x1C, 0x07, 0x07, 0x0E, 0x38, 0x1E, 0x0E, 0x1C, 0x78, 0x38, 0x1C, 0x38, 0x70,
    0xF0, 0x38, 0x70, 0xF1, 0xC0, 0x70, 0xE0, 0xF7, 0x80, 0xE1, 0xC0, 0xFE, 0x01, 0xC3, 0x80, 0xF8,
    0x03, 0x87, 0x03, 0xF0, 0x07, 0x0E, 0x0F, 0xF8, 0x0E, 0x1C, 0xFE, 0xFC, 0x1C, 0x3F, 0xF0, 0xFF,
    0x18, 0x77, 0xC0, 0x7E, 0x00, 0xEC, 0x00, 0x38, 0x00, 0x0E, 0x00, 0x00, 0x00, 0x1C, 0x00, 0x00,
    0xFF, 0xFF, 0xFE, 0x01, 0xFF, 0xFF, 0xFE, 0x03, 0xFF, 0xFF, 0xFC, 0x00, 0x01, 0xC0, 0x00, 0x00,
    0x03, 0x80, 0x00, 0x00, 0x07, 0x00, 0x00, 0x00, 0x0E, 0x00, 0x03, 0xFF, 0xFF, 0xFF, 0xFF, 0xFF,
    0xFF, 0xFF, 0xFF, 0xFF, 0xFF, 0xFF, 0xC0, 0x00, 0x00, 0x00, 0x00, 0x0E, 0x00, 0x07, 0x60, 0x0E,
    0x00, 0x07, 0x78, 0x0E, 0x00, 0x07, 0x3C, 0x0E, 0x00, 0x07, 0x1C, 0x0E, 0x00, 0x07, 0x0C, 0x0E,
    0x3F, 0xFF, 0xFE, 0x0E, 0x3F, 0xFF, 0xFE, 0x0E, 0x3F, 0xFF, 0xFE, 0xFF, 0xC0, 0x07, 0x00, 0xFF,
    0xC0, 0x07, 0x00, 0xFF, 0x9F, 0xF7, 0x1C, 0x0E, 0x1F, 0xF7, 0x1C, 0x0E, 0x18, 0x77, 0x1C, 0x0E,
    0x18, 0x77, 0x38, 0x0E, 0x18, 0x77, 0x38, 0x0E, 0x18, 0x77, 0xB8, 0x0E, 0x18, 0x77, 0xF0, 0x0E,
    0x18, 0x73, 0xF0, 0x0E, 0x1F, 0xF3, 0xF0, 0x0E, 0xDF, 0xF3, 0xE0, 0x0F, 0xC0, 0x03, 0xE0, 0x0F,
    0xC0, 0x0B, 0xC0, 0x3F, 0x80, 0xFB, 0xC0, 0xFE, 0x0F, 0xFF, 0xC0, 0xFC, 0x7F, 0xFF, 0xC6, 0xF0,
    0x7F, 0x9F, 0xC6, 0x40, 0x78, 0x3F, 0xE6, 0x00, 0x00, 0x7C, 0xEE, 0x00, 0x00, 0xF8, 0xFE, 0x00,
    0x00, 0xF0, 0x7C, 0x00, 0x00, 0x40, 0x3C, 0x3F, 0xFE, 0xFF, 0xFC, 0x7F, 0xFD, 0xFF, 0xF8, 0xE3,
    0x83, 0xFF, 0xF1, 0xC7, 0x03, 0x81, 0xC3, 0x8E, 0x03, 0x83, 0x87, 0xFF, 0xE7, 0x0F, 0x0F, 0xFF,
    0xCE, 0x1C, 0x1C, 0x03, 0x8E, 0x78, 0x38, 0x07, 0x1F, 0xE0, 0x70, 0x0E, 0x1F, 0xC0, 0xFF, 0xFC,
    0x3F, 0x01, 0xFF, 0xF8, 0x3C, 0x03, 0x8E, 0x00, 0xFC, 0x07, 0x1C, 0x03, 0xFC, 0x0E, 0x38, 0x0F,
    0xFC, 0x1F, 0xFF, 0xFE, 0x7E, 0x3F, 0xFF, 0xF0, 0x7E, 0x00, 0x01, 0xC0, 0x3C, 0x00, 0x0E, 0x00,
    0x10, 0x00, 0x1C, 0x00, 0x00, 0xFF, 0xFF, 0xFE, 0x01, 0xFF, 0xFF, 0xFE, 0x03, 0xFF, 0xFF, 0xFC,
    0x00, 0x01, 0xC0, 0x00, 0x00, 0x03, 0x80, 0x00, 0x00, 0x07, 0x00, 0x00, 0x00, 0x0E, 0x00, 0x07,
    0xFF, 0xFF, 0xFF, 0xFF, 0xFF, 0xFF, 0xFF, 0xEF, 0xFF, 0xFF, 0xFF, 0xC0, 0x00, 0x00, 0x08, 0x00,
    0x1C, 0x00, 0x38, 0x00, 0x38, 0x00, 0x70, 0x00, 0x70, 0x00, 0xE0, 0x00, 0xE1, 0xFF, 0xFF, 0xC1,
    0xC3, 0xFF, 0xFF, 0x83, 0x80, 0x87, 0x08, 0x07, 0x07, 0x0E, 0x3C, 0x0E, 0x07, 0x1C, 0x71, 0xFF,
    0x87, 0x39, 0xC3, 0xFF, 0x0F, 0x77, 0x07, 0xFE, 0x0C, 0xE6, 0x00, 0xE7, 0xFF, 0xFF, 0xE1, 0xCF,
    0xFF, 0xFF, 0xC3, 0x8F, 0xFF, 0xFF, 0x87, 0x00, 0x00, 0x00, 0x0E, 0x00, 0x00, 0x00, 0x1C, 0x3F,
    0xFF, 0xF0, 0x38, 0x7F, 0xFF, 0xE0, 0x70, 0xE0, 0x01, 0xC0, 0xFD, 0xC0, 0x03, 0x81, 0xFB, 0xBF,
    0xF7, 0x07, 0xF7, 0x7F, 0xEE, 0x7F, 0x8E, 0xE0, 0xDC, 0xFC, 0x1D, 0xC1, 0xB9, 0xE0, 0x3B, 0xFF,
    0x70, 0x00, 0x73, 0xFE, 0xE0, 0x00, 0xE0, 0x01, 0xC0, 0x01, 0xC0, 0x03, 0x80, 0x03, 0xFF, 0xFF,
    0x00, 0x07, 0xFF, 0xFE, 0x00, 0x0E, 0x00, 0x1C, 0x00, 0x1C, 0x00, 0x18, 0x00, 0x00, 0x00, 0x00,
    0x38, 0x0E, 0x03, 0x80, 0xE0, 0x38, 0x0E, 0x03, 0x80, 0xF0, 0x78, 0x0E, 0x01, 0xC1, 0xC0, 0x38,
    0x07, 0x0E, 0x00, 0xE1, 0xFF, 0xFF, 0xC3, 0x87, 0xFF, 0xFF, 0x0E, 0x1D, 0x1C, 0xDF, 0xFF, 0x7E,
    0x73, 0x7F, 0xFD, 0xDD, 0xDD, 0xDF, 0xF7, 0x77, 0x67, 0x0E, 0x1C, 0xDF, 0x9C, 0x38, 0x73, 0x7C,
    0x70, 0xE1, 0xC1, 0xC1, 0xC3, 0x87, 0xFF, 0xFF, 0x0E, 0x1F, 0xFF, 0xFC, 0x38, 0x00, 0x00, 0x00,
    0xE0, 0x00, 0x00, 0x03, 0x81, 0xFF, 0xFC, 0x0E, 0x07, 0xFF, 0xF0, 0x39, 0x1C, 0x01, 0xC0, 0xFE,
    0x70, 0x07, 0x07, 0xF9, 0xC0, 0x1C, 0x7F, 0xC7, 0xFF, 0xF3, 0xF8, 0x1F, 0xFF, 0xCF, 0x00, 0x70,
    0x07, 0x10, 0x01, 0xC0, 0x1C, 0x00, 0x07, 0xFF, 0xF0, 0x00, 0x1F, 0xFF, 0xC0, 0x00, 0x70, 0x07,
    0x00, 0x01, 0xC0, 0x1C, 0x00, 0x00, 0x02, 0x00, 0x00, 0x00, 0x0E, 0x00, 0xFF, 0xF0, 0x1C, 0x01,
    0xFF, 0xEF, 0xFF, 0xE3, 0x81, 0xDF, 0xFF, 0xC7, 0x03, 0x86, 0x0E, 0x0E, 0x07, 0x0E, 0x1C, 0x1C,
    0x0E, 0x1C, 0x38, 0x3F, 0xFC, 0x38, 0xE0, 0x7F, 0xFF, 0xFF, 0xFC, 0xE0, 0x07, 0xFF, 0xF9, 0xC0,
    0x00, 0x38, 0x03, 0xFF, 0xE0, 0x70, 0x0F, 0xFF, 0xC0, 0xE0, 0x1F, 0x03, 0xFF, 0xFF, 0x3E, 0x07,
    0xFF, 0xFE, 0xFC, 0x0E, 0xFF, 0xFD, 0xFF, 0xFC, 0x0E, 0x03, 0xFF, 0xF8, 0x1C, 0x02, 0x00, 0x1C,
    0x38, 0x00, 0x00, 0x38, 0x00, 0x00, 0x00, 0x70, 0x00, 0x03, 0xFF, 0xFF, 0xF8, 0x07, 0xFF, 0xFF,
    0xF8, 0x0F, 0xFF, 0xFF, 0xF0, 0x00, 0x07, 0x00, 0x00, 0x00, 0x0E, 0x00, 0x00, 0x00, 0x1C, 0x00,
    0x00, 0x00, 0x38, 0x00, 0x1F, 0xFF, 0xFF, 0xFF, 0xFF, 0xFF, 0xFF, 0xFF, 0xBF, 0xFF, 0xFF, 0xFF,
    0x00, 0x00, 0x00, 0x00, 0x01, 0xC0, 0x1E, 0x00, 0x01, 0xC0, 0x1E, 0x00, 0x01, 0xC0, 0x1E, 0x00,
    0x01, 0xC0, 0x1E, 0x00, 0x21, 0xC0, 0x1E, 0x00, 0xF1, 0xC0, 0x1E, 0x00, 0x71, 0xC0, 0x1E, 0x00,
    0x79, 0xC0, 0x1E, 0x00, 0x39, 0xC0, 0x1E, 0x00, 0x3D, 0xC0, 0x1E, 0x00, 0x1D, 0xC0, 0x1E, 0x00,
    0x1D, 0xDF, 0xFF, 0xFE, 0x09, 0xFF, 0xFF, 0xFE, 0x01, 0xFF, 0xFF, 0xFE, 0x01, 0xC0, 0x1E, 0x00,
    0x01, 0xC0, 0x1E, 0x00, 0x01, 0xC0, 0x1E, 0x00, 0x01, 0xC0, 0x1E, 0x00, 0x03, 0xC0, 0x1E, 0x00,
    0x07, 0xC0, 0x1E, 0x00, 0x1F, 0xC0, 0x1E, 0x00, 0x7F, 0xC0, 0x1E, 0x00, 0xFD, 0xC0, 0x1E, 0x00,
    0xF1, 0xC0, 0x1E, 0x00, 0x61, 0xC0, 0x1E, 0x00, 0x01, 0xC0, 0x1E, 0x00, 0x01, 0xC0, 0x1E, 0x00,
    0x01, 0xCF, 0xFF, 0xFC, 0x01, 0xDF, 0xFF, 0xFC, 0x01, 0xDF, 0xFF, 0xFC, 0x01, 0xC0, 0x00, 0x00,
    0x00, 0x80, 0x00, 0x00, 0x00, 0x00, 0x00, 0x00, 0x00, 0xE0, 0x0E, 0x00, 0x70, 0xE0, 0x0E, 0x00,
    0x70, 0xE0, 0x0E, 0x00, 0x70, 0xE0, 0x0E, 0x00, 0x70, 0xE0, 0x0E, 0x00, 0x70, 0xE0, 0x0E, 0x00,
    0x70, 0xE0, 0x0E, 0x00, 0x70, 0xE0, 0x0E, 0x00, 0x70, 0xE0, 0x0E, 0x00, 0x7F, 0xE0, 0x0E, 0x00,
    0x7F, 0xE0, 0x0E, 0x00, 0x7F, 0xEF, 0xFF, 0xFE, 0x00, 0xEF, 0xFF, 0xFE, 0x00, 0xEF, 0xFF, 0xFE,
    0x00, 0xE0, 0x0E, 0x00, 0x00, 0xE0, 0x0E, 0x00, 0xFF, 0xE0, 0x0E, 0x00, 0xFF, 0xE0, 0x0E, 0x00,
    0xFF, 0xE0, 0x0E, 0x00, 0x38, 0xE0, 0x0E, 0x00, 0x38, 0xE0, 0x0E, 0x00, 0x38, 0xE0, 0x0E, 0x00,
    0x38, 0xE0, 0x0E, 0x00, 0x38, 0xE0, 0x0E, 0x00, 0x38, 0xE0, 0x0E, 0x00, 0x70, 0xE0, 0x0E, 0x00,
    0x70, 0xE0, 0x0E, 0x00, 0x70, 0xE7, 0xFF, 0xFC, 0xF0, 0xEF, 0xFF, 0xFE, 0xE0, 0xEF, 0xFF, 0xFE,
    0xE0, 0xE0, 0x00, 0x00, 0x00, 0x40, 0x00, 0x00, 0x00, 0x00, 0xC0, 0x00, 0x00, 0x03, 0x80, 0x00,
    0x00, 0x07, 0x00, 0x01, 0xFF, 0xFF, 0xFF, 0xF3, 0xFF, 0xFF, 0xFF, 0xE7, 0xFF, 0xFF, 0xFF, 0xC0,
    0x00, 0x70, 0x00, 0x00, 0x00, 0xE0, 0x00, 0x00, 0x01, 0xC0, 0x00, 0x1F, 0xFF, 0xFF, 0xF8, 0x3F,
    0xFF, 0xFF, 0xF0, 0x3F, 0xFF, 0xFF, 0xC0, 0x00, 0x00, 0x00, 0x00, 0x00, 0x00, 0x00, 0x01, 0xFF,
    0xFF, 0xFE, 0x03, 0xFF, 0xFF, 0xFC, 0x07, 0x01, 0xC0, 0x38, 0x0E, 0x03, 0x80, 0x70, 0x1C, 0x07,
    0x00, 0xE0, 0x38, 0x0E, 0x01, 0xC0, 0x70, 0x1C, 0x03, 0x80, 0xFF, 0xFF, 0xFF, 0x03, 0xFF, 0xFF,
    0xFE, 0x07, 0xFF, 0xFF, 0xFC, 0x0E, 0x00, 0x00, 0x38, 0x1C, 0x00, 0x00, 0x70, 0x78, 0x00, 0x00,
    0x00, 0xE0, 0x00, 0x00, 0x03, 0xC0, 0x00, 0x00, 0x07, 0x00, 0x00, 0x00, 0x1E, 0x00, 0x00, 0x00,
    0x38, 0x00, 0x00, 0x00, 0x00, 0x00, 0x00, 0x00, 0x00, 0x00, 0x00, 0x00, 0x03, 0x80, 0x1E, 0x00,
    0x03, 0x80, 0x1E, 0x00, 0x07, 0x80, 0x1E, 0x00, 0x07, 0x80, 0x1E, 0x00, 0x07, 0x00, 0x1E, 0x00,
    0x07, 0xFF, 0x1E, 0x00, 0x07, 0xFF, 0x1E, 0x00, 0x0F, 0xFF, 0x1E, 0x00, 0x0E, 0x07, 0x1F, 0x00,
    0x0E, 0x0F, 0x1F, 0x80, 0x1E, 0x0F, 0x1F, 0xC0, 0x1E, 0x0E, 0x1F, 0xC0, 0x3E, 0x0E, 0x1F, 0xE0,
    0x3F, 0x0E, 0x1E, 0xF0, 0x7F, 0x1E, 0x1E, 0x78, 0x7F, 0x1C, 0x1E, 0x3C, 0x73, 0x9C, 0x1E, 0x3C,
    0x23, 0xBC, 0x1E, 0x1C, 0x03, 0xF8, 0x1E, 0x08, 0x01, 0xF8, 0x1E, 0x00, 0x01, 0xF0, 0x1E, 0x00,
    0x00, 0xF0, 0x1E, 0x00, 0x01, 0xF8, 0x1E, 0x00, 0x01, 0xFC, 0x1E, 0x00, 0x03, 0xFE, 0x1E, 0x00,
    0x07, 0x9F, 0x80, 0x00, 0x0F, 0x8F, 0xF0, 0x00, 0x3F, 0x07, 0xFF, 0xFE, 0x7E, 0x01, 0xFF, 0xFE,
    0xF8, 0x00, 0x3F, 0xFE, 0x70, 0x00, 0x00, 0x00, 0x00, 0x00, 0x00, 0x00, 0x00, 0x08, 0x00, 0x00,
    0x00, 0x0F, 0x00, 0x00, 0x00, 0x07, 0x80, 0x00, 0x00, 0x07, 0xFF, 0xF8, 0x00, 0x07, 0xFF, 0xFE,
    0x00, 0x07, 0xFF, 0xFF, 0x00, 0x07, 0xC0, 0x0F, 0x00, 0x0F, 0xF0, 0x0F, 0x00, 0x1F, 0xFC, 0x1F,
    0x00, 0x1F, 0x9F, 0xBF, 0x00, 0x07, 0x03, 0xFE, 0x00, 0x00, 0x00, 0xFE, 0x00, 0x00, 0x03, 0xFF,
    0xE0, 0x00, 0x0F, 0xFF, 0xFF, 0x80, 0xFF, 0xF0, 0x7F, 0xFC, 0xFF, 0xC0, 0x07, 0xFE, 0x7F, 0x00,
    0x00, 0x1F, 0x1B, 0xFF, 0xFF, 0xF8, 0x01, 0xFF, 0xFF, 0xFC, 0x00, 0xFF, 0xFF, 0xFE, 0x00, 0x78,
    0x1C, 0x0F, 0x00, 0x3C, 0x0E, 0x07, 0x80, 0x1E, 0x07, 0x03, 0xC0, 0x0F, 0xFF, 0xFF, 0xE0, 0x07,
    0xFF, 0xFF, 0xF0, 0x03, 0xC0, 0xE0, 0x78, 0x01, 0xE0, 0x70, 0x3C, 0x00, 0xF0, 0x38, 0x1E, 0x00,
    0x7F, 0xFF, 0xFF, 0x00, 0x3F, 0xFF, 0xFF, 0x80, 0x1F, 0xFF, 0xFF, 0xC0, 0x0F, 0x00, 0x01, 0xE0,
    0x00, 0x00, 0x00, 0x00, 0x00, 0x00, 0x00, 0x00, 0x00, 0x01, 0xC0, 0x00, 0x00, 0x03, 0xC0, 0x00,
    0x00, 0x03, 0x80, 0x00, 0x00, 0x07, 0xFF, 0xFF, 0xF8, 0x0F, 0xFF, 0xFF, 0xF8, 0x1F, 0x00, 0x00,
    0x00, 0x3C, 0x00, 0x00, 0x00, 0x7B, 0xFF, 0xFF, 0xE0, 0x73, 0xFF, 0xFF, 0xE0, 0x63, 0x80, 0x00,
    0xE0, 0x03, 0x80, 0x00, 0xE0, 0x03, 0x80, 0x00, 0xE0, 0x03, 0xFF, 0xFF, 0xE0, 0x03, 0xFF, 0xFF,
    0xE0, 0x03, 0x80, 0x00, 0xE0, 0x03, 0x80, 0x00, 0xE0, 0x03, 0xFF, 0xFF, 0xE0, 0x03, 0xFF, 0xFF,
    0xE0, 0x00, 0x70, 0x00, 0x00, 0x00, 0xF0, 0x00, 0x00, 0x01, 0xFF, 0xFF, 0xC0, 0x03, 0xFF, 0xFF,
    0xC0, 0x0F, 0xE0, 0x07, 0x80, 0x1F, 0xF0, 0x0F, 0x00, 0x3E, 0x7C, 0x3E, 0x00, 0x18, 0x3F, 0xFC,
    0x00, 0x00, 0x0F, 0xF0, 0x00, 0x00, 0xFF, 0xFF, 0x00, 0x3F, 0xFF, 0xFF, 0xFE, 0xFF, 0xF8, 0x1F,
    0xFE, 0xFF, 0x80, 0x01, 0xFC, 0x40, 0x00, 0x00, 0x00, 0x00, 0x00, 0x0C, 0x00, 0x03, 0x80, 0x1C,
    0x00, 0x03, 0x80, 0x1C, 0x00, 0x03, 0x80, 0x1C, 0x00, 0x07, 0x80, 0x1C, 0x00, 0x07, 0x00, 0x1C,
    0x00, 0x07, 0xFF, 0x9C, 0x00, 0x0F, 0xFF, 0x9C, 0x00, 0x0F, 0xFF, 0x9C, 0x00, 0x0E, 0x07, 0x1C,
    0x00, 0x1E, 0x07, 0x1C, 0x00, 0x1C, 0x0F, 0x1F, 0x00, 0x3C, 0x0F, 0x1F, 0x80, 0x38, 0x0E, 0x1F,
    0xC0, 0x7E, 0x0E, 0x1D, 0xE0, 0xFF, 0x9E, 0x1C, 0xF0, 0x77, 0xDE, 0x1C, 0x7C, 0x23, 0xFC, 0x1C,
    0x3C, 0x01, 0xFC, 0x1C, 0x1E, 0x00, 0x78, 0x1C, 0x0E, 0x00, 0x78, 0x1C, 0x04, 0x00, 0x70, 0x1C,
    0x00, 0x00, 0xF0, 0x1C, 0x00, 0x01, 0xE0, 0x1C, 0x00, 0x03, 0xE0, 0x1C, 0x00, 0x07, 0xC0, 0x1C,
    0x00, 0x0F, 0x80, 0x1C, 0x00, 0x1F, 0x00, 0x1C, 0x00, 0x3E, 0x00, 0x1C, 0x00, 0xFC, 0x00, 0x1C,
    0x00, 0x78, 0x00, 0x1C, 0x00, 0x30, 0x00, 0x1C, 0x00, 0x00, 0x00, 0x00, 0x00, 0x00, 0x04, 0x00,
    0x00, 0x00, 0x3C, 0x00, 0x00, 0x01, 0xE0, 0x00, 0x00, 0x0F, 0xFF, 0x80, 0x00, 0x7F, 0xFF, 0x80,
    0x07, 0xFF, 0xFC, 0x00, 0x3E, 0x00, 0xF0, 0x03, 0xF0, 0x07, 0x80, 0x3F, 0x40, 0x3C, 0x00, 0xFB,
    0xC3, 0xE0, 0x01, 0x8F, 0x9F, 0x00, 0x00, 0x0F, 0xF8, 0x00, 0x00, 0x1F, 0xB0, 0x00, 0x01, 0xFD,
    0xE0, 0x00, 0x3F, 0xCF, 0x80, 0x07, 0xFC, 0x7F, 0xFC, 0xFF, 0xC3, 0xFF, 0xFD, 0xF8, 0x1F, 0xFF,
    0xE7, 0x01, 0xF8, 0x07, 0x80, 0x0F, 0x80, 0x3C, 0x00, 0xFC, 0x01, 0xF0, 0x1F, 0xDC, 0x0F, 0x80,
    0x7E, 0x78, 0x7C, 0x01, 0xE1, 0xF3, 0xE0, 0x00, 0x01, 0xFF, 0x00, 0x00, 0x03, 0xF0, 0x00, 0x00,
    0x3F, 0x80, 0x00, 0x07, 0xF8, 0x00, 0x03, 0xFF, 0x80, 0x03, 0xFF, 0xF8, 0x00, 0x0F, 0xFF, 0x00,
    0x00, 0x1F, 0xC0, 0x00, 0x00, 0x00, 0x00, 0x00, 0x00, 0x00, 0x00, 0x00, 0x00, 0x00, 0x07, 0x00,
    0x00, 0x00, 0x0E, 0x00, 0x00, 0x00, 0x1C, 0x00, 0x00, 0x00, 0x38, 0x00, 0x00, 0x00, 0x70, 0x00,
    0x00, 0x00, 0xE0, 0x00, 0x00, 0x01, 0xC0, 0x00, 0x00, 0x03, 0x80, 0x00, 0x00, 0x07, 0x00, 0x01,
    0xFF, 0xFF, 0xFF, 0xFB, 0xFF, 0xFF, 0xFF, 0xF7, 0xFF, 0xFF, 0xFF, 0xE0, 0x00, 0xF8, 0x00, 0x00,
    0x01, 0xF8, 0x00, 0x00, 0x07, 0xF0, 0x00, 0x00, 0x0F, 0xF0, 0x00, 0x00, 0x1D, 0xE0, 0x00, 0x00,
    0x79, 0xC0, 0x00, 0x00, 0xF3, 0xC0, 0x00, 0x03, 0xC3, 0xC0, 0x00, 0x07, 0x87, 0x80, 0x00, 0x1E,
    0x07, 0x80, 0x00, 0x7C, 0x0F, 0x80, 0x00, 0xF0, 0x0F, 0x00, 0x07, 0xC0, 0x0F, 0x00, 0x1F, 0x00,
    0x0F, 0x00, 0x7C, 0x00, 0x0F, 0x83, 0xF0, 0x00, 0x1F, 0x8F, 0xC0, 0x00, 0x1F, 0xFF, 0x00, 0x00,
    0x0F, 0xB8, 0x00, 0x00, 0x0E, 0x00, 0x00, 0x00, 0x00, 0x3F, 0xFF, 0xFF, 0xF8, 0x3F, 0xFF, 0xFF,
    0xF8, 0x3F, 0xFF, 0xFF, 0xF8, 0x00, 0x03, 0x80, 0x00, 0x00, 0x03, 0x80, 0x00, 0x00, 0x03, 0x80,
    0x00, 0x00, 0x03, 0x80, 0x00, 0x00, 0x03, 0x80, 0x00, 0x00, 0x03, 0x80, 0x00, 0x00, 0x03, 0x80,
    0x00, 0x00, 0x03, 0x80, 0x00, 0x7F, 0xFF, 0xFF, 0xFE, 0x7F, 0xFF, 0xFF, 0xFE, 0x7F, 0xFF, 0xFF,
    0xFC, 0x00, 0x07, 0xC0, 0x00, 0x00, 0x0F, 0xE0, 0x00, 0x00, 0x0F, 0xE0, 0x00, 0x00, 0x1E, 0xF0,
    0x00, 0x00, 0x1E, 0x70, 0x00, 0x00, 0x3C, 0x78, 0x00, 0x00, 0x7C, 0x3C, 0x00, 0x00, 0xF8, 0x1E,
    0x00, 0x01, 0xF0, 0x0F, 0x00, 0x03, 0xE0, 0x0F, 0x80, 0x0F, 0xC0, 0x07, 0xE0, 0x1F, 0x80, 0x01,
    0xF8, 0x7F, 0x00, 0x00, 0xFE, 0xFC, 0x00, 0x00, 0x7E, 0x70, 0x00, 0x00, 0x1C, 0x00, 0x00, 0x00,
    0x00, 0x00, 0x00, 0x00, 0x00, 0x03, 0x83, 0x80, 0x00, 0x03, 0xC3, 0x80, 0x00, 0x03, 0x83, 0x80,
    0x00, 0x03, 0x83, 0x80, 0x00, 0x07, 0x83, 0x80, 0x00, 0x07, 0x03, 0x80, 0x00, 0x0F, 0xFF, 0xFF,
    0xF0, 0x0F, 0xFF, 0xFF, 0xF0, 0x1F, 0xFF, 0xFF, 0xF0, 0x1E, 0x03, 0x80, 0x00, 0x3C, 0x03, 0x80,
    0x00, 0x78, 0x03, 0x80, 0x00, 0x78, 0x03, 0x80, 0x00, 0x30, 0x03, 0x80, 0x00, 0x00, 0x03, 0x80,
    0x00, 0xFF, 0xFF, 0xFF, 0xFE, 0xFF, 0xFF, 0xFF, 0xFE, 0x7F, 0xFF, 0xFF, 0xFE, 0x00, 0x0F, 0xE0,
    0x00, 0x00, 0x0F, 0xE0, 0x00, 0x00, 0x0E, 0xF0, 0x00, 0x00, 0x1E, 0x70, 0x00, 0x00, 0x3C, 0x78,
    0x00, 0x00, 0x7C, 0x3C, 0x00, 0x00, 0xF8, 0x1E, 0x00, 0x01, 0xF0, 0x0F, 0x80, 0x07, 0xE0, 0x07,
    0xC0, 0x1F, 0xC0, 0x03, 0xF8, 0x7F, 0x00, 0x01, 0xFE, 0xFE, 0x00, 0x00, 0x7E, 0x78, 0x00, 0x00,
    0x1C, 0x00, 0x00, 0x00, 0x00, 0x00, 0x00, 0x00, 0x00, 0x03, 0x80, 0x00, 0x00, 0x07, 0x80, 0x00,
    0x00, 0x07, 0x00, 0xFF, 0xFC, 0x07, 0x01, 0xFF, 0xFE, 0x07, 0x01, 0xFF, 0xFE, 0x07, 0x00, 0x00,
    0x3C, 0x07, 0x00, 0x00, 0x78, 0x7F, 0xFC, 0x00, 0x78, 0x7F, 0xFC, 0x00, 0xF0, 0x7F, 0xFC, 0x01,
    0xE0, 0x0E, 0x1C, 0x03, 0xC0, 0x0E, 0x1C, 0x03, 0x80, 0x1E, 0x1C, 0x03, 0x80, 0x1C, 0x1C, 0x03,
    0x80, 0x1C, 0x3F, 0xFF, 0xFF, 0x1C, 0x3B, 0xFF, 0xFF, 0x3C, 0x3B, 0xFF, 0xFF, 0x38, 0x38, 0x03,
    0x80, 0x3E, 0x70, 0x03, 0x80, 0x1F, 0x70, 0x03, 0x80, 0x0F, 0xF0, 0x03, 0x80, 0x07, 0xE0, 0x03,
    0x80, 0x01, 0xF0, 0x03, 0x80, 0x01, 0xF8, 0x03, 0x80, 0x03, 0xFC, 0x03, 0x80, 0x07, 0xBE, 0x03,
    0x80, 0x0F, 0x1E, 0x03, 0x80, 0x1E, 0x0C, 0x03, 0x80, 0x7C, 0x00, 0x7F, 0x80, 0x78, 0x00, 0x7F,
    0x80, 0x30, 0x00, 0x7F, 0x00, 0x00, 0x00, 0x00, 0x00, 0x00, 0x00, 0x00, 0x00, 0x0E, 0x00, 0x00,
    0x00, 0x38, 0x00, 0x00, 0x01, 0xE0, 0x00, 0x00, 0x07, 0x00, 0x7F, 0xFC, 0x1C, 0x03, 0xFF, 0xF0,
    0x70, 0x0F, 0xFF, 0xC1, 0xC0, 0x38, 0x07, 0xFF, 0xFE, 0xE0, 0x1F, 0xFF, 0xFB, 0x80, 0x7F, 0xFF,
    0xEE, 0x01, 0xC3, 0x83, 0xB8, 0x07, 0x0E, 0x0E, 0xE0, 0x1C, 0x78, 0x7B, 0x80, 0x71, 0xC1, 0xCE,
    0x01, 0xC7, 0x07, 0x38, 0x07, 0x1C, 0x1C, 0xE0, 0x1C, 0xF0, 0xF3, 0x80, 0x73, 0xC3, 0x8E, 0x01,
    0xCF, 0x8E, 0x38, 0x07, 0x1F, 0x78, 0xE0, 0x1C, 0x3F, 0xC3, 0x80, 0x70, 0x3F, 0x0E, 0x01, 0xC0,
    0x7C, 0x38, 0x07, 0x01, 0xF8, 0xE0, 0x1C, 0x0F, 0xF3, 0x80, 0x70, 0x7B, 0xEF, 0xFF, 0xC3, 0xE7,
    0xBF, 0xFF, 0x3F, 0x0C, 0xFF, 0xFD, 0xF8, 0x03, 0x80, 0x77, 0x80, 0x0E, 0x01, 0xDC, 0x00, 0x18,
    0x00, 0x00, 0x00, 0x00, 0x00, 0x00, 0x00, 0x00, 0x00, 0x0F, 0x00, 0x1E, 0x00, 0x0E, 0x00, 0x1C,
    0x00, 0x0E, 0x00, 0x3C, 0x00, 0x0E, 0x00, 0x38, 0x00, 0x0E, 0x00, 0x78, 0x00, 0x0E, 0x00, 0x70,
    0xC0, 0x0E, 0x00, 0xF0, 0xE0, 0xFF, 0xF0, 0xE0, 0xF0, 0xFF, 0xF1, 0xE0, 0x78, 0xFF, 0xF1, 0xC0,
    0x38, 0x1C, 0x73, 0x80, 0x3C, 0x1C, 0x77, 0xFF, 0xFC, 0x38, 0x7F, 0xFF, 0xFE, 0x38, 0x77, 0xFF,
    0xCE, 0x38, 0xE6, 0x00, 0x0E, 0x38, 0xE0, 0x00, 0x00, 0x70, 0xE0, 0x00, 0x00, 0x78, 0xE3, 0xFF,
    0xFC, 0x7D, 0xE3, 0xFF, 0xFC, 0x3F, 0xC3, 0xFF, 0xFC, 0x0F, 0xC3, 0x80, 0x3C, 0x07, 0xC3, 0x80,
    0x3C, 0x03, 0xC3, 0x80, 0x3C, 0x07, 0xE3, 0x80, 0x3C, 0x07, 0xF3, 0x80, 0x3C, 0x0F, 0x7B, 0x80,
    0x3C, 0x1E, 0x7B, 0x80, 0x3C, 0x3E, 0x33, 0xFF, 0xFC, 0x7C, 0x03, 0xFF, 0xFC, 0xF8, 0x03, 0xFF,
    0xFC, 0x70, 0x03, 0x80, 0x3C, 0x00, 0x03, 0x80, 0x18, 0x00, 0x00, 0x00, 0x00, 0x1F, 0xFF, 0xFF,
    0xE0, 0x3F, 0xFF, 0xFF, 0xC0, 0x7F, 0xFF, 0xFF, 0x00, 0x00, 0x00, 0x7C, 0x00, 0x00, 0x01, 0xF0,
    0x00, 0x00, 0x0F, 0xC0, 0x00, 0x00, 0x7E, 0x00, 0x00, 0x01, 0xF8, 0x00, 0x00, 0x07, 0xC0, 0x00,
    0x00, 0x0F, 0x00, 0x00, 0x00, 0x1C, 0x00, 0x00, 0x00, 0x38, 0x00, 0x00, 0x00, 0x70, 0x00, 0x3F,
    0xFF, 0xFF, 0xFF, 0xFF, 0xFF, 0xFF, 0xFF, 0xFF, 0xFF, 0xFF, 0xFE, 0x00, 0x07, 0x00, 0x00, 0x00,
    0x0E, 0x00, 0x00, 0x00, 0x1C, 0x00, 0x00, 0x00, 0x38, 0x00, 0x00, 0x00, 0x70, 0x00, 0x00, 0x00,
    0xE0, 0x00, 0x00, 0x01, 0xC0, 0x00, 0x00, 0x03, 0x80, 0x00, 0x00, 0x07, 0x00, 0x00, 0x00, 0x0E,
    0x00, 0x00, 0x07, 0xFC, 0x00, 0x00, 0x0F, 0xF8, 0x00, 0x00, 0x1F, 0xE0, 0x00, 0x00, 0x00, 0x02,
    0x00, 0x00, 0x00, 0x70, 0x00, 0x00, 0x03, 0xC0, 0x00, 0x00, 0x0F, 0x00, 0x0F, 0xFF, 0xFF, 0xFF,
    0xFF, 0xFF, 0xFF, 0xFF, 0xFF, 0xFF, 0xFF, 0xFC, 0x00, 0x00, 0x07, 0xE0, 0x00, 0x00, 0x3F, 0x00,
    0x00, 0x01, 0xF8, 0xFF, 0xFF, 0x8E, 0x0F, 0xFF, 0xFE, 0x00, 0x7F, 0xFF, 0xF0, 0x00, 0x00, 0x1F,
    0x00, 0x00, 0x01, 0xF0, 0x00, 0x00, 0x3E, 0x00, 0x00, 0x07, 0xE0, 0x00, 0x00, 0x3C, 0x00, 0x00,
    0x01, 0xC0, 0x01, 0xFF, 0xFF, 0xFF, 0xFF, 0xFF, 0xFF, 0xFF, 0xFF, 0xFF, 0xFF, 0xFC, 0x00, 0x1C,
    0x00, 0x00, 0x00, 0xE0, 0x00, 0x00, 0x07, 0x00, 0x00, 0x00, 0x38, 0x00, 0x00, 0x01, 0xC0, 0x00,
    0x00, 0x0E, 0x00, 0x00, 0x00, 0x70, 0x00, 0x00, 0xFF, 0x80, 0x00, 0x03, 0xFC, 0x00, 0x00, 0x1F,
    0xC0, 0x00, 0x00, 0x00, 0x00, 0x00, 0x00, 0x3C, 0x00, 0x00, 0x00, 0x70, 0x00, 0x00, 0x00, 0xE0,
    0x00, 0x00, 0x03, 0xC0, 0x00, 0x0F, 0xFF, 0xFF, 0xFF, 0x9F, 0xFF, 0xFF, 0xFF, 0xBF, 0xFF, 0xFF,
    0xFF, 0x00, 0x70, 0x00, 0x00, 0x01, 0xE0, 0x00, 0x00, 0x03, 0x80, 0x00, 0x00, 0x0F, 0x3F, 0xFF,
    0x80, 0x3C, 0x7F, 0xFF, 0x80, 0x78, 0xFF, 0xFF, 0x01, 0xE0, 0x00, 0x7C, 0x07, 0x80, 0x01, 0xF0,
    0x1F, 0x00, 0x07, 0xC0, 0x7E, 0x00, 0x3E, 0x01, 0xFC, 0x00, 0x78, 0x07, 0xF8, 0x00, 0xE0, 0x0F,
    0x73, 0xFF, 0xFF, 0xFC, 0xE7, 0xFF, 0xFF, 0xC1, 0xCF, 0xFF, 0xFF, 0x83, 0x80, 0x0E, 0x00, 0x07,
    0x00, 0x1C, 0x00, 0x0E, 0x00, 0x38, 0x00, 0x1C, 0x00, 0x70, 0x00, 0x38, 0x00, 0xE0, 0x00, 0x70,
    0x01, 0xC0, 0x00, 0xE0, 0x7F, 0x80, 0x01, 0xC0, 0xFF, 0x00, 0x03, 0x81, 0xFC, 0x00, 0x00, 0x01,
    0x00, 0x00, 0x0C, 0x0E, 0x00, 0xC0, 0x3C, 0x1E, 0x03, 0xC0, 0x3C, 0x1C, 0x0F, 0x00, 0x78, 0x3C,
    0x1C, 0x00, 0x78, 0x38, 0x78, 0x0F, 0xFF, 0xFF, 0xFF, 0x3F, 0xFF, 0xFF, 0xFE, 0x7F, 0xFF, 0xFF,
    0xFC, 0xE0, 0x00, 0x00, 0x39, 0xC0, 0x00, 0x00, 0x73, 0x80, 0x00, 0x00, 0xE7, 0x3F, 0xFF, 0xF9,
    0xC0, 0x7F, 0xFF, 0xF0, 0x00, 0x7F, 0xFF, 0xC0, 0x00, 0x00, 0x3F, 0x00, 0x00, 0x01, 0xF8, 0x00,
    0x00, 0x07, 0xE0, 0x00, 0x00, 0x0F, 0x00, 0x00, 0x00, 0x1C, 0x00, 0x07, 0xFF, 0xFF, 0xFF, 0xEF,
    0xFF, 0xFF, 0xFF, 0xDF, 0xFF, 0xFF, 0xFF, 0x80, 0x01, 0xC0, 0x00, 0x00, 0x03, 0x80, 0x00, 0x00,
    0x07, 0x00, 0x00, 0x00, 0x0E, 0x00, 0x00, 0x00, 0x1C, 0x00, 0x00, 0x00, 0x38, 0x00, 0x00, 0x1F,
    0xF0, 0x00, 0x00, 0x3F, 0xE0, 0x00, 0x00, 0x7F, 0x80, 0x00, 0x00, 0xE4, 0x60, 0x00, 0x1F, 0xDF,
    0xDF, 0xE0, 0x7F, 0x3F, 0x3F, 0xC0, 0xE0, 0x3F, 0x03, 0x81, 0xC1, 0xFF, 0x07, 0x03, 0xFF, 0xCD,
    0xFE, 0x07, 0xFB, 0x3B, 0xFC, 0x0F, 0x07, 0xF0, 0x38, 0x0F, 0xE7, 0xCF, 0xF0, 0x1F, 0xDF, 0xDF,
    0xE0, 0x38, 0x7B, 0xC1, 0xC0, 0x70, 0xE3, 0x03, 0x87, 0xFF, 0xFF, 0xFF, 0xCF, 0xFF, 0xFF, 0xFF,
    0x9C, 0x00, 0x00, 0x07, 0x38, 0x00, 0x00, 0x0E, 0x71, 0xFF, 0xFF, 0x1C, 0xE3, 0xFF, 0xFF, 0x38,
    0x00, 0x00, 0xF8, 0x00, 0x00, 0x07, 0xE0, 0x00, 0x00, 0x1F, 0x00, 0x00, 0x00, 0x78, 0x00, 0x3F,
    0xFF, 0xFF, 0xFF, 0xFF, 0xFF, 0xFF, 0xFF, 0x7F, 0xFF, 0xFF, 0xFC, 0x00, 0x07, 0x80, 0x00, 0x00,
    0x0F, 0x00, 0x00, 0x00, 0x1E, 0x00, 0x00, 0x00, 0x3C, 0x00, 0x00, 0x0F, 0xF0, 0x00, 0x00, 0x0F,
    0xE0, 0x00, 0x00, 0x00, 0x00, 0x00, 0x00, 0x02, 0x00, 0x00, 0x00, 0x3C, 0x00, 0x00, 0x00, 0x70,
    0x00, 0x00, 0x01, 0xE0, 0x00, 0x00, 0x03, 0x80, 0x00, 0x00, 0x0E, 0x00, 0x07, 0xFF, 0xFF, 0xFF,
    0x1F, 0xFF, 0xFF, 0xFC, 0x7F, 0xFF, 0xFF, 0xF1, 0xC0, 0x00, 0x01, 0xC7, 0x00, 0x00, 0x07, 0x1C,
    0x00, 0x00, 0x1C, 0x70, 0x00, 0x00, 0x70, 0x00, 0x00, 0x00, 0x0F, 0xFF, 0xFF, 0xFF, 0xBF, 0xFF,
    0xFF, 0xFE, 0xFF, 0xFF, 0xFF, 0xF8, 0x00, 0x1C, 0x00, 0x00, 0x00, 0x70, 0x00, 0x00, 0x01, 0xC0,
    0x00, 0x00, 0x07, 0x00, 0x00, 0x00, 0x1C, 0x00, 0x00, 0x00, 0x70, 0x00, 0x00, 0x01, 0xC0, 0x00,
    0x00, 0x07, 0x00, 0x00, 0x00, 0x1C, 0x00, 0x00, 0x00, 0x70, 0x00, 0x00, 0x01, 0xC0, 0x00, 0x00,
    0x07, 0x00, 0x00, 0x07, 0xFC, 0x00, 0x00, 0x1F, 0xF0, 0x00, 0x00, 0x7F, 0x80, 0x00, 0x00, 0x00,
    0x00, 0x00, 0x00, 0x38, 0x00, 0x00, 0x00, 0xF0, 0x00, 0x00, 0x03, 0xC0, 0x00, 0x7F, 0xFF, 0xFF,
    0xF1, 0xFF, 0xFF, 0xFF, 0xE7, 0xFF, 0xFF, 0xFF, 0x9C, 0x00, 0x00, 0x1E, 0x70, 0x0C, 0x00, 0x79,
    0xC0, 0x78, 0x01, 0xE7, 0x01, 0xC0, 0x07, 0x9C, 0x0F, 0x00, 0x1E, 0x00, 0x38, 0x00, 0x00, 0x01,
    0xE0, 0x00, 0x0F, 0xFF, 0xFF, 0xFF, 0xFF, 0xFF, 0xFF, 0xFF, 0xFF, 0xFF, 0xFF, 0xF8, 0x07, 0x80,
    0x78, 0x00, 0x3C, 0x03, 0xC0, 0x00, 0xE0, 0x0F, 0x00, 0x07, 0x80, 0x78, 0x00, 0x3F, 0xC3, 0xE0,
    0x00, 0x7F, 0xCF, 0x00, 0x00, 0x3F, 0xF8, 0x00, 0x00, 0x1F, 0xE0, 0x00, 0x00, 0x3F, 0xE0, 0x00,
    0x03, 0xFF, 0xF0, 0x00, 0x3F, 0x8F, 0xE0, 0x0F, 0xF8, 0x0F, 0xE1, 0xFF, 0x80, 0x0F, 0xE7, 0xF8,
    0x00, 0x1F, 0x0F, 0x00, 0x00, 0x18, 0x00, 0x00, 0x00, 0x00, 0x00, 0x03, 0x00, 0x00, 0x00, 0x0E,
    0x00, 0x00, 0x00, 0x1E, 0x00, 0x00, 0x00, 0x1E, 0x00, 0x03, 0xFF, 0xFF, 0xFF, 0xCF, 0xFF, 0xFF,
    0xFF, 0x9F, 0xFF, 0xFF, 0xFF, 0x3C, 0x00, 0x00, 0x0E, 0x78, 0x00, 0x00, 0x1C, 0xF0, 0x00, 0x00,
    0x39, 0xE0, 0x00, 0x00, 0x73, 0xDF, 0xFF, 0xFC, 0xE3, 0x3F, 0xFF, 0xF9, 0xC0, 0x7F, 0xFF, 0xF0,
    0x00, 0x00, 0x00, 0x00, 0x00, 0x00, 0x00, 0x00, 0x00, 0x00, 0x00, 0x01, 0xFF, 0xFF, 0xFF, 0xFF,
    0xFF, 0xFF, 0xFF, 0xFB, 0xFF, 0xFF, 0xFF, 0xF0, 0x07, 0x83, 0x80, 0x00, 0x0F, 0x07, 0x00, 0x00,
    0x1C, 0x0E, 0x00, 0x00, 0x38, 0x1C, 0x00, 0x00, 0xF0, 0x38, 0x08, 0x01, 0xE0, 0x70, 0x1C, 0x07,
    0x80, 0xE0, 0x38, 0x1F, 0x01, 0xC0, 0x70, 0xFC, 0x03, 0x81, 0xFF, 0xF0, 0x07, 0xFF, 0xDF, 0x80,
    0x07, 0xFF, 0x3C, 0x00, 0x07, 0xF8, 0x00, 0x03, 0x00, 0x00, 0x00, 0x38, 0x00, 0x00, 0x01, 0xE0,
    0x00, 0x00, 0x0F, 0x00, 0x0F, 0xFF, 0xFF, 0xFF, 0xFF, 0xFF, 0xFF, 0xFF, 0xFF, 0xFF, 0xFF, 0xFC,
    0x00, 0x00, 0x07, 0xE0, 0x00, 0x00, 0x3F, 0x3F, 0xFF, 0xF9, 0xC3, 0xFF, 0xFF, 0xE0, 0x1F, 0xFF,
    0xFF, 0x00, 0xF0, 0x00, 0x38, 0x07, 0x80, 0x01, 0xC0, 0x3C, 0x00, 0x0E, 0x01, 0xE0, 0x00, 0x70,
    0x0F, 0xFF, 0xFF, 0x80, 0x7F, 0xFF, 0xFC, 0x03, 0xFF, 0xFF, 0xC0, 0x1E, 0x00, 0x00, 0x00, 0xF0,
    0x00, 0x00, 0x07, 0xFF, 0xFF, 0xE0, 0x3F, 0xFF, 0xFF, 0x01, 0xFF, 0xFF, 0xF8, 0x0F, 0x00, 0x01,
    0xC0, 0x78, 0x00, 0x0E, 0x03, 0xC0, 0x00, 0x70, 0x1E, 0x00, 0x03, 0x80, 0xFF, 0xFF, 0xFC, 0x07,
    0xFF, 0xFF, 0xE0, 0x3F, 0xFF, 0xFF, 0x01, 0xE0, 0x00, 0x38, 0x00, 0x01, 0x00, 0x00, 0x00, 0x0F,
    0x00, 0x00, 0x00, 0x1E, 0x00, 0x00, 0x00, 0x1C, 0x00, 0x03, 0xFF, 0xFF, 0xFF, 0xCF, 0xFF, 0xFF,
    0xFF, 0x9F, 0xFF, 0xFF, 0xFF, 0x3C, 0x00, 0x00, 0x0E, 0x78, 0x00, 0x00, 0x1C, 0xF0, 0x00, 0x00,
    0x39, 0xE0, 0x00, 0x00, 0x73, 0xDF, 0xFF, 0xFE, 0xE0, 0x3F, 0xFF, 0xFC, 0x00, 0x7F, 0xFF, 0xF8,
    0x00, 0x00, 0xE0, 0x00, 0x00, 0x01, 0xC0, 0x00, 0x00, 0x03, 0x80, 0x00, 0x07, 0x07, 0x00, 0x00,
    0x0E, 0x0E, 0x00, 0x00, 0x1C, 0x1F, 0xFF, 0x00, 0x78, 0x3F, 0xFE, 0x00, 0xF0, 0x7F, 0xFC, 0x01,
    0xE0, 0xE0, 0x00, 0x03, 0xE1, 0xC0, 0x00, 0x0F, 0xC3, 0x80, 0x00, 0x1F, 0xC7, 0x00, 0x00, 0x7B,
    0xCE, 0x00, 0x00, 0xE3, 0xFC, 0x00, 0x03, 0xC3, 0xFF, 0x80, 0x0F, 0x03, 0xFF, 0xFF, 0xFC, 0x01,
    0xFF, 0xFF, 0xB0, 0x00, 0x3F, 0xFE, 0x00, 0x00, 0x00, 0x00, 0x00, 0x02, 0x00, 0x00, 0x00, 0x3C,
    0x00, 0x00, 0x00, 0xF0, 0x00, 0x00, 0x01, 0xE0, 0x00, 0x7F, 0xFF, 0xFF, 0xF9, 0xFF, 0xFF, 0xFF,
    0xE7, 0xFF, 0xFF, 0xFF, 0x9C, 0x00, 0x00, 0x1E, 0x70, 0x01, 0x80, 0x79, 0xCE, 0x0F, 0x01, 0xE7,
    0x3E, 0x3C, 0x07, 0x9C, 0x7C, 0xF0, 0x1E, 0x00, 0xFB, 0xC0, 0x00, 0x01, 0xCE, 0x00, 0x01, 0x82,
    0x38, 0x00, 0x07, 0x80, 0xE0, 0x00, 0x1F, 0x03, 0x80, 0x00, 0x1E, 0x0E, 0x00, 0x00, 0x38, 0x38,
    0x00, 0x00, 0x61, 0xE0, 0x00, 0x7F, 0xFF, 0xFF, 0xFB, 0xFF, 0xFF, 0xFF, 0xFF, 0xFF, 0xFF, 0xFF,
    0xC0, 0x03, 0x80, 0x00, 0x00, 0x1E, 0xE0, 0x00, 0x00, 0xF3, 0xE0, 0x00, 0x0F, 0x87, 0xF0, 0x00,
    0x7C, 0x07, 0xF0, 0x0F, 0xE0, 0x07, 0xE1, 0xFF, 0x00, 0x07, 0xE7, 0xF0, 0x00, 0x07, 0x9E, 0x00,
    0x00, 0x0C, 0x00, 0x00, 0x00, 0x00, 0x00, 0x01, 0x00, 0x00, 0x00, 0x0F, 0x00, 0x00, 0x00, 0x0E,
    0x00, 0x00, 0x00, 0x1E, 0x00, 0x07, 0xFF, 0xFF, 0xFF, 0xCF, 0xFF, 0xFF, 0xFF, 0x9F, 0xFF, 0xFF,
    0xFF, 0x3C, 0x00, 0x00, 0x0E, 0x78, 0x70, 0x1C, 0x1C, 0xF1, 0xE0, 0x7C, 0x38, 0x07, 0x80, 0x7E,
    0x00, 0x1E, 0x0E, 0x3E, 0x00, 0xF8, 0x3C, 0x3E, 0x03, 0xE0, 0xF8, 0x1E, 0x0F, 0x83, 0xF8, 0x1E,
    0x0E, 0x0F, 0x78, 0x18, 0x00, 0x3C, 0x7C, 0x00, 0x00, 0xF0, 0x7C, 0x00, 0x07, 0xC0, 0x7C, 0x00,
    0x1F, 0x00, 0x3E, 0x00, 0xFF, 0xFF, 0xFF, 0x07, 0xFF, 0xFF, 0xFF, 0xFF, 0xFF, 0xFF, 0xFF, 0xBD,
    0xC0, 0x01, 0xCE, 0x63, 0x80, 0x03, 0x80, 0x07, 0x00, 0x07, 0x00, 0x0E, 0x00, 0x0E, 0x00, 0x1C,
    0x00, 0x1C, 0x00, 0x3F, 0xFF, 0xF8, 0x00, 0x7F, 0xFF, 0xF0, 0x00, 0xFF, 0xFF, 0xE0, 0x01, 0xC0,
    0x01, 0xC0, 0x01, 0x80, 0x00, 0x00, 0x00, 0x01, 0x00, 0x00, 0x00, 0x07, 0x80, 0x00, 0x00, 0x03,
    0x80, 0x00, 0x3F, 0xFF, 0xFF, 0xFC, 0x7F, 0xFF, 0xFF, 0xFC, 0x7F, 0xFF, 0xFF, 0xFC, 0x70, 0x00,
    0x00, 0x1C, 0x70, 0x38, 0x1C, 0x1C, 0x70, 0x38, 0x1C, 0x1C, 0x70, 0x78, 0x3C, 0x1C, 0x0F, 0xFF,
    0xFF, 0xE0, 0x0F, 0xFF, 0xFF, 0xE0, 0x00, 0x38, 0x1C, 0x00, 0x00, 0x38, 0x1C, 0x00, 0x00, 0x00,
    0x00, 0x00, 0x07, 0xFF, 0xFF, 0xC0, 0x07, 0xFF, 0xFF, 0xC0, 0x07, 0xFF, 0xFF, 0xC0, 0x07, 0x87,
    0x81, 0xC0, 0x07, 0x87, 0x81, 0xC0, 0x07, 0x87, 0x81, 0xC0, 0x07, 0x87, 0x81, 0xC0, 0x07, 0x87,
    0x81, 0xC0, 0x07, 0x87, 0xE1, 0xC0, 0x07, 0x87, 0xE1, 0xCC, 0x07, 0x8F, 0xE1, 0xCE, 0x03, 0x1E,
    0xE0, 0x0E, 0x00, 0x7C, 0xE0, 0x0E, 0x01, 0xF8, 0xE0, 0x0E, 0x0F, 0xF0, 0xFF, 0xFE, 0xFF, 0xC0,
    0xFF, 0xFC, 0x7F, 0x00, 0x7F, 0xFC, 0x78, 0x00, 0x00, 0x00, 0x00, 0x03, 0x00, 0x00, 0x00, 0x07,
    0x00, 0x00, 0x00, 0x0E, 0x00, 0x01, 0xFF, 0xFF, 0xFF, 0xE7, 0xFF, 0xFF, 0xFF, 0xCF, 0xFF, 0xFF,
    0xFF, 0x9C, 0x02, 0x00, 0x07, 0x38, 0x0F, 0x00, 0x0E, 0x70, 0x1F, 0x07, 0x1C, 0xE0, 0x0F, 0x9E,
    0x39, 0xD1, 0xCF, 0x78, 0x70, 0x73, 0x8D, 0xE6, 0x00, 0xE7, 0x0F, 0x9E, 0x03, 0x8E, 0x3E, 0x1E,
    0x0F, 0x1D, 0xF8, 0xDE, 0x3C, 0x3F, 0xC1, 0xDE, 0xF8, 0x7F, 0x03, 0x9E, 0xE3, 0xF8, 0x0F, 0x1C,
    0x3F, 0xFF, 0xFC, 0x37, 0xFF, 0xFF, 0xF0, 0x0F, 0xE0, 0x38, 0x00, 0x0E, 0x00, 0x70, 0x00, 0x03,
    0x80, 0xE0, 0x38, 0x07, 0x01, 0xC0, 0x78, 0x0E, 0x03, 0x80, 0xF0, 0x1C, 0x07, 0x01, 0xE0, 0x38,
    0x0E, 0x03, 0xC0, 0x70, 0x1C, 0x07, 0x80, 0xFF, 0xFF, 0xFF, 0x01, 0xFF, 0xFF, 0xFE, 0x03, 0xFF,
    0xFF, 0xFC, 0x00, 0x00, 0x00, 0x78, 0x00, 0x01, 0x00, 0x00, 0x00, 0x0E, 0x00, 0x00, 0x00, 0x1E,
    0x00, 0x00, 0x00, 0x1C, 0x00, 0x07, 0xFF, 0xFF, 0xFF, 0xCF, 0xFF, 0xFF, 0xFF, 0x9C, 0x00, 0x00,
    0x07, 0x39, 0xFF, 0xFF, 0xEE, 0x73, 0xFF, 0xFF, 0xDC, 0x07, 0x07, 0x03, 0x83, 0xFF, 0xFF, 0xFF,
    0xFF, 0xFF, 0xFF, 0xFF, 0xF0, 0x78, 0x38, 0x3C, 0x00, 0xE0, 0x70, 0x70, 0x01, 0xFF, 0xFF, 0xE0,
    0x03, 0xFF, 0xFF, 0xC0, 0x00, 0x00, 0x00, 0x00, 0x0F, 0xFF, 0xFF, 0xC0, 0x1F, 0xFF, 0xFF, 0x80,
    0x38, 0x00, 0x07, 0x00, 0x7F, 0xFF, 0xFE, 0x00, 0xFF, 0xFF, 0xFC, 0x01, 0xC0, 0x00, 0x38, 0x03,
    0xFF, 0xFF, 0xF0, 0x07, 0xFF, 0xFF, 0xE0, 0x0E, 0x00, 0x01, 0xC0, 0x1F, 0xFF, 0xFF, 0x80, 0x3F,
    0xFF, 0xFF, 0x00, 0x0F, 0xC3, 0xF0, 0x01, 0xFF, 0x07, 0xFC, 0x1F, 0xF8, 0x00, 0xFF, 0x1F, 0x00,
    0x00, 0x3C, 0x00, 0x00, 0x00, 0x00, 0x00, 0x02, 0x00, 0x00, 0x00, 0x3C, 0x00, 0x00, 0x00, 0xF0,
    0x00, 0x00, 0x01, 0xE0, 0x00, 0xFF, 0xFF, 0xFF, 0xFB, 0xFF, 0xFF, 0xFF, 0xEE, 0x00, 0xE0, 0x03,
    0xB8, 0x07, 0xC0, 0x8E, 0xE7, 0xEF, 0xC7, 0x3B, 0x9F, 0x8F, 0x1E, 0xE0, 0xEE, 0x09, 0xBC, 0x07,
    0xBC, 0x07, 0x70, 0x3C, 0x7F, 0xF9, 0xE0, 0xE1, 0xFF, 0xC3, 0x00, 0x80, 0x00, 0x00, 0x07, 0xFF,
    0xFF, 0xF8, 0x1F, 0xFF, 0xFF, 0xE0, 0x70, 0xE1, 0x83, 0x81, 0xC3, 0x86, 0x0E, 0x07, 0x0E, 0x18,
    0x38, 0xFF, 0xFF, 0xFF, 0xFB, 0xFF, 0xFF, 0xFF, 0xE0, 0x00, 0x00, 0x00, 0x00, 0x00, 0x00, 0x00,
    0x3F, 0xFF, 0xFF, 0xE0, 0xFF, 0xFF, 0xFF, 0x80, 0x00, 0x70, 0x00, 0x00, 0x01, 0xC0, 0x00, 0x00,
    0x07, 0x00, 0x00, 0x00, 0x1C, 0x00, 0x00, 0x0F, 0xF0, 0x00, 0x00, 0x3F, 0xC0, 0x00, 0x00, 0x70,
    0x00, 0x00, 0x00, 0x01, 0x00, 0x00, 0x00, 0x1C, 0x00, 0x00, 0x00, 0x78, 0x00, 0x0F, 0xFF, 0xFF,
    0xFF, 0x7F, 0xFF, 0xFF, 0xFD, 0xFF, 0xFF, 0xFF, 0xF7, 0x00, 0x00, 0x01, 0xDC, 0x07, 0x00, 0x07,
    0x70, 0xFE, 0x00, 0x1D, 0xDF, 0xF3, 0xFF, 0x70, 0x7E, 0x0F, 0xFC, 0x01, 0xC0, 0x00, 0x70, 0x07,
    0x00, 0x01, 0xC0, 0x1F, 0xF9, 0xFF, 0x00, 0x7F, 0xE7, 0xFC, 0x01, 0xC0, 0x00, 0x70, 0x07, 0x00,
    0x01, 0xC0, 0x1F, 0xFF, 0xFF, 0x00, 0x7F, 0xFF, 0xFC, 0x00, 0x3C, 0x00, 0x00, 0x01, 0xE0, 0x00,
    0x00, 0x0F, 0xFF, 0xFF, 0xE0, 0x7F, 0xFF, 0xFF, 0x87, 0xC0, 0x01, 0x0E, 0x7F, 0xDD, 0xCC, 0x3B,
    0xE7, 0x77, 0x38, 0xE7, 0x3D, 0xCE, 0x73, 0x80, 0xE3, 0x39, 0xDE, 0x03, 0x8E, 0x72, 0x78, 0x1C,
    0x39, 0xC1, 0xC0, 0x70, 0xE0, 0xFF, 0x00, 0x00, 0x01, 0xF8, 0x00, 0x00, 0x00, 0x00, 0x00, 0x01,
    0x00, 0x00, 0x00, 0x0F, 0x00, 0x00, 0x00, 0x1E, 0x00, 0x00, 0x00, 0x1E, 0x00, 0x07, 0xFF, 0xFF,
    0xFF, 0xCF, 0xFF, 0xFF, 0xFF, 0x9C, 0x0E, 0x06, 0x07, 0x38, 0x1C, 0x1C, 0x0E, 0x70, 0x38, 0x38,
    0x1C, 0xFF, 0xFF, 0xFF, 0xF8, 0x7F, 0xFF, 0xFF, 0xC0, 0x01, 0xC1, 0xC0, 0x00, 0x7F, 0xFF, 0xFE,
    0x00, 0xFF, 0xFF, 0xFC, 0x01, 0xC0, 0x00, 0x78, 0x03, 0x80, 0x00, 0xF0, 0x07, 0xFF, 0xFF, 0xE0,
    0x0F, 0xFF, 0xFF, 0xC0, 0x1C, 0x00, 0x07, 0x80, 0x3F, 0xFF, 0xFF, 0x00, 0x7F, 0xFF, 0xFE, 0x00,
    0xE0, 0x00, 0x3C, 0x01, 0xC0, 0x00, 0x78, 0x03, 0xFF, 0xFF, 0xF0, 0x07, 0xFF, 0xFF, 0xE0, 0x00,
    0xF0, 0xE7, 0x80, 0x01, 0xC1, 0xCF, 0xB0, 0x07, 0x83, 0x87, 0xF0, 0x3E, 0x07, 0x06, 0xE7, 0xF8,
    0x0F, 0x01, 0xFF, 0xE0, 0x1F, 0xFF, 0x3E, 0x00, 0x1F, 0xFE, 0x00, 0x00, 0x00, 0x00, 0x00, 0x00,
    0x00, 0x00, 0x00, 0x00, 0x01, 0xC0, 0x00, 0x00, 0x03, 0x80, 0x00, 0x00, 0x07, 0x00, 0x00, 0x00,
    0x0E, 0x0F, 0xFF, 0x80, 0x1C, 0x1F, 0xFF, 0x80, 0x38, 0x3F, 0xFE, 0x00, 0x70, 0x00, 0x1C, 0x00,
    0xE0, 0x00, 0x3B, 0xFF, 0xFC, 0x00, 0x77, 0xFF, 0xF8, 0x00, 0xEF, 0xFF, 0xF1, 0x03, 0xC0, 0x0E,
    0x07, 0x07, 0x00, 0x1C, 0x0F, 0x8E, 0x00, 0x38, 0x0F, 0xBC, 0x60, 0x70, 0x0F, 0xF8, 0xE0, 0xE0,
    0x0F, 0xE1, 0xE1, 0xC0, 0x0F, 0xC1, 0xC3, 0x80, 0x0F, 0x83, 0xC7, 0x00, 0x0F, 0x03, 0x8E, 0x00,
    0x3F, 0x07, 0x9C, 0x00, 0x7F, 0x07, 0x38, 0x01, 0xFE, 0x08, 0x70, 0x07, 0x9E, 0x00, 0xE0, 0x0F,
    0x1E, 0x01, 0xC0, 0x3C, 0x38, 0x03, 0x80, 0xF0, 0x20, 0x07, 0x03, 0xC0, 0x00, 0x0E, 0x1F, 0x80,
    0x03, 0xFC, 0x1E, 0x00, 0x07, 0xF8, 0x30, 0x00, 0x0F, 0xE0, 0x3F, 0xFF, 0xFF, 0xC0, 0xFF, 0xFF,
    0xFF, 0x03, 0xFF, 0xFF, 0xFC, 0x0E, 0x00, 0x00, 0x70, 0x38, 0x00, 0x01, 0xC0, 0xE0, 0x00, 0x07,
    0x03, 0xFF, 0xFF, 0xFC, 0x0F, 0xFF, 0xFF, 0xF0, 0x3F, 0xFF, 0xFF, 0x80, 0xE0, 0x00, 0x00, 0xE3,
    0xC0, 0x00, 0x03, 0x8F, 0x80, 0x00, 0x3E, 0x1F, 0xFF, 0xFF, 0xF0, 0x3F, 0xFF, 0xFF, 0x80, 0x00,
    0x00, 0x00, 0x00, 0x00, 0x07, 0x80, 0x00, 0x00, 0x1E, 0x03, 0xFF, 0xFF, 0xFF, 0xFF, 0xFF, 0xFF,
    0xFF, 0xFF, 0xFF, 0xFF, 0xFF, 0x07, 0x00, 0x1E, 0x00, 0x1E, 0x00, 0x78, 0x00, 0x3C, 0x01, 0xE0,
    0x00, 0x78, 0x07, 0x80, 0x00, 0xF0, 0x1E, 0x00, 0x01, 0xC0, 0x78, 0x00, 0x07, 0x01, 0xE0, 0x00,
    0x09, 0xFF, 0x80, 0x00, 0x07, 0xFC, 0x00, 0x00, 0x0F, 0xF0, 0x00, 0x01, 0x80, 0x00, 0x00, 0x03,
    0x80, 0x00, 0xE0, 0x07, 0x00, 0x01, 0xC0, 0x0E, 0x00, 0x03, 0x80, 0x1C, 0x00, 0x07, 0x0F, 0xFF,
    0xC0, 0x0E, 0x1F, 0xFF, 0x80, 0x1C, 0x1F, 0xFF, 0x00, 0x38, 0x01, 0xC0, 0x00, 0x70, 0x03, 0x81,
    0xFF, 0xFC, 0x07, 0x03, 0xFF, 0xF8, 0x0E, 0x07, 0xFF, 0xFF, 0xFF, 0xF0, 0x07, 0x1F, 0xFF, 0xE0,
    0x0E, 0x3F, 0xFF, 0xCC, 0x1C, 0x00, 0xE0, 0x3C, 0x38, 0x01, 0xC0, 0x38, 0x70, 0x03, 0x80, 0x70,
    0xE0, 0x07, 0x00, 0xF1, 0xC3, 0xFF, 0xF0, 0xE3, 0x87, 0xFF, 0xF1, 0xE7, 0x0F, 0xFF, 0xE1, 0xCE,
    0x00, 0x70, 0x03, 0x9C, 0x00, 0xE0, 0x00, 0x38, 0x01, 0xC0, 0x00, 0x70, 0x03, 0x80, 0x00, 0xE0,
    0x07, 0xFE, 0x01, 0xC0, 0xFF, 0xFC, 0x03, 0x8F, 0xFF, 0xF0, 0x07, 0x1F, 0xF8, 0x01, 0xFE, 0x3C,
    0x00, 0x03, 0xFC, 0x00, 0x00, 0x07, 0xF0, 0x00, 0x00, 0x00, 0x00, 0x03, 0xC0, 0x00, 0xE0, 0x07,
    0x00, 0x01, 0xC0, 0x0E, 0x00, 0x03, 0x80, 0x38, 0x00, 0x07, 0x03, 0xFF, 0xC0, 0x0E, 0x07, 0xFF,
    0x80, 0x1C, 0x0E, 0x07, 0x00, 0x38, 0x1C, 0x0F, 0xFF, 0xFE, 0x3F, 0xFF, 0xFF, 0xFC, 0x7F, 0xFF,
    0xFF, 0xF8, 0xE0, 0x70, 0x03, 0x81, 0xC0, 0xE0, 0x07, 0x03, 0x81, 0xC0, 0x0E, 0x07, 0xFF, 0x98,
    0x1C, 0x0F, 0xFF, 0x38, 0x38, 0x1C, 0x0E, 0x78, 0x70, 0x38, 0x1C, 0x70, 0xE0, 0x70, 0x38, 0xF1,
    0xC7, 0xFF, 0xF0, 0xE3, 0x8F, 0xFF, 0xE1, 0xE7, 0x0F, 0xFF, 0xC1, 0xCE, 0x00, 0x3B, 0x83, 0x9C,
    0x00, 0xF7, 0x00, 0x38, 0x03, 0xCE, 0x00, 0x70, 0x0F, 0x1C, 0x00, 0xE0, 0x7C, 0x38, 0x01, 0xC1,
    0xF0, 0x70, 0x03, 0x8F, 0xC0, 0xE0, 0x07, 0x1E, 0x01, 0xC1, 0xFE, 0x18, 0x7F, 0x03, 0xF8, 0x00,
    0x7E, 0x07, 0xF0, 0x00, 0xE0, 0x00, 0x00, 0x00, 0x00, 0x00, 0x00, 0x07, 0x00, 0x38, 0x00, 0x0E,
    0x00, 0xF0, 0x00, 0x1C, 0x03, 0xE0, 0x00, 0x38, 0x0F, 0xFF, 0xC0, 0x70, 0x3F, 0xFF, 0x98, 0xE1,
    0xF0, 0x0E, 0x79, 0xC7, 0xC0, 0x3C, 0x7B, 0x9F, 0xE0, 0xF0, 0x7F, 0x39, 0xE3, 0xC0, 0x7E, 0x01,
    0xFF, 0x00, 0x7C, 0x01, 0xFC, 0x00, 0xF8, 0x07, 0xF0, 0x00, 0x70, 0x3F, 0x9C, 0x00, 0xE7, 0xFC,
    0x38, 0x01, 0xCF, 0xE0, 0x70, 0x03, 0x8E, 0x00, 0xE0, 0x07, 0x3F, 0xFF, 0xFC, 0x1E, 0xFF, 0xFF,
    0xF8, 0x7D, 0xFF, 0xFF, 0xF3, 0xF8, 0x00, 0x0E, 0x0F, 0xF0, 0xE0, 0x1C, 0x3E, 0xE1, 0xE0, 0x38,
    0x79, 0xC1, 0xE0, 0x70, 0x63, 0x81, 0xC0, 0xE0, 0x07, 0x03, 0xC1, 0xC0, 0x0E, 0x03, 0xC3, 0x80,
    0x1C, 0x03, 0x07, 0x00, 0x38, 0x00, 0x0E, 0x00, 0x70, 0x03, 0xFC, 0x00, 0xE0, 0x07, 0xF8, 0x01,
    0xC0, 0x0F, 0xE0, 0x00, 0x00, 0x00, 0x00, 0x01, 0xC0, 0x1C, 0x00, 0xC3, 0x80, 0x78, 0x03, 0x87,
    0x01, 0xE0, 0x07, 0x0E, 0x07, 0xFF, 0xCE, 0x1C, 0x1F, 0xFF, 0x9C, 0x38, 0x78, 0x0E, 0x38, 0x73,
    0xEE, 0x3C, 0x70, 0xFF, 0x9E, 0xF0, 0xE1, 0xFD, 0x1F, 0xC1, 0xFF, 0xA7, 0x1F, 0x03, 0xFF, 0x0F,
    0x3C, 0x07, 0xFE, 0x07, 0xF0, 0x00, 0x1C, 0x0F, 0xDC, 0x00, 0x38, 0x7E, 0x38, 0x00, 0x77, 0xF0,
    0x70, 0x00, 0xEF, 0x80, 0xE0, 0x01, 0xD8, 0x01, 0xC3, 0xFF, 0xFF, 0xFF, 0xFF, 0xFF, 0xFF, 0xFF,
    0xFF, 0xFF, 0xFF, 0xFF, 0xE7, 0x1C, 0x30, 0x1C, 0x0E, 0x38, 0xE0, 0x38, 0x1C, 0x71, 0xE0, 0x70,
    0x38, 0xE1, 0xE0, 0xE0, 0xE1, 0xC1, 0xE1, 0xC1, 0xC3, 0x81, 0xC3, 0x83, 0x87, 0x03, 0x87, 0x07,
    0x0E, 0x02, 0x0E, 0x1E, 0x1C, 0x03, 0xFC, 0x38, 0x38, 0x07, 0xF8, 0x70, 0x70, 0x0F, 0xE0, 0x00,
    0xC0, 0x00, 0x00, 0x00, 0x00, 0x00, 0x00, 0x0E, 0x70, 0x00, 0xE1, 0xDC, 0xE6, 0x01, 0xC3, 0xB9,
    0xDC, 0x03, 0x83, 0xF3, 0xF8, 0x07, 0x03, 0xE7, 0xE0, 0x0E, 0x07, 0xCF, 0x80, 0x1C, 0x03, 0x9E,
    0x00, 0x38, 0xFF, 0xFF, 0xC0, 0x71, 0xFF, 0xFF, 0x80, 0xE3, 0xFF, 0xFF, 0xFF, 0xF8, 0xF0, 0x73,
    0xFF, 0xF0, 0xE1, 0xE7, 0xFF, 0xE1, 0xE3, 0x80, 0x0E, 0x01, 0xCF, 0x00, 0x1C, 0x03, 0x9E, 0x0C,
    0x38, 0x7F, 0xFF, 0xB8, 0x70, 0xFF, 0xFF, 0x78, 0xE0, 0x07, 0x00, 0x71, 0xC0, 0x0E, 0x00, 0xF3,
    0x80, 0x1C, 0x00, 0xE7, 0x07, 0xFF, 0xE1, 0xCE, 0x0F, 0xFF, 0xC3, 0xDC, 0x00, 0xF0, 0x02, 0x38,
    0x01, 0xC0, 0x00, 0x70, 0x03, 0x80, 0x00, 0xE0, 0x07, 0xFF, 0x01, 0xC0, 0xFF, 0xFE, 0x03, 0x8F,
    0xFF, 0xF8, 0x07, 0x1F, 0xFC, 0x01, 0xFE, 0x1C, 0x00, 0x03, 0xFC, 0x00, 0x00, 0x07, 0xF0, 0x00,
    0x00, 0x00, 0x00, 0x20, 0x0E, 0x03, 0x80, 0xE0, 0x0E, 0x07, 0x01, 0xE0, 0x1C, 0x1C, 0x01, 0xE7,
    0xFF, 0xFF, 0xC1, 0xEF, 0xFF, 0xFF, 0x81, 0xC0, 0x1C, 0x00, 0x01, 0x0F, 0xFF, 0xF8, 0x00, 0x1F,
    0xFF, 0xF1, 0xFE, 0x38, 0x00, 0xE3, 0xFC, 0x7F, 0xFF, 0xC0, 0x38, 0xFF, 0xFF, 0x80, 0x71, 0xC0,
    0x07, 0x00, 0xE3, 0xFF, 0xFE, 0x01, 0xC7, 0xFF, 0xFC, 0x03, 0x8E, 0x00, 0x38, 0x0F, 0x1F, 0xFF,
    0xF0, 0x7F, 0xBF, 0xFF, 0xE1, 0xE7, 0xE0, 0x00, 0x7B, 0x83, 0xFF, 0xFF, 0xF6, 0x01, 0xFF, 0xFF,
    0xE0, 0x00, 0x00, 0xE0, 0x00, 0x00, 0x01, 0xC0, 0x7F, 0xFF, 0xFF, 0xFF, 0xFF, 0xFF, 0xFF, 0xFE,
    0x03, 0x00, 0x0E, 0x00, 0x0F, 0x80, 0x1C, 0x00, 0x0F, 0x80, 0x38, 0x00, 0x0F, 0x80, 0x70, 0x00,
    0x0F, 0x1B, 0xE0, 0x00, 0x0C, 0x3F, 0xC0, 0x00, 0x00, 0x7F, 0x00, 0x00, 0x03, 0x80, 0x00, 0x00,
    0x03, 0xC0, 0x00, 0x00, 0x03, 0xC0, 0x00, 0x00, 0x03, 0xC0, 0x00, 0x00, 0x03, 0xC0, 0x00, 0x00,
    0x03, 0xC0, 0x00, 0x00, 0x03, 0xC0, 0x00, 0x00, 0x03, 0xC0, 0x00, 0x07, 0x83, 0xC1, 0xC0, 0x07,
    0x83, 0xC3, 0xC0, 0x07, 0x03, 0xC1, 0xE0, 0x07, 0x03, 0xC1, 0xE0, 0x0F, 0x03, 0xC0, 0xF0, 0x0F,
    0x03, 0xC0, 0xF0, 0x0E, 0x03, 0xC0, 0x78, 0x1E, 0x03, 0xC0, 0x78, 0x1E, 0x03, 0xC0, 0x3C, 0x3C,
    0x03, 0xC0, 0x3C, 0x3C, 0x03, 0xC0, 0x1C, 0x78, 0x03, 0xC0, 0x1E, 0x78, 0x03, 0xC0, 0x1E, 0xF0,
    0x03, 0xC0, 0x0E, 0xF0, 0x03, 0xC0, 0x0F, 0x20, 0x03, 0xC0, 0x0E, 0x00, 0x03, 0xC0, 0x00, 0x00,
    0x03, 0xC0, 0x00, 0x00, 0x03, 0xC0, 0x00, 0x00, 0x03, 0xC0, 0x00, 0x00, 0xFF, 0x80, 0x00, 0x00,
    0xFF, 0x80, 0x00, 0x00, 0xFF, 0x00, 0x00, 0x00, 0x00, 0x00, 0x00, 0x00, 0x03, 0x80, 0x00, 0x00,
    0x07, 0x00, 0x00, 0x00, 0x0E, 0x00, 0x00, 0x00, 0x1C, 0x00, 0x00, 0x00, 0x38, 0x00, 0x00, 0x70,
    0x70, 0x30, 0x00, 0xE0, 0xE0, 0xF0, 0x03, 0xC1, 0xC0, 0xE0, 0x07, 0x03, 0x81, 0xE0, 0x1E, 0x07,
    0x01, 0xE0, 0x38, 0x0E, 0x01, 0xC0, 0xF0, 0x1C, 0x03, 0xC1, 0xC0, 0x38, 0x03, 0xC7, 0x80, 0x70,
    0x07, 0x9E, 0x00, 0xE0, 0x07, 0xB8, 0x01, 0xC0, 0x07, 0x70, 0x03, 0x80, 0x0C, 0x00, 0x07, 0x01,
    0x80, 0x00, 0x0E, 0x07, 0x80, 0x00, 0x1C, 0x1E, 0x00, 0x00, 0x38, 0x78, 0x00, 0x00, 0x01, 0xF0,
    0x00, 0x00, 0x0F, 0xC0, 0x00, 0x00, 0x3E, 0x00, 0x00, 0x01, 0xF8, 0x00, 0x00, 0x1F, 0xE0, 0x00,
    0x03, 0xFF, 0x00, 0x00, 0xFF, 0xF0, 0x00, 0x0F, 0xFF, 0x80, 0x00, 0x1F, 0xF0, 0x00, 0x00, 0x1E,
    0x00, 0x00, 0x00, 0x00, 0x00, 0x00, 0x00, 0x00, 0x07, 0x00, 0x0E, 0x01, 0xC0, 0x3B, 0xC0, 0x70,
    0x1E, 0x78, 0x1C, 0x07, 0x9E, 0x07, 0x03, 0xC3, 0xC1, 0xC0, 0xE0, 0x70, 0x70, 0x78, 0x1E, 0x1C,
    0x3C, 0x03, 0x07, 0x0E, 0x00, 0x01, 0xC0, 0x03, 0xFF, 0xFF, 0xFF, 0xFF, 0xFF, 0xFF, 0xFF, 0xFF,
    0xFF, 0xFE, 0x00, 0x00, 0x1F, 0x80, 0x00, 0x07, 0xE1, 0xFF, 0xC1, 0xF8, 0xFF, 0xF8, 0x7E, 0x3F,
    0xFE, 0x1F, 0x8E, 0x03, 0x87, 0xE3, 0x80, 0xE1, 0xF8, 0xE0, 0x38, 0x7E, 0x38, 0x0E, 0x1F, 0x8E,
    0x03, 0x87, 0xE3, 0xFF, 0xE1, 0xF8, 0xFF, 0xF8, 0x7E, 0x3F, 0xFE, 0x1F, 0x8E, 0x00, 0x07, 0xE3,
    0x80, 0x01, 0xF8, 0x00, 0x0F, 0xFE, 0x00, 0x03, 0xFF, 0x80, 0x00, 0xFE, 0x00, 0x00, 0x00, 0x00,
    0x07, 0xFF, 0xFF, 0xF0, 0x0F, 0xFF, 0xFF, 0xE0, 0x1F, 0xFF, 0xFF, 0xC0, 0x38, 0x00, 0x03, 0x80,
    0x70, 0x00, 0x07, 0x00, 0xE0, 0x00, 0x0E, 0x01, 0xC0, 0x00, 0x1C, 0x03, 0xFF, 0xFF, 0xF8, 0x07,
    0xFF, 0xFF, 0xF0, 0x0F, 0xFF, 0xFF, 0xE0, 0x1C, 0x00, 0x00, 0x00, 0x38, 0x00, 0x00, 0x00, 0x7F,
    0xFF, 0xFF, 0xE0, 0xFF, 0xFF, 0xFF, 0xC3, 0xFF, 0xFF, 0xFF, 0x87, 0x80, 0x00, 0x0F, 0x0E, 0x00,
    0x00, 0x1E, 0x1C, 0x7F, 0xFC, 0x3C, 0x38, 0xFF, 0xF8, 0x78, 0x71, 0xC0, 0x70, 0xE1, 0xE3, 0x80,
    0xE1, 0xC3, 0xC7, 0x01, 0xC3, 0x87, 0x0E, 0x03, 0x87, 0x0E, 0x1C, 0x07, 0x0E, 0x3C, 0x3F, 0xFE,
    0x1C, 0x70, 0x7F, 0xFC, 0x39, 0xE0, 0xE0, 0x00, 0xF3, 0x81, 0xC0, 0x3F, 0xE7, 0x00, 0x00, 0x7F,
    0x80, 0x00, 0x00, 0xFE, 0x00, 0x00, 0x00, 0x00, 0x00, 0x0F, 0xFF, 0xFF, 0xF0, 0x3F, 0xFF, 0xFF,
    0xF0, 0x7F, 0xFF, 0xFF, 0xE0, 0xE0, 0x00, 0x01, 0xC1, 0xC0, 0x00, 0x03, 0x83, 0x80, 0x00, 0x07,
    0x07, 0xFF, 0xFF, 0xFE, 0x0F, 0xFF, 0xFF, 0xFC, 0x1F, 0xFF, 0xFF, 0xF8, 0x38, 0x00, 0x00, 0x00,
    0x70, 0x00, 0x00, 0x00, 0xE0, 0x00, 0x00, 0x01, 0xC7, 0xFF, 0xFF, 0x03, 0x8F, 0xFF, 0xFE, 0x07,
    0x1F, 0xFF, 0xFC, 0x0E, 0x00, 0x00, 0x00, 0x1C, 0x00, 0x00, 0x00, 0x3B, 0xFF, 0xFF, 0xF8, 0x77,
    0xFF, 0xFF, 0xF8, 0xEF, 0xFF, 0xFF, 0xF3, 0xC0, 0x78, 0x00, 0x07, 0x01, 0xE0, 0x70, 0x0E, 0x03,
    0x80, 0xE0, 0x1C, 0x0F, 0x01, 0xE0, 0x78, 0x3C, 0x01, 0xE0, 0xF0, 0xF0, 0x01, 0xC1, 0xC3, 0xFF,
    0xFF, 0xC7, 0x8F, 0xFF, 0xFF, 0xCE, 0x0F, 0xFF, 0xFF, 0x8C, 0x1C, 0x00, 0x07, 0x00, 0x00, 0x00,
    0x04, 0x00, 0x0F, 0xFF, 0xFF, 0xF0, 0x3F, 0xFF, 0xFF, 0xF0, 0x7F, 0xFF, 0xFF, 0xE0, 0xF0, 0x00,
    0x01, 0xC1, 0xE0, 0x00, 0x03, 0x83, 0xC0, 0x00, 0x07, 0x07, 0xFF, 0xFF, 0xFE, 0x0F, 0xFF, 0xFF,
    0xFC, 0x1F, 0xFF, 0xFF, 0xF8, 0x3C, 0x00, 0xE0, 0x00, 0x78, 0x01, 0xC0, 0x00, 0xF0, 0x03, 0x80,
    0x01, 0xFF, 0xFF, 0xFF, 0xC3, 0xFF, 0xFF, 0xFF, 0xC7, 0xFF, 0xFF, 0xFF, 0x8F, 0x00, 0x38, 0x00,
    0x1C, 0x00, 0x70, 0x00, 0x38, 0x00, 0xE0, 0x00, 0x70, 0x01, 0xC0, 0x00, 0xE7, 0xFF, 0xFF, 0x81,
    0xCF, 0xFF, 0xFF, 0x07, 0x9F, 0xFF, 0xFE, 0x0F, 0x3C, 0x00, 0x1C, 0x1C, 0x78, 0x00, 0x38, 0x38,
    0xF0, 0x00, 0x70, 0xF1, 0xE0, 0x00, 0xE1, 0xC3, 0xFF, 0xFF, 0xC7, 0x87, 0xFF, 0xFF, 0x8F, 0x0F,
    0xFF, 0xFF, 0x1C, 0x1E, 0x00, 0x0E, 0x00, 0x18, 0x00, 0x00, 0x00, 0x0F, 0xFF, 0xFF, 0xF0, 0x3F,
    0xFF, 0xFF, 0xF0, 0x7F, 0xFF, 0xFF, 0xE0, 0xE0, 0x00, 0x01, 0xC1, 0xC0, 0x00, 0x03, 0x83, 0x80,
    0x00, 0x07, 0x07, 0xFF, 0xFF, 0xFE, 0x0F, 0xFF, 0xFF, 0xFC, 0x1F, 0xFF, 0xFF, 0xF8, 0x38, 0x78,
    0x03, 0x80, 0x70, 0x78, 0x0F, 0x00, 0xE0, 0xF0, 0x1C, 0x01, 0xC0, 0xC0, 0x78, 0x03, 0xBF, 0xFF,
    0xFF, 0x87, 0x7F, 0xFF, 0xFF, 0x0E, 0x7F, 0xFF, 0xFC, 0x1C, 0x0E, 0x07, 0x80, 0x38, 0x1C, 0x0F,
    0x00, 0x70, 0x38, 0x1E, 0x00, 0xE0, 0x70, 0x3C, 0x01, 0xFF, 0xFF, 0xFF, 0xE7, 0xFF, 0xFF, 0xFF,
    0xCE, 0x7F, 0xFF, 0xFF, 0x1C, 0x0F, 0x03, 0xC0, 0x38, 0x1C, 0x07, 0x80, 0xF0, 0x78, 0x0F, 0x01,
    0xC1, 0xE0, 0x1E, 0x07, 0x8F, 0x80, 0x3C, 0x0F, 0x3E, 0x00, 0x78, 0x0C, 0x38, 0x00, 0xF0, 0x00,
    0x00, 0x00, 0xC0, 0x00, 0x0F, 0xFF, 0xFF, 0xF0, 0x1F, 0xFF, 0xFF, 0xF8, 0x1F, 0xFF, 0xFF, 0xF8,
    0x1E, 0x00, 0x00, 0x38, 0x1E, 0x00, 0x00, 0x38, 0x1E, 0x00, 0x00, 0x38, 0x1F, 0xFF, 0xFF, 0xF8,
    0x1F, 0xFF, 0xFF, 0xF8, 0x1F, 0xFF, 0xFF, 0xF8, 0x1E, 0x0E, 0x07, 0x00, 0x1E, 0x0E, 0x07, 0x00,
    0x1E, 0x0E, 0x07, 0x00, 0x1F, 0xFF, 0xFF, 0xFC, 0x1D, 0xFF, 0xFF, 0xFC, 0x1C, 0x0E, 0x07, 0x00,
    0x1C, 0x0E, 0x07, 0x00, 0x1C, 0x0E, 0x07, 0x00, 0x1D, 0xFF, 0xFF, 0xFC, 0x1F, 0xFF, 0xFF, 0xFE,
    0x1F, 0xFF, 0xFF, 0xFE, 0x1C, 0x38, 0x70, 0x30, 0x3C, 0x38, 0x78, 0x78, 0x38, 0x38, 0x3D, 0xF0,
    0x38, 0x38, 0x1F, 0xE0, 0x38, 0x38, 0x1F, 0x80, 0x78, 0x38, 0x7F, 0x80, 0x70, 0x7F, 0xF7, 0xE0,
    0xF0, 0x7F, 0xF1, 0xFC, 0xF0, 0xFF, 0x80, 0xFE, 0xE0, 0x78, 0x00, 0x1C, 0x00, 0x00, 0x00, 0x00,
    0x1F, 0xFF, 0xFF, 0xF8, 0xFF, 0xFF, 0xFF, 0xC7, 0x00, 0x00, 0x0E, 0x38, 0x00, 0x00, 0x71, 0xC0,
    0x00, 0x03, 0x8F, 0xFF, 0xFF, 0xFC, 0x7F, 0xFF, 0xFF, 0xE3, 0x83, 0x80, 0x70, 0x1C, 0x0E, 0x03,
    0x80, 0xEF, 0xFF, 0xFF, 0xC7, 0x7F, 0xFF, 0xFE, 0x3B, 0x91, 0xE0, 0x71, 0xDD, 0xCF, 0x3B, 0x8E,
    0xE7, 0x7B, 0x9C, 0x77, 0x3B, 0xDC, 0xE3, 0xB8, 0xFF, 0xC7, 0x1D, 0xC0, 0xF4, 0x38, 0xEF, 0xFF,
    0xFF, 0xC7, 0x7F, 0xFF, 0xFE, 0x38, 0x00, 0x00, 0x03, 0xC7, 0xFF, 0xFF, 0x1C, 0x3F, 0xFF, 0xF8,
    0xE1, 0xC0, 0x03, 0xC7, 0x0F, 0xFF, 0xFE, 0x78, 0x7F, 0xFF, 0xF3, 0x83, 0x80, 0x07, 0x9C, 0x1C,
    0x00, 0x3D, 0xE0, 0xFF, 0xFF, 0xEE, 0x07, 0xFF, 0xFF, 0x30, 0x38, 0x00, 0x78, 0x00, 0x00, 0x00,
    0x00, 0x00, 0x0E, 0x00, 0x00, 0x01, 0xC0, 0x00, 0x00, 0x38, 0x00, 0x00, 0x07, 0x00, 0x00, 0x00,
    0xE0, 0x00, 0x00, 0x1C, 0x00, 0x00, 0x03, 0x80, 0x07, 0x80, 0x70, 0x07, 0xF0, 0x0E, 0x00, 0xFE,
    0x01, 0xC0, 0x1F, 0xC0, 0x38, 0x03, 0xF8, 0x07, 0x00, 0x7F, 0x00, 0xE0, 0x0F, 0xE0, 0x1C, 0x01,
    0xFC, 0x03, 0x80, 0x3F, 0x80, 0x70, 0x07, 0xF0, 0x0E, 0x00, 0xFE, 0x01, 0xC0, 0x1F, 0xC0, 0x38,
    0x03, 0xF8, 0x07, 0x00, 0x7F, 0x00, 0xE0, 0x0F, 0xE0, 0x1C, 0x01, 0xFC, 0x03, 0x80, 0x3F, 0x80,
    0x70, 0x07, 0xF0, 0x0E, 0x00, 0xFE, 0x01, 0xC0, 0x1F, 0xFF, 0xFF, 0xFF, 0xFF, 0xFF, 0xFF, 0xFF,
    0xFF, 0xFF, 0xFE, 0x00, 0x00, 0x01, 0xC0, 0x00, 0x00, 0x38, 0x00, 0x00, 0x00, 0x00, 0x01, 0x80,
    0x00, 0x00, 0x07, 0x00, 0x00, 0xF0, 0x0E, 0x00, 0xE1, 0xE0, 0x1C, 0x01, 0xC3, 0xC0, 0x38, 0x03,
    0x87, 0x80, 0x70, 0x07, 0x0F, 0xFF, 0xFF, 0xFE, 0x1F, 0xFF, 0xFF, 0xFC, 0x1F, 0xFF, 0xFF, 0xF0,
    0x00, 0x00, 0x70, 0x00, 0x70, 0x70, 0xE0, 0x00, 0xE0, 0xE1, 0xC0, 0x01, 0xC1, 0xC3, 0xFF, 0xDF,
    0xFF, 0xFF, 0xFF, 0xFF, 0xFF, 0xFF, 0xFF, 0xFF, 0xFF, 0xB8, 0x07, 0x1C, 0x1C, 0xF3, 0x9C, 0x38,
    0x39, 0xC7, 0x38, 0x70, 0x73, 0x8E, 0x70, 0xE0, 0xEE, 0x3C, 0xC1, 0xFF, 0xCC, 0x78, 0x83, 0xFF,
    0x80, 0xF0, 0x07, 0x07, 0x01, 0xE0, 0x0E, 0x0E, 0x03, 0xE0, 0x1C, 0x1C, 0x0F, 0xC0, 0x38, 0x38,
    0x1F, 0xC0, 0x70, 0x70, 0x7B, 0x80, 0xFF, 0xE1, 0xE7, 0x81, 0xFF, 0xC7, 0x87, 0x83, 0xFF, 0x9E,
    0x07, 0x87, 0x07, 0x7C, 0x0F, 0x8E, 0x0E, 0xE0, 0x0F, 0x1C, 0x00, 0x80, 0x04, 0x07, 0x00, 0x00,
    0x1C, 0x1C, 0x03, 0x80, 0x70, 0x70, 0x0E, 0x01, 0xC1, 0xC0, 0x38, 0x07, 0x07, 0x00, 0xE0, 0x1C,
    0x1C, 0x03, 0x80, 0x70, 0x70, 0x0E, 0x01, 0xC1, 0xC0, 0x38, 0x07, 0x07, 0x00, 0xE0, 0x1C, 0x1C,
    0x03, 0x80, 0x70, 0x70, 0x0E, 0x01, 0xC1, 0xC0, 0x38, 0x07, 0x07, 0x00, 0xE0, 0x1C, 0x1C, 0x03,
    0x80, 0x70, 0x70, 0x0E, 0x01, 0xC1, 0xC0, 0x38, 0x07, 0x07, 0x00, 0xE0, 0x1C, 0x1C, 0x03, 0x80,
    0x70, 0xF0, 0x0E, 0x01, 0xC3, 0xC0, 0x38, 0x07, 0x0E, 0x00, 0xE0, 0x1C, 0x38, 0x03, 0x80, 0x71,
    0xE0, 0x0E, 0x01, 0xC7, 0x80, 0x38, 0x07, 0x1C, 0x00, 0xE0, 0x1C, 0xF0, 0x03, 0x80, 0x77, 0x80,
    0x00, 0x01, 0xDE, 0x00, 0x00, 0x07, 0x30, 0x00, 0x00, 0x1C, 0x00, 0x00, 0x00, 0x00, 0x00, 0x00,
    0x00, 0x00, 0x00, 0x0E, 0x00, 0x00, 0x00, 0x0E, 0x00, 0x00, 0x00, 0x1E, 0x00, 0x00, 0x00, 0x1E,
    0x00, 0x00, 0x00, 0x1C, 0x00, 0x00, 0x00, 0x1C, 0x00, 0x00, 0x3F, 0xFF, 0xFF, 0xFE, 0x3F, 0xFF,
    0xFF, 0xFE, 0x3F, 0xFF, 0xFF, 0xFE, 0x00, 0x38, 0x00, 0x00, 0x00, 0x38, 0x00, 0x00, 0x00, 0x78,
    0x00, 0x00, 0x00, 0x70, 0x00, 0x00, 0x00, 0x70, 0x00, 0x00, 0x00, 0xF0, 0x00, 0x00, 0x00, 0xFF,
    0xFF, 0xFC, 0x01, 0xFF, 0xFF, 0xFC, 0x01, 0xFF, 0xFF, 0xFC, 0x01, 0xC0, 0x3C, 0x00, 0x03, 0xC0,
    0x3C, 0x00, 0x07, 0x80, 0x3C, 0x00, 0x07, 0x80, 0x3C, 0x00, 0x0F, 0x00, 0x3C, 0x00, 0x0E, 0x00,
    0x3C, 0x00, 0x1E, 0x00, 0x3C, 0x00, 0x3C, 0x00, 0x3C, 0x00, 0x78, 0x00, 0x3C, 0x00, 0x70, 0xFF,
    0xFF, 0xFF, 0x31, 0xFF, 0xFF, 0xFF, 0x01, 0xFF, 0xFF, 0xFF, 0xFF, 0xFF, 0xFF, 0x0F, 0xFF, 0xFF,
    0xF0, 0xFF, 0xFF, 0xFF, 0x00, 0x00, 0x00, 0x70, 0x00, 0x00, 0x07, 0x00, 0x00, 0x00, 0x70, 0x00,
    0x00, 0x07, 0x00, 0x00, 0x00, 0x70, 0x00, 0x00, 0x07, 0x00, 0x00, 0x00, 0x70, 0x00, 0x00, 0x07,
    0x07, 0xFF, 0xFF, 0xF0, 0x7F, 0xFF, 0xFF, 0x07, 0xFF, 0xFF, 0xF0, 0x70, 0x00, 0x07, 0x07, 0x00,
    0x00, 0x70, 0x70, 0x00, 0x00, 0x07, 0x00, 0x00, 0x00, 0x70, 0x00, 0x00, 0x07, 0x00, 0x00, 0x00,
    0x70, 0x00, 0x00, 0x77, 0x00, 0x00, 0x07, 0x70, 0x00, 0x00, 0x77, 0x00, 0x00, 0x0F, 0x70, 0x00,
    0x00, 0xF7, 0xC0, 0x00, 0x3E, 0x7F, 0xFF, 0xFF, 0xE3, 0xFF, 0xFF, 0xFC, 0x0F, 0xFF, 0xFF, 0x00,
    0xFF, 0xFF, 0xFF, 0x87, 0xFF, 0xFF, 0xFC, 0x3F, 0xFF, 0xFF, 0xE0, 0x00, 0x00, 0x07, 0x00, 0x00,
    0x00, 0x38, 0x00, 0x00, 0x01, 0xC1, 0xE0, 0x00, 0x0E, 0x0F, 0x00, 0x00, 0x70, 0x78, 0x00, 0x03,
    0x83, 0xC0, 0x00, 0x1C, 0x1E, 0x00, 0x00, 0xE0, 0xFF, 0xFF, 0xFF, 0x07, 0xFF, 0xFF, 0xF8, 0x3F,
    0xFF, 0xFF, 0xC1, 0xE0, 0x00, 0x0E, 0x0F, 0x00, 0x00, 0x70, 0x78, 0x00, 0x00, 0x03, 0xC0, 0x00,
    0x00, 0x1E, 0x00, 0x00, 0x00, 0xF0, 0x00, 0x00, 0x67, 0x80, 0x00, 0x03, 0xBC, 0x00, 0x00, 0x1D,
    0xE0, 0x00, 0x01, 0xE7, 0x00, 0x00, 0x0F, 0x38, 0x00, 0x00, 0xF1, 0xFF, 0xFF, 0xFF, 0x87, 0xFF,
    0xFF, 0xF8, 0x1F, 0xFF, 0xFF, 0x80, 0x00, 0x00, 0x00, 0x00, 0x00, 0x1C, 0x00, 0x00, 0x00, 0x78,
    0x00, 0x00, 0x00, 0xF0, 0x00, 0x00, 0x01, 0xC0, 0x00, 0x00, 0x07, 0x80, 0x00, 0x1F, 0xFF, 0xFF,
    0xFF, 0xBF, 0xFF, 0xFF, 0xFF, 0x7F, 0xFF, 0xFF, 0xFE, 0x01, 0xE0, 0x00, 0x00, 0x03, 0x83, 0x80,
    0x00, 0x0F, 0x07, 0x00, 0x00, 0x1C, 0x0E, 0x00, 0x00, 0x78, 0x1C, 0x00, 0x01, 0xFF, 0xFF, 0xFE,
    0x07, 0xFF, 0xFF, 0xFC, 0x1F, 0xFF, 0xFF, 0xF8, 0x7F, 0x01, 0xC0, 0x71, 0xFE, 0x03, 0x80, 0xE7,
    0xDC, 0x07, 0x01, 0xCF, 0x38, 0x0E, 0x03, 0x8C, 0x70, 0x1C, 0x07, 0x00, 0xE0, 0x38, 0x0E, 0x01,
    0xC0, 0x70, 0x1C, 0x03, 0x80, 0xE0, 0x38, 0x07, 0x01, 0xC0, 0x70, 0x0E, 0x03, 0x9F, 0xE0, 0x1C,
    0x07, 0x3F, 0x80, 0x38, 0x0E, 0x3C, 0x00, 0x00, 0x1C, 0x00, 0x00, 0x00, 0x38, 0x00, 0x00, 0x00,
    0x70, 0x00, 0x00, 0x00, 0x00, 0x00, 0x00, 0x00, 0x00, 0x00, 0x38, 0x00, 0x00, 0x01, 0xCF, 0xFF,
    0xFE, 0x0E, 0xFF, 0xFF, 0xFC, 0x77, 0xFF, 0xFF, 0xF3, 0x80, 0x38, 0x03, 0x9C, 0x01, 0xC0, 0x1C,
    0xE0, 0x0E, 0x00, 0xE7, 0x00, 0x70, 0x07, 0x38, 0xFF, 0xFF, 0xB9, 0xC7, 0xFF, 0xFD, 0xCE, 0x3F,
    0xFF, 0xEE, 0x71, 0xC7, 0x07, 0x73, 0x8E, 0x38, 0x3B, 0x9C, 0x71, 0xC1, 0xDC, 0xE3, 0x8E, 0x0E,
    0xE7, 0x1C, 0x70, 0x77, 0x38, 0xE3, 0x83, 0xB9, 0xC7, 0x1C, 0x1D, 0xCE, 0x38, 0xE0, 0xEE, 0x71,
    0xC7, 0x07, 0x63, 0x8E, 0x38, 0x38, 0x38, 0x71, 0xC1, 0xC1, 0xC3, 0x8E, 0x0E, 0x0E, 0x1C, 0x73,
    0xF0, 0xF0, 0xE3, 0x9F, 0x07, 0x07, 0x1C, 0xF8, 0x78, 0x30, 0xE0, 0x03, 0x80, 0x07, 0x00, 0x3C,
    0x00, 0x38, 0x03, 0xC0, 0x01, 0xC0, 0x0C, 0x00, 0x0E, 0x00, 0x00, 0x00, 0x00, 0x00, 0x00, 0x02,
    0x00, 0x00, 0x00, 0x78, 0x00, 0x00, 0x03, 0xC0, 0x00, 0x00, 0x0F, 0x00, 0x0F, 0xFF, 0xFF, 0xFF,
    0xFF, 0xFF, 0xFF, 0xFF, 0xFF, 0xFF, 0xFF, 0xFC, 0x04, 0x04, 0x07, 0xE0, 0x70, 0x78, 0x3F, 0x0F,
    0x83, 0xF9, 0xC1, 0xF8, 0x07, 0xF0, 0x7F, 0x00, 0x0F, 0xE3, 0xF0, 0x78, 0x1F, 0x1E, 0x03, 0xC0,
    0x30, 0x00, 0x1E, 0x00, 0x00, 0x00, 0xF0, 0x00, 0x1F, 0xFF, 0xFF, 0xE0, 0xFF, 0xFF, 0xFF, 0x07,
    0xFF, 0xFF, 0xF8, 0x38, 0x0F, 0x01, 0xC1, 0xC0, 0x78, 0x0E, 0x0E, 0x03, 0xC0, 0x70, 0x70, 0x1E,
    0x03, 0x83, 0x80, 0xF0, 0x1C, 0x1C, 0x07, 0x80, 0xE0, 0xE0, 0x3C, 0x07, 0x07, 0x01, 0xE0, 0x38,
    0x38, 0x0F, 0x3F, 0xC1, 0xC0, 0x79, 0xFE, 0x0E, 0x03, 0xC7, 0xC0, 0x00, 0x1E, 0x00, 0x00, 0x00,
    0xF0, 0x00, 0x00, 0x00, 0x00, 0x00, 0x03, 0x83, 0x83, 0xC0, 0x07, 0x07, 0x07, 0x80, 0x0E, 0x0E,
    0x0F, 0x00, 0x1C, 0x1C, 0x1E, 0x0F, 0xFF, 0xFF, 0xFF, 0xFF, 0xFF, 0xFF, 0xFF, 0xDF, 0xFF, 0xFF,
    0xFF, 0x81, 0xC1, 0xC1, 0xE0, 0x03, 0x83, 0x83, 0xC0, 0x07, 0x07, 0x03, 0x80, 0x00, 0x00, 0x00,
    0x03, 0xFF, 0xFF, 0xFF, 0xE7, 0xFF, 0xFF, 0xFF, 0xCF, 0xFF, 0xFF, 0xFF, 0x9C, 0x00, 0xE0, 0x07,
    0x38, 0x01, 0xC0, 0x0E, 0x70, 0x03, 0x80, 0x1C, 0xEF, 0xFF, 0xFF, 0xF8, 0x1F, 0xFF, 0xFF, 0x80,
    0x3F, 0xFF, 0xFF, 0x00, 0x70, 0x38, 0x0E, 0x00, 0xE0, 0x70, 0x1C, 0x01, 0xC0, 0xE0, 0x38, 0x03,
    0x81, 0xC0, 0x70, 0x07, 0x03, 0x80, 0xE0, 0x0E, 0x07, 0x1F, 0xC0, 0x1C, 0x0E, 0x3F, 0x80, 0x38,
    0x1C, 0x7E, 0x00, 0x00, 0x38, 0x00, 0x00, 0x00, 0x70, 0x00, 0x00, 0x00, 0xE0, 0x00, 0x00, 0x00,
    0x00, 0x00, 0x00, 0x00, 0x00, 0x00, 0x1C, 0x00, 0x70, 0x00, 0x70, 0x01, 0xC0, 0x01, 0xC0, 0x07,
    0x00, 0x07, 0x00, 0x1F, 0xFC, 0x1C, 0x00, 0x7F, 0xF0, 0x70, 0x01, 0xFF, 0xFF, 0xFC, 0x07, 0x00,
    0xFF, 0xF0, 0x1C, 0x03, 0xFF, 0xCF, 0xFF, 0xCE, 0x77, 0x3F, 0xFF, 0x39, 0xDC, 0xFF, 0xFC, 0xE7,
    0x73, 0x80, 0x73, 0x9D, 0xCE, 0x31, 0xCE, 0x77, 0x39, 0xE7, 0x39, 0xDC, 0xE7, 0x9C, 0xE7, 0x73,
    0x9E, 0x73, 0x9D, 0xCE, 0x79, 0xCE, 0x77, 0x39, 0xE7, 0x39, 0xDC, 0xE7, 0x9C, 0xE7, 0x73, 0x9E,
    0x73, 0x9D, 0xCE, 0x71, 0xCE, 0x7F, 0x39, 0xC7, 0x39, 0xFC, 0xE7, 0x1C, 0xE7, 0xF3, 0xBC, 0x71,
    0x1C, 0x00, 0xE0, 0x00, 0x70, 0x07, 0xB8, 0x01, 0xC0, 0x3D, 0xF0, 0x07, 0x03, 0xE1, 0xF0, 0x1C,
    0x3F, 0x03, 0xE0, 0x71, 0xF8, 0x03, 0xC1, 0xC3, 0x80, 0x06, 0x06, 0x00, 0x00, 0x00, 0x00, 0x00,
    0x00, 0x00, 0x3C, 0x00, 0x00, 0x00, 0xF0, 0xFF, 0xFF, 0xC3, 0x83, 0xFF, 0xFF, 0x0E, 0x0F, 0xFF,
    0xFC, 0x70, 0x00, 0x70, 0x0F, 0xFE, 0x01, 0xC0, 0x3F, 0xF8, 0x07, 0x00, 0xFF, 0xE0, 0x1C, 0x03,
    0x83, 0x9F, 0xFF, 0xEE, 0x0E, 0x7F, 0xFF, 0xB8, 0x39, 0xFF, 0xFE, 0xE0, 0xE7, 0x1C, 0x3B, 0xFF,
    0x9C, 0x70, 0xEF, 0xFE, 0x71, 0xC3, 0xBF, 0xF1, 0xC7, 0x0E, 0xE0, 0x07, 0x1C, 0x3B, 0x80, 0x1C,
    0x70, 0xEF, 0xFE, 0x71, 0xC3, 0xBF, 0xF9, 0xC7, 0x0E, 0xFF, 0xE7, 0x1C, 0x3B, 0x83, 0x9C, 0x70,
    0xEE, 0x0E, 0x71, 0xC3, 0xB8, 0x39, 0xC7, 0x0E, 0xE0, 0xE7, 0x1C, 0xFB, 0x83, 0x9C, 0x77, 0xEF,
    0xFE, 0x71, 0xCF, 0x3F, 0xF9, 0xC7, 0x00, 0xFF, 0xE0, 0x1C, 0x03, 0x80, 0x00, 0x70, 0x0E, 0x00,
    0x01, 0xC0, 0x18, 0x00, 0x07, 0x00, 0x00, 0x00, 0x0C, 0x00, 0x0E, 0x07, 0x01, 0xC0, 0xF0, 0x38,
    0x1E, 0x03, 0xC1, 0xC1, 0xE0, 0x0F, 0x0E, 0x0E, 0x00, 0x38, 0x70, 0x70, 0x7F, 0xFF, 0xFF, 0xFF,
    0xFF, 0xFF, 0xFF, 0xFF, 0xFF, 0xFF, 0xFF, 0xF0, 0x00, 0x00, 0x3F, 0x80, 0x00, 0x01, 0xFC, 0xFF,
    0xFF, 0xCF, 0xE7, 0xFF, 0xFE, 0x77, 0x38, 0x00, 0x73, 0x81, 0xC0, 0x03, 0x80, 0x0E, 0x00, 0x1C,
    0x00, 0x7F, 0xFF, 0xE0, 0x03, 0xFF, 0xFF, 0x00, 0x00, 0x3C, 0x00, 0x00, 0x01, 0xE0, 0x00, 0x3F,
    0xFF, 0xFF, 0xC1, 0xFF, 0xFF, 0xFE, 0x0F, 0xFF, 0xFF, 0xF0, 0x70, 0x1E, 0x03, 0x83, 0x80, 0xF0,
    0x1C, 0x1C, 0x07, 0x80, 0xE0, 0xE0, 0x3C, 0x07, 0x07, 0x01, 0xE0, 0x38, 0x38, 0x0F, 0x3F, 0xC1,
    0xC0, 0x79, 0xFE, 0x0E, 0x03, 0xCF, 0xE0, 0x00, 0x1E, 0x00, 0x00, 0x00, 0x60, 0x00, 0x04, 0x00,
    0x00, 0x00, 0x38, 0x00, 0x00, 0x00, 0xE0, 0x00, 0x00, 0x03, 0x83, 0xFF, 0xFF, 0x0E, 0x0F, 0xFF,
    0xFC, 0x38, 0x00, 0x00, 0x00, 0xE0, 0x00, 0x00, 0x3F, 0xFC, 0xFF, 0xFC, 0xFF, 0xF3, 0xFF, 0xF3,
    0xFF, 0xCE, 0x01, 0xCC, 0xE7, 0x38, 0x07, 0x33, 0x9C, 0xE0, 0x1C, 0xCE, 0x73, 0x80, 0x73, 0x39,
    0xCF, 0xFF, 0xCC, 0xE7, 0x3F, 0xFF, 0x33, 0x9C, 0x00, 0x00, 0xCE, 0x70, 0x00, 0x03, 0x39, 0xC0,
    0x00, 0x0C, 0xE7, 0xFF, 0xFF, 0xF3, 0x9F, 0xFF, 0xFF, 0xCE, 0x7E, 0x1C, 0x1F, 0x39, 0xF8, 0x70,
    0x7C, 0xEF, 0xE1, 0xC1, 0xF3, 0xFB, 0xFF, 0xFF, 0xCF, 0xEF, 0xFF, 0xFF, 0x38, 0x38, 0x70, 0x70,
    0xE0, 0xE1, 0xC1, 0xC3, 0x83, 0x87, 0x07, 0x0E, 0x0E, 0x1C, 0x1C, 0x38, 0x3F, 0xFF, 0xF0, 0xE0,
    0xFF, 0xFF, 0xC3, 0x83, 0x80, 0x07, 0x04, 0x06, 0x00, 0x00, 0x00, 0x60, 0x0C, 0x00, 0x00, 0xF0,
    0x0E, 0x00, 0x00, 0xF0, 0x0E, 0x00, 0x7F, 0xFF, 0xFF, 0xFE, 0x7F, 0xFF, 0xFF, 0xFE, 0x00, 0xF0,
    0x1E, 0x00, 0x00, 0xF0, 0x0E, 0x00, 0x0F, 0xFF, 0xFF, 0xE0, 0x0F, 0xFF, 0xFF, 0xE0, 0x0E, 0x00,
    0x00, 0xE0, 0x0E, 0x00, 0x00, 0xE0, 0x0F, 0xFF, 0xFF, 0xE0, 0x0F, 0xFF, 0xFF, 0xE0, 0x0E, 0x00,
    0x00, 0xE0, 0x0E, 0x00, 0x00, 0xE0, 0x0F, 0xFF, 0xFF, 0xE0, 0x0F, 0xFF, 0xFF, 0xE0, 0x00, 0x38,
    0x00, 0x00, 0x00, 0x78, 0x00, 0x00, 0xFF, 0xFF, 0xFF, 0xFE, 0xFF, 0xFF, 0xFF, 0xFE, 0x03, 0xE3,
    0x87, 0x80, 0x07, 0x83, 0x83, 0xE0, 0x1F, 0xFF, 0xFF, 0xF8, 0x7F, 0xFF, 0xFF, 0xFE, 0xFB, 0x83,
    0x81, 0xDE, 0x63, 0x83, 0x81, 0xC4, 0x03, 0x83, 0x81, 0xC0, 0x03, 0x83, 0x81, 0xC0, 0x03, 0x83,
    0x8F, 0xC0, 0x03, 0x83, 0x8F, 0x80, 0x00, 0x03, 0x80, 0x00, 0x00, 0x00, 0x00, 0x00, 0x00, 0x00,
    0x00, 0x00, 0x07, 0x00, 0x07, 0x00, 0x0F, 0x00, 0x1E, 0x00, 0x0F, 0x00, 0x3C, 0x00, 0x0E, 0x00,
    0x70, 0x00, 0x1E, 0x01, 0xE0, 0x00, 0x1C, 0x03, 0x80, 0x00, 0x38, 0x0F, 0x00, 0x3F, 0xFF, 0xFF,
    0xFC, 0x7F, 0xFF, 0xFF, 0xF8, 0xFF, 0xFF, 0xFF, 0xF0, 0x07, 0x00, 0x70, 0x00, 0x0E, 0x00, 0xE0,
    0x00, 0x1C, 0x01, 0xC0, 0x00, 0x38, 0x03, 0x80, 0x00, 0x70, 0x07, 0x00, 0x00, 0xE0, 0x0E, 0x00,
    0xFF, 0xFF, 0xFF, 0xFF, 0xFF, 0xFF, 0xFF, 0xFF, 0xFF, 0xFF, 0xFF, 0xF0, 0x0E, 0x00, 0xE0, 0x00,
    0x1C, 0x01, 0xC0, 0x00, 0x78, 0x03, 0x80, 0x00, 0xF0, 0x07, 0x00, 0x03, 0xC0, 0x0E, 0x00, 0x07,
    0x80, 0x1C, 0x00, 0x1E, 0x00, 0x38, 0x00, 0x7C, 0x00, 0x70, 0x01, 0xF0, 0x00, 0xE0, 0x0F, 0xC0,
    0x01, 0xC0, 0x1F, 0x00, 0x03, 0x80, 0x3C, 0x00, 0x07, 0x00, 0x20, 0x00, 0x00, 0x00, 0x00, 0x00,
    0x00, 0x00, 0x00, 0x03, 0x80, 0x00, 0x00, 0x07, 0x00, 0x00, 0x00, 0x0F, 0x00, 0x01, 0xFF, 0xFF,
    0xFF, 0xE3, 0xFF, 0xFF, 0xFF, 0xC7, 0xFF, 0xFF, 0xFF, 0x8E, 0x00, 0x00, 0x00, 0x1C, 0x00, 0x00,
    0x00, 0x38, 0x00, 0x00, 0x00, 0x73, 0xFF, 0xFF, 0x80, 0xE7, 0xFF, 0xFF, 0x81, 0xC0, 0x00, 0x3C,
    0x03, 0x81, 0x81, 0xF0, 0x07, 0x07, 0xC7, 0xC0, 0x0E, 0x07, 0xFE, 0x00, 0x1C, 0x03, 0xF8, 0x00,
    0x38, 0x00, 0xFC, 0x00, 0x7F, 0xFF, 0xFF, 0xF9, 0xFF, 0xFF, 0xFF, 0xE3, 0x9F, 0xFF, 0xFF, 0xC7,
    0x00, 0x0E, 0x0F, 0x0E, 0x00, 0x1C, 0x3C, 0x1C, 0x00, 0x38, 0x70, 0x38, 0x00, 0x71, 0xE0, 0x70,
    0x00, 0xE0, 0x81, 0xE0, 0x01, 0xC0, 0x03, 0x80, 0x03, 0x80, 0x07, 0x00, 0x07, 0x00, 0x1E, 0x03,
    0xFE, 0x00, 0x38, 0x07, 0xFC, 0x00, 0x30, 0x0F, 0xF0, 0x00, 0x00, 0x00, 0x00, 0x00, 0x00, 0x00,
    0x00, 0x00, 0x00, 0x03, 0x80, 0x00, 0x00, 0x07, 0x00, 0x00, 0x00, 0x0F, 0x00, 0x01, 0xFF, 0xFF,
    0xFF, 0xE3, 0xFF, 0xFF, 0xFF, 0xC7, 0xFF, 0xFF, 0xFF, 0x8E, 0x00, 0x80, 0x00, 0x1C, 0x03, 0xC0,
    0x00, 0x38, 0x07, 0x80, 0x00, 0x73, 0xFF, 0xFF, 0xE0, 0xEF, 0xFF, 0xFF, 0xE1, 0xDF, 0xFF, 0xFF,
    0xC3, 0x81, 0xE0, 0x00, 0x07, 0x03, 0x80, 0x00, 0x0E, 0x0E, 0x1E, 0x00, 0x1C, 0x3C, 0x3C, 0x00,
    0x38, 0xF0, 0x78, 0x00, 0x71, 0xFF, 0xFF, 0xE1, 0xE3, 0xFF, 0xFF, 0xC3, 0xC7, 0xFF, 0xFF, 0x87,
    0x00, 0x07, 0x80, 0x0E, 0x00, 0x0F, 0x00, 0x1C, 0x00, 0x1E, 0x00, 0x39, 0xFF, 0xFF, 0xFE, 0x77,
    0xFF, 0xFF, 0xFD, 0xEF, 0xFF, 0xFF, 0xFB, 0x80, 0x01, 0xE0, 0x07, 0x00, 0x03, 0xC0, 0x1E, 0x00,
    0x07, 0x80, 0x38, 0x00, 0x0F, 0x00, 0x70, 0x00, 0x1E, 0x00, 0x00, 0x00, 0x18, 0x00, 0x00, 0x00,
    0x80, 0x00, 0x00, 0x07, 0x80, 0x00, 0x00, 0x07, 0x00, 0x00, 0x00, 0x0F, 0x00, 0x00, 0x00, 0x0E,
    0x00, 0x03, 0xFF, 0xFF, 0xFF, 0xC7, 0xFF, 0xFF, 0xFF, 0x8F, 0xFF, 0xFF, 0xFF, 0x1C, 0x00, 0x00,
    0x00, 0x38, 0x00, 0x00, 0x00, 0x70, 0x07, 0x00, 0xE0, 0xE2, 0x0E, 0x03, 0xC1, 0xCE, 0x1C, 0x07,
    0x83, 0x9C, 0x3C, 0x0E, 0x07, 0x38, 0x38, 0x1C, 0x0E, 0x78, 0x70, 0x78, 0x1C, 0x70, 0xE0, 0xE0,
    0x38, 0xE1, 0xE1, 0xC0, 0x71, 0xE1, 0xC7, 0x81, 0xE1, 0xC3, 0x8E, 0x03, 0xC3, 0x87, 0x1C, 0x07,
    0x87, 0x8E, 0x70, 0x0E, 0x07, 0x08, 0xE0, 0x1C, 0x0E, 0x03, 0xC0, 0x38, 0x10, 0x07, 0x00, 0x70,
    0x00, 0x1E, 0x01, 0xE0, 0x00, 0x38, 0x03, 0xC0, 0x00, 0xE0, 0x07, 0x3F, 0xFF, 0xFF, 0xFE, 0x7F,
    0xFF, 0xFF, 0xF8, 0xFF, 0xFF, 0xFF, 0xB0, 0x00, 0x00, 0x00, 0x00, 0x00, 0x00, 0x00, 0x00, 0x00,
    0x80, 0x00, 0x00, 0x01, 0xC0, 0x00, 0x00, 0x01, 0xE0, 0x00, 0x00, 0x01, 0xE0, 0x00, 0x1F, 0xFF,
    0xFF, 0xFE, 0x1F, 0xFF, 0xFF, 0xFE, 0x1F, 0xFF, 0xFF, 0xFE, 0x1C, 0x0E, 0x03, 0x80, 0x1C, 0x1E,
    0x03, 0x80, 0x1C, 0x1E, 0x03, 0x80, 0x1C, 0x1E, 0x03, 0x80, 0x1F, 0xFF, 0xFF, 0xFE, 0x1F, 0xFF,
    0xFF, 0xFE, 0x1C, 0x1E, 0x03, 0x80, 0x1C, 0x1E, 0x03, 0x80, 0x1C, 0x1E, 0x03, 0x80, 0x1C, 0x1F,
    0xFF, 0x80, 0x1C, 0x1F, 0xFF, 0x80, 0x1C, 0x00, 0x00, 0x00, 0x1C, 0x00, 0x00, 0x00, 0x3D, 0xFF,
    0xFF, 0xF0, 0x3D, 0xFF, 0xFF, 0xF0, 0x3C, 0x3C, 0x01, 0xE0, 0x38, 0x1E, 0x03, 0xC0, 0x38, 0x1F,
    0x07, 0xC0, 0x38, 0x0F, 0x9F, 0x00, 0x78, 0x03, 0xFE, 0x00, 0x78, 0x03, 0xFC, 0x00, 0x70, 0x1F,
    0xFF, 0x80, 0xF7, 0xFF, 0xFF, 0xFE, 0xE7, 0xFE, 0x07, 0xFE, 0x63, 0xE0, 0x00, 0x7C, 0x00, 0x00,
    0x00, 0x00, 0x00, 0x01, 0x80, 0x00, 0x00, 0x03, 0xC0, 0x00, 0x00, 0x01, 0xC0, 0x00, 0x00, 0x01,
    0xE0, 0x00, 0x3F, 0xFF, 0xFF, 0xFE, 0x3F, 0xFF, 0xFF, 0xFE, 0x3F, 0xFF, 0xFF, 0xFC, 0x38, 0x1C,
    0x03, 0x80, 0x3B, 0x1C, 0xE7, 0x00, 0x3B, 0x9C, 0xE7, 0x00, 0x39, 0xDD, 0xC7, 0x00, 0x39, 0xDF,
    0x87, 0x00, 0x38, 0xDF, 0x8F, 0xFE, 0x38, 0x1C, 0x0F, 0xFE, 0x3B, 0xFF, 0xFF, 0xFC, 0x3B, 0xFF,
    0xFE, 0x38, 0x3B, 0x00, 0xFE, 0x38, 0x3B, 0x00, 0xFF, 0x38, 0x3B, 0x00, 0xFF, 0x38, 0x3B, 0x7E,
    0xFB, 0x38, 0x3B, 0x7E, 0xE3, 0xF0, 0x3B, 0x66, 0xE3, 0xF0, 0x3B, 0x66, 0xE3, 0xF0, 0x3B, 0x66,
    0xE1, 0xE0, 0x73, 0x66, 0xE1, 0xE0, 0x73, 0x7E, 0xE1, 0xE0, 0x73, 0x7E, 0xE3, 0xF0, 0x73, 0x60,
    0xE7, 0xF0, 0xF3, 0x00, 0xEF, 0x78, 0xE3, 0x00, 0xFF, 0x3C, 0xE3, 0x07, 0xFE, 0x1E, 0x63, 0x07,
    0xF8, 0x0E, 0x00, 0x00, 0x10, 0x04, 0x00, 0x00, 0x00, 0x00, 0x00, 0x00, 0x38, 0x00, 0x00, 0x80,
    0x38, 0x00, 0x7F, 0xC0, 0x38, 0x00, 0x7F, 0xCF, 0xFF, 0xF8, 0x7F, 0xCF, 0xFF, 0xF8, 0x03, 0x80,
    0x38, 0x38, 0x07, 0x80, 0x38, 0x38, 0x07, 0x3F, 0xFF, 0xFE, 0x0F, 0x3F, 0xFF, 0xFE, 0x0E, 0x00,
    0x38, 0x38, 0x1C, 0x00, 0x38, 0x38, 0x3F, 0x80, 0x38, 0x38, 0x7F, 0xCF, 0xFF, 0xF8, 0x7F, 0xCF,
    0xFF, 0xF8, 0x21, 0xC0, 0x38, 0x00, 0x01, 0xC0, 0x38, 0x00, 0x01, 0xC0, 0x38, 0x00, 0x31, 0xDF,
    0xFF, 0xF8, 0x33, 0x9F, 0xFF, 0xF8, 0x3B, 0x80, 0x38, 0x00, 0x3B, 0x80, 0x38, 0x00, 0x1F, 0xBF,
    0xFF, 0xFE, 0x1F, 0x3F, 0xFF, 0xFE, 0x0F, 0x00, 0x38, 0x00, 0x0F, 0x80, 0x38, 0x00, 0x1F, 0xC0,
    0x38, 0x00, 0x1F, 0xF8, 0x38, 0x00, 0x3C, 0xFF, 0xC0, 0x00, 0x78, 0x7F, 0xFF, 0xFE, 0xF0, 0x0F,
    0xFF, 0xFE, 0x60, 0x00, 0x7F, 0xFC, 0x00, 0x00, 0x00, 0x00, 0x3F, 0xFF, 0xFF, 0xFC, 0x7F, 0xFF,
    0xFF, 0xF8, 0xFF, 0xFF, 0xFF, 0xF0, 0x07, 0x80, 0x78, 0x00, 0x0F, 0x00, 0xF0, 0x00, 0x1E, 0x01,
    0xE0, 0x00, 0x3C, 0x03, 0xC0, 0x00, 0x78, 0x07, 0x80, 0x00, 0xF0, 0x0F, 0x00, 0x01, 0xE0, 0x1E,
    0x00, 0x03, 0xC0, 0x3C, 0x00, 0x07, 0x80, 0x78, 0x0F, 0xFF, 0xFF, 0xFF, 0xFF, 0xFF, 0xFF, 0xFF,
    0xDF, 0xFF, 0xFF, 0xFF, 0x80, 0x70, 0x07, 0x80, 0x00, 0xE0, 0x0F, 0x00, 0x01, 0xC0, 0x1E, 0x00,
    0x07, 0x80, 0x3C, 0x00, 0x0F, 0x00, 0x78, 0x00, 0x1C, 0x00, 0xF0, 0x00, 0x78, 0x01, 0xE0, 0x01,
    0xE0, 0x03, 0xC0, 0x03, 0xC0, 0x07, 0x80, 0x0F, 0x00, 0x0F, 0x00, 0x3C, 0x00, 0x1E, 0x01, 0xF8,
    0x00, 0x3C, 0x03, 0xE0, 0x00, 0x78, 0x03, 0x00, 0x00, 0xF0, 0x00, 0x00, 0x00, 0xC0, 0x00, 0x00,
    0x00, 0x00, 0x00, 0x3F, 0xFF, 0xFF, 0xC0, 0x7F, 0xFF, 0xFF, 0x80, 0xF0, 0x00, 0x07, 0x01, 0xE0,
    0x00, 0x0E, 0x03, 0xC0, 0x00, 0x1C, 0x07, 0xFF, 0xFF, 0xF8, 0x0F, 0xFF, 0xFF, 0xF0, 0x1F, 0xFF,
    0xFF, 0xE0, 0x3C, 0x00, 0x00, 0x20, 0x78, 0x00, 0x00, 0x70, 0xF0, 0x00, 0x00, 0xE0, 0xFF, 0xFF,
    0xFF, 0xC1, 0xFF, 0xFF, 0xFF, 0x01, 0xFF, 0xFF, 0xFC, 0x00, 0x00, 0x00, 0x00, 0x01, 0xE0, 0x0F,
    0x00, 0x03, 0xC0, 0x1E, 0x00, 0x07, 0x80, 0x3C, 0x03, 0xFF, 0xFF, 0xFF, 0xFF, 0xFF, 0xFF, 0xFF,
    0xFF, 0xFF, 0xFF, 0xFF, 0xC0, 0x70, 0x03, 0xC0, 0x01, 0xE0, 0x07, 0x80, 0x07, 0x80, 0x0F, 0x00,
    0x0F, 0x00, 0x1E, 0x00, 0x7C, 0x00, 0x3C, 0x03, 0xF0, 0x00, 0x78, 0x07, 0xC0, 0x00, 0xF0, 0x0F,
    0x00, 0x01, 0xE0, 0x00, 0x00, 0x00, 0x00, 0x00, 0x00, 0x00, 0x00, 0x00, 0x00, 0x00, 0x79, 0x80,
    0x00, 0x00, 0x79, 0xE0, 0x00, 0x00, 0x39, 0xF0, 0x00, 0x00, 0x38, 0x78, 0x00, 0x00, 0x38, 0x38,
    0x00, 0x00, 0x38, 0x10, 0xFF, 0xFF, 0xFF, 0xFE, 0xFF, 0xFF, 0xFF, 0xFE, 0x7F, 0xFF, 0xFF, 0xFE,
    0x00, 0x00, 0x38, 0x00, 0x00, 0x00, 0x38, 0x00, 0x00, 0x00, 0x38, 0x00, 0x00, 0x00, 0x3C, 0x00,
    0x00, 0x00, 0x3C, 0x00, 0x3F, 0xFF, 0xBC, 0x00, 0x3F, 0xFF, 0x9C, 0x00, 0x3F, 0xFF, 0x9C, 0x00,
    0x00, 0xE0, 0x1C, 0x00, 0x00, 0xE0, 0x1C, 0x00, 0x00, 0xE0, 0x1E, 0x00, 0x00, 0xE0, 0x1E, 0x00,
    0x00, 0xE0, 0x0E, 0x00, 0x00, 0xE0, 0x0E, 0x04, 0x00, 0xE0, 0x0F, 0x06, 0x00, 0xE3, 0xC7, 0x0E,
    0x00, 0xFF, 0xC7, 0x8E, 0x0F, 0xFF, 0xC7, 0x8E, 0x7F, 0xFC, 0x03, 0xCE, 0x7F, 0xC0, 0x01, 0xFE,
    0x78, 0x00, 0x01, 0xFC, 0x00, 0x00, 0x00, 0x7C, 0x00, 0x00, 0x00, 0xEF, 0xFF, 0xE0, 0x1D, 0xFF,
    0xFC, 0x03, 0xBF, 0xFF, 0x80, 0x70, 0x00, 0x70, 0x0E, 0x00, 0x0E, 0x01, 0xC0, 0x01, 0xC0, 0x38,
    0x00, 0x38, 0x07, 0x00, 0x07, 0x00, 0xE7, 0xFF, 0xE0, 0x1C, 0xFF, 0xFC, 0x03, 0x9F, 0xFF, 0x80,
    0x73, 0x80, 0x00, 0x0E, 0x70, 0x00, 0x01, 0xDE, 0x00, 0x00, 0x3B, 0xC0, 0x00, 0x07, 0x7F, 0xFF,
    0x00, 0xEF, 0xFF, 0xF0, 0x1D, 0xFF, 0xFE, 0x03, 0x80, 0x03, 0x80, 0x70, 0x00, 0x70, 0x0E, 0x00,
    0x0E, 0x01, 0xC0, 0x01, 0xC0, 0x38, 0x00, 0x38, 0x07, 0x00, 0x07, 0x00, 0xE0, 0x01, 0xE0, 0x1C,
    0x00, 0x3C, 0x03, 0x80, 0x07, 0x00, 0x70, 0x7F, 0xE0, 0x0E, 0x0F, 0xFC, 0x01, 0xC1, 0xFF, 0x00,
    0x38, 0x00, 0x00, 0x07, 0x00, 0x00, 0x00, 0x00, 0x7F, 0xF3, 0xFF, 0xF8, 0x7F, 0xF3, 0xFF, 0xF8,
    0x00, 0x73, 0x80, 0x38, 0x00, 0x73, 0x80, 0x38, 0x00, 0x73, 0x80, 0x38, 0x00, 0x73, 0x80, 0x38,
    0x00, 0x73, 0xFF, 0xF8, 0x7F, 0xF3, 0xFF, 0xF8, 0x7F, 0xF0, 0x1E, 0x00, 0x7F, 0xE0, 0x0E, 0x00,
    0x70, 0x00, 0x0E, 0x00, 0x70, 0x07, 0xFF, 0xFC, 0x70, 0x07, 0xFF, 0xFC, 0x70, 0x07, 0x1E, 0x3C,
    0x70, 0x07, 0x0E, 0x1C, 0xFF, 0xE7, 0x0E, 0x1C, 0xFF, 0xE7, 0x0E, 0x1C, 0x7F, 0xE7, 0x0E, 0x1C,
    0x00, 0xE7, 0xFF, 0xFC, 0x00, 0xE7, 0xFF, 0xFC, 0x00, 0xE0, 0x1E, 0x20, 0x00, 0xE0, 0x0E, 0x70,
    0x00, 0xE0, 0x0E, 0x70, 0x00, 0xE0, 0x0E, 0x38, 0x01, 0xE0, 0x0E, 0x3C, 0x01, 0xCF, 0xFF, 0xFC,
    0x3F, 0xDF, 0xFF, 0xFE, 0x3F, 0xCF, 0xFF, 0xEE, 0x1F, 0x80, 0x00, 0x0E, 0x00, 0x00, 0x00, 0x04,
    0x00, 0x00, 0x00, 0x00, 0x01, 0xC0, 0x00, 0xC0, 0x38, 0x07, 0x38, 0x07, 0x00, 0xF7, 0x80, 0xE0,
    0x3C, 0x78, 0x1C, 0x07, 0x07, 0x03, 0x81, 0xE0, 0xF0, 0x70, 0x38, 0x0E, 0x0E, 0x0F, 0x01, 0xE1,
    0xC1, 0xC0, 0x1C, 0x38, 0x78, 0x00, 0x07, 0x02, 0x00, 0x00, 0xE0, 0x00, 0xFF, 0xFF, 0xFF, 0x9F,
    0xFF, 0xFF, 0xF3, 0xFF, 0xFF, 0xFE, 0x00, 0x00, 0x01, 0xC0, 0x00, 0x00, 0x38, 0x00, 0x00, 0x07,
    0x00, 0x00, 0x00, 0xE3, 0xFF, 0xFF, 0xFC, 0x7F, 0xFF, 0xFF, 0x8F, 0xFF, 0xFF, 0xF0, 0x00, 0x00,
    0x0E, 0x00, 0x00, 0x01, 0xC0, 0x00, 0x00, 0x38, 0x00, 0x00, 0x07, 0x00, 0x00, 0x00, 0xEF, 0xFF,
    0xFF, 0xFD, 0xFF, 0xFF, 0xFF, 0x9F, 0xFF, 0xFF, 0xF0, 0x00, 0x00, 0x0E, 0x00, 0x00, 0x00, 0x00,
    0x3F, 0xFF, 0xFF, 0x80, 0xFF, 0xFF, 0xFF, 0x03, 0xFF, 0xFF, 0xFC, 0x00, 0x00, 0x00, 0xF0, 0x00,
    0x00, 0x03, 0xC0, 0x00, 0x00, 0x0F, 0x01, 0xFF, 0xFF, 0xFC, 0x07, 0xFF, 0xFF, 0xE0, 0x1F, 0xFF,
    0xFF, 0x80, 0x00, 0x00, 0x0E, 0x00, 0x00, 0x00, 0x38, 0x3F, 0xFF, 0xFF, 0xFE, 0xFF, 0xFF, 0xFF,
    0xFF, 0xFF, 0xFF, 0xFF, 0xF0, 0x00, 0x70, 0x00, 0x06, 0x01, 0xE0, 0x30, 0x3E, 0x07, 0x81, 0xE0,
    0x7E, 0x1F, 0x1F, 0x00, 0x7C, 0x7C, 0xF8, 0x00, 0xF1, 0xFF, 0xC0, 0x01, 0xCF, 0xFC, 0x00, 0x01,
    0xFD, 0xE0, 0x00, 0x1F, 0xF3, 0xE0, 0x01, 0xFD, 0xC7, 0xC0, 0x3F, 0xC7, 0x0F, 0x83, 0xFC, 0x1C,
    0x1F, 0xCF, 0xC0, 0x70, 0x1F, 0xD8, 0x01, 0xC0, 0x3E, 0x00, 0xFF, 0x00, 0x38, 0x03, 0xFC, 0x00,
    0x00, 0x07, 0x80, 0x00, 0x00, 0x00, 0x00, 0x00, 0x10, 0x3F, 0xFF, 0xC0, 0x38, 0x3F, 0xFF, 0xC0,
    0x78, 0x38, 0x01, 0xC0, 0xF0, 0x38, 0x01, 0xC1, 0xE0, 0x3F, 0xFF, 0xC7, 0xC0, 0x3F, 0xFF, 0xCF,
    0x80, 0x38, 0x01, 0xDF, 0x00, 0x3F, 0xFF, 0xDC, 0x00, 0x3F, 0xFF, 0xC0, 0x08, 0x00, 0xE0, 0x00,
    0x1C, 0x00, 0xE0, 0x00, 0x3C, 0x00, 0xF0, 0x00, 0x7C, 0x7F, 0xFF, 0xE0, 0xF8, 0x7F, 0xFF, 0xE1,
    0xF0, 0x00, 0x00, 0x07, 0xC0, 0x1F, 0xFF, 0xDF, 0x80, 0x3F, 0xFF, 0xDE, 0x00, 0x3C, 0x03, 0xCC,
    0x00, 0x3C, 0x03, 0xC0, 0x0C, 0x3C, 0x03, 0xC0, 0x1E, 0x3F, 0xFF, 0xC0, 0x1E, 0x1F, 0xFF, 0xC0,
    0x3C, 0x00, 0xF2, 0x00, 0x78, 0x1C, 0xF7, 0x00, 0xF0, 0x1C, 0xF7, 0x01, 0xE0, 0x38, 0xF3, 0x87,
    0xC0, 0x78, 0xF3, 0xCF, 0x80, 0x70, 0xF1, 0xFF, 0x00, 0x27, 0xE0, 0xBE, 0x00, 0x03, 0xE0, 0x18,
    0x00, 0x00, 0x00, 0x00, 0x00, 0x03, 0x80, 0x00, 0x00, 0x0F, 0x3F, 0xFF, 0x80, 0x3C, 0xFF, 0xFF,
    0xC0, 0xF1, 0xFF, 0xFF, 0x03, 0xE0, 0x00, 0x1E, 0x0F, 0x80, 0x00, 0x78, 0x3E, 0x00, 0x01, 0xE0,
    0x70, 0x80, 0x07, 0x80, 0xC3, 0x80, 0x3E, 0x00, 0x0F, 0x00, 0xF8, 0x00, 0x1C, 0x07, 0xFC, 0x00,
    0x78, 0x3F, 0xFE, 0x01, 0xE1, 0xFC, 0x3F, 0x07, 0xCF, 0xE0, 0x1F, 0x9F, 0xBF, 0x00, 0x0F, 0x7F,
    0x38, 0x00, 0x0D, 0xFE, 0x00, 0x00, 0x03, 0xDC, 0x7F, 0xFF, 0xE3, 0x38, 0xFF, 0xFF, 0xC0, 0x70,
    0xFF, 0xFF, 0x80, 0xE0, 0x03, 0x80, 0x01, 0xC0, 0x07, 0x00, 0x03, 0x80, 0x0E, 0x00, 0x07, 0x00,
    0x1C, 0x00, 0x0E, 0x00, 0x38, 0x00, 0x1C, 0x00, 0x70, 0x00, 0x38, 0x00, 0xE0, 0x00, 0x73, 0xFF,
    0xFF, 0xE0, 0xEF, 0xFF, 0xFF, 0xC1, 0xDF, 0xFF, 0xFF, 0x83, 0x80, 0x00, 0x00, 0x00, 0x00, 0x00,
    0x00, 0x00, 0x70, 0x07, 0x00, 0x00, 0x78, 0x03, 0x80, 0x00, 0x78, 0x01, 0xC0, 0x00, 0x78, 0x00,
    0xE0, 0x00, 0x78, 0x7F, 0xFF, 0xF0, 0xF8, 0x3F, 0xFF, 0xF8, 0xF8, 0x0F, 0xFF, 0xF8, 0x38, 0xE0,
    0x0E, 0x00, 0x18, 0x70, 0x07, 0x00, 0x00, 0x78, 0x03, 0x80, 0x00, 0x38, 0x01, 0xC0, 0x00, 0x3D,
    0xFF, 0xFF, 0xF0, 0x3C, 0xFF, 0xFF, 0xF8, 0x3E, 0x7F, 0xFF, 0xFC, 0x3F, 0x00, 0x00, 0xE0, 0x3F,
    0x80, 0x00, 0x70, 0x3F, 0xC0, 0x00, 0x38, 0x1C, 0xE7, 0xFF, 0xFF, 0xC4, 0x73, 0xFF, 0xFF, 0xE0,
    0x39, 0xFF, 0xFF, 0xF0, 0x1C, 0x08, 0x03, 0x80, 0x0E, 0x0E, 0x01, 0xC0, 0x07, 0x07, 0x80, 0xE0,
    0x03, 0x81, 0xE0, 0x70, 0x01, 0xC0, 0x70, 0x38, 0x00, 0xE0, 0x3C, 0x1C, 0x00, 0x70, 0x0E, 0x0E,
    0x00, 0x38, 0x04, 0x07, 0x00, 0x1C, 0x00, 0x7F, 0x80, 0x0E, 0x00, 0x3F, 0xC0, 0x07, 0x00, 0x1F,
    0xC0, 0x00, 0x00, 0x00, 0x00, 0x00, 0x00, 0x00, 0x00, 0x00, 0x03, 0x80, 0x70, 0x00, 0x03, 0x80,
    0xF8, 0x00, 0x07, 0x80, 0xF0, 0x00, 0x0F, 0x01, 0xE0, 0xC0, 0x1E, 0x03, 0xC1, 0xE0, 0x3C, 0x07,
    0x83, 0xC0, 0x78, 0x1F, 0x0F, 0x80, 0xF1, 0xFF, 0xFF, 0x00, 0x63, 0xDF, 0xFC, 0xC0, 0x03, 0x9C,
    0xF9, 0xE0, 0x07, 0x83, 0xE0, 0xF0, 0x0F, 0x0F, 0x80, 0x78, 0x1F, 0x3F, 0xFF, 0xF8, 0x3F, 0x3F,
    0xFF, 0xFC, 0x7F, 0x3F, 0xFC, 0x1E, 0xFF, 0x30, 0xE0, 0x0E, 0xFF, 0x01, 0xE0, 0x0C, 0xEF, 0x03,
    0xC0, 0x00, 0x6F, 0x07, 0xFF, 0xF0, 0x0F, 0x0F, 0xFF, 0xF0, 0x0F, 0x1F, 0x80, 0xE0, 0x0F, 0x3F,
    0xC1, 0xE0, 0x0F, 0x79, 0xE3, 0xC0, 0x0F, 0x70, 0xF7, 0x80, 0x0F, 0x00, 0x7F, 0x00, 0x0F, 0x00,
    0x7E, 0x00, 0x0F, 0x01, 0xFF, 0x80, 0x0F, 0x07, 0xFF, 0xE0, 0x0F, 0x7F, 0xC3, 0xFE, 0x0F, 0xFF,
    0x00, 0xFE, 0x0F, 0x78, 0x00, 0x1E, 0x06, 0x00, 0x00, 0x00, 0x00, 0x00, 0x00, 0x00, 0x00, 0xE0,
    0x00, 0x00, 0x00, 0x73, 0xFF, 0xFF, 0xC0, 0x7B, 0xFF, 0xFF, 0xE0, 0x79, 0xFF, 0xFF, 0xF0, 0x78,
    0x00, 0x00, 0x00, 0x78, 0x06, 0x1C, 0x70, 0xF8, 0x07, 0x1E, 0x38, 0x78, 0xE3, 0x8E, 0x38, 0x18,
    0x73, 0x8F, 0x3C, 0x00, 0x73, 0xC7, 0x1C, 0x00, 0x79, 0xC7, 0x1C, 0x00, 0x79, 0xE7, 0x9E, 0x00,
    0x7C, 0x71, 0xC7, 0x00, 0x3E, 0x3C, 0xF1, 0xC0, 0x3F, 0x0E, 0x3C, 0xF0, 0x7F, 0x83, 0x8E, 0x3C,
    0x3D, 0xC1, 0xE7, 0x8F, 0x1C, 0xE0, 0x71, 0xC3, 0x8C, 0x70, 0x30, 0x41, 0x80, 0x38, 0xFF, 0xFF,
    0xC0, 0x1C, 0x7F, 0xFF, 0xF0, 0x0E, 0x3F, 0xFF, 0xF8, 0x07, 0x00, 0x1C, 0x00, 0x03, 0x80, 0x0E,
    0x00, 0x01, 0xC0, 0x07, 0x00, 0x00, 0xE0, 0x03, 0x80, 0x00, 0x70, 0x01, 0xC0, 0x00, 0x38, 0x00,
    0xE0, 0x00, 0x1D, 0xFF, 0xFF, 0xF8, 0x0E, 0xFF, 0xFF, 0xFC, 0x07, 0x7F, 0xFF, 0xFE, 0x00, 0x00,
    0x00, 0x00, 0x00, 0x00, 0x00, 0x0E, 0x00, 0x00, 0xE0, 0x07, 0x00, 0x00, 0xF0, 0x03, 0x80, 0x00,
    0xF0, 0x01, 0xC0, 0x00, 0xF0, 0x00, 0xE0, 0x00, 0xF8, 0x7F, 0xFF, 0xF0, 0xF8, 0x3F, 0xFF, 0xF8,
    0xF9, 0x8F, 0xFF, 0xF8, 0x70, 0xE0, 0x0E, 0x00, 0x10, 0xF0, 0x07, 0x00, 0x00, 0x70, 0x03, 0x80,
    0x00, 0x78, 0x01, 0xC0, 0x00, 0x79, 0xFF, 0xFF, 0xF0, 0x7C, 0xFF, 0xFF, 0xF8, 0x3E, 0x7F, 0xFF,
    0xFC, 0x3F, 0x00, 0x1C, 0x00, 0x7F, 0x80, 0x0E, 0x00, 0x3D, 0xC3, 0x87, 0x00, 0x1C, 0xE1, 0xC3,
    0x80, 0x04, 0x70, 0xE1, 0xFF, 0x80, 0x38, 0x70, 0xFF, 0xE0, 0x1C, 0x38, 0x7F, 0xF0, 0x0E, 0x3C,
    0x38, 0x00, 0x07, 0x1E, 0x1C, 0x00, 0x03, 0x8F, 0x8E, 0x00, 0x01, 0xC7, 0xC7, 0x00, 0x00, 0xE7,
    0xF3, 0x80, 0x00, 0x73, 0xBD, 0xC0, 0x00, 0x3B, 0xCF, 0xE0, 0x00, 0x1D, 0xC3, 0xFF, 0xF8, 0x0F,
    0xE0, 0xFF, 0xFC, 0x07, 0xE0, 0x1F, 0xFE, 0x03, 0x20, 0x00, 0x00, 0x00, 0x00, 0x00, 0x00, 0x00,
    0x00, 0xE0, 0x70, 0x38, 0x00, 0x70, 0x38, 0x1C, 0x00, 0x78, 0x38, 0x1E, 0x00, 0x78, 0x1C, 0x0E,
    0x00, 0x78, 0x0E, 0x07, 0x00, 0xF8, 0x0F, 0x07, 0x80, 0xF8, 0x07, 0xC3, 0xE0, 0x78, 0xE7, 0xF1,
    0xF8, 0x18, 0xF3, 0xBD, 0xFE, 0x00, 0x73, 0xCF, 0xEF, 0x80, 0x7B, 0xC3, 0xE3, 0xE0, 0x7B, 0xE1,
    0xF0, 0xF0, 0x7D, 0xE0, 0xF0, 0x38, 0x7E, 0x60, 0x38, 0x08, 0x7F, 0x00, 0x1C, 0x00, 0x7F, 0x83,
    0x0E, 0x00, 0x3D, 0xC1, 0xC7, 0x00, 0x1C, 0xE1, 0xE3, 0x80, 0x04, 0x70, 0xF1, 0xC0, 0x00, 0x38,
    0x70, 0xFF, 0xE0, 0x1C, 0x38, 0x7F, 0xF0, 0x0E, 0x1C, 0x3F, 0xF0, 0x07, 0x0F, 0x1C, 0x00, 0x03,
    0x8F, 0x8E, 0x00, 0x01, 0xC7, 0xE7, 0x00, 0x00, 0xE3, 0xF3, 0x80, 0x00, 0x73, 0xDD, 0xC0, 0x00,
    0x3B, 0xCF, 0xE0, 0x00, 0x1D, 0xE3, 0xFF, 0xF8, 0x0F, 0xE0, 0xFF, 0xFC, 0x07, 0x60, 0x1F, 0xFE,
    0x03, 0x00, 0x00, 0x00, 0x00, 0x00, 0x00, 0x00, 0x00, 0x00, 0xE0, 0xE0, 0x00, 0x00, 0xF0, 0x70,
    0x00, 0x00, 0xF0, 0x78, 0x00, 0x00, 0xF8, 0x3F, 0xFF, 0xF0, 0xF8, 0x3F, 0xFF, 0xF8, 0xF8, 0x1C,
    0x00, 0x00, 0xF8, 0x1E, 0x00, 0x00, 0x78, 0xFE, 0x00, 0x00, 0x18, 0x7F, 0xFF, 0xFE, 0x00, 0x7F,
    0xFF, 0xFF, 0x00, 0x79, 0x70, 0x03, 0x80, 0x78, 0x38, 0x01, 0xC0, 0x7C, 0x1F, 0xFF, 0xE0, 0x7E,
    0x0F, 0xFF, 0xF0, 0x7F, 0x07, 0x00, 0x38, 0x7F, 0x83, 0x80, 0x1C, 0x3D, 0xC1, 0xFF, 0xFE, 0x1C,
    0xE0, 0xFF, 0xFF, 0x04, 0x70, 0x0E, 0x00, 0x00, 0x38, 0x0F, 0x00, 0x00, 0x1C, 0x0F, 0xFF, 0xE0,
    0x0E, 0x0F, 0xFF, 0xE0, 0x07, 0x0F, 0xC0, 0xF0, 0x03, 0x9F, 0xF0, 0xF0, 0x01, 0xDF, 0x3C, 0xF0,
    0x00, 0xE6, 0x0F, 0xF0, 0x00, 0x70, 0x03, 0xF0, 0x00, 0x38, 0x0F, 0xFE, 0x00, 0x1C, 0xFF, 0xFF,
    0xF8, 0x0E, 0xFF, 0x83, 0xFC, 0x07, 0x3E, 0x00, 0x3E, 0x03, 0x00, 0x00, 0x00, 0x00, 0x00, 0x00,
    0x00, 0x00, 0x01, 0xC1, 0xC0, 0xE0, 0x01, 0xE0, 0xE0, 0x70, 0x01, 0xE6, 0x73, 0x38, 0x00, 0xF3,
    0x3B, 0x9C, 0x00, 0xF1, 0x9D, 0xCE, 0x00, 0xF0, 0xCE, 0xE7, 0x00, 0xF0, 0x67, 0x77, 0xFE, 0x71,
    0xF3, 0xBB, 0xFF, 0x11, 0xD9, 0xDD, 0xFF, 0x80, 0xEF, 0xFE, 0xE3, 0x80, 0xE7, 0xFF, 0xF1, 0xC0,
    0xF0, 0x00, 0x78, 0xE0, 0x78, 0x00, 0x3C, 0x70, 0x7D, 0xFF, 0xFE, 0x30, 0x7E, 0xFF, 0xFF, 0x38,
    0x7F, 0x3F, 0xFF, 0x9C, 0x7F, 0x80, 0x02, 0xEE, 0x19, 0xC0, 0x00, 0x77, 0x0C, 0xE3, 0xFE, 0x3F,
    0x00, 0x71, 0xFF, 0x0F, 0x80, 0x38, 0xC3, 0x87, 0xC0, 0x1C, 0x61, 0xC3, 0xC0, 0x0E, 0x70, 0xE8,
    0xE0, 0x07, 0x38, 0x7E, 0xF0, 0x03, 0x9C, 0x3F, 0x7C, 0x01, 0xCE, 0x3E, 0x7E, 0x00, 0xE7, 0x1E,
    0x7F, 0x80, 0x77, 0x04, 0x79, 0xE0, 0x3B, 0x80, 0x78, 0x78, 0x1F, 0xC0, 0x78, 0x3C, 0x0E, 0xC0,
    0x38, 0x04, 0x00, 0x00, 0x00, 0x00, 0x00, 0x00, 0x00, 0x00, 0x00, 0x00, 0xE0, 0x07, 0x00, 0x00,
    0x70, 0x03, 0x80, 0x00, 0x78, 0x03, 0xC0, 0x00, 0x79, 0xFF, 0xFF, 0xF0, 0x78, 0xFF, 0xFF, 0xF8,
    0x78, 0x00, 0x70, 0x00, 0xF8, 0x00, 0x38, 0x00, 0x78, 0xEF, 0xFF, 0xFE, 0x18, 0x77, 0xFF, 0xFF,
    0x00, 0x7B, 0x9C, 0x63, 0x80, 0x79, 0xCE, 0x31, 0xC0, 0x38, 0xE7, 0x18, 0xE0, 0x3C, 0x73, 0x8C,
    0x70, 0x3E, 0x39, 0xC6, 0x38, 0x1F, 0x1F, 0xFF, 0xFC, 0x1F, 0x8F, 0xFF, 0xFE, 0x1F, 0xC0, 0x00,
    0x00, 0x1F, 0xE0, 0x00, 0x00, 0x0F, 0xF7, 0xFF, 0xFF, 0xE3, 0x7B, 0xFF, 0xFF, 0xF0, 0x3C, 0x00,
    0xC0, 0x00, 0x1E, 0x00, 0x70, 0x00, 0x0F, 0x01, 0x3C, 0x30, 0x07, 0x8D, 0xCE, 0x1C, 0x03, 0xCE,
    0xE7, 0x0E, 0x01, 0xE7, 0x71, 0x03, 0x80, 0xF7, 0xB8, 0x0D, 0xC0, 0x7B, 0x9C, 0x06, 0x70, 0x3F,
    0xCE, 0x07, 0x38, 0x1F, 0xC7, 0xFF, 0x8C, 0x0F, 0x01, 0xFF, 0x80, 0x03, 0x00, 0x00, 0x00, 0x00,
    0x00, 0x18, 0x00, 0x00, 0x00, 0x3E, 0x00, 0x00, 0x00, 0x1F, 0x00, 0x00, 0x00, 0x0F, 0x80, 0x00,
    0x00, 0x07, 0xC0, 0x00, 0x00, 0x01, 0xF0, 0x00, 0x00, 0x00, 0xF8, 0x00, 0x00, 0x00, 0x78, 0x00,
    0x00, 0x70, 0x38, 0x00, 0x00, 0xF0, 0x10, 0x00, 0x00, 0xF0, 0x00, 0xE0, 0x1C, 0xF0, 0x00, 0xF0,
    0x1C, 0xF0, 0x00, 0x70, 0x1C, 0xF0, 0x00, 0x78, 0x1C, 0xF0, 0x00, 0x78, 0x3C, 0xF0, 0x00, 0x38,
    0x38, 0xF0, 0x00, 0x3C, 0x38, 0xF0, 0x00, 0x1C, 0x38, 0xF0, 0x00, 0x1C, 0x78, 0xF0, 0x00, 0x1E,
    0x78, 0xF0, 0x03, 0x8E, 0x70, 0xF0, 0x03, 0x8E, 0xF0, 0xF0, 0x03, 0x8E, 0xF0, 0xF0, 0x03, 0x8C,
    0x20, 0xF0, 0x03, 0x80, 0x00, 0xF0, 0x03, 0x80, 0x00, 0x70, 0x07, 0x80, 0x00, 0x7F, 0xFF, 0x00,
    0x00, 0x7F, 0xFF, 0x00, 0x00, 0x1F, 0xFC, 0x00, 0x00, 0x00, 0x00, 0x00, 0x00, 0x30, 0x00, 0x00,
    0x00, 0x7C, 0x00, 0x00, 0x00, 0x3E, 0x00, 0x70, 0x00, 0x1F, 0x00, 0xF0, 0x00, 0x0F, 0xC0, 0xE0,
    0x00, 0x03, 0xE1, 0xE0, 0x00, 0x01, 0xF3, 0xC0, 0x00, 0x00, 0xE3, 0xC0, 0x00, 0x70, 0x47, 0x80,
    0x00, 0x70, 0x0F, 0x00, 0x1C, 0x70, 0x0F, 0x00, 0x1C, 0x70, 0x1E, 0x40, 0x1C, 0x70, 0x3D, 0xE0,
    0x1C, 0x70, 0x7C, 0xF0, 0x1C, 0x70, 0xF8, 0xF0, 0x3C, 0x70, 0xF0, 0x78, 0x38, 0x71, 0xE0, 0x38,
    0x38, 0x73, 0xC0, 0x3C, 0x78, 0x7F, 0x80, 0x1C, 0x70, 0x7F, 0x00, 0x1E, 0xF0, 0x7E, 0x00, 0x1E,
    0xE0, 0x7C, 0x00, 0x0E, 0x60, 0xF8, 0x01, 0x8F, 0x03, 0xF0, 0x01, 0xC4, 0x07, 0xF0, 0x01, 0xC0,
    0x1F, 0xF0, 0x03, 0xC0, 0x7E, 0x70, 0x03, 0xC0, 0xFC, 0x70, 0x03, 0x80, 0x70, 0x7F, 0xFF, 0x80,
    0x00, 0x7F, 0xFF, 0x80, 0x00, 0x3F, 0xFF, 0x00, 0x00, 0x01, 0x80, 0x00, 0x00, 0x07, 0x00, 0x00,
    0x00, 0x0E, 0x00, 0x00, 0x00, 0x1C, 0x00, 0x00, 0x00, 0x38, 0x00, 0x0F, 0xFF, 0xFF, 0xFF, 0xFF,
    0xFF, 0xFF, 0xFF, 0xFF, 0xFF, 0xFF, 0xFF, 0x00, 0x03, 0x80, 0x00, 0x00, 0x07, 0x00, 0x00, 0x00,
    0x0E, 0x00, 0x00, 0x00, 0x1C, 0x00, 0x00, 0x00, 0x38, 0x00, 0x00, 0x00, 0x70, 0x00, 0x07, 0xFF,
    0xFF, 0xFE, 0x0F, 0xFF, 0xFF, 0xFC, 0x1F, 0xFF, 0xFF, 0xF8, 0x00, 0x18, 0x00, 0x00, 0x00, 0x7C,
    0x00, 0x00, 0x00, 0x7C, 0x00, 0x00, 0x0C, 0x7E, 0x00, 0x03, 0x9C, 0x3E, 0x1C, 0x07, 0x38, 0x3E,
    0x38, 0x0E, 0x70, 0x3C, 0x78, 0x1C, 0xE0, 0x30, 0x70, 0x79, 0xC0, 0x04, 0xF0, 0xE3, 0x80, 0x0E,
    0xE3, 0xC7, 0x00, 0x1D, 0xE7, 0x0E, 0x00, 0x39, 0xDE, 0x1F, 0xFF, 0xF3, 0xC8, 0x3F, 0xFF, 0xC3,
    0x00, 0x3F, 0xFF, 0x00, 0x00, 0x00, 0x00, 0x00, 0x03, 0x80, 0x0E, 0x00, 0x01, 0xC0, 0x07, 0x80,
    0x00, 0xE0, 0x01, 0xE0, 0x00, 0x70, 0x00, 0xF0, 0x00, 0x38, 0x00, 0x3C, 0x00, 0x1D, 0x00, 0x0E,
    0x00, 0x7F, 0xC0, 0x00, 0x00, 0x3F, 0xEF, 0xFF, 0xFF, 0x1F, 0xBF, 0xFF, 0xFF, 0x8F, 0xDF, 0xFF,
    0xFF, 0xC7, 0xE7, 0x3C, 0x00, 0x03, 0x73, 0x9E, 0x00, 0x03, 0xB9, 0x8F, 0x00, 0x01, 0xDC, 0x07,
    0x80, 0x00, 0xEE, 0x03, 0xC0, 0x00, 0x67, 0x01, 0xE0, 0x00, 0x03, 0x80, 0xF0, 0x00, 0x01, 0xC0,
    0x78, 0x00, 0x00, 0xE0, 0x3C, 0x00, 0x00, 0x70, 0x1E, 0x00, 0x00, 0x38, 0x0F, 0x00, 0x00, 0x1C,
    0x07, 0x80, 0x00, 0x0E, 0x03, 0xC0, 0x00, 0x07, 0x01, 0xE0, 0x00, 0x03, 0x80, 0xF0, 0x00, 0x01,
    0xC0, 0x78, 0x00, 0x00, 0xE0, 0x3F, 0xFF, 0xC0, 0x70, 0x1F, 0xFF, 0xF0, 0x38, 0x0F, 0xFF, 0xF8,
    0x1C, 0x00, 0x00, 0x00, 0x0E, 0x00, 0x00, 0x00, 0x00, 0x00, 0x00, 0x00, 0x00, 0x03, 0x00, 0x1C,
    0x00, 0x03, 0xC0, 0x0E, 0x00, 0x01, 0xE0, 0x07, 0x00, 0x00, 0xF0, 0x03, 0x80, 0x00, 0x78, 0x01,
    0xC0, 0x00, 0x3C, 0x00, 0xE0, 0x00, 0x1F, 0xBF, 0xFF, 0xF0, 0x7F, 0xDF, 0xFF, 0xF8, 0x3F, 0xF7,
    0xFF, 0xFC, 0x1F, 0xF8, 0x0E, 0x1E, 0x0F, 0xFC, 0x07, 0x0F, 0x06, 0xF7, 0x03, 0x87, 0x83, 0x7B,
    0x81, 0xC3, 0xC3, 0xBD, 0x00, 0xE1, 0xE1, 0xDE, 0x00, 0x70, 0xF0, 0xEF, 0x00, 0x38, 0x78, 0x67,
    0x9F, 0xFF, 0xFF, 0x03, 0xCF, 0xFF, 0xFF, 0xC1, 0xE7, 0xFF, 0xFF, 0xE0, 0xF0, 0x07, 0xC0, 0x00,
    0x78, 0x03, 0xF0, 0x00, 0x3C, 0x01, 0xF8, 0x00, 0x1E, 0x01, 0xFE, 0x00, 0x0F, 0x00, 0xE7, 0x00,
    0x07, 0x80, 0xF3, 0xC0, 0x03, 0xC0, 0xF0, 0xF0, 0x01, 0xE0, 0x78, 0x3C, 0x00, 0xF0, 0x78, 0x1F,
    0x00, 0x78, 0xF8, 0x07, 0xE0, 0x3C, 0xF8, 0x01, 0xF8, 0x1E, 0xF8, 0x00, 0x7C, 0x0F, 0x38, 0x00,
    0x0E, 0x00, 0x00, 0x00, 0x00, 0x00, 0x00, 0x00, 0x00, 0x00, 0x01, 0xC0, 0x00, 0x00, 0x03, 0x80,
    0x00, 0x00, 0x0F, 0x00, 0x00, 0x00, 0x3F, 0xFF, 0xFF, 0x00, 0x7F, 0xFF, 0xFF, 0x01, 0xFF, 0xFF,
    0xFE, 0x07, 0x87, 0x0E, 0x38, 0x1E, 0x1E, 0x3C, 0x70, 0x78, 0x78, 0x70, 0xE1, 0xF0, 0xE0, 0xE1,
    0xC3, 0x83, 0xC3, 0x83, 0x82, 0x0F, 0x0F, 0x07, 0x00, 0x3C, 0x1C, 0x0E, 0x00, 0xF0, 0x78, 0x1C,
    0x07, 0xC1, 0xE0, 0x78, 0x1F, 0x07, 0x80, 0xE0, 0x1C, 0x3E, 0x3F, 0xC0, 0x00, 0x78, 0x7F, 0x80,
    0x00, 0xE0, 0xFE, 0x00, 0x00, 0x30, 0x00, 0x03, 0x3C, 0xF0, 0x0C, 0x07, 0x78, 0xF0, 0x38, 0x1E,
    0xF0, 0xF0, 0x78, 0x39, 0xE0, 0xF0, 0x78, 0x73, 0xC1, 0xE4, 0x71, 0xE7, 0x81, 0x8E, 0xF3, 0x8F,
    0x00, 0x1C, 0xE7, 0x1E, 0x00, 0x79, 0xFE, 0x3F, 0xFF, 0xE3, 0xC8, 0x3F, 0xFF, 0xC0, 0x00, 0x7F,
    0xFF, 0x00, 0x00, 0x03, 0x80, 0x00, 0x00, 0x07, 0x00, 0x00, 0x00, 0x0E, 0x00, 0x00, 0x00, 0x1C,
    0x00, 0x00, 0x00, 0x38, 0x00, 0x0F, 0xFF, 0xFF, 0xFF, 0xFF, 0xFF, 0xFF, 0xFF, 0xFF, 0xFF, 0xFF,
    0xFF, 0x00, 0x0F, 0xE0, 0x00, 0x00, 0x1F, 0xE0, 0x00, 0x00, 0x39, 0xC0, 0x00, 0x00, 0xF3, 0xC0,
    0x00, 0x03, 0xC3, 0xC0, 0x00, 0x0F, 0x03, 0xC0, 0x00, 0x3F, 0x83, 0xC0, 0x01, 0xFF, 0xC7, 0xE0,
    0x0F, 0xC7, 0xC3, 0xF0, 0xFF, 0x07, 0xC3, 0xFF, 0xF8, 0x07, 0x83, 0xFB, 0xC0, 0x36, 0x00, 0xE0,
    0x00, 0x70, 0x00, 0x01, 0x9C, 0xF0, 0x1C, 0x07, 0xB8, 0xF0, 0x3C, 0x0E, 0x70, 0xF0, 0x38, 0x1C,
    0xE0, 0xF0, 0x78, 0x79, 0xC0, 0xE7, 0x70, 0xE3, 0x80, 0x0E, 0xF1, 0xC7, 0x00, 0x1C, 0xE7, 0x8E,
    0x00, 0x79, 0xCE, 0x1F, 0xFF, 0xF3, 0xCC, 0x3F, 0xFF, 0xC2, 0x00, 0x0F, 0xFE, 0x00, 0x00, 0x00,
    0x00, 0x00, 0x1C, 0x00, 0x38, 0x00, 0x70, 0x00, 0xE0, 0x01, 0xC0, 0x07, 0x80, 0x07, 0x00, 0x1E,
    0x00, 0x1C, 0x00, 0x70, 0x00, 0x74, 0x01, 0xC0, 0x0D, 0xF9, 0xFF, 0xFF, 0x77, 0xE7, 0xFF, 0xFD,
    0xDD, 0xDF, 0xFF, 0xF7, 0x77, 0x70, 0x01, 0xDD, 0xDD, 0xC0, 0x07, 0x77, 0x37, 0x00, 0x1D, 0x9C,
    0x9C, 0x00, 0x7E, 0x70, 0x70, 0x01, 0xF9, 0xC1, 0xC0, 0x07, 0xE7, 0x07, 0x00, 0x1C, 0x1C, 0x1F,
    0xFF, 0xF0, 0x70, 0x7F, 0xFF, 0xC1, 0xC1, 0xFF, 0xFF, 0x07, 0x07, 0x00, 0x1C, 0x1C, 0x1C, 0x00,
    0x70, 0x70, 0x70, 0x01, 0xC1, 0xC1, 0xC0, 0x07, 0x07, 0x07, 0x00, 0x1C, 0x1C, 0x1C, 0x00, 0x70,
    0x70, 0x70, 0x01, 0xC1, 0xC1, 0xC0, 0x07, 0x07, 0x07, 0xFF, 0xFC, 0x1C, 0x1F, 0xFF, 0xF0, 0x70,
    0x7F, 0xFF, 0xC1, 0xC1, 0xC0, 0x07, 0x02, 0x02, 0x00, 0x00, 0x00, 0x00, 0x00, 0x00, 0x01, 0xC0,
    0x0E, 0x00, 0x07, 0x80, 0x1C, 0x00, 0x07, 0x80, 0x78, 0x00, 0x07, 0x80, 0xE0, 0x00, 0x0F, 0x03,
    0xC0, 0x00, 0x0E, 0x0F, 0x00, 0x03, 0xFF, 0xFF, 0xE0, 0x07, 0xFF, 0xFF, 0xE0, 0x0F, 0xFF, 0xFF,
    0xC0, 0x1C, 0x00, 0x07, 0x80, 0x38, 0x00, 0x0F, 0x00, 0x70, 0x00, 0x1E, 0x00, 0xE0, 0x00, 0x3C,
    0x01, 0xC0, 0x00, 0x78, 0x03, 0x80, 0x00, 0xF0, 0x07, 0xFF, 0xFF, 0xE0, 0x0F, 0xFF, 0xFF, 0xC0,
    0x1F, 0xFF, 0xFF, 0x80, 0x00, 0x38, 0x00, 0x00, 0x00, 0x78, 0x00, 0x00, 0x1C, 0x78, 0x0C, 0x07,
    0x38, 0x78, 0x3C, 0x0E, 0x70, 0x78, 0x38, 0x3C, 0xE0, 0x78, 0x78, 0x71, 0xC0, 0x60, 0x78, 0xE3,
    0x80, 0x0C, 0x73, 0xC7, 0x00, 0x1C, 0xF7, 0x0E, 0x00, 0x38, 0xFE, 0x1F, 0xFF, 0xF1, 0x88, 0x3F,
    0xFF, 0xE0, 0x00, 0x3F, 0xFF, 0x80, 0x04, 0x00, 0x80, 0x00, 0x1C, 0x03, 0x80, 0x00, 0x38, 0x07,
    0x00, 0x00, 0x70, 0x0E, 0x00, 0x00, 0xE0, 0x1C, 0x00, 0x01, 0xC0, 0x38, 0x00, 0x03, 0xEF, 0xFF,
    0xFF, 0x9F, 0xFF, 0xFF, 0xFF, 0x7F, 0xFF, 0xFF, 0xFE, 0xFD, 0xC7, 0x07, 0x01, 0xFB, 0x8E, 0x0E,
    0x03, 0xF7, 0x1C, 0x1C, 0x07, 0xE6, 0x38, 0x38, 0x8D, 0xC8, 0x77, 0x73, 0xBB, 0x81, 0xCE, 0xE7,
    0x77, 0x03, 0x99, 0xCE, 0xEE, 0x07, 0x73, 0x18, 0x1C, 0x1C, 0xEE, 0x70, 0x38, 0x39, 0xDC, 0xE0,
    0x70, 0xF3, 0x3B, 0x80, 0xE1, 0xCE, 0x77, 0x01, 0xC3, 0x89, 0xF6, 0x03, 0x8F, 0x03, 0xE0, 0x07,
    0x3C, 0x07, 0xC0, 0x0E, 0x70, 0x1F, 0xC0, 0x1D, 0xE0, 0x3B, 0x80, 0x39, 0x80, 0xF3, 0x80, 0x70,
    0x03, 0xC7, 0x80, 0xE0, 0x0F, 0x07, 0x81, 0xC0, 0x7C, 0x07, 0xC3, 0x81, 0xF0, 0x07, 0x87, 0x01,
    0xC0, 0x06, 0x00, 0x00, 0x00, 0x00, 0x7F, 0xFE, 0x08, 0x00, 0xFF, 0xFE, 0x1E, 0x00, 0xFF, 0xFE,
    0x1F, 0x00, 0x38, 0x38, 0x0F, 0x80, 0x38, 0x38, 0x07, 0xC0, 0x38, 0x38, 0x01, 0xE0, 0x38, 0x38,
    0x01, 0xE0, 0x3C, 0x38, 0x1C, 0xC0, 0x3F, 0xF8, 0x1C, 0x00, 0x3F, 0xF9, 0xDC, 0x00, 0x38, 0x39,
    0xDC, 0x38, 0x38, 0x39, 0xDC, 0x38, 0x38, 0x39, 0xDC, 0x38, 0x38, 0x39, 0x9C, 0x3C, 0x3C, 0x3B,
    0x9C, 0x1C, 0x3F, 0xFB, 0x9C, 0x1C, 0x3F, 0xFB, 0x9C, 0x1E, 0x38, 0x3B, 0x9C, 0x0E, 0x38, 0x3F,
    0x1C, 0x0E, 0x38, 0x3F, 0x1C, 0x0E, 0x38, 0x3C, 0x1C, 0x0E, 0x3B, 0xFE, 0x1C, 0x0E, 0xFF, 0xFE,
    0x1C, 0x00, 0xFF, 0xF8, 0x1C, 0x18, 0xFE, 0x38, 0x1C, 0x1C, 0x00, 0x38, 0x1C, 0x1C, 0x00, 0x38,
    0x1C, 0x1C, 0x00, 0x38, 0x1F, 0xF8, 0x00, 0x38, 0x1F, 0xF8, 0x00, 0x38, 0x0F, 0xF0, 0x00, 0x00,
    0x00, 0x00, 0x00, 0x03, 0x80, 0x00, 0x00, 0x07, 0x80, 0x00, 0x00, 0x1E, 0x00, 0x00, 0x00, 0x3C,
    0x00, 0x00, 0x7F, 0xFF, 0xFC, 0x00, 0xFF, 0xFF, 0xF8, 0x01, 0xC0, 0x00, 0x70, 0x03, 0x80, 0x00,
    0xE0, 0x07, 0x00, 0x01, 0xC0, 0x0F, 0xFF, 0xFF, 0x80, 0x1F, 0xFF, 0xFF, 0x00, 0x38, 0x00, 0x0E,
    0x00, 0x70, 0x00, 0x1C, 0x00, 0xFF, 0xFF, 0xF8, 0x01, 0xFF, 0xFF, 0xF0, 0x03, 0x80, 0x00, 0xE0,
    0x07, 0x00, 0x01, 0xC0, 0x0E, 0x00, 0x03, 0x80, 0x1F, 0xFF, 0xFF, 0x00, 0x3F, 0xFF, 0xFE, 0x00,
    0x00, 0x70, 0x00, 0x00, 0x00, 0xF0, 0x00, 0x06, 0x78, 0xF0, 0x3C, 0x0E, 0xF0, 0xF0, 0x78, 0x1D,
    0xE0, 0xE0, 0x78, 0x7B, 0xC1, 0xE6, 0x70, 0xE7, 0x81, 0x0E, 0xF3, 0xCF, 0x00, 0x1C, 0xE7, 0x1E,
    0x00, 0x79, 0xFE, 0x1F, 0xFF, 0xE1, 0x08, 0x3F, 0xFF, 0xC0, 0x00, 0x1F, 0xFE, 0x00, 0x00, 0x00,
    0x00, 0x00, 0x03, 0xC7, 0x00, 0x00, 0x07, 0x0E, 0x00, 0x00, 0x1E, 0x38, 0x00, 0x00, 0x78, 0xFF,
    0xFF, 0xE0, 0xE1, 0xFF, 0xFF, 0x83, 0xC7, 0xFF, 0xFF, 0x0F, 0x9E, 0x0E, 0x1C, 0x3F, 0x78, 0x1C,
    0x38, 0xFE, 0xF0, 0x38, 0xE3, 0xDC, 0xCE, 0x73, 0x07, 0x38, 0x1C, 0xE7, 0x04, 0x70, 0x71, 0xCF,
    0x00, 0xE1, 0xE3, 0x8F, 0x01, 0xC3, 0x87, 0x0E, 0x03, 0x8F, 0x0E, 0x1E, 0x07, 0x3C, 0x1C, 0x1C,
    0x0E, 0x30, 0x38, 0x38, 0x1C, 0x07, 0xF0, 0x00, 0x38, 0x17, 0xE0, 0x00, 0x60, 0x7E, 0x00, 0x00,
    0x00, 0xF0, 0x04, 0x07, 0x78, 0xF0, 0x3C, 0x0E, 0xF0, 0xF0, 0x38, 0x1D, 0xE0, 0xF0, 0x78, 0x7B,
    0xC1, 0xE7, 0x70, 0xE7, 0x81, 0x0F, 0xF3, 0xCF, 0x00, 0x1C, 0xE7, 0x1E, 0x00, 0x79, 0xFE, 0x1F,
    0xFF, 0xF1, 0xC8, 0x3F, 0xFF, 0xC0, 0x00, 0x1F, 0xFE, 0x00, 0x00, 0x18, 0x38, 0x00, 0x00, 0x78,
    0x70, 0x00, 0x00, 0xF0, 0xE0, 0x00, 0x01, 0xE1, 0xFF, 0xE7, 0xFF, 0xC3, 0xFF, 0xCF, 0xFF, 0x87,
    0xFF, 0x8F, 0xFF, 0x0E, 0x00, 0x00, 0x1E, 0x1C, 0x00, 0x00, 0x3C, 0x38, 0x00, 0x7F, 0xF8, 0x7F,
    0xF0, 0xFF, 0xF0, 0xFF, 0xE0, 0xFF, 0xE1, 0xFF, 0xC0, 0x03, 0xC3, 0x80, 0x00, 0x07, 0x87, 0x00,
    0x1F, 0xFF, 0x0F, 0xFF, 0xBF, 0xFE, 0x1F, 0xFF, 0x7F, 0xFC, 0x3F, 0xFC, 0x00, 0x78, 0x70, 0x00,
    0x00, 0xF0, 0xE0, 0x00, 0x00, 0x19, 0x80, 0x00, 0x06, 0x78, 0x04, 0x01, 0x9E, 0x78, 0x3C, 0x03,
    0xBC, 0x78, 0x38, 0x0F, 0x78, 0x78, 0x78, 0x1C, 0xF0, 0xF0, 0x78, 0x79, 0xE0, 0xE6, 0xF0, 0xE3,
    0xC0, 0x0E, 0xF3, 0xC7, 0x80, 0x3C, 0xE7, 0x0F, 0x00, 0x71, 0xEE, 0x0F, 0xFF, 0xE1, 0x80, 0x1F,
    0xFF, 0x80, 0x00, 0x0F, 0xFE, 0x00, 0x00, 0x00, 0x00, 0x00, 0x03, 0x80, 0x00, 0x00, 0x07, 0x00,
    0x00, 0x00, 0x0E, 0x07, 0xFF, 0xC0, 0x1C, 0x0F, 0xFF, 0x80, 0x38, 0x1C, 0x07, 0x3F, 0xFF, 0xB8,
    0x0E, 0x7F, 0xFF, 0x70, 0x1C, 0x7F, 0xFC, 0xFF, 0xF8, 0x0F, 0x81, 0xFF, 0xF0, 0x1F, 0x83, 0x80,
    0xE0, 0x7F, 0x87, 0x01, 0xC0, 0xFF, 0x8E, 0x03, 0x83, 0xBF, 0xDF, 0xFF, 0x0F, 0x77, 0xBF, 0xFE,
    0x3C, 0xE6, 0x70, 0x1C, 0xF1, 0xC0, 0xE0, 0x39, 0xC3, 0x81, 0xC0, 0x71, 0x87, 0x03, 0xFF, 0xE0,
    0x0E, 0x07, 0xFF, 0xC0, 0x1C, 0x70, 0x00, 0x00, 0x00, 0xF0, 0x0C, 0x07, 0x38, 0xF0, 0x3C, 0x0E,
    0x71, 0xF0, 0x38, 0x3C, 0xE1, 0xE0, 0x78, 0x71, 0xC1, 0xCE, 0x78, 0xE3, 0x80, 0x1C, 0x73, 0xC7,
    0x00, 0x38, 0xF7, 0x0F, 0x00, 0x70, 0xEE, 0x1F, 0xFF, 0xE1, 0x00, 0x1F, 0xFF, 0x80, 0x00, 0x0F,
    0xFC, 0x00, 0x00, 0x07, 0x00, 0x00, 0x00, 0x1C, 0x00, 0x00, 0x00, 0x78, 0x00, 0x0F, 0xFF, 0xFF,
    0xFC, 0x3F, 0xFF, 0xFF, 0xF0, 0x07, 0x00, 0x78, 0x00, 0x1C, 0x01, 0xE0, 0x00, 0x78, 0x07, 0x00,
    0x00, 0xE0, 0x3C, 0x03, 0xFF, 0xFF, 0xFF, 0xEF, 0xFF, 0xFF, 0xFF, 0x80, 0x00, 0x00, 0x00, 0x00,
    0x00, 0x00, 0x00, 0x3F, 0xFF, 0xFF, 0x00, 0xFF, 0xFF, 0xFC, 0x03, 0x80, 0x00, 0xF0, 0x0E, 0x00,
    0x03, 0xC0, 0x3F, 0xFF, 0xFF, 0x00, 0xFF, 0xFF, 0xFC, 0x03, 0x80, 0x00, 0xF0, 0x0E, 0x00, 0x03,
    0xC0, 0x3F, 0xFF, 0xFF, 0x00, 0xFF, 0xFF, 0xFC, 0x00, 0x03, 0xC0, 0x00, 0x08, 0xEF, 0x81, 0xC0,
    0x73, 0x8F, 0x07, 0x03, 0xCE, 0x1C, 0x8E, 0x0E, 0x38, 0x23, 0xBC, 0x78, 0xE0, 0x1C, 0x7B, 0xC3,
    0xC0, 0xF0, 0xEE, 0x0F, 0xFF, 0xC3, 0x80, 0x3F, 0xFE, 0x00, 0x00, 0x00, 0x00, 0x00, 0x38, 0x1F,
    0xFF, 0xF8, 0x7E, 0x1F, 0xFF, 0xF8, 0x3F, 0x1C, 0x1C, 0x00, 0x0F, 0x9C, 0x1C, 0x00, 0x07, 0x1F,
    0xFF, 0xF0, 0x00, 0x1F, 0xFF, 0xF0, 0x00, 0x1C, 0x1C, 0x00, 0x00, 0x1C, 0x1C, 0x00, 0x00, 0x1F,
    0xFF, 0xF0, 0x01, 0x1F, 0xFF, 0xF0, 0x03, 0x9C, 0x1C, 0x00, 0x07, 0x9F, 0xFF, 0xFC, 0x07, 0x1F,
    0xFF, 0xFC, 0x0F, 0x00, 0x00, 0x1C, 0x1E, 0x30, 0x03, 0x1C, 0x3C, 0x37, 0x33, 0x9C, 0x78, 0x73,
    0x39, 0xDC, 0x78, 0x73, 0x99, 0x9C, 0x70, 0xE3, 0x9C, 0x38, 0x20, 0xE3, 0x81, 0xF8, 0x00, 0x47,
    0x01, 0xF0, 0x00, 0x0F, 0x80, 0x00, 0x0E, 0x73, 0xC0, 0xE0, 0x0E, 0x71, 0xE0, 0xF0, 0x1E, 0x70,
    0xE2, 0xF8, 0x1C, 0x70, 0x47, 0x7C, 0x3C, 0x70, 0x07, 0x3C, 0x78, 0x7F, 0xFF, 0x1E, 0xF0, 0x7F,
    0xFF, 0x0E, 0x20, 0x3F, 0xFE, 0x04, 0x00, 0x00, 0xC0, 0x00, 0x00, 0x01, 0xE0, 0x00, 0x00, 0x00,
    0xE0, 0x00, 0x00, 0x00, 0xF0, 0x00, 0x1F, 0xFF, 0xFF, 0xFF, 0x1F, 0xFF, 0xFF, 0xFF, 0x1C, 0x1C,
    0x67, 0x00, 0x1C, 0x1C, 0xE7, 0x80, 0x1C, 0x38, 0xE3, 0x80, 0x1C, 0x79, 0xFF, 0xFE, 0x1C, 0x73,
    0xFF, 0xFE, 0x1C, 0xF7, 0xC3, 0x80, 0x1D, 0xF7, 0xFF, 0xFC, 0x1F, 0xFF, 0xFF, 0xFC, 0x1F, 0xFF,
    0xC3, 0x80, 0x1F, 0x71, 0xC3, 0x80, 0x1C, 0x71, 0xFF, 0xFC, 0x1C, 0x71, 0xFF, 0xFC, 0x1C, 0x71,
    0xC3, 0x80, 0x1C, 0x71, 0xFF, 0xFF, 0x1C, 0x71, 0xFF, 0xFF, 0x1C, 0x71, 0xE0, 0x00, 0x1C, 0x00,
    0x70, 0x00, 0x1C, 0x00, 0x7C, 0x20, 0x38, 0x77, 0x3F, 0x70, 0x38, 0x77, 0x0F, 0x78, 0x38, 0xE7,
    0x06, 0x3C, 0x38, 0xE7, 0x00, 0xDC, 0x79, 0xC7, 0x00, 0xCE, 0x73, 0xC7, 0x81, 0xCF, 0x73, 0x83,
    0xFF, 0xC7, 0x31, 0x03, 0xFF, 0x80, 0x00, 0x00, 0x00, 0x00, 0x00, 0x00, 0x00, 0x00, 0x00, 0x00,
    0xE6, 0x00, 0x00, 0x01, 0xDF, 0x00, 0x00, 0x03, 0x9F, 0x80, 0x00, 0x07, 0x0F, 0x80, 0x00, 0x0E,
    0x0F, 0x07, 0xFF, 0xFF, 0xFF, 0x8F, 0xFF, 0xFF, 0xFF, 0x1F, 0xFF, 0xFF, 0xFE, 0x38, 0x00, 0xE0,
    0x00, 0x70, 0x01, 0xE0, 0x00, 0xE0, 0x03, 0xC0, 0x01, 0xC0, 0x07, 0x87, 0x83, 0xFF, 0xC7, 0x0F,
    0x07, 0xFF, 0x8E, 0x1C, 0x0F, 0xFF, 0x1C, 0x78, 0x1C, 0x0E, 0x38, 0xE0, 0x38, 0x1C, 0x73, 0xC0,
    0x70, 0x38, 0xF7, 0x80, 0xE0, 0xF1, 0xFE, 0x01, 0xC1, 0xE1, 0xF8, 0x03, 0x83, 0xC3, 0xF0, 0x07,
    0x07, 0x07, 0xC0, 0x1E, 0x0E, 0x0F, 0x86, 0x3C, 0x1C, 0x1E, 0x0E, 0x73, 0xF8, 0x7E, 0x1C, 0xE7,
    0xF1, 0xFC, 0x3B, 0xCF, 0x8F, 0xBC, 0x77, 0x80, 0x3E, 0x3C, 0xFE, 0x01, 0xF8, 0x7F, 0xFC, 0x03,
    0xE0, 0x7F, 0x30, 0x03, 0x00, 0x7C, 0x20, 0x00, 0x00, 0x00, 0x00, 0x06, 0x78, 0x00, 0x00, 0x7F,
    0x79, 0xC0, 0x0F, 0xFF, 0x7B, 0xE0, 0x7F, 0xFC, 0x79, 0xF0, 0x7F, 0xE0, 0x78, 0xF8, 0x70, 0xE0,
    0x38, 0x78, 0x00, 0xE0, 0x38, 0x3C, 0x00, 0xE0, 0x38, 0x18, 0x00, 0xE0, 0x38, 0x00, 0x00, 0xE0,
    0x38, 0x00, 0xFF, 0xFF, 0xFF, 0xFE, 0xFF, 0xFF, 0xFF, 0xFE, 0x7F, 0xFF, 0xFF, 0xFE, 0x00, 0xE0,
    0x38, 0x00, 0x00, 0xE0, 0x3C, 0x38, 0x00, 0xE0, 0x3C, 0x78, 0x00, 0xE1, 0x9C, 0x70, 0x00, 0xFF,
    0x9C, 0xF0, 0x07, 0xFF, 0x9D, 0xE0, 0xFF, 0xFE, 0x1F, 0xC0, 0xFF, 0xE0, 0x1F, 0xC0, 0xFE, 0xE0,
    0x0F, 0x80, 0x40, 0xE0, 0x1F, 0x04, 0x00, 0xE0, 0x3F, 0x06, 0x00, 0xE0, 0x7F, 0x06, 0x00, 0xE1,
    0xFF, 0x8E, 0x00, 0xE3, 0xE3, 0x8E, 0x00, 0xEF, 0xC3, 0xCE, 0x3F, 0xE7, 0x81, 0xFE, 0x1F, 0xE6,
    0x01, 0xFC, 0x1F, 0xC0, 0x00, 0x7C, 0x00, 0x00, 0x00, 0x00, 0x00, 0x01, 0xC6, 0x00, 0x00, 0x03,
    0x9F, 0x00, 0x00, 0x07, 0x1F, 0x00, 0x00, 0x0E, 0x1F, 0x00, 0x00, 0x1E, 0x0E, 0x3F, 0xFF, 0xFF,
    0xFE, 0x7F, 0xFF, 0xFF, 0xFE, 0xFF, 0xFF, 0xFF, 0xFC, 0x00, 0x01, 0xE0, 0x00, 0x00, 0x03, 0xC0,
    0x01, 0xFF, 0xE3, 0x83, 0x83, 0xFF, 0xC7, 0x07, 0x07, 0xFF, 0x8E, 0x1E, 0x0E, 0x07, 0x1C, 0x38,
    0x1C, 0x0E, 0x38, 0xF0, 0x38, 0x1C, 0x79, 0xC0, 0x70, 0x38, 0xF7, 0x80, 0xE0, 0x70, 0xEF, 0x01,
    0xC0, 0xE1, 0xFC, 0x03, 0xFF, 0xC3, 0xF8, 0x07, 0xFF, 0x87, 0xE0, 0x0F, 0xFE, 0x0F, 0x80, 0x00,
    0x00, 0x1F, 0x0C, 0x00, 0x1E, 0x3E, 0x1C, 0x07, 0xFC, 0xFC, 0x39, 0xFF, 0xFF, 0xFC, 0x77, 0xFF,
    0x9F, 0x78, 0xEF, 0xF0, 0x7C, 0x79, 0xDC, 0x03, 0xF0, 0xFF, 0x80, 0x07, 0xC0, 0xFE, 0x00, 0x06,
    0x00, 0x78, 0x00, 0x00, 0x00, 0x00, 0x01, 0xC0, 0x39, 0x00, 0x03, 0x80, 0x77, 0x00, 0x07, 0x00,
    0xEF, 0x83, 0xFF, 0xF9, 0xCF, 0x87, 0xFF, 0xF3, 0x87, 0x80, 0x38, 0x07, 0x0F, 0x00, 0x70, 0x0E,
    0x0C, 0x00, 0xE0, 0x1C, 0x01, 0xFF, 0xFF, 0xFF, 0xFF, 0xFF, 0xFF, 0xFF, 0xFB, 0xFF, 0xFF, 0xFF,
    0xE0, 0x77, 0x01, 0xC0, 0x01, 0xC7, 0x03, 0x87, 0x03, 0x8E, 0x07, 0x0E, 0x0F, 0xFF, 0xEE, 0x1C,
    0x3F, 0xFF, 0xDE, 0x70, 0x78, 0x70, 0x1C, 0xE1, 0xF0, 0xE0, 0x3B, 0xC7, 0xFF, 0xFC, 0x77, 0x07,
    0xFF, 0xF8, 0xFE, 0x03, 0x87, 0x01, 0xF8, 0x07, 0x0E, 0x03, 0xF0, 0x0F, 0xFF, 0xC3, 0xC0, 0x1F,
    0xFF, 0x87, 0x86, 0x38, 0x70, 0x1F, 0x1C, 0x70, 0xE0, 0x3E, 0x38, 0xE1, 0xC0, 0xFE, 0x71, 0xFF,
    0xFF, 0xFC, 0xE3, 0xFF, 0xFF, 0x3F, 0xC7, 0x00, 0x3C, 0x3F, 0x0E, 0x00, 0x70, 0x3C, 0x00, 0x00,
    0x00, 0x00, 0x00, 0x00, 0x00, 0x00, 0x00, 0x01, 0xF0, 0x00, 0x03, 0xFF, 0x00, 0x3F, 0xFF, 0xC0,
    0x7F, 0xFF, 0x80, 0x0F, 0xFC, 0x00, 0x01, 0xE0, 0x00, 0x00, 0x38, 0x00, 0x00, 0x07, 0x00, 0x00,
    0x00, 0xFF, 0xFF, 0xFC, 0x1F, 0xFF, 0xFF, 0x83, 0xFF, 0xFF, 0xF0, 0x70, 0x00, 0x0E, 0x0E, 0x00,
    0x01, 0xC1, 0xC0, 0x00, 0x38, 0x78, 0x00, 0x07, 0x0F, 0x00, 0x00, 0xE1, 0xE0, 0x00, 0x1C, 0x3C,
    0x00, 0x03, 0x87, 0xFF, 0xFF, 0xF0, 0xFF, 0xFF, 0xFE, 0x1F, 0xFF, 0xFF, 0xC3, 0x80, 0x00, 0x38,
    0x70, 0x00, 0x03, 0x1E, 0x00, 0x00, 0x03, 0x80, 0x00, 0x00, 0xF0, 0x00, 0x00, 0x1E, 0x00, 0x00,
    0x07, 0x80, 0x00, 0x00, 0xF0, 0x00, 0x00, 0x3C, 0x00, 0x00, 0x03, 0x00, 0x00, 0x00, 0x00, 0x00,
    0x00, 0x00, 0x00, 0x01, 0x00, 0x00, 0x00, 0x78, 0x00, 0x00, 0x03, 0x80, 0x00, 0x00, 0x3C, 0x00,
    0x00, 0x01, 0xC0, 0x00, 0x00, 0x1C, 0x00, 0x0F, 0xFF, 0xFF, 0xF0, 0xFF, 0xFF, 0xFF, 0x0F, 0xFF,
    0xFF, 0xF0, 0xF0, 0x00, 0x0F, 0x0F, 0x00, 0x00, 0xF0, 0xF0, 0x00, 0x0F, 0x0F, 0x00, 0x00, 0xF0,
    0xF0, 0x00, 0x0F, 0x0F, 0x00, 0x00, 0xF0, 0xFF, 0xFF, 0xFF, 0x0F, 0xFF, 0xFF, 0xF0, 0xFF, 0xFF,
    0xFF, 0x0E, 0x00, 0x00, 0xF0, 0xE0, 0x00, 0x0F, 0x0E, 0x00, 0x00, 0x60, 0xE0, 0x00, 0x00, 0x1E,
    0x00, 0x00, 0x01, 0xE0, 0x00, 0x00, 0x1C, 0x00, 0x00, 0x01, 0xC0, 0x00, 0x00, 0x3C, 0x00, 0x00,
    0x03, 0x80, 0x00, 0x00, 0x78, 0x00, 0x00, 0x07, 0x80, 0x00, 0x00, 0xF0, 0x00, 0x00, 0x0E, 0x00,
    0x00, 0x00, 0x00, 0x00, 0x00, 0x00, 0x00, 0x02, 0x00, 0x0C, 0x00, 0x1F, 0x00, 0x7E, 0x03, 0xFF,
    0x0F, 0xFE, 0x1F, 0xFF, 0x7F, 0xFC, 0x1F, 0xF0, 0x7F, 0xC0, 0x1E, 0x00, 0x78, 0x00, 0x1C, 0x00,
    0x78, 0x00, 0x1C, 0x00, 0x78, 0x00, 0x1F, 0xFE, 0x78, 0x00, 0x1F, 0xFE, 0x78, 0x00, 0x1F, 0xFE,
    0x78, 0x00, 0x1C, 0x0E, 0x7F, 0xFF, 0x1C, 0x0E, 0x7F, 0xFF, 0x1C, 0x0E, 0x7F, 0xFF, 0x1C, 0x0E,
    0x78, 0x70, 0x1C, 0x0E, 0x78, 0x70, 0x1F, 0xFE, 0x78, 0x70, 0x1F, 0xFE, 0x78, 0x70, 0x1F, 0xFE,
    0x78, 0x70, 0x1C, 0x00, 0x70, 0x70, 0x1C, 0x00, 0x70, 0x70, 0x1C, 0x00, 0x70, 0x70, 0x1C, 0x00,
    0x70, 0x70, 0x3C, 0x00, 0xF0, 0x70, 0x38, 0x00, 0xE0, 0x70, 0x38, 0x00, 0xE0, 0x70, 0x38, 0x01,
    0xE0, 0x70, 0x78, 0x01, 0xC0, 0x70, 0x70, 0x03, 0xC0, 0x70, 0x70, 0x07, 0x80, 0x70, 0x30, 0x03,
    0x00, 0x70, 0x00, 0x00, 0x00, 0x00, 0x00, 0x00, 0x00, 0x00, 0x00, 0x00, 0x07, 0xC0, 0x00, 0x07,
    0xFF, 0x80, 0xFF, 0xFF, 0xFF, 0x01, 0xFF, 0xFF, 0xE0, 0x03, 0xFF, 0xF0, 0x00, 0x00, 0x00, 0xE0,
    0x00, 0x00, 0x01, 0xC0, 0x00, 0x00, 0x03, 0x80, 0x00, 0x00, 0x07, 0x00, 0x00, 0x7F, 0xFF, 0xFF,
    0xE0, 0xFF, 0xFF, 0xFF, 0xC1, 0xFF, 0xFF, 0xFF, 0x80, 0x00, 0x70, 0x00, 0x00, 0x00, 0xE0, 0x00,
    0x00, 0x01, 0xC0, 0x00, 0x00, 0x03, 0x80, 0x00, 0x00, 0x07, 0x00, 0x03, 0xFF, 0xFF, 0xFF, 0xFF,
    0xFF, 0xFF, 0xFF, 0xFF, 0xFF, 0xFF, 0xFF, 0xE0, 0x00, 0x70, 0x00, 0x00, 0x00, 0xE0, 0x00, 0x00,
    0x01, 0xC0, 0x00, 0x00, 0x03, 0x80, 0x00, 0x00, 0x07, 0x00, 0x00, 0x00, 0x0E, 0x00, 0x00, 0x00,
    0x1C, 0x00, 0x00, 0x00, 0x38, 0x00, 0x00, 0x3F, 0xF0, 0x00, 0x00, 0x7F, 0xE0, 0x00, 0x00, 0x7F,
    0x80, 0x00, 0x00, 0x00, 0x00, 0x00, 0x00, 0x00, 0x00, 0x00, 0x00, 0x00, 0x78, 0x00, 0x00, 0x00,
    0xF0, 0x00, 0x00, 0x01, 0xE0, 0x00, 0x00, 0x03, 0xC0, 0x00, 0x00, 0x07, 0x80, 0x00, 0x00, 0x0F,
    0x00, 0x00, 0x00, 0x1E, 0x00, 0x7F, 0xFF, 0xFF, 0xFE, 0xFF, 0xFF, 0xFF, 0xFD, 0xFF, 0xFF, 0xFF,
    0xF8, 0x00, 0x0F, 0xE0, 0x00, 0x00, 0x3F, 0xC0, 0x00, 0x00, 0x7F, 0x80, 0x00, 0x01, 0xEF, 0x00,
    0x00, 0x07, 0x9E, 0x00, 0x00, 0x1F, 0x3C, 0x00, 0x00, 0x7C, 0x78, 0x00, 0x01, 0xF0, 0xF0, 0x00,
    0x07, 0xC1, 0xE0, 0x00, 0x1F, 0x03, 0xC0, 0x00, 0x7C, 0x07, 0x80, 0x01, 0xF0, 0x0F, 0x00, 0x0F,
    0xC0, 0x1E, 0x00, 0x3F, 0x00, 0x3C, 0x01, 0xF8, 0x00, 0x78, 0x03, 0xE0, 0x00, 0xF0, 0x03, 0x80,
    0x01, 0xE0, 0x00, 0x00, 0x03, 0xC0, 0x00, 0x01, 0xFF, 0x80, 0x00, 0x01, 0xFE, 0x00, 0x00, 0x03,
    0xF8, 0x00, 0x03, 0x00, 0x00, 0x00, 0x07, 0x00, 0x00, 0x00, 0x07, 0x00, 0x00, 0x00, 0x07, 0x07,
    0xFF, 0xFE, 0x07, 0x07, 0xFF, 0xFE, 0x07, 0x07, 0xFF, 0xFE, 0x07, 0x00, 0x03, 0x80, 0xFF, 0xF8,
    0x03, 0x80, 0xFF, 0xF8, 0x03, 0x80, 0xFF, 0xF8, 0x03, 0x80, 0x07, 0x00, 0x03, 0x80, 0x07, 0x00,
    0x03, 0x80, 0x07, 0x00, 0x03, 0x80, 0x07, 0x00, 0x03, 0x80, 0x07, 0x00, 0x03, 0x80, 0x07, 0x18,
    0x03, 0x80, 0x07, 0xF8, 0x03, 0x80, 0x0F, 0xF8, 0x03, 0x80, 0xFF, 0xF0, 0x03, 0x80, 0xFF, 0x80,
    0x03, 0x80, 0xFF, 0x00, 0x03, 0x80, 0x47, 0x00, 0x03, 0x80, 0x07, 0x00, 0x03, 0x80, 0x07, 0x00,
    0x03, 0x80, 0x07, 0x00, 0x03, 0x80, 0x07, 0x00, 0x03, 0x80, 0x07, 0x00, 0x03, 0x80, 0x07, 0x00,
    0x03, 0x80, 0x07, 0x00, 0x03, 0x80, 0x7F, 0x00, 0xFF, 0x80, 0x7F, 0x00, 0xFF, 0x80, 0x3E, 0x00,
    0xFF, 0x00, 0x00, 0x00, 0x00, 0x00, 0x1E, 0x00, 0x38, 0x00, 0x3C, 0x00, 0x78, 0x00, 0x78, 0x00,
    0x70, 0x00, 0xF0, 0x00, 0xF0, 0x01, 0xE0, 0x00, 0xE0, 0x03, 0xC1, 0xFF, 0xFF, 0xBF, 0xF3, 0xFF,
    0xFF, 0xFF, 0xE7, 0xFF, 0xFF, 0xFF, 0xCE, 0x00, 0x00, 0x3C, 0x1C, 0x00, 0x00, 0x78, 0x38, 0x00,
    0x00, 0xF0, 0x70, 0x00, 0x01, 0xE0, 0xE0, 0x00, 0x03, 0xC1, 0xC0, 0x00, 0x07, 0x93, 0x80, 0x00,
    0x0F, 0xE7, 0x00, 0x00, 0x1F, 0xCE, 0x00, 0x03, 0xFF, 0x9C, 0x00, 0x07, 0xF8, 0x78, 0x00, 0x0F,
    0xF0, 0xF0, 0x00, 0x09, 0xE1, 0xC0, 0x00, 0x03, 0xC3, 0x80, 0x00, 0x07, 0x87, 0x00, 0x00, 0x0F,
    0x0E, 0x00, 0x00, 0x1E, 0x3C, 0x00, 0x00, 0x3C, 0x70, 0x00, 0x00, 0x78, 0xE0, 0x00, 0x00, 0xF3,
    0xC0, 0x00, 0x0F, 0xEF, 0x00, 0x00, 0x1F, 0x9E, 0x00, 0x00, 0x3F, 0x38, 0x00, 0x00, 0x00, 0x00,
    0x00, 0x00, 0x00, 0x00, 0x00, 0x00, 0x1C, 0x00, 0x00, 0x00, 0x70, 0x00, 0x00, 0x01, 0xC0, 0x00,
    0x00, 0x07, 0x07, 0xFF, 0xF8, 0x1C, 0x1F, 0xFF, 0xE0, 0x70, 0x7F, 0xFF, 0x9F, 0xFE, 0x00, 0x0E,
    0xFF, 0xF8, 0x00, 0x3B, 0xFF, 0xE0, 0x00, 0xE0, 0x70, 0x00, 0x03, 0x81, 0xC0, 0x00, 0x0E, 0x07,
    0x00, 0x00, 0x38, 0x1C, 0x00, 0x00, 0xE0, 0x70, 0x00, 0x03, 0x81, 0xC1, 0xFF, 0xFE, 0x07, 0xFF,
    0xFF, 0xF8, 0x3F, 0xEF, 0xFF, 0xEF, 0xFF, 0x80, 0x03, 0xBF, 0xE0, 0x00, 0x0E, 0xFF, 0x00, 0x00,
    0x38, 0x1C, 0x00, 0x00, 0xE0, 0x70, 0x00, 0x03, 0x81, 0xC0, 0x00, 0x0E, 0x07, 0x00, 0x00, 0x38,
    0x1C, 0x00, 0x00, 0xE0, 0x70, 0x00, 0x03, 0x81, 0xC3, 0xFF, 0xFE, 0x07, 0x0F, 0xFF, 0xF9, 0xFC,
    0x1F, 0xFF, 0xE7, 0xF0, 0x00, 0x03, 0x8F, 0x80, 0x00, 0x0E, 0x02, 0x00, 0x00, 0x00, 0x07, 0x00,
    0xF1, 0x00, 0x07, 0x00, 0xF3, 0x80, 0x07, 0x00, 0xF3, 0xC0, 0x07, 0x00, 0x71, 0xE0, 0x07, 0x00,
    0x70, 0xF0, 0x07, 0x00, 0x70, 0xF0, 0xFF, 0xF0, 0x70, 0x60, 0xFF, 0xF0, 0x70, 0x1C, 0xFF, 0xF0,
    0x7F, 0xFE, 0x07, 0x0F, 0xFF, 0xFE, 0x07, 0x0F, 0xFF, 0xF0, 0x07, 0x0F, 0xF8, 0x00, 0x07, 0x00,
    0x78, 0x20, 0x07, 0x00, 0x38, 0x38, 0x07, 0x10, 0x38, 0x78, 0x07, 0xF0, 0x38, 0x70, 0x0F, 0xF0,
    0x38, 0xF0, 0xFF, 0xE0, 0x3D, 0xE0, 0xFF, 0x00, 0x3D, 0xC0, 0xFF, 0x00, 0x1F, 0xC0, 0x47, 0x00,
    0x1F, 0x80, 0x07, 0x00, 0x1F, 0x00, 0x07, 0x00, 0x1E, 0x04, 0x07, 0x00, 0x3E, 0x06, 0x07, 0x00,
    0x7F, 0x07, 0x07, 0x01, 0xFF, 0x8E, 0x07, 0x03, 0xE7, 0x8E, 0x07, 0x0F, 0xC3, 0xEE, 0x7F, 0x1F,
    0x81, 0xFE, 0x7F, 0x0E, 0x00, 0xFC, 0x7E, 0x00, 0x00, 0x78, 0x00, 0x00, 0x00, 0x00, 0x00, 0x00,
    0x10, 0x00, 0x07, 0x00, 0x78, 0x00, 0x07, 0x00, 0x38, 0x00, 0x07, 0x00, 0x3C, 0x00, 0x07, 0x00,
    0x1C, 0x00, 0x07, 0x00, 0x1E, 0x00, 0x07, 0x00, 0x1C, 0x00, 0xFF, 0x0F, 0xFF, 0xFE, 0xFF, 0xFF,
    0xFF, 0xFE, 0xFF, 0xFF, 0xFF, 0xFE, 0x07, 0x00, 0x00, 0x00, 0x07, 0x00, 0x00, 0x00, 0x07, 0x01,
    0xFF, 0xC0, 0x07, 0x01, 0xFF, 0xC0, 0x07, 0x01, 0xFF, 0xC0, 0x07, 0x11, 0xC1, 0xC0, 0x07, 0xF1,
    0xC1, 0xC0, 0x0F, 0xF1, 0xC1, 0xC0, 0xFF, 0xE1, 0xC1, 0xC0, 0xFF, 0x01, 0xC1, 0xC0, 0xFF, 0x03,
    0xC1, 0xC0, 0x87, 0x03, 0xC1, 0xC0, 0x07, 0x03, 0xC1, 0xC0, 0x07, 0x03, 0x81, 0xC0, 0x07, 0x03,
    0x81, 0xC6, 0x07, 0x07, 0x81, 0xC7, 0x07, 0x07, 0x01, 0xC7, 0x07, 0x0F, 0x01, 0xC6, 0x07, 0x1E,
    0x01, 0xE6, 0x7F, 0x3E, 0x01, 0xFE, 0x7F, 0x7C, 0x00, 0xFE, 0x7E, 0x38, 0x00, 0xFC, 0x00, 0x10,
    0x00, 0x00, 0x06, 0x00, 0x00, 0x00, 0x0E, 0x00, 0x00, 0x00, 0x1C, 0x1F, 0xFF, 0xF0, 0x38, 0x3F,
    0xFF, 0xE0, 0x70, 0x7F, 0xFF, 0xC0, 0xE0, 0xE0, 0x00, 0x01, 0xC1, 0xC0, 0x00, 0x7F, 0xFB, 0x80,
    0x00, 0xFF, 0xF7, 0x00, 0x01, 0xFF, 0xEE, 0x00, 0x00, 0x1C, 0x1F, 0xFF, 0xC0, 0x38, 0x3F, 0xFF,
    0xC0, 0x70, 0x7F, 0xFF, 0x80, 0xE0, 0xE0, 0x0F, 0x01, 0xC1, 0xC0, 0x1E, 0x03, 0x8B, 0x80, 0x3C,
    0x07, 0xF7, 0x00, 0x78, 0x1F, 0xEE, 0x00, 0xF3, 0xFF, 0x9C, 0x01, 0xE7, 0xF8, 0x3F, 0xFF, 0xCF,
    0xF0, 0x7F, 0xFF, 0x88, 0xE0, 0xFF, 0xFF, 0x01, 0xC1, 0xC0, 0x00, 0x03, 0x83, 0x80, 0x00, 0x07,
    0x07, 0x00, 0x00, 0x0E, 0x0E, 0x00, 0x00, 0x1C, 0x1C, 0x00, 0x00, 0x38, 0x38, 0x00, 0x00, 0x70,
    0x7F, 0xFF, 0xEF, 0xE0, 0xFF, 0xFF, 0xDF, 0xC1, 0xFF, 0xFF, 0xBF, 0x00, 0x00, 0x00, 0x00, 0x00,
    0x00, 0x00, 0x07, 0x00, 0x00, 0x00, 0x07, 0x0F, 0xFF, 0xF0, 0x07, 0x0F, 0xFF, 0xF8, 0x07, 0x0F,
    0xFF, 0xF8, 0x07, 0x03, 0xC0, 0x78, 0x07, 0x01, 0xC0, 0xF0, 0xFF, 0xE0, 0xE1, 0xE0, 0xFF, 0xF0,
    0xF3, 0xC0, 0xFF, 0xF0, 0x7F, 0x80, 0x07, 0x00, 0x3F, 0x00, 0x07, 0x00, 0x7F, 0x80, 0x07, 0x01,
    0xFF, 0xE0, 0x07, 0x07, 0xF3, 0xF8, 0x07, 0x1F, 0xC0, 0xFF, 0x07, 0x3F, 0x1C, 0x3E, 0x07, 0xEC,
    0x1E, 0x0C, 0x0F, 0xE0, 0x1E, 0x00, 0x7F, 0xE7, 0xFF, 0xF8, 0xFF, 0x07, 0xFF, 0xF8, 0xFF, 0x07,
    0xFF, 0xF8, 0x47, 0x00, 0x1E, 0x00, 0x07, 0x00, 0x1E, 0x00, 0x07, 0x00, 0x1E, 0x00, 0x07, 0x1F,
    0xFF, 0xFE, 0x07, 0x1F, 0xFF, 0xFE, 0x07, 0x1F, 0xFF, 0xFE, 0x07, 0x00, 0x1E, 0x00, 0x07, 0x00,
    0x1E, 0x00, 0x7F, 0x00, 0x1E, 0x00, 0x7E, 0x00, 0x1E, 0x00, 0x7E, 0x00, 0x1E, 0x00, 0x00, 0x00,
    0x0C, 0x00, 0x06, 0x00, 0x00, 0x00, 0x0E, 0x00, 0x00, 0x78, 0x0E, 0x00, 0x0F, 0xF8, 0x0E, 0x07,
    0xFF, 0xF8, 0x0E, 0x0F, 0xFF, 0xC0, 0x0E, 0x0F, 0xFE, 0x00, 0x0E, 0x00, 0x1E, 0x00, 0xFF, 0xE0,
    0x1E, 0x00, 0xFF, 0xE0, 0x1E, 0x00, 0xFF, 0xE0, 0x1E, 0x00, 0x0E, 0x00, 0x1E, 0x00, 0x0E, 0x1F,
    0xFF, 0xFE, 0x0E, 0x1F, 0xFF, 0xFE, 0x0E, 0x0F, 0xFF, 0xFE, 0x0E, 0x00, 0x1E, 0x00, 0x0E, 0x20,
    0x1E, 0x00, 0x0F, 0xF0, 0x1E, 0x00, 0x0F, 0xF0, 0x1E, 0x00, 0x7F, 0xE0, 0x1E, 0x00, 0xFF, 0x87,
    0xFF, 0xF8, 0xFE, 0x07, 0xFF, 0xFC, 0xCE, 0x07, 0xFF, 0xFC, 0x0E, 0x07, 0x00, 0x3C, 0x0E, 0x07,
    0x00, 0x3C, 0x0E, 0x07, 0x00, 0x3C, 0x0E, 0x07, 0x00, 0x3C, 0x0E, 0x07, 0x00, 0x3C, 0x0E, 0x07,
    0x00, 0x3C, 0x0E, 0x07, 0xFF, 0xFC, 0x7E, 0x07, 0xFF, 0xFC, 0x7E, 0x07, 0xFF, 0xFC, 0x7E, 0x07,
    0x00, 0x3C, 0x00, 0x06, 0x00, 0x18, 0x00, 0x00, 0x18, 0x00, 0x03, 0x80, 0x0E, 0x00, 0x01, 0xC0,
    0x07, 0x01, 0x00, 0xE0, 0x03, 0x81, 0xC0, 0x70, 0x3F, 0xFD, 0xE0, 0x38, 0x3F, 0xFF, 0xE0, 0x1C,
    0x1F, 0xFF, 0xF0, 0xFF, 0xE0, 0x38, 0xF0, 0x7F, 0xF0, 0x1C, 0x70, 0x3F, 0xF8, 0x0E, 0x78, 0x01,
    0xC0, 0x07, 0x78, 0x00, 0xE3, 0xFF, 0xFF, 0xE0, 0x71, 0xFF, 0xFF, 0xF0, 0x38, 0x7F, 0xFF, 0xF8,
    0x1C, 0x00, 0x78, 0x00, 0x0E, 0x40, 0xF8, 0x00, 0x07, 0xF0, 0xFF, 0xFE, 0x07, 0xF9, 0xFF, 0xFF,
    0x1F, 0xF9, 0xFC, 0x00, 0x0F, 0xE3, 0xFE, 0x00, 0x07, 0xF3, 0xF7, 0x00, 0x00, 0x39, 0xE7, 0x00,
    0x00, 0x1C, 0x43, 0xFF, 0xF0, 0x0E, 0x01, 0xFF, 0xF8, 0x07, 0x00, 0x00, 0x38, 0x03, 0x80, 0x00,
    0x1C, 0x01, 0xC0, 0x00, 0x0E, 0x00, 0xE0, 0x00, 0x07, 0x00, 0x70, 0x00, 0x03, 0x81, 0xF8, 0x00,
    0x83, 0xC0, 0xFC, 0x00, 0xFF, 0xC0, 0x7C, 0x00, 0x3F, 0xC0, 0x00, 0x00, 0x00, 0x00, 0x00, 0x02,
    0x00, 0x00, 0x00, 0x07, 0x00, 0x0F, 0x00, 0x07, 0x00, 0x0F, 0x00, 0x07, 0x00, 0x0F, 0x00, 0x07,
    0x00, 0x0F, 0x00, 0x07, 0x07, 0xFF, 0xFE, 0x07, 0x07, 0xFF, 0xFE, 0x7F, 0xF3, 0xFF, 0xFC, 0x7F,
    0xF0, 0x0F, 0x00, 0x7F, 0xF0, 0x0F, 0x00, 0x07, 0x00, 0x0F, 0x00, 0x07, 0x00, 0x0F, 0x00, 0x07,
    0x0F, 0xFF, 0xFF, 0x07, 0x0F, 0xFF, 0xFF, 0x07, 0x0F, 0xFF, 0xFF, 0x07, 0x00, 0x00, 0x70, 0x07,
    0xF0, 0x00, 0x70, 0x0F, 0xF0, 0x00, 0x70, 0x7F, 0xEF, 0xFF, 0xFF, 0x7F, 0x0F, 0xFF, 0xFF, 0x7F,
    0x0F, 0xFF, 0xFF, 0x47, 0x00, 0x80, 0x70, 0x07, 0x01, 0xC0, 0x70, 0x07, 0x01, 0xE0, 0x70, 0x07,
    0x00, 0xF0, 0x70, 0x07, 0x00, 0x70, 0x70, 0x07, 0x00, 0x78, 0x70, 0x07, 0x00, 0x38, 0x70, 0x07,
    0x00, 0x20, 0x70, 0x3F, 0x00, 0x0F, 0xF0, 0x3F, 0x00, 0x0F, 0xF0, 0x3E, 0x00, 0x07, 0xE0, 0x00,
    0x00, 0x00, 0x00, 0x03, 0x00, 0x04, 0x00, 0x03, 0x80, 0x0E, 0x00, 0x03, 0x80, 0x0E, 0x00, 0x03,
    0x80, 0x0F, 0x00, 0x03, 0x80, 0x0F, 0x00, 0x03, 0x8F, 0xFF, 0xFF, 0x03, 0x8F, 0xFF, 0xFF, 0x7F,
    0xFF, 0xFF, 0xFF, 0x7F, 0xFE, 0x18, 0x07, 0x7F, 0xFE, 0x1C, 0x07, 0x03, 0x8E, 0x1C, 0x07, 0x03,
    0x8E, 0x3C, 0x07, 0x03, 0x80, 0x38, 0x00, 0x03, 0x80, 0x78, 0x00, 0x03, 0x9F, 0xFF, 0xFF, 0x03,
    0x9F, 0xFF, 0xFF, 0x03, 0x9F, 0xFF, 0xFF, 0x03, 0xF8, 0xE0, 0x70, 0x0F, 0xF9, 0xE0, 0x70, 0x7F,
    0xE1, 0xC0, 0x70, 0x7F, 0x83, 0xC0, 0xF0, 0x7F, 0x83, 0xC0, 0xE0, 0x03, 0x83, 0xF1, 0xE0, 0x03,
    0x80, 0xFF, 0xC0, 0x03, 0x80, 0x7F, 0xC0, 0x03, 0x80, 0x1F, 0x80, 0x03, 0x80, 0x1F, 0xE0, 0x03,
    0x80, 0x3F, 0xF8, 0x03, 0x81, 0xFC, 0xFC, 0x3F, 0x8F, 0xF0, 0x3F, 0x3F, 0x0F, 0xE0, 0x1F, 0x3F,
    0x0F, 0x00, 0x06, 0x00, 0x00, 0x00, 0x00, 0x03, 0x00, 0x00, 0x00, 0x03, 0x80, 0x0E, 0x60, 0x03,
    0x80, 0x0E, 0xF8, 0x03, 0x80, 0x0E, 0x7C, 0x03, 0x80, 0x0E, 0x1E, 0x03, 0x80, 0x0E, 0x0E, 0x03,
    0x8F, 0xFF, 0xFF, 0x7F, 0xFF, 0xFF, 0xFF, 0x7F, 0xF8, 0x0F, 0xFF, 0x7F, 0xF8, 0x0E, 0x00, 0x03,
    0x80, 0x0E, 0x00, 0x03, 0x87, 0xFF, 0xFE, 0x03, 0x87, 0xFF, 0xFE, 0x03, 0x87, 0xFF, 0xFE, 0x03,
    0x87, 0x0E, 0x0E, 0x03, 0x97, 0x0E, 0x0E, 0x03, 0xFF, 0x0E, 0x0E, 0x0F, 0xFF, 0xFF, 0xFE, 0x7F,
    0xE7, 0xFF, 0xFE, 0x7F, 0x87, 0xFF, 0xFE, 0x7B, 0x87, 0x0E, 0x0E, 0x43, 0x87, 0x0E, 0x0E, 0x03,
    0x87, 0x0E, 0x0E, 0x03, 0x87, 0xFF, 0xFE, 0x03, 0x87, 0xFF, 0xFE, 0x03, 0x87, 0xFF, 0xFE, 0x03,
    0x87, 0x0E, 0x0E, 0x03, 0x87, 0x0E, 0x0E, 0x03, 0x87, 0x0E, 0x0E, 0x3F, 0x87, 0x0E, 0x0E, 0x3F,
    0x87, 0x0E, 0x7E, 0x3F, 0x07, 0x0E, 0x7E, 0x00, 0x00, 0x00, 0x00, 0x00, 0x00, 0x00, 0x00, 0x0E,
    0x00, 0xF0, 0x00, 0x0E, 0x00, 0xE0, 0x00, 0x0E, 0x01, 0xE0, 0x40, 0x0E, 0x03, 0xFF, 0xE0, 0x0E,
    0x03, 0xFF, 0xE0, 0x0E, 0x07, 0x81, 0xE0, 0xFF, 0xCF, 0x03, 0xC0, 0xFF, 0xDE, 0x07, 0x80, 0xFF,
    0xFF, 0xFF, 0xF8, 0x0E, 0x1F, 0xFF, 0xF8, 0x0E, 0x0E, 0x1C, 0x78, 0x0E, 0x0E, 0x1C, 0x78, 0x0E,
    0x0E, 0x1C, 0x78, 0x0E, 0x0E, 0x1C, 0x78, 0x0E, 0x0E, 0x1C, 0x78, 0x0F, 0xEE, 0x1C, 0x78, 0x0F,
    0xEE, 0x1C, 0x78, 0x7F, 0xEE, 0x1C, 0x78, 0xFF, 0xBF, 0xFF, 0xFC, 0xFE, 0x3F, 0xFF, 0xFE, 0xCE,
    0x3F, 0xFF, 0xFE, 0x0E, 0x00, 0x7E, 0x00, 0x0E, 0x00, 0x7E, 0x00, 0x0E, 0x00, 0xF7, 0x00, 0x0E,
    0x01, 0xE7, 0x80, 0x0E, 0x03, 0xC3, 0xC0, 0x0E, 0x07, 0x81, 0xE0, 0x0E, 0x1F, 0x00, 0xF8, 0x7E,
    0x7E, 0x00, 0x7E, 0x7E, 0xFC, 0x00, 0x3E, 0x7C, 0x70, 0x00, 0x0C, 0x00, 0x00, 0x00, 0x00, 0x00,
    0x00, 0x10, 0x00, 0x0E, 0x00, 0x38, 0x00, 0x0E, 0x00, 0x3C, 0x00, 0x0E, 0x00, 0x7E, 0x00, 0x0E,
    0x00, 0xFF, 0x00, 0x0E, 0x01, 0xE7, 0x80, 0x0E, 0x03, 0xC3, 0xC0, 0x7F, 0xC7, 0x81, 0xF0, 0x7F,
    0xEF, 0x00, 0xF8, 0x7F, 0xFE, 0x00, 0x7E, 0x0E, 0x7F, 0xFF, 0xDF, 0x0E, 0x3B, 0xFF, 0xCE, 0x0E,
    0x21, 0xFF, 0xC0, 0x0E, 0x00, 0x38, 0x00, 0x0E, 0x00, 0x38, 0x00, 0x0E, 0x1F, 0xFF, 0xFC, 0x0E,
    0xFF, 0xFF, 0xFC, 0x0F, 0xFF, 0xFF, 0xFC, 0x7F, 0xC0, 0x38, 0x00, 0xFF, 0x00, 0x38, 0x00, 0xFE,
    0x07, 0xFF, 0xE0, 0x4E, 0x0F, 0xFF, 0xF0, 0x0E, 0x0F, 0xFF, 0xF0, 0x0E, 0x0E, 0x00, 0x70, 0x0E,
    0x0E, 0x00, 0x70, 0x0E, 0x0E, 0x00, 0x70, 0x0E, 0x0E, 0x00, 0x70, 0x0E, 0x0E, 0x00, 0x70, 0x0E,
    0x0E, 0x00, 0x70, 0x7E, 0x0F, 0xFF, 0xF0, 0x7E, 0x0F, 0xFF, 0xF0, 0x7C, 0x0E, 0x00, 0x70, 0x00,
    0x04, 0x00, 0x00, 0x03, 0x00, 0x00, 0x00, 0x07, 0x00, 0x00, 0x00, 0x07, 0x07, 0xFF, 0xFE, 0x07,
    0x07, 0xFF, 0xFE, 0x07, 0x07, 0xFF, 0xFE, 0x07, 0x07, 0x00, 0x0E, 0x07, 0x07, 0x00, 0x0E, 0x7F,
    0xF7, 0x00, 0x0E, 0x7F, 0xF7, 0x00, 0x0E, 0x7F, 0xF7, 0xFF, 0xFE, 0x07, 0x07, 0xFF, 0xFE, 0x07,
    0x07, 0xFF, 0xFE, 0x07, 0x07, 0x03, 0x80, 0x07, 0x07, 0x03, 0x80, 0x07, 0x07, 0x03, 0x80, 0x07,
    0x07, 0xFF, 0xFF, 0x07, 0xF7, 0xFF, 0xFF, 0x0F, 0xF7, 0xFF, 0xFF, 0x7F, 0xE7, 0x03, 0x80, 0x7F,
    0x0F, 0x03, 0x80, 0x7F, 0x0F, 0x03, 0x80, 0x07, 0x0E, 0xFF, 0xFE, 0x07, 0x0E, 0xFF, 0xFE, 0x07,
    0x0E, 0xFF, 0xFE, 0x07, 0x0E, 0xE0, 0x0E, 0x07, 0x1E, 0xE0, 0x0E, 0x07, 0x1C, 0xE0, 0x0E, 0x07,
    0x1C, 0xE0, 0x0E, 0x07, 0x3C, 0xE0, 0x0E, 0x3F, 0x38, 0xFF, 0xFE, 0x3F, 0x78, 0xFF, 0xFE, 0x3E,
    0x30, 0xE0, 0x0E, 0x00, 0x00, 0xC0, 0x06, 0x00, 0x00, 0x00, 0x00, 0x07, 0x00, 0x00, 0x00, 0x07,
    0x07, 0xFF, 0xFC, 0x07, 0x07, 0xFF, 0xFC, 0x07, 0x00, 0x00, 0x1C, 0x07, 0x00, 0x00, 0x1C, 0x07,
    0x03, 0xFF, 0xFC, 0x7F, 0xF3, 0xFF, 0xFC, 0x7F, 0xF0, 0x00, 0x1C, 0x7F, 0xF0, 0x00, 0x1C, 0x07,
    0x07, 0xFF, 0xFC, 0x07, 0x07, 0xFF, 0xFC, 0x07, 0x00, 0x00, 0x00, 0x07, 0x00, 0x00, 0x00, 0x07,
    0x1F, 0xFF, 0xFF, 0x07, 0x7F, 0xFF, 0xFF, 0x07, 0xFC, 0x0E, 0x07, 0x1F, 0xFC, 0x0E, 0x07, 0x7F,
    0xDC, 0x0E, 0x07, 0x7F, 0x1C, 0x0E, 0x07, 0x7F, 0x1F, 0xFF, 0xFC, 0x47, 0x07, 0xFF, 0xFC, 0x07,
    0x07, 0x0E, 0x1C, 0x07, 0x07, 0x0E, 0x1C, 0x07, 0x07, 0x0E, 0x1C, 0x07, 0x07, 0x0E, 0x1C, 0x07,
    0x07, 0x0E, 0x1C, 0x07, 0x07, 0x0E, 0x1C, 0x07, 0x07, 0x0E, 0xFC, 0x3F, 0x03, 0x0E, 0xF8, 0x3F,
    0x00, 0x0E, 0x00, 0x3E, 0x00, 0x0E, 0x00, 0x00, 0x00, 0x00, 0x00, 0x07, 0x00, 0x1C, 0x00, 0x03,
    0x80, 0x0E, 0x00, 0x01, 0xC0, 0x07, 0x80, 0x00, 0xE0, 0xFF, 0xFF, 0xC0, 0x70, 0xFF, 0xFF, 0xE0,
    0x38, 0x7F, 0xFF, 0xF1, 0xFF, 0x87, 0x01, 0xC0, 0xFF, 0xC3, 0x80, 0xE0, 0x7F, 0xE0, 0xE0, 0xE0,
    0x03, 0x80, 0x78, 0xF0, 0x01, 0xC0, 0x18, 0x70, 0x00, 0xE3, 0xFF, 0xFF, 0xE0, 0x71, 0xFF, 0xFF,
    0xF0, 0x38, 0x7F, 0xFF, 0xF0, 0x1C, 0x80, 0xF0, 0x00, 0x0F, 0xC0, 0x70, 0x00, 0x1F, 0xE0, 0x78,
    0x00, 0x3F, 0xEF, 0xFF, 0xFF, 0x9F, 0xC7, 0xFF, 0xFF, 0xCE, 0xE3, 0xFF, 0xFF, 0xE0, 0x70, 0x1C,
    0x07, 0x00, 0x38, 0x1E, 0x07, 0x80, 0x1C, 0x0F, 0x03, 0x80, 0x0E, 0x0F, 0xE3, 0xC0, 0x07, 0x01,
    0xFF, 0xC0, 0x03, 0x80, 0x3F, 0xC0, 0x01, 0xC0, 0x07, 0xF8, 0x00, 0xE0, 0x1F, 0xFF, 0x03, 0xF1,
    0xFF, 0xCF, 0xE1, 0xF8, 0xFF, 0x01, 0xF0, 0xF8, 0x7C, 0x00, 0x38, 0x00, 0x00, 0x00, 0x00, 0x04,
    0x00, 0x00, 0x00, 0x0E, 0x00, 0x3C, 0x00, 0x0E, 0x00, 0x1C, 0x00, 0x0E, 0x00, 0x1E, 0x00, 0x0E,
    0x00, 0x1E, 0x00, 0x0E, 0x1F, 0xFF, 0xFE, 0x0E, 0x1F, 0xFF, 0xFE, 0xFF, 0xDF, 0xFF, 0xFE, 0xFF,
    0xFC, 0x00, 0x0E, 0xFF, 0xFC, 0x61, 0x8E, 0x0E, 0x1C, 0xF3, 0xCE, 0x0E, 0x01, 0xE1, 0xE0, 0x0E,
    0x03, 0xC0, 0xF0, 0x0E, 0x07, 0xC0, 0x78, 0x0E, 0x0F, 0x80, 0x3C, 0x0E, 0x1F, 0x00, 0x1C, 0x0E,
    0xCC, 0x00, 0x08, 0x0F, 0xE0, 0x00, 0x00, 0x3F, 0xEF, 0xFF, 0xF8, 0xFF, 0x0F, 0xFF, 0xF8, 0xFE,
    0x07, 0xFF, 0xF8, 0xEE, 0x00, 0x1C, 0x00, 0x0E, 0x00, 0x1C, 0x00, 0x0E, 0x00, 0x1C, 0x00, 0x0E,
    0x00, 0x1C, 0x00, 0x0E, 0x00, 0x1C, 0x00, 0x0E, 0x00, 0x1C, 0x00, 0x0E, 0x00, 0x1C, 0x00, 0x0E,
    0x3F, 0xFF, 0xFE, 0x7E, 0x3F, 0xFF, 0xFE, 0x7E, 0x3F, 0xFF, 0xFE, 0x7C, 0x00, 0x00, 0x00, 0x00,
    0x00, 0x00, 0x00, 0x00, 0x00, 0x00, 0x00, 0x1C, 0x03, 0x8C, 0x00, 0x38, 0x07, 0x3C, 0x00, 0x70,
    0x1E, 0x38, 0x00, 0xE0, 0x38, 0x78, 0x01, 0xC0, 0x70, 0x70, 0x03, 0x81, 0xE0, 0xE0, 0x7F, 0xF3,
    0xFF, 0xFE, 0xFF, 0xEF, 0xFF, 0xFD, 0xFF, 0xDF, 0xFF, 0xF8, 0x38, 0x7C, 0x1C, 0x00, 0x71, 0xF8,
    0x38, 0x00, 0xE3, 0xF0, 0x70, 0x01, 0xCF, 0xFF, 0xFF, 0x83, 0x9D, 0xFF, 0xFF, 0x07, 0x13, 0xFF,
    0xFE, 0x0F, 0xE7, 0x07, 0x00, 0x1F, 0xCE, 0x0E, 0x01, 0xFF, 0x9C, 0x1C, 0x07, 0xF8, 0x38, 0x38,
    0x0F, 0xE0, 0x7F, 0xFF, 0xD9, 0xC0, 0xFF, 0xFF, 0x83, 0x81, 0xFF, 0xFF, 0x07, 0x03, 0x83, 0x80,
    0x0E, 0x07, 0x07, 0x00, 0x1C, 0x0E, 0x0E, 0x00, 0x38, 0x1C, 0x1C, 0x00, 0x70, 0x3F, 0xFF, 0xF0,
    0xE0, 0x7F, 0xFF, 0xEF, 0xC0, 0xFF, 0xFF, 0xDF, 0x81, 0xC0, 0x00, 0x3E, 0x03, 0x80, 0x00, 0x00,
    0x07, 0x00, 0x00, 0x00, 0x00, 0x60, 0x60, 0x07, 0x00, 0xE0, 0x70, 0x07, 0x00, 0xE0, 0x70, 0x07,
    0x00, 0xE0, 0x70, 0x07, 0x00, 0xE0, 0x70, 0x07, 0x0F, 0xFF, 0xFF, 0x07, 0x0F, 0xFF, 0xFF, 0x7F,
    0xFF, 0xFF, 0xFF, 0x7F, 0xF0, 0xE0, 0x70, 0x7F, 0xF0, 0xE0, 0x70, 0x07, 0x00, 0xE0, 0x70, 0x07,
    0x00, 0xE0, 0x70, 0x07, 0x00, 0xE0, 0x70, 0x07, 0x00, 0x00, 0x00, 0x07, 0x07, 0xFF, 0xFE, 0x07,
    0x07, 0xFF, 0xFE, 0x07, 0xF7, 0xFF, 0xFE, 0x0F, 0xF7, 0x0E, 0x0E, 0x7F, 0xE7, 0x0E, 0x0E, 0x7F,
    0x87, 0x0E, 0x0E, 0x7F, 0x07, 0x0E, 0x0E, 0x47, 0x07, 0xFF, 0xFE, 0x07, 0x07, 0xFF, 0xFE, 0x07,
    0x07, 0xFF, 0xFE, 0x07, 0x07, 0x0E, 0x0E, 0x07, 0x07, 0x0E, 0x0E, 0x07, 0x07, 0x0E, 0x0E, 0x07,
    0x07, 0x0E, 0x0E, 0x07, 0x07, 0xFF, 0xFE, 0x3F, 0x07, 0xFF, 0xFE, 0x3F, 0x07, 0xFF, 0xFE, 0x3E,
    0x07, 0x00, 0x0E, 0x00, 0x00, 0x00, 0x00, 0x00, 0x00, 0x00, 0x00, 0x03, 0x80, 0x00, 0x00, 0x01,
    0xC1, 0xFF, 0xFF, 0x00, 0xE0, 0xFF, 0xFF, 0x80, 0x70, 0x70, 0x01, 0xC0, 0x38, 0x38, 0x00, 0xE0,
    0x1C, 0x1C, 0x00, 0x70, 0xFF, 0xEF, 0xFF, 0xF8, 0x7F, 0xF7, 0xFF, 0xFC, 0x3F, 0xFB, 0x80, 0x0E,
    0x01, 0xC1, 0xC0, 0x07, 0x00, 0xE0, 0xFF, 0xFF, 0x80, 0x70, 0x7F, 0xFF, 0xC0, 0x38, 0x00, 0x00,
    0x00, 0x1C, 0x00, 0x00, 0x00, 0x0E, 0x00, 0x00, 0x00, 0x07, 0x7F, 0xFF, 0xFF, 0x03, 0xFF, 0xFF,
    0xFF, 0x8F, 0xFC, 0x03, 0x80, 0x0F, 0xF0, 0x61, 0xC0, 0x07, 0xF0, 0x38, 0xE0, 0x03, 0x38, 0x1C,
    0x70, 0x00, 0x1C, 0x1C, 0x3F, 0xF0, 0x0E, 0x0E, 0x1F, 0xF8, 0x07, 0x07, 0x8E, 0x00, 0x03, 0x87,
    0xC7, 0x00, 0x01, 0xC3, 0xF3, 0x80, 0x00, 0xE3, 0xDF, 0xC0, 0x00, 0x71, 0xC7, 0xE0, 0x01, 0xF9,
    0xE1, 0xFF, 0xFC, 0xFD, 0xE0, 0x7F, 0xFC, 0x7C, 0x60, 0x01, 0xFE, 0x00, 0x00, 0x00, 0x00, 0x00,
    0x07, 0x00, 0x70, 0x00, 0x03, 0x80, 0x38, 0x00, 0x01, 0xC0, 0x3C, 0x00, 0x00, 0xE0, 0x1F, 0xF8,
    0x00, 0x70, 0x1F, 0xFC, 0x00, 0x38, 0x1E, 0x1E, 0x01, 0xFF, 0x8E, 0x0E, 0x00, 0xFF, 0xCF, 0x0E,
    0x00, 0x7F, 0xEF, 0xFF, 0xFC, 0x03, 0x8F, 0xFF, 0xFE, 0x01, 0xC3, 0xC0, 0x07, 0x00, 0xE0, 0xE3,
    0x23, 0x80, 0x70, 0x73, 0xB9, 0xC0, 0x38, 0x39, 0xCE, 0xE0, 0x1C, 0x1C, 0xC7, 0x70, 0x0F, 0xCE,
    0xE1, 0xF8, 0x0F, 0xE7, 0xE0, 0xFC, 0x3F, 0xE3, 0xF7, 0x3E, 0x1F, 0xC1, 0xD3, 0x87, 0x0F, 0xE0,
    0xE1, 0xC3, 0x84, 0x70, 0x70, 0xE1, 0xC0, 0x39, 0xFF, 0xFF, 0xF8, 0x1C, 0xFF, 0xFF, 0xFC, 0x0E,
    0x00, 0x3E, 0x00, 0x07, 0x00, 0x3F, 0x80, 0x03, 0x80, 0x3D, 0xC0, 0x01, 0xC0, 0x3C, 0x78, 0x00,
    0xE0, 0x3E, 0x1F, 0x03, 0xF0, 0xFC, 0x07, 0xF1, 0xF1, 0xFC, 0x01, 0xF8, 0xF8, 0xF8, 0x00, 0x3C,
    0x00, 0x00, 0x00, 0x00, 0x00, 0x00, 0x00, 0x00, 0x0E, 0x00, 0x1C, 0x00, 0x0E, 0x00, 0xDC, 0x00,
    0x0E, 0x03, 0xFC, 0x00, 0x0E, 0x0F, 0xFD, 0xFC, 0x0E, 0x0F, 0x9D, 0xFC, 0x0E, 0x0E, 0x1C, 0x1C,
    0xFF, 0xCE, 0x1C, 0x1C, 0xFF, 0xEE, 0x1C, 0x1C, 0xFF, 0xEF, 0xDD, 0xFC, 0x0E, 0x0F, 0xDD, 0xFC,
    0x0E, 0x0E, 0x1C, 0x1C, 0x0E, 0x0E, 0x1C, 0x1C, 0x0E, 0x0E, 0x1C, 0x1C, 0x0E, 0x0F, 0xFF, 0xFC,
    0x0E, 0xEF, 0xFF, 0xFC, 0x0F, 0xE0, 0x1C, 0x00, 0x1F, 0xE0, 0x1C, 0x00, 0x7F, 0x80, 0x1C, 0x00,
    0xFE, 0x00, 0x1C, 0x10, 0xFE, 0x1F, 0xFF, 0xFC, 0x4E, 0x1F, 0xFF, 0xF8, 0x0E, 0x07, 0x00, 0x78,
    0x0E, 0x03, 0x80, 0xF0, 0x0E, 0x03, 0xC1, 0xE0, 0x0E, 0x01, 0xF3, 0xC0, 0x0E, 0x00, 0xFF, 0x80,
    0x0E, 0x00, 0x3F, 0x00, 0x0E, 0x01, 0xFF, 0xC0, 0x7E, 0x1F, 0xFF, 0xFC, 0x7E, 0x7F, 0xC1, 0xFE,
    0x7C, 0x7E, 0x00, 0x3C, 0x00, 0x20, 0x00, 0x00, 0x00, 0x00, 0x00, 0x00, 0x1C, 0x00, 0x00, 0x00,
    0x38, 0x7F, 0xFF, 0xF0, 0x70, 0xFF, 0xFF, 0xE0, 0xE1, 0xC6, 0x39, 0xC1, 0xC3, 0x8C, 0x73, 0x83,
    0x87, 0x18, 0xE7, 0x7F, 0xEF, 0xFF, 0xFE, 0xFF, 0xFF, 0xFF, 0xFD, 0xFF, 0xC0, 0x38, 0x00, 0x38,
    0x00, 0x70, 0x00, 0x70, 0x7F, 0xFF, 0xE0, 0xE0, 0xFF, 0xFF, 0xC1, 0xC0, 0x03, 0x80, 0x03, 0x80,
    0x07, 0x00, 0x07, 0x20, 0x0E, 0x00, 0x0F, 0xFF, 0xFF, 0xFE, 0x3F, 0xFF, 0xFF, 0xFF, 0xFF, 0x06,
    0x03, 0x87, 0xF0, 0x0E, 0x0F, 0x0E, 0xE0, 0x1C, 0x1C, 0x01, 0xC3, 0xFF, 0xFF, 0x83, 0x87, 0xFF,
    0xFF, 0x07, 0x00, 0x0E, 0x00, 0x0E, 0x00, 0x1C, 0x00, 0x1C, 0x7F, 0xFF, 0xFC, 0x38, 0xFF, 0xFF,
    0xF8, 0x70, 0x00, 0xE0, 0x00, 0xE0, 0x01, 0xC0, 0x0F, 0xC0, 0x03, 0x80, 0x1F, 0x80, 0x07, 0x00,
    0x3E, 0x00, 0x0E, 0x00, 0x00, 0x80, 0x00, 0x00, 0x01, 0xC0, 0x00, 0x00, 0x7F, 0xFF, 0x3F, 0xE0,
    0x7F, 0xFF, 0x3F, 0xE0, 0x01, 0xC0, 0x70, 0xE0, 0x3F, 0xFE, 0x70, 0xE0, 0x3F, 0xFF, 0xF0, 0xFE,
    0x31, 0xCF, 0xE0, 0xFE, 0x3F, 0xFF, 0xC0, 0x00, 0x31, 0xCE, 0x7F, 0xF8, 0x3F, 0xFE, 0x7F, 0xF0,
    0x3F, 0xFC, 0x78, 0x70, 0xFF, 0xFF, 0x3D, 0xE0, 0xFF, 0xFF, 0x1F, 0xC0, 0x31, 0xCE, 0x0F, 0xC0,
    0x31, 0xCF, 0xFF, 0xFC, 0x3F, 0xFF, 0xF8, 0xFE, 0x3F, 0xFF, 0xC0, 0xFE, 0x3F, 0xFF, 0xFF, 0xF0,
    0x3F, 0xFF, 0xFF, 0xC0, 0x1F, 0xC3, 0x80, 0x00, 0x00, 0x03, 0x80, 0x00, 0x1F, 0xFF, 0xFF, 0xF0,
    0x1F, 0xFF, 0xFF, 0xF0, 0x00, 0x03, 0x80, 0x00, 0xFF, 0xFF, 0xFF, 0xFE, 0xFF, 0xFF, 0xFF, 0xFE,
    0x00, 0x03, 0x80, 0x00, 0x00, 0x03, 0x80, 0x00, 0x00, 0x03, 0x80, 0x00, 0x00, 0x7F, 0x80, 0x00,
    0x00, 0x7F, 0x00, 0x00, 0x00, 0x00, 0x00, 0x00, 0x04, 0x00, 0x00, 0x00, 0x0E, 0x00, 0x00, 0x00,
    0x0E, 0x03, 0xFF, 0xE0, 0x0E, 0x03, 0xFF, 0xE0, 0x0E, 0x03, 0x80, 0xE0, 0x0E, 0x03, 0x80, 0xE0,
    0x0E, 0x03, 0x80, 0xE0, 0xFF, 0xC3, 0x80, 0xE0, 0xFF, 0xC3, 0xFF, 0xE0, 0xFF, 0xC3, 0xFF, 0xE0,
    0x0E, 0x00, 0x00, 0x00, 0x0E, 0x1F, 0xF7, 0xFC, 0x0E, 0x1F, 0xF7, 0xFC, 0x0E, 0x18, 0x77, 0x1C,
    0x0E, 0x18, 0x77, 0x1C, 0x0E, 0x58, 0x77, 0x1C, 0x0F, 0xD8, 0x77, 0x1C, 0x1F, 0xDF, 0xF7, 0xFC,
    0xFF, 0x9F, 0xF7, 0xFC, 0xFE, 0x00, 0x1C, 0x00, 0xFE, 0x00, 0x1C, 0x00, 0xCE, 0x00, 0x1C, 0x00,
    0x0E, 0x3F, 0xFF, 0xFE, 0x0E, 0x3F, 0xFF, 0xFE, 0x0E, 0x00, 0x7F, 0x00, 0x0E, 0x01, 0xFF, 0x80,
    0x0E, 0x03, 0xDF, 0xE0, 0x0E, 0x0F, 0x9D, 0xF0, 0x0E, 0x3F, 0x1C, 0x7C, 0x3E, 0xFE, 0x1C, 0x3E,
    0x7E, 0x78, 0x1C, 0x0E, 0x3C, 0x60, 0x1C, 0x00, 0x00, 0x00, 0x1C, 0x00, 0x00, 0x00, 0x00, 0x00,
    0x0E, 0x00, 0x38, 0x00, 0x0E, 0x00, 0x38, 0x00, 0x0E, 0x00, 0x3F, 0xF8, 0x0E, 0x00, 0x3F, 0xF8,
    0x0E, 0x00, 0x38, 0x00, 0x0E, 0x00, 0x38, 0x00, 0xFF, 0x9F, 0xFF, 0xFE, 0xFF, 0x9F, 0xFF, 0xFC,
    0xFF, 0x9C, 0x38, 0x1C, 0x0E, 0x1C, 0x3F, 0xDC, 0x0E, 0x1F, 0xFF, 0xD8, 0x0E, 0x1F, 0xFF, 0x18,
    0x0E, 0x1E, 0x38, 0x1C, 0x0E, 0x1C, 0x3F, 0xFC, 0x0E, 0x9C, 0x1F, 0xF8, 0x0F, 0xDC, 0x00, 0x00,
    0x0F, 0xDF, 0xFF, 0xFC, 0x7F, 0x9F, 0xFF, 0xFC, 0xFE, 0x18, 0x3C, 0x00, 0xFE, 0x38, 0xFC, 0x1C,
    0xCE, 0x3B, 0xEE, 0x7C, 0x0E, 0x3B, 0x9F, 0xF0, 0x0E, 0x38, 0x7F, 0xE0, 0x0E, 0x39, 0xF7, 0xF0,
    0x0E, 0x3F, 0xCF, 0xB0, 0x0E, 0x77, 0x3F, 0xB8, 0x0E, 0x70, 0xFB, 0x9C, 0x0E, 0x73, 0xE3, 0x9E,
    0x7E, 0xEF, 0x83, 0x8E, 0x7D, 0xE7, 0x3F, 0x06, 0x7C, 0xC0, 0x1E, 0x00, 0x00, 0x00, 0x00, 0x00,
    0x00, 0x00, 0x0C, 0x00, 0x03, 0x80, 0x0F, 0x00, 0x01, 0xC0, 0x03, 0xC0, 0x00, 0xE0, 0x00, 0xE0,
    0x00, 0x70, 0xFF, 0xFF, 0xF0, 0x38, 0x7F, 0xFF, 0xF8, 0x1C, 0x38, 0xE1, 0x80, 0xFF, 0xDC, 0x70,
    0xC0, 0x7F, 0xEE, 0x38, 0x60, 0x3F, 0xF7, 0xFF, 0xFF, 0x01, 0xC3, 0xFF, 0xFF, 0x80, 0xE1, 0xC7,
    0x0C, 0x00, 0x70, 0xE3, 0x86, 0x00, 0x38, 0x7F, 0xFF, 0xF8, 0x1C, 0x3F, 0xFF, 0xFC, 0x0E, 0x1C,
    0x0E, 0x00, 0x07, 0xEE, 0x07, 0x00, 0x03, 0xF7, 0xFF, 0xFF, 0x1F, 0xFB, 0x7F, 0xFF, 0x8F, 0xE3,
    0xB8, 0xE1, 0xC7, 0xF1, 0xDC, 0x70, 0xE0, 0x38, 0xEF, 0xFF, 0xF0, 0x1C, 0x77, 0xFF, 0xF8, 0x0E,
    0x3B, 0x8E, 0x1C, 0x07, 0x1D, 0xC7, 0x0E, 0x03, 0x9C, 0xFF, 0xFF, 0x01, 0xCE, 0x7F, 0xFF, 0x80,
    0xE7, 0x07, 0x1E, 0x00, 0x77, 0x0F, 0x8F, 0x81, 0xFB, 0x9F, 0x81, 0xF0, 0xFF, 0x9F, 0x00, 0x7C,
    0x7C, 0xCE, 0x00, 0x0E, 0x00, 0x00, 0x00, 0x00, 0x00, 0x00, 0x01, 0x80, 0x00, 0x00, 0x03, 0x80,
    0x00, 0x00, 0x03, 0x80, 0x00, 0x00, 0x03, 0x80, 0x00, 0x00, 0x03, 0x80, 0x00, 0x00, 0x03, 0x80,
    0x00, 0x7F, 0xFF, 0xFF, 0xFC, 0x7F, 0xFF, 0xFF, 0xFC, 0x7F, 0xFF, 0xFF, 0xFC, 0x00, 0x03, 0x80,
    0x00, 0x00, 0x03, 0x80, 0x00, 0x00, 0x03, 0x80, 0x00, 0x00, 0x03, 0x80, 0x00, 0x00, 0x03, 0x80,
    0x00, 0x1F, 0xFF, 0xFF, 0xE0, 0x1F, 0xFF, 0xFF, 0xE0, 0x1F, 0xFF, 0xFF, 0xE0, 0x03, 0xC0, 0x03,
    0xC0, 0x01, 0xC0, 0x03, 0xC0, 0x01, 0xE0, 0x07, 0x80, 0x00, 0xF0, 0x0F, 0x00, 0x00, 0x78, 0x1E,
    0x00, 0x00, 0x7C, 0x3C, 0x00, 0x00, 0x1E, 0xF8, 0x00, 0x00, 0x0F, 0xF0, 0x00, 0x00, 0x07, 0xE0,
    0x00, 0x00, 0x3F, 0xF8, 0x00, 0x00, 0xFF, 0xFE, 0x00, 0x0F, 0xFC, 0x7F, 0xE0, 0xFF, 0xF0, 0x1F,
    0xFE, 0xFF, 0x80, 0x03, 0xFE, 0x7C, 0x00, 0x00, 0x7C, 0x00, 0x00, 0x00, 0x00, 0x00, 0x00, 0x00,
    0x00, 0x00, 0xE0, 0xE0, 0x00, 0x03, 0xC1, 0xC0, 0x00, 0x07, 0x87, 0x80, 0x07, 0x0F, 0x0E, 0x00,
    0x0E, 0x1E, 0x1C, 0x00, 0x1C, 0x3C, 0x38, 0x00, 0x38, 0x78, 0xFF, 0xFE, 0x70, 0xF1, 0xFF, 0xFC,
    0xE1, 0xE3, 0xFF, 0xF9, 0xC3, 0xCF, 0x03, 0xC3, 0x87, 0x9E, 0x07, 0x07, 0x0F, 0x7C, 0x0E, 0x0E,
    0x1E, 0xFC, 0x1C, 0x1C, 0x3F, 0xF8, 0x78, 0x38, 0x7F, 0x70, 0xE0, 0x70, 0xFE, 0x71, 0xC0, 0xE1,
    0xE8, 0xE7, 0x81, 0xC3, 0xC1, 0xEF, 0x03, 0x87, 0x81, 0xDC, 0x07, 0x1F, 0x03, 0xF8, 0x0F, 0xFE,
    0x03, 0xE0, 0x1F, 0xFC, 0x07, 0xC0, 0x7F, 0xF8, 0x0F, 0x00, 0xF8, 0xF0, 0x1F, 0x01, 0xC1, 0xE0,
    0x7F, 0x00, 0x03, 0xC1, 0xEF, 0x00, 0x07, 0x87, 0x8F, 0x00, 0x0F, 0x3E, 0x0F, 0x00, 0x1E, 0xF8,
    0x1F, 0x80, 0x3F, 0xE0, 0x0F, 0x00, 0x7B, 0x00, 0x0C, 0x00, 0x60, 0x00, 0x00, 0x00, 0x00, 0x00,
    0x00, 0x00, 0x00, 0x3C, 0x00, 0x00, 0x00, 0x38, 0x00, 0x7F, 0xFC, 0x38, 0x00, 0x7F, 0xFC, 0x38,
    0x00, 0x7F, 0xFC, 0x78, 0x00, 0x00, 0x1C, 0x70, 0x00, 0x00, 0x1C, 0x7F, 0xFE, 0x00, 0x1C, 0xFF,
    0xFE, 0x00, 0x1C, 0xFF, 0xFE, 0x00, 0x1C, 0xE0, 0x78, 0x00, 0x1D, 0xF0, 0x70, 0x00, 0x1D, 0xF0,
    0x70, 0x3F, 0xFF, 0xF0, 0x70, 0x3F, 0xFF, 0xF0, 0xF0, 0x3F, 0xFF, 0xB8, 0xF0, 0x38, 0x03, 0x38,
    0xE0, 0x38, 0x00, 0x3C, 0xE0, 0x38, 0x00, 0x1D, 0xE0, 0x38, 0x00, 0x1D, 0xC0, 0x38, 0x00, 0x1F,
    0xC0, 0x38, 0x00, 0x0F, 0x80, 0x38, 0x00, 0x0F, 0x80, 0x38, 0x1C, 0x0F, 0x80, 0x38, 0xFC, 0x0F,
    0x80, 0x3B, 0xFC, 0x1F, 0xC0, 0x7F, 0xF0, 0x3D, 0xE0, 0x7F, 0x80, 0xF8, 0xF0, 0x7E, 0x01, 0xF0,
    0x7C, 0x78, 0x07, 0xE0, 0x7E, 0x20, 0x07, 0xC0, 0x1E, 0x00, 0x03, 0x00, 0x0C, 0x00, 0x00, 0x00,
    0x00, 0x00, 0x00, 0x00, 0x00, 0x00, 0xE0, 0x07, 0x00, 0x00, 0x70, 0x03, 0x80, 0x00, 0x3C, 0x03,
    0xC0, 0x00, 0x0E, 0x01, 0xE0, 0x00, 0x07, 0x00, 0xE0, 0x01, 0xFF, 0xFC, 0x70, 0x00, 0xFF, 0xFF,
    0x7F, 0xFE, 0x7F, 0xFF, 0xBF, 0xFF, 0x03, 0x80, 0x1F, 0xFF, 0x81, 0xC0, 0x1E, 0x0F, 0x00, 0xE0,
    0x0F, 0x87, 0x80, 0x70, 0x0F, 0xC3, 0x80, 0x3F, 0xF7, 0xE1, 0xC0, 0x1F, 0xFF, 0xF0, 0xE0, 0x0F,
    0xFF, 0xB8, 0xF0, 0x07, 0x0F, 0xCE, 0x70, 0x03, 0x87, 0x47, 0x38, 0x01, 0xC3, 0x83, 0xFC, 0x00,
    0xE1, 0xC0, 0xFC, 0x00, 0x70, 0xE0, 0x7E, 0x00, 0x38, 0x70, 0x3F, 0x00, 0x3C, 0x38, 0x0F, 0x00,
    0x1C, 0x1C, 0x07, 0x80, 0x0E, 0x0E, 0x07, 0xE0, 0x0F, 0x07, 0x07, 0xF0, 0x07, 0x83, 0x87, 0xBC,
    0x03, 0x83, 0xC7, 0xCF, 0x03, 0xC1, 0xE7, 0xC7, 0xC3, 0xCF, 0xEF, 0xC1, 0xF9, 0xE7, 0xFF, 0xC0,
    0x7C, 0xE3, 0xF3, 0x80, 0x0E, 0x00, 0x00, 0x00, 0x00, 0x00, 0x00, 0x00, 0x00, 0x00, 0x03, 0x80,
    0x38, 0x00, 0x03, 0x80, 0x38, 0x00, 0x03, 0x80, 0x38, 0x00, 0x03, 0x80, 0x38, 0x00, 0x03, 0x80,
    0x78, 0x00, 0x03, 0x80, 0x70, 0x00, 0xFF, 0xFE, 0x7F, 0xFE, 0xFF, 0xFE, 0xFF, 0xFE, 0xFF, 0xFE,
    0xFF, 0xFE, 0x03, 0x81, 0xE0, 0x78, 0x03, 0x81, 0xF0, 0x70, 0x03, 0x81, 0xF0, 0x70, 0x03, 0x83,
    0xF0, 0x70, 0x03, 0x87, 0xF0, 0x70, 0x03, 0x87, 0xB8, 0xF0, 0x7F, 0xFF, 0x38, 0xE0, 0x7F, 0xFC,
    0x38, 0xE0, 0x7F, 0xFC, 0x3D, 0xE0, 0x78, 0x1C, 0x1D, 0xC0, 0x78, 0x1C, 0x1F, 0xC0, 0x78, 0x1C,
    0x0F, 0x80, 0x78, 0x1C, 0x0F, 0x80, 0x78, 0x1C, 0x0F, 0x00, 0x78, 0x1C, 0x0F, 0x80, 0x78, 0x1C,
    0x1F, 0xC0, 0x7F, 0xFC, 0x7D, 0xE0, 0x7F, 0xFC, 0xF9, 0xF0, 0x7F, 0xFF, 0xF0, 0xF8, 0x78, 0x0F,
    0xE0, 0x7E, 0x30, 0x0F, 0x80, 0x3E, 0x00, 0x07, 0x00, 0x0C, 0x00, 0x00, 0x00, 0x00, 0x00, 0x00,
    0x00, 0x00, 0x03, 0x80, 0x0E, 0x00, 0x03, 0x80, 0x0E, 0x00, 0x01, 0xC0, 0x0E, 0x00, 0x01, 0xE0,
    0x1C, 0x00, 0x7F, 0xFF, 0x1C, 0x00, 0x7F, 0xFF, 0x1C, 0x00, 0x7F, 0xFF, 0x1F, 0xFE, 0x00, 0x00,
    0x3F, 0xFE, 0x0E, 0x38, 0x3F, 0xFE, 0x1E, 0x3C, 0x38, 0x38, 0x1C, 0x1C, 0x78, 0x38, 0x3C, 0x0E,
    0x78, 0x38, 0x38, 0x0F, 0xF8, 0x70, 0x78, 0x3F, 0xF8, 0x70, 0xF0, 0x3F, 0xF8, 0x70, 0xEE, 0x79,
    0xDC, 0x70, 0x6F, 0x70, 0xDC, 0xE0, 0x0F, 0xF0, 0x1E, 0xE0, 0x07, 0xF0, 0x0F, 0xE0, 0x03, 0xE0,
    0x0F, 0xC0, 0x01, 0xE0, 0x07, 0xC0, 0x01, 0xF0, 0x07, 0x80, 0x03, 0xF8, 0x07, 0x80, 0x07, 0xF8,
    0x07, 0xC0, 0x0F, 0x3C, 0x0F, 0xC0, 0x1E, 0x1E, 0x1F, 0xE0, 0x3E, 0x0E, 0x3C, 0xF0, 0x7C, 0x08,
    0xF8, 0x78, 0xF8, 0x03, 0xF0, 0x3E, 0x60, 0x03, 0xE0, 0x1E, 0x00, 0x03, 0x80, 0x0C, 0x00, 0x00,
    0x00, 0x00, 0x00, 0x00, 0x00, 0x00, 0x03, 0x80, 0x03, 0x80, 0x01, 0xC0, 0x01, 0xC0, 0x01, 0xE0,
    0x01, 0xC0, 0x00, 0xFF, 0xFC, 0xE0, 0x00, 0x7F, 0xFE, 0x70, 0x00, 0x7F, 0xFF, 0x38, 0x00, 0x38,
    0x00, 0x3F, 0xFE, 0x3C, 0x00, 0x1F, 0xFF, 0x1C, 0x00, 0x0F, 0xFF, 0x9F, 0xFF, 0xCF, 0x07, 0x0F,
    0xFF, 0xE7, 0x83, 0x82, 0xFF, 0xF3, 0xC1, 0xC0, 0x77, 0x3B, 0xF0, 0xE0, 0x3B, 0x9F, 0xF8, 0xE0,
    0x38, 0xEF, 0xDC, 0x70, 0x1C, 0x77, 0x6E, 0x38, 0x3F, 0xFF, 0xF3, 0x9C, 0x1F, 0xFF, 0xF9, 0xDC,
    0x03, 0x98, 0xE0, 0xEE, 0x01, 0xDC, 0x70, 0x3F, 0x00, 0xE7, 0x38, 0x1F, 0x00, 0x73, 0x9C, 0x0F,
    0x80, 0x38, 0xEE, 0x03, 0x80, 0x1C, 0x77, 0x03, 0xE0, 0x1F, 0xFF, 0xF3, 0xF8, 0x0F, 0xFF, 0xFB,
    0xFC, 0x00, 0x01, 0xE3, 0xEF, 0x00, 0x00, 0xE3, 0xE3, 0xC0, 0x00, 0x73, 0xE0, 0xF8, 0x03, 0xFB,
    0xE0, 0x3C, 0x01, 0xF8, 0xC0, 0x0C, 0x00, 0x00, 0x00, 0x00, 0x00, 0x00, 0x00, 0x10, 0x00, 0x00,
    0x00, 0x3C, 0x00, 0x3F, 0xFC, 0x38, 0x00, 0x3F, 0xFC, 0x38, 0x00, 0x38, 0x1C, 0x38, 0x00, 0x38,
    0x1C, 0x78, 0x00, 0x38, 0x1C, 0x70, 0x00, 0x38, 0x1C, 0x7F, 0xFE, 0x38, 0x1C, 0xFF, 0xFE, 0x3F,
    0xFC, 0xFF, 0xFE, 0x3F, 0xFD, 0xF0, 0x78, 0x38, 0x1D, 0xF0, 0x70, 0x38, 0x1F, 0xF0, 0x70, 0x38,
    0x1F, 0xF0, 0x70, 0x38, 0x1F, 0xF8, 0xF0, 0x3F, 0xFF, 0x38, 0xE0, 0x3F, 0xFF, 0x38, 0xE0, 0x38,
    0x1C, 0x3D, 0xE0, 0x38, 0x1C, 0x1D, 0xC0, 0x38, 0x1C, 0x1F, 0xC0, 0x38, 0x1C, 0x0F, 0xC0, 0x3F,
    0xFC, 0x0F, 0x80, 0x3F, 0xFC, 0x0F, 0x80, 0x08, 0x20, 0x0F, 0x80, 0x1E, 0x70, 0x1F, 0xC0, 0x1E,
    0x78, 0x1F, 0xC0, 0x1C, 0x38, 0x3D, 0xE0, 0x3C, 0x3C, 0xF8, 0xF0, 0x78, 0x1F, 0xF0, 0x7C, 0x78,
    0x1F, 0xE0, 0x7E, 0xF0, 0x07, 0xC0, 0x1E, 0x60, 0x03, 0x80, 0x0C, 0x00, 0x00, 0x00, 0x00, 0x00,
    0xC0, 0x00, 0x00, 0x11, 0xC6, 0x0C, 0x00, 0x39, 0xC7, 0x1C, 0x00, 0x39, 0xCF, 0x1C, 0x00, 0x1D,
    0xCE, 0x1C, 0x00, 0x1D, 0xDC, 0x1C, 0x00, 0x1D, 0xC8, 0x1C, 0x00, 0xFF, 0xFF, 0xBF, 0xFE, 0xFF,
    0xFF, 0xBF, 0xFE, 0x03, 0xF0, 0x3F, 0xFE, 0x07, 0xF8, 0x78, 0x78, 0x0F, 0xFE, 0x78, 0x70, 0x1F,
    0xDF, 0x78, 0x70, 0x3D, 0xCF, 0xFC, 0x70, 0xF9, 0xC2, 0xFC, 0x70, 0xF1, 0xC1, 0xFC, 0x70, 0x63,
    0x01, 0xCC, 0xE0, 0x03, 0x81, 0xCE, 0xE0, 0x03, 0x80, 0x0E, 0xE0, 0x7F, 0xFF, 0x0F, 0xE0, 0x7F,
    0xFE, 0x07, 0xC0, 0x0E, 0x0E, 0x07, 0xC0, 0x0E, 0x1E, 0x03, 0x80, 0x1C, 0x1C, 0x07, 0x80, 0x1F,
    0x38, 0x07, 0xC0, 0x0F, 0xF8, 0x0F, 0xE0, 0x03, 0xF0, 0x1E, 0xF0, 0x03, 0xFC, 0x3C, 0x78, 0x0F,
    0xFC, 0xF8, 0x7C, 0x7F, 0x09, 0xF0, 0x3E, 0xFC, 0x03, 0xE0, 0x1E, 0x70, 0x01, 0x80, 0x04, 0x00,
    0x00, 0x00, 0x00, 0x00, 0x00, 0x00, 0x00, 0x01, 0xC0, 0x07, 0x00, 0x01, 0xC0, 0x07, 0x00, 0x01,
    0xE0, 0x07, 0x00, 0x00, 0xE0, 0x07, 0x00, 0xFF, 0xFF, 0x87, 0xFE, 0xFF, 0xFF, 0x87, 0xFE, 0x00,
    0x00, 0x07, 0xFE, 0x1F, 0xFE, 0x07, 0x00, 0x1F, 0xFE, 0x07, 0x00, 0x1C, 0x0E, 0x07, 0x00, 0x1C,
    0x0E, 0x07, 0x00, 0x1C, 0x0E, 0xFF, 0xF8, 0x1F, 0xFE, 0xFF, 0xFC, 0x1F, 0xFE, 0xFF, 0xFC, 0x00,
    0x00, 0x38, 0x1C, 0x00, 0x00, 0x38, 0x3C, 0x7F, 0xFF, 0x18, 0x38, 0x7F, 0xFF, 0x1C, 0x38, 0x70,
    0x03, 0x1C, 0x78, 0x70, 0x03, 0x0E, 0x70, 0x77, 0xF3, 0x0E, 0xF0, 0x77, 0xF3, 0x07, 0xE0, 0x76,
    0x33, 0x07, 0xE0, 0x76, 0x33, 0x03, 0xC0, 0x76, 0x33, 0x07, 0xC0, 0x77, 0xF3, 0x0F, 0xE0, 0x77,
    0xF3, 0x1F, 0xF0, 0x76, 0x03, 0x3E, 0x78, 0x76, 0x03, 0xFC, 0x3E, 0x70, 0x3F, 0xF8, 0x1E, 0x70,
    0x3F, 0x60, 0x0E, 0x20, 0x00, 0x00, 0x00, 0x00, 0x80, 0x00, 0x00, 0x01, 0xC0, 0x0E, 0x00, 0x01,
    0xC0, 0x1E, 0x00, 0x7F, 0xFF, 0x1C, 0x00, 0x7F, 0xFF, 0x1C, 0x00, 0x01, 0xC0, 0x3F, 0xFE, 0x01,
    0xC0, 0x3F, 0xFE, 0x7F, 0xFF, 0x78, 0x38, 0x7F, 0xFF, 0xFC, 0x70, 0x71, 0xC7, 0xFC, 0x70, 0x71,
    0xC7, 0xCE, 0xF0, 0x7F, 0xFF, 0x4F, 0xE0, 0x3F, 0xFF, 0x07, 0xC0, 0x07, 0xF8, 0x07, 0xC0, 0x0F,
    0xFC, 0x0F, 0xE0, 0x1F, 0xDE, 0x3F, 0xF0, 0x7D, 0xC6, 0xFC, 0x7E, 0xF9, 0xC1, 0xF8, 0x3E, 0x61,
    0xC0, 0xE0, 0x0C, 0x00, 0x00, 0x00, 0x00, 0x3F, 0xFF, 0xFF, 0xF8, 0x3F, 0xFF, 0xFF, 0xF8, 0x00,
    0x03, 0x80, 0x00, 0x03, 0x83, 0x80, 0x00, 0x03, 0x83, 0xFF, 0xE0, 0x03, 0x83, 0xFF, 0xE0, 0x03,
    0x83, 0x80, 0x00, 0x03, 0x83, 0x80, 0x00, 0x03, 0x83, 0x80, 0x00, 0xFF, 0xFF, 0xFF, 0xFE, 0xFF,
    0xFF, 0xFF, 0xFE, 0x7F, 0xFF, 0xFF, 0xFC, 0x00, 0x00, 0x00, 0x00, 0x00, 0xE0, 0x07, 0x00, 0x00,
    0xE0, 0x07, 0x00, 0x1F, 0xFF, 0x07, 0x00, 0x3F, 0xFF, 0x07, 0x00, 0x38, 0xE7, 0x0E, 0x00, 0x38,
    0xE7, 0x0E, 0x00, 0xFF, 0xFF, 0xEF, 0xFE, 0xFF, 0xFF, 0xEF, 0xFE, 0x38, 0xE7, 0x0F, 0xFE, 0x38,
    0xE7, 0x1E, 0x38, 0x3F, 0xFF, 0x1E, 0x38, 0x1F, 0xFF, 0x1E, 0x38, 0x00, 0xE0, 0x3E, 0x70, 0x3F,
    0xFF, 0xBE, 0x70, 0x3F, 0xFF, 0xF6, 0x70, 0x30, 0xE3, 0xF7, 0x70, 0x30, 0xE3, 0xA7, 0x70, 0x3F,
    0xFF, 0x87, 0xE0, 0x3F, 0xFF, 0x83, 0xE0, 0x01, 0xC0, 0x03, 0xE0, 0x7F, 0xFF, 0x03, 0xC0, 0x7F,
    0xFF, 0x01, 0xC0, 0x0F, 0x0F, 0x03, 0xC0, 0x0E, 0x0E, 0x03, 0xE0, 0x1F, 0x1C, 0x07, 0xE0, 0x1F,
    0xF8, 0x07, 0x70, 0x03, 0xF8, 0x0E, 0x78, 0x03, 0xFE, 0x1E, 0x3C, 0x3F, 0xFF, 0x3C, 0x1E, 0xFF,
    0x0E, 0x78, 0x0E, 0x78, 0x00, 0x70, 0x04, 0x00, 0x00, 0x00, 0x00, 0x00, 0x01, 0x00, 0x00, 0x00,
    0x07, 0x80, 0x00, 0x00, 0x07, 0x80, 0x00, 0x00, 0x03, 0xC0, 0x00, 0x00, 0x03, 0xC0, 0x00, 0x00,
    0x01, 0xC0, 0x00, 0x00, 0x01, 0xC0, 0x00, 0xFF, 0xFF, 0xFF, 0xFE, 0xFF, 0xFF, 0xFF, 0xFE, 0xFF,
    0xFF, 0xFF, 0xFE, 0x03, 0x80, 0x03, 0x80, 0x03, 0xC0, 0x07, 0x80, 0x01, 0xC0, 0x07, 0x80, 0x01,
    0xE0, 0x07, 0x00, 0x00, 0xE0, 0x0F, 0x00, 0x00, 0xF0, 0x1E, 0x00, 0x00, 0x78, 0x1E, 0x00, 0x00,
    0x78, 0x3C, 0x00, 0x00, 0x3C, 0x78, 0x00, 0x00, 0x1E, 0x78, 0x00, 0x00, 0x0F, 0xF0, 0x00, 0x00,
    0x0F, 0xE0, 0x00, 0x00, 0x07, 0xC0, 0x00, 0x00, 0x0F, 0xE0, 0x00, 0x00, 0x1F, 0xF8, 0x00, 0x00,
    0x7E, 0xFC, 0x00, 0x01, 0xFC, 0x3F, 0x00, 0x07, 0xF0, 0x1F, 0xC0, 0x1F, 0xE0, 0x07, 0xF8, 0xFF,
    0x80, 0x03, 0xFE, 0xFE, 0x00, 0x00, 0x7E, 0x70, 0x00, 0x00, 0x1C, 0x00, 0x00, 0x00, 0x00, 0x00,
    0x00, 0x00, 0x00, 0x00, 0x38, 0x00, 0x1C, 0x00, 0x1C, 0x00, 0x0E, 0x00, 0x1F, 0x01, 0x07, 0x00,
    0x1F, 0xC1, 0xC3, 0x80, 0x1F, 0xF0, 0xF9, 0xC0, 0x1E, 0x3E, 0x3E, 0xE0, 0x1F, 0x0F, 0x8F, 0xF0,
    0x1F, 0x03, 0xC3, 0xF8, 0x3E, 0x00, 0xE0, 0xDC, 0x1F, 0xFF, 0xE0, 0x0E, 0x0F, 0xFF, 0xE0, 0x07,
    0x02, 0xFF, 0xE3, 0x83, 0x80, 0x07, 0x03, 0xE1, 0xC0, 0x03, 0x80, 0x78, 0xE0, 0x01, 0xC0, 0x1E,
    0x70, 0x7F, 0xFF, 0x87, 0xB8, 0x3F, 0xFF, 0xC1, 0x9C, 0x0F, 0xFF, 0xE0, 0x0E, 0x00, 0x1C, 0x00,
    0x07, 0xE0, 0xCE, 0x60, 0x0F, 0xF8, 0x77, 0x78, 0xFF, 0xFC, 0x7B, 0x9D, 0xFF, 0xF0, 0x39, 0xCF,
    0xFF, 0x70, 0x1C, 0xE3, 0xF0, 0x38, 0x1E, 0x71, 0xC0, 0x1C, 0x0E, 0x38, 0x70, 0x0E, 0x0F, 0x1C,
    0x38, 0x07, 0x07, 0x0E, 0x00, 0x03, 0x80, 0x3F, 0x00, 0x01, 0xC0, 0x1F, 0x80, 0x00, 0xE0, 0x0F,
    0x80, 0x00, 0x70, 0x00, 0x00, 0x00, 0x00, 0x00, 0x00, 0x00, 0x00, 0x00, 0x01, 0xC0, 0x00, 0xF3,
    0x83, 0x80, 0x0F, 0xF7, 0x67, 0x39, 0xFF, 0xCE, 0xEE, 0x77, 0xFC, 0x1D, 0xDD, 0xCF, 0x80, 0x39,
    0xBB, 0x9C, 0x00, 0x73, 0xF6, 0x38, 0x00, 0xE7, 0xFC, 0x70, 0x01, 0xCD, 0xF0, 0xE0, 0x03, 0x83,
    0x81, 0xC0, 0x07, 0xFF, 0xFB, 0x80, 0x0F, 0xFF, 0xF7, 0xFF, 0xDD, 0xFF, 0xCF, 0xFF, 0xB8, 0x7C,
    0x1F, 0xFF, 0x70, 0xFC, 0x38, 0x70, 0xE3, 0xFC, 0x70, 0xE1, 0xC7, 0xFC, 0xE1, 0xC3, 0x9F, 0xB9,
    0xC3, 0x87, 0x3F, 0x3F, 0x87, 0x0E, 0xEE, 0x6E, 0x0E, 0x1F, 0xDC, 0x1C, 0x1C, 0x3F, 0x38, 0x38,
    0x38, 0x74, 0x70, 0x70, 0x70, 0xE0, 0xE0, 0xE0, 0xE1, 0xC1, 0xC1, 0xC1, 0xC3, 0xFF, 0xFF, 0x83,
    0x87, 0xFF, 0xFE, 0x07, 0x0F, 0xFF, 0xFC, 0x0E, 0x00, 0x00, 0x78, 0x1C, 0x00, 0x00, 0xE0, 0x38,
    0x00, 0x01, 0xC0, 0x70, 0x00, 0x00, 0x00, 0xE0, 0x00, 0x00, 0x00, 0x00, 0x07, 0x00, 0x00, 0x20,
    0x0F, 0x00, 0x03, 0xE0, 0x0E, 0x00, 0x3F, 0xE0, 0x1E, 0x07, 0xFF, 0x0F, 0xFF, 0xEF, 0xE0, 0x1F,
    0xFF, 0xDC, 0x00, 0x0E, 0x0E, 0x38, 0x00, 0x1C, 0x1C, 0x70, 0x00, 0x38, 0x70, 0xE0, 0x00, 0x38,
    0xE1, 0xC0, 0x00, 0x71, 0xC3, 0x80, 0x0F, 0xFF, 0xFF, 0xFF, 0xFF, 0xFF, 0xFF, 0xFF, 0xDF, 0xFF,
    0xDF, 0xFF, 0x80, 0xE0, 0x38, 0x78, 0x01, 0xC0, 0x70, 0xF0, 0x03, 0x80, 0xE1, 0xE3, 0xFF, 0xFD,
    0xC3, 0xC7, 0xFF, 0xFB, 0x87, 0x87, 0xFF, 0xF7, 0x0F, 0x03, 0x39, 0x0E, 0x1E, 0x07, 0x77, 0x1C,
    0x3C, 0x1C, 0xEE, 0x78, 0x78, 0x39, 0xCE, 0xE0, 0xF0, 0xE3, 0x9D, 0xC1, 0xE3, 0xC7, 0x1F, 0x83,
    0xC3, 0x0E, 0x2F, 0x07, 0x80, 0x1C, 0x1C, 0x0F, 0x01, 0xF8, 0x78, 0x1E, 0x01, 0xE0, 0xE0, 0x3C,
    0x00, 0x00, 0x40, 0x78, 0x00, 0x00, 0x00, 0x00, 0x0C, 0x18, 0x01, 0xCE, 0x30, 0xE0, 0x1F, 0xB9,
    0xC3, 0x03, 0xFC, 0xE6, 0xDD, 0x9F, 0xC3, 0xBF, 0x7E, 0x78, 0x0F, 0xFB, 0xF1, 0x80, 0x3F, 0xEF,
    0xC6, 0x00, 0xE7, 0x8F, 0x98, 0x03, 0xBF, 0x76, 0x60, 0x0F, 0xFF, 0xF9, 0x80, 0x3F, 0xFF, 0xF7,
    0x00, 0xE0, 0xC0, 0x9F, 0xFF, 0xFF, 0xFF, 0x7F, 0xFF, 0xFF, 0xFD, 0x8E, 0x38, 0x00, 0x06, 0x38,
    0xE3, 0x0E, 0x18, 0xE3, 0x9C, 0x38, 0x63, 0x8E, 0x68, 0xD9, 0x8E, 0x3B, 0xB7, 0xEE, 0x38, 0xFF,
    0xFF, 0x38, 0xE3, 0xFE, 0xFC, 0xE3, 0x8F, 0xF3, 0xE3, 0x8E, 0x39, 0xE3, 0xCE, 0x38, 0xEF, 0xDF,
    0xB8, 0xE3, 0xFF, 0xFE, 0xE3, 0x8F, 0xFF, 0xFF, 0x0E, 0x38, 0x30, 0x7C, 0x38, 0xFF, 0xFF, 0xF0,
    0xE3, 0xFF, 0xFF, 0x83, 0x80, 0x00, 0x0E, 0x0E, 0x00, 0x00, 0x18, 0x38, 0x00, 0x00, 0x00, 0x60,
    0x00, 0x01, 0x00, 0x00, 0x00, 0x07, 0x00, 0x00, 0x00, 0x0E, 0x00, 0x00, 0x00, 0x1E, 0x00, 0x00,
    0x00, 0x1C, 0x00, 0x00, 0x00, 0x3C, 0x00, 0x1F, 0xFF, 0xFF, 0xFF, 0x3F, 0xFF, 0xFF, 0xFF, 0x7F,
    0xFF, 0xFF, 0xFE, 0x00, 0x70, 0x00, 0x00, 0x00, 0xE0, 0x00, 0x00, 0x01, 0xC0, 0x00, 0x00, 0x03,
    0x80, 0x00, 0x00, 0x07, 0x00, 0x00, 0x00, 0x0F, 0xFF, 0xF8, 0x00, 0x3F, 0xFF, 0xF0, 0x00, 0x7F,
    0xFF, 0xE0, 0x00, 0xF0, 0x01, 0xC0, 0x01, 0xC0, 0x03, 0x80, 0x03, 0x80, 0x07, 0x00, 0x0F, 0x00,
    0x0E, 0x00, 0x1E, 0x00, 0x3C, 0x00, 0x38, 0x00, 0x78, 0x00, 0xF0, 0x00, 0xF0, 0x03, 0xC0, 0x01,
    0xC0, 0x07, 0x80, 0x03, 0x80, 0x1E, 0x00, 0x07, 0x00, 0x7C, 0x00, 0x0E, 0x01, 0xF0, 0x00, 0x3C,
    0x07, 0xC0, 0x3F, 0xF0, 0x3F, 0x00, 0x7F, 0xE0, 0x3C, 0x00, 0xFF, 0x80, 0x20, 0x00, 0x10, 0x00,
    0x00, 0x00, 0x00, 0x00, 0x07, 0x00, 0x07, 0x00, 0x07, 0x00, 0x0F, 0x00, 0x07, 0x80, 0x0F, 0x00,
    0x03, 0xC0, 0x0F, 0x00, 0x03, 0xC0, 0x1F, 0x80, 0x7F, 0xFC, 0x1F, 0x80, 0xFF, 0xFE, 0x3D, 0xC0,
    0xFF, 0xFE, 0x79, 0xE0, 0x0E, 0x00, 0xF8, 0xF0, 0x0E, 0x00, 0xF0, 0x78, 0x0E, 0x03, 0xE0, 0x7C,
    0x0E, 0x07, 0xC0, 0x3F, 0x0F, 0xFF, 0x80, 0x1E, 0x0F, 0xFB, 0x18, 0x04, 0x1F, 0xF8, 0x3E, 0x00,
    0x1E, 0x38, 0x1F, 0x00, 0x1C, 0x38, 0x0F, 0x80, 0x1C, 0x38, 0x03, 0xC0, 0x1C, 0x38, 0x01, 0xC0,
    0x1C, 0x38, 0x00, 0x80, 0x1C, 0x38, 0x00, 0x00, 0x1C, 0x38, 0x00, 0x00, 0x3C, 0x38, 0x60, 0x00,
    0x3C, 0x38, 0x78, 0x00, 0x38, 0x38, 0xFE, 0x00, 0x38, 0x78, 0x3F, 0x00, 0x78, 0x70, 0x0F, 0xC0,
    0x70, 0x70, 0x07, 0xE0, 0xF3, 0xF0, 0x01, 0xE0, 0xE3, 0xE0, 0x00, 0xE0, 0x43, 0x80, 0x00, 0x00,
    0x00, 0x00, 0x00, 0x00, 0x07, 0x00, 0x70, 0x00, 0x07, 0x80, 0x70, 0x00, 0x03, 0x80, 0x70, 0x00,
    0x03, 0x80, 0xF0, 0x00, 0x03, 0xC0, 0xFF, 0xFE, 0xFF, 0xFD, 0xFF, 0xFE, 0xFF, 0xFD, 0xFF, 0xFE,
    0xFF, 0xFF, 0xC0, 0x00, 0x0E, 0x03, 0x87, 0x00, 0x0E, 0x07, 0x87, 0x00, 0x0E, 0x07, 0x07, 0x08,
    0x0E, 0x07, 0xE7, 0x3C, 0x0F, 0xFA, 0xE7, 0xFC, 0x0F, 0xF8, 0xE7, 0xFC, 0x1F, 0xF8, 0xFF, 0xDC,
    0x1E, 0x38, 0xFF, 0x1C, 0x1C, 0x39, 0xFF, 0x1C, 0x1C, 0x3F, 0xF7, 0x1C, 0x1C, 0x3F, 0xE7, 0x1C,
    0x1C, 0x3B, 0xE7, 0x1C, 0x1C, 0x38, 0xE7, 0x1C, 0x1C, 0x38, 0xE7, 0x1C, 0x3C, 0x38, 0xE7, 0x78,
    0x38, 0x38, 0xE7, 0x78, 0x38, 0x38, 0xE7, 0x00, 0x38, 0x78, 0xE7, 0x06, 0x78, 0x70, 0xE0, 0x06,
    0x70, 0x70, 0xE0, 0x0E, 0xF7, 0xF0, 0xFF, 0xFE, 0xE7, 0xF0, 0xFF, 0xFE, 0x67, 0xE0, 0x7F, 0xFC,
    0x00, 0x00, 0x00, 0x00, 0x00, 0x00, 0x00, 0x00, 0x01, 0xC0, 0x1C, 0x00, 0x00, 0xE0, 0x1E, 0x00,
    0x00, 0x78, 0x0E, 0x00, 0x00, 0x1C, 0x07, 0x00, 0x00, 0x0F, 0x07, 0xFF, 0xF9, 0xFF, 0xFB, 0xFF,
    0xFC, 0xFF, 0xFF, 0xFF, 0xFE, 0x7F, 0xFF, 0xC0, 0x00, 0x03, 0x81, 0xE0, 0x00, 0x01, 0xC1, 0xE0,
    0x00, 0x00, 0xE0, 0x7F, 0xFF, 0xE0, 0x70, 0x0F, 0xFF, 0xF0, 0x3F, 0xE7, 0xFF, 0xF0, 0x1F, 0xF0,
    0x0E, 0x38, 0x0F, 0xF8, 0x07, 0x3C, 0x0F, 0x1C, 0x63, 0x9C, 0x07, 0x0E, 0x71, 0xCE, 0x03, 0x87,
    0x38, 0xE0, 0x01, 0xC3, 0x9C, 0x7F, 0x80, 0xE1, 0xCE, 0x3F, 0xE0, 0x70, 0xE7, 0x1F, 0xF0, 0x38,
    0x73, 0x8E, 0x00, 0x1C, 0x79, 0xC7, 0x00, 0x1E, 0x38, 0xF3, 0x80, 0x0E, 0x1C, 0xF9, 0xC0, 0x07,
    0x0E, 0x7E, 0xE0, 0x07, 0x87, 0x3F, 0xF0, 0x03, 0x83, 0xB9, 0xFC, 0x03, 0xDF, 0xFC, 0x7F, 0xF9,
    0xCF, 0xFC, 0x0F, 0xFC, 0xE7, 0xE6, 0x00, 0xFE, 0x00, 0x00, 0x00, 0x00, 0x00, 0x3F, 0xFF, 0xFF,
    0xF8, 0x7F, 0xFF, 0xFF, 0xF0, 0x7F, 0xFF, 0xFF, 0xE0, 0x00, 0x3C, 0x00, 0x00, 0x00, 0x78, 0x00,
    0x00, 0x00, 0xF0, 0x00, 0x00, 0x01, 0xE0, 0x00, 0x00, 0x03, 0x80, 0x00, 0x00, 0x07, 0x00, 0x00,
    0x00, 0x0E, 0x00, 0x03, 0xFF, 0xFF, 0xFF, 0xFF, 0xFF, 0xFF, 0xFF, 0xF7, 0xFF, 0xFF, 0xFF, 0xE0,
    0x01, 0xDC, 0x00, 0x00, 0x03, 0xB8, 0x00, 0x00, 0x0F, 0x70, 0x00, 0x00, 0x1E, 0xE0, 0x00, 0x00,
    0x39, 0xC0, 0x00, 0x00, 0xF3, 0x80, 0x00, 0x01, 0xC7, 0x00, 0x00, 0x07, 0x8E, 0x00, 0x80, 0x1E,
    0x1C, 0x01, 0xC0, 0x7C, 0x38, 0x03, 0x81, 0xF0, 0x70, 0x07, 0x07, 0xC0, 0xE0, 0x0E, 0x3F, 0x01,
    0xC0, 0x3D, 0xFC, 0x03, 0xFF, 0xFF, 0xE0, 0x07, 0xFF, 0xE7, 0x00, 0x03, 0xFF, 0x80, 0x00, 0x00,
    0x00, 0x00, 0xFF, 0xFF, 0xFF, 0xFF, 0xFF, 0xFF, 0xFF, 0xFF, 0xFF, 0x80, 0x00, 0x7F, 0x00, 0x00,
    0xFE, 0x00, 0x01, 0xFC, 0x00, 0x03, 0xF8, 0x00, 0x07, 0xF0, 0x00, 0x0F, 0xE0, 0x00, 0x1F, 0xC0,
    0x00, 0x3F, 0x80, 0x00, 0x7F, 0xFF, 0xFF, 0xFF, 0xFF, 0xFF, 0xFF, 0xFF, 0xFF, 0xF8, 0x00, 0x07,
    0xF0, 0x00, 0x0F, 0xE0, 0x00, 0x1F, 0xC0, 0x00, 0x3F, 0x80, 0x00, 0x7F, 0x00, 0x00, 0xFE, 0x00,
    0x01, 0xFC, 0x00, 0x03, 0xF8, 0x00, 0x07, 0xFF, 0xFF, 0xFF, 0xFF, 0xFF, 0xFF, 0xFF, 0xFF, 0xFF,
    0x80, 0x00, 0x77, 0x00, 0x00, 0xE0, 0xF0, 0x00, 0x00, 0x1E, 0x1F, 0xFF, 0xFF, 0xC3, 0xFF, 0xFF,
    0xF8, 0x7F, 0xFF, 0xFF, 0x0F, 0x00, 0x0F, 0xE1, 0xE0, 0x01, 0xFC, 0x3C, 0x00, 0x3F, 0x87, 0x80,
    0x07, 0xF0, 0xF0, 0x00, 0xFE, 0x1E, 0x00, 0x1F, 0xC3, 0xC0, 0x03, 0xF8, 0x78, 0x00, 0x7F, 0x0F,
    0x00, 0x0F, 0xE1, 0xFF, 0xFF, 0xFC, 0x3F, 0xFF, 0xFF, 0x87, 0xFF, 0xFF, 0xF0, 0xF0, 0x00, 0xFE,
    0x1E, 0x00, 0x1F, 0xC3, 0xC0, 0x03, 0xF8, 0x78, 0x00, 0x7F, 0x0F, 0x00, 0x0F, 0xE1, 0xE0, 0x01,
    0xFC, 0x3C, 0x00, 0x3F, 0x87, 0x80, 0x07, 0xF0, 0xF0, 0x00, 0xFE, 0x1F, 0xFF, 0xFF, 0xC3, 0xFF,
    0xFF, 0xF8, 0x7F, 0xFF, 0xFF, 0x0F, 0x00, 0x0F, 0xE1, 0xE0, 0x01, 0xC0, 0x00, 0x00, 0x00, 0x00,
    0x00, 0x01, 0xC0, 0x00, 0x00, 0x03, 0x81, 0xFF, 0x80, 0x07, 0x07, 0xFF, 0x00, 0x0E, 0x0F, 0xFE,
    0x00, 0x1C, 0x1C, 0x1C, 0x00, 0x38, 0x38, 0x3B, 0xFF, 0xFF, 0x70, 0x77, 0xFF, 0xFE, 0xE0, 0xEF,
    0xFF, 0xFD, 0xC1, 0xC0, 0x03, 0x83, 0x83, 0x80, 0x07, 0x07, 0x07, 0x00, 0x0E, 0x0F, 0xFE, 0x18,
    0x1C, 0x1F, 0xFC, 0x70, 0x38, 0x3F, 0xF8, 0xF0, 0x70, 0x70, 0x70, 0xF0, 0xE0, 0xE0, 0xE1, 0xE1,
    0xC1, 0xC1, 0xC1, 0xE3, 0x83, 0x83, 0x81, 0xC7, 0x07, 0x07, 0x03, 0xCE, 0x0E, 0x0E, 0x03, 0x9C,
    0x1C, 0x1C, 0x06, 0x38, 0x3F, 0xF8, 0x00, 0x70, 0x7F, 0xF0, 0x00, 0xE0, 0xFF, 0xE0, 0x01, 0xC1,
    0xC0, 0x00, 0x03, 0x83, 0x80, 0x00, 0x07, 0x07, 0x00, 0x00, 0x0E, 0x00, 0x00, 0x07, 0xFC, 0x00,
    0x00, 0x0F, 0xF8, 0x00, 0x00, 0x1F, 0xE0, 0x00, 0x00, 0x01, 0xFF, 0xFF, 0xFF, 0x9F, 0xFF, 0xFF,
    0xFC, 0xFF, 0xFF, 0xFF, 0xE7, 0x00, 0x7E, 0x07, 0x38, 0x03, 0xF0, 0x39, 0xC0, 0x1F, 0x81, 0xCE,
    0x00, 0xFC, 0x0E, 0x70, 0x07, 0xE0, 0x73, 0xFF, 0xFF, 0xFF, 0x9F, 0xFF, 0xFF, 0xFC, 0xFF, 0xFF,
    0xFF, 0xE7, 0x00, 0x7E, 0x07, 0x38, 0x03, 0xF0, 0x39, 0xC0, 0x1F, 0x81, 0xCE, 0x00, 0xFC, 0x0E,
    0x70, 0x07, 0xE0, 0x73, 0x80, 0x3F, 0x03, 0x9F, 0xFF, 0xF8, 0x1C, 0xFF, 0xFF, 0xFF, 0xE7, 0xFF,
    0xFF, 0xFF, 0x78, 0x03, 0xFF, 0xFB, 0x80, 0x1F, 0x80, 0x1C, 0x00, 0xFC, 0x01, 0xE0, 0x07, 0xE0,
    0x0E, 0x00, 0x38, 0x00, 0xF0, 0x01, 0xC0, 0x0F, 0x00, 0x0E, 0x00, 0xF0, 0x0F, 0xF0, 0x0F, 0x80,
    0x7F, 0x80, 0x38, 0x03, 0xF8, 0x00, 0x00, 0x00, 0x00, 0x00, 0x00, 0x00, 0x00, 0x00, 0x00, 0x38,
    0x00, 0x00, 0x00, 0x70, 0x03, 0xFC, 0x00, 0xE0, 0x0F, 0xFC, 0x01, 0xC0, 0x1F, 0xF8, 0x03, 0x80,
    0x38, 0x73, 0xFF, 0xFE, 0x70, 0xE7, 0xFF, 0xFC, 0xE1, 0xCF, 0xFF, 0xF9, 0xC3, 0x9C, 0x38, 0x73,
    0x87, 0x38, 0x70, 0xE7, 0x0E, 0x70, 0xE1, 0xCE, 0x1C, 0xE1, 0xC3, 0x9F, 0xF9, 0xC3, 0x87, 0x3F,
    0xF3, 0x87, 0x0E, 0x7F, 0xE7, 0x0E, 0x1C, 0xE1, 0xCE, 0x1C, 0x39, 0xC3, 0xFF, 0xFF, 0xFB, 0x87,
    0xFF, 0xFF, 0xFF, 0x0F, 0xFF, 0xFF, 0xFE, 0x1C, 0x03, 0xE0, 0x1C, 0x38, 0x07, 0xC0, 0x38, 0x70,
    0x1F, 0x80, 0x7F, 0xE0, 0x3B, 0x80, 0xFF, 0xC0, 0xF7, 0x01, 0xFF, 0x83, 0xCF, 0x03, 0x80, 0x07,
    0x8F, 0x07, 0x00, 0x3E, 0x0F, 0x0E, 0x00, 0xF8, 0x1F, 0x00, 0x07, 0xE0, 0x1F, 0x80, 0x1F, 0x00,
    0x1F, 0x00, 0x3C, 0x00, 0x0E, 0x00, 0x00, 0x00, 0x00, 0x0F, 0xFF, 0xFF, 0xE0, 0x0F, 0xFF, 0xFF,
    0xE0, 0x0E, 0x00, 0x00, 0xE0, 0x0E, 0x00, 0x00, 0xE0, 0x0E, 0x00, 0x00, 0xE0, 0x0F, 0xFF, 0xFF,
    0xE0, 0x0F, 0xFF, 0xFF, 0xE0, 0x0E, 0x00, 0x00, 0xE0, 0x0E, 0x00, 0x00, 0xE0, 0x0E, 0x00, 0x00,
    0xE0, 0x0F, 0xFF, 0xFF, 0xE0, 0x0F, 0xFF, 0xFF, 0xE0, 0x00, 0x00, 0x00, 0x00, 0x7F, 0xFF, 0xFF,
    0xFC, 0x7F, 0xFF, 0xFF, 0xFE, 0x7F, 0xFF, 0xFF, 0xFE, 0x00, 0x03, 0xC0, 0x00, 0x03, 0x83, 0xC0,
    0x00, 0x03, 0x83, 0xC0, 0x00, 0x03, 0x83, 0xC0, 0x00, 0x07, 0x83, 0xFF, 0xF8, 0x07, 0x83, 0xFF,
    0xF8, 0x07, 0xC3, 0xFF, 0xF0, 0x0F, 0xC3, 0xC0, 0x00, 0x1F, 0xE3, 0xC0, 0x00, 0x1E, 0xFB, 0xC0,
    0x00, 0x3C, 0x7F, 0xC0, 0x00, 0x78, 0x3F, 0xFF, 0xFE, 0xF0, 0x0F, 0xFF, 0xFE, 0x60, 0x00, 0xFF,
    0xFC, 0x00, 0x00, 0x00, 0x00, 0x0F, 0xFF, 0xFF, 0xE0, 0x1F, 0xFF, 0xFF, 0xC0, 0x38, 0x00, 0x03,
    0x80, 0x70, 0x00, 0x07, 0x00, 0xE0, 0x00, 0x0E, 0x01, 0xFF, 0xFF, 0xFC, 0x03, 0xFF, 0xFF, 0xF8,
    0x07, 0x00, 0x00, 0x70, 0x0E, 0x00, 0x00, 0xE0, 0x1C, 0x00, 0x01, 0xC0, 0x3C, 0x00, 0x03, 0x80,
    0x7F, 0xFF, 0xFF, 0x00, 0xFF, 0xFF, 0xFE, 0x00, 0x00, 0x00, 0x00, 0x00, 0x0E, 0x0E, 0x00, 0x00,
    0x1C, 0x1C, 0x10, 0x1C, 0x38, 0x38, 0x78, 0x3C, 0x70, 0x70, 0xE0, 0x38, 0xE0, 0xE3, 0xC0, 0x79,
    0xC1, 0xCF, 0x00, 0x73, 0x83, 0x9C, 0x00, 0x77, 0x07, 0x70, 0x00, 0xEE, 0x0E, 0xE0, 0x00, 0x1C,
    0x1C, 0x00, 0x00, 0x38, 0x38, 0x01, 0xFF, 0xFF, 0xFF, 0xFF, 0xFF, 0xFF, 0xFF, 0xFF, 0xFF, 0xFF,
    0xFF, 0xF0, 0x00, 0x00, 0x1C, 0x00, 0x00, 0x00, 0x38, 0x03, 0xFF, 0x00, 0x70, 0x07, 0xFE, 0x00,
    0xE0, 0x0F, 0xFC, 0xFF, 0xFF, 0x9C, 0x39, 0xFF, 0xFF, 0x38, 0x73, 0xFF, 0xFE, 0x70, 0xE0, 0x0E,
    0x00, 0xE1, 0xC0, 0x1C, 0x01, 0xC3, 0x80, 0x38, 0x03, 0x87, 0xFF, 0xFF, 0xF7, 0x0F, 0xFF, 0xFF,
    0xEF, 0xFF, 0xFF, 0xFF, 0xDF, 0xF8, 0x00, 0x38, 0x3F, 0xF0, 0x00, 0x70, 0x70, 0xE0, 0x00, 0xE0,
    0xE1, 0xDF, 0xFF, 0xFD, 0xC3, 0xFF, 0xFF, 0xFB, 0x87, 0xFF, 0xFF, 0xF7, 0x0E, 0x00, 0x0E, 0x0E,
    0x1C, 0x70, 0x1C, 0x1C, 0x38, 0xF0, 0x38, 0x3F, 0xF1, 0xE0, 0x70, 0x7F, 0xE1, 0xE0, 0xE0, 0xFF,
    0xC1, 0xE1, 0xC1, 0xC0, 0x01, 0xC3, 0x83, 0x80, 0x03, 0x87, 0x02, 0x00, 0x00, 0x0E, 0x00, 0x00,
    0x03, 0xFC, 0x00, 0x00, 0x07, 0xF8, 0x00, 0x00, 0x07, 0xE0, 0x00, 0x1F, 0xFF, 0xFF, 0xF0, 0x3F,
    0xFF, 0xFF, 0xE0, 0x78, 0x00, 0x01, 0xC0, 0xF0, 0x00, 0x03, 0x81, 0xE0, 0x00, 0x07, 0x03, 0xFF,
    0xFF, 0xFE, 0x07, 0xFF, 0xFF, 0xFC, 0x0F, 0x00, 0x00, 0x38, 0x1E, 0x00, 0x00, 0x70, 0x3C, 0x00,
    0x00, 0xE0, 0x7F, 0xFF, 0xFF, 0xC0, 0xFF, 0xFF, 0xFF, 0x80, 0x60, 0x38, 0x0C, 0x01, 0xE0, 0x70,
    0x3C, 0x01, 0xE0, 0xE0, 0x70, 0x01, 0xE1, 0xC1, 0xE0, 0x03, 0xC3, 0x87, 0x80, 0x03, 0x87, 0x0E,
    0x01, 0xFF, 0xFF, 0xFF, 0xFB, 0xFF, 0xFF, 0xFF, 0xF7, 0xFF, 0xFF, 0xFF, 0xC0, 0x0F, 0x07, 0x00,
    0x00, 0x1C, 0x0E, 0x00, 0x00, 0x38, 0x1C, 0x00, 0x00, 0xF0, 0x38, 0x0E, 0x03, 0xC0, 0x70, 0x1C,
    0x1F, 0x00, 0xE0, 0x39, 0xFC, 0x01, 0xFF, 0xFF, 0xF0, 0x03, 0xFF, 0xEF, 0x80, 0x07, 0xFF, 0x80,
    0x00, 0x00, 0x00, 0x00, 0x0F, 0xFF, 0xFF, 0xE0, 0x1F, 0xFF, 0xFF, 0xC0, 0x38, 0x00, 0x03, 0x80,
    0x70, 0x00, 0x07, 0x00, 0xFF, 0xFF, 0xFE, 0x01, 0xFF, 0xFF, 0xFC, 0x03, 0x80, 0x00, 0x38, 0x07,
    0x00, 0x00, 0x70, 0x0F, 0xFF, 0xFF, 0xE0, 0x1F, 0xFF, 0xFF, 0xC0, 0x00, 0x1E, 0x00, 0x00, 0x00,
    0x1C, 0x00, 0x0F, 0xFF, 0xFF, 0xFF, 0xFF, 0xFF, 0xFF, 0xFF, 0xC0, 0x00, 0x00, 0x00, 0x00, 0x00,
    0x00, 0x00, 0x07, 0xFF, 0xFF, 0xC0, 0x0F, 0xFF, 0xFF, 0x80, 0x1C, 0x00, 0x07, 0x00, 0x38, 0x00,
    0x0E, 0x00, 0x70, 0x00, 0x1C, 0x00, 0xFF, 0xFF, 0xF8, 0x01, 0xFF, 0xFF, 0xF0, 0x00, 0x41, 0xC0,
    0x00, 0x01, 0xE3, 0x8F, 0x00, 0x0F, 0x87, 0x1F, 0x80, 0x7E, 0x0E, 0x0F, 0xC7, 0xF0, 0x1C, 0x07,
    0xE7, 0x83, 0xF8, 0x03, 0xC4, 0x07, 0xF0, 0x01, 0x00, 0x00, 0x00, 0x00, 0x00, 0x07, 0x00, 0x00,
    0x70, 0x0E, 0x00, 0x7F, 0xF7, 0xFF, 0xFF, 0xFF, 0xEF, 0xFF, 0xFF, 0xF8, 0x01, 0xC0, 0x0E, 0x00,
    0x07, 0x38, 0x1C, 0x00, 0x1E, 0x70, 0x38, 0x00, 0x38, 0xE0, 0x70, 0x00, 0xFF, 0xFF, 0xFF, 0xFD,
    0xFF, 0xFF, 0xFF, 0xF9, 0x07, 0x03, 0x87, 0x00, 0x0E, 0x17, 0x0E, 0x00, 0x7F, 0xEE, 0x1C, 0x1F,
    0xFF, 0xFC, 0x38, 0x3F, 0xF8, 0x70, 0x70, 0x60, 0xE1, 0xE0, 0xE0, 0x01, 0xC3, 0x81, 0xC0, 0x03,
    0x81, 0x03, 0x80, 0x7F, 0xFF, 0xFF, 0x00, 0xFF, 0xFF, 0xFE, 0x01, 0xE0, 0x00, 0x1C, 0x03, 0xC0,
    0x00, 0x38, 0x07, 0x80, 0x00, 0x70, 0x0F, 0xFF, 0xFF, 0xE0, 0x1F, 0xFF, 0xFF, 0xC0, 0x3C, 0x00,
    0x03, 0x80, 0x78, 0x00, 0x07, 0x00, 0xF0, 0x00, 0x0E, 0x01, 0xFF, 0xFF, 0xFC, 0x03, 0xFF, 0xFF,
    0xF8, 0x07, 0x80, 0x00, 0x70, 0x06, 0x00, 0x00, 0x00, 0x00, 0x00, 0x00, 0x00, 0x00, 0x00, 0xE0,
    0x00, 0x00, 0x03, 0xC0, 0x3F, 0xF0, 0x07, 0x00, 0xFF, 0xCF, 0xFF, 0xFB, 0xFF, 0x7F, 0xFF, 0xEE,
    0x1D, 0xFF, 0xFF, 0xB8, 0x70, 0xE0, 0x38, 0xE1, 0xC3, 0x80, 0xE3, 0x87, 0x0E, 0x07, 0x8E, 0x1C,
    0x3C, 0x1C, 0x38, 0x70, 0x70, 0x70, 0xE1, 0xDF, 0xFF, 0xFF, 0xFF, 0xFF, 0xFF, 0xFF, 0xFF, 0xFF,
    0xFF, 0xFF, 0xF0, 0x00, 0x00, 0xE1, 0xC0, 0x00, 0x03, 0x87, 0x3F, 0xFF, 0xCE, 0x1C, 0xFF, 0xFF,
    0x38, 0x73, 0xC0, 0x1C, 0xE1, 0xCF, 0x00, 0x73, 0x87, 0x3C, 0x01, 0xCE, 0x1C, 0xF0, 0x07, 0x3F,
    0xF3, 0xFF, 0xFC, 0xFF, 0xCF, 0xFF, 0xF3, 0xFF, 0x3C, 0x01, 0xCE, 0x00, 0xF0, 0x07, 0x38, 0x03,
    0xC0, 0x1C, 0xE0, 0x0F, 0x00, 0x70, 0x00, 0x3F, 0xFF, 0xC0, 0x00, 0xFF, 0xFF, 0x00, 0x03, 0xC0,
    0x1C, 0x00, 0x06, 0x00, 0x30, 0x00, 0x80, 0x00, 0x00, 0x03, 0x80, 0x00, 0x70, 0x07, 0x00, 0x7F,
    0xF3, 0xFF, 0xFB, 0xFF, 0xC7, 0xFF, 0xF7, 0xF0, 0x00, 0x38, 0x0E, 0x00, 0x0F, 0xFF, 0xDC, 0x00,
    0x1F, 0xFF, 0xB8, 0x00, 0x31, 0xC7, 0x70, 0x00, 0x7F, 0xFE, 0xFF, 0xFC, 0xFF, 0xFD, 0xFF, 0xF9,
    0x8E, 0x3B, 0x87, 0x03, 0xFF, 0xF7, 0x0E, 0x07, 0xFF, 0xCE, 0x1C, 0x00, 0x70, 0x1C, 0x38, 0x7F,
    0xFF, 0xF8, 0x70, 0xFF, 0xFF, 0xE0, 0xE0, 0x03, 0x83, 0xC1, 0xC0, 0x07, 0x03, 0x03, 0x80, 0x3F,
    0xFF, 0xFE, 0x00, 0x7F, 0xFF, 0xFC, 0x00, 0xE0, 0x00, 0x38, 0x01, 0xC0, 0x00, 0x70, 0x03, 0x80,
    0x00, 0xE0, 0x07, 0xFF, 0xFF, 0xC0, 0x0F, 0xFF, 0xFF, 0x80, 0x1C, 0x00, 0x07, 0x00, 0x38, 0x00,
    0x0E, 0x00, 0x70, 0x00, 0x1C, 0x00, 0xFF, 0xFF, 0xF8, 0x01, 0xFF, 0xFF, 0xF0, 0x03, 0x80, 0x00,
    0xE0, 0x03, 0x00, 0x00, 0x00, 0x7F, 0xFF, 0xFF, 0xFC, 0x7F, 0xFF, 0xFF, 0xFE, 0x7F, 0xFF, 0xFF,
    0xFE, 0x00, 0x03, 0xC0, 0x00, 0x00, 0x03, 0xC0, 0x00, 0x00, 0x03, 0xC0, 0x00, 0x0F, 0xFF, 0xFF,
    0xF0, 0x0F, 0xFF, 0xFF, 0xF0, 0x0E, 0x03, 0xC0, 0x70, 0x0E, 0x03, 0xC0, 0x70, 0x0E, 0x03, 0xC0,
    0x70, 0x0F, 0xFF, 0xFF, 0xF0, 0x0F, 0xFF, 0xFF, 0xF0, 0x0E, 0x03, 0xC0, 0x70, 0x0E, 0x03, 0xC0,
    0x70, 0x0E, 0x03, 0xC0, 0x70, 0x0E, 0x03, 0xC0, 0x70, 0x0F, 0xFF, 0xFF, 0xF0, 0x0F, 0xFF, 0xFF,
    0xF0, 0x03, 0x03, 0x80, 0x00, 0x07, 0x87, 0x80, 0x00, 0x03, 0xC7, 0x00, 0x00, 0x03, 0xEF, 0x00,
    0x00, 0x01, 0xFE, 0x00, 0x00, 0x00, 0xFE, 0x00, 0x00, 0x00, 0xFF, 0x80, 0x00, 0x07, 0xFF, 0xF8,
    0x00, 0x7F, 0xE7, 0xFF, 0xFE, 0x7F, 0x80, 0xFF, 0xFE, 0x7C, 0x00, 0x0F, 0xFE, 0x00, 0x00, 0x00,
    0x00, 0x00, 0x01, 0x00, 0x00, 0x00, 0x07, 0x00, 0x00, 0x00, 0x0E, 0x00, 0x00, 0x7F, 0xFF, 0xFF,
    0x00, 0xFF, 0xFF, 0xFE, 0x00, 0x00, 0x70, 0x1C, 0x00, 0x00, 0xE0, 0x38, 0x3F, 0xFF, 0xFF, 0xFF,
    0x7F, 0xFF, 0xFF, 0xFE, 0x00, 0x07, 0x01, 0xC0, 0x00, 0x0E, 0x03, 0x80, 0x7F, 0xFF, 0xFF, 0x00,
    0xFF, 0xFF, 0xFE, 0x00, 0x00, 0x70, 0x00, 0x07, 0xFF, 0xFF, 0xFE, 0x0F, 0xFF, 0xFF, 0xFC, 0x00,
    0x03, 0x80, 0x00, 0x00, 0x07, 0x00, 0x03, 0xFF, 0xFF, 0xFF, 0xFF, 0xFF, 0xFF, 0xFF, 0xF0, 0x00,
    0x00, 0x00, 0x00, 0x00, 0x00, 0x00, 0x01, 0xFF, 0xFF, 0xF8, 0x03, 0xFF, 0xFF, 0xF0, 0x07, 0x00,
    0x00, 0xE0, 0x0F, 0xFF, 0xFF, 0xC0, 0x1F, 0xFF, 0xFF, 0x80, 0x38, 0x00, 0x07, 0x00, 0x70, 0x00,
    0x0E, 0x00, 0xFF, 0xFF, 0xFC, 0x01, 0xFF, 0xFF, 0xF8, 0x03, 0x80, 0x00, 0x70, 0x06, 0x00, 0x00,
    0x00, 0x0F, 0xFF, 0xFF, 0xE0, 0x0F, 0xFF, 0xFF, 0xE0, 0x0F, 0x00, 0x00, 0xE0, 0x0F, 0x00, 0x00,
    0xE0, 0x0F, 0xFF, 0xFF, 0xE0, 0x0F, 0xFF, 0xFF, 0xE0, 0x0F, 0x00, 0x00, 0xE0, 0x0F, 0x00, 0x00,
    0xE0, 0x0F, 0xFF, 0xFF, 0xE0, 0x0F, 0xFF, 0xFF, 0xE0, 0x00, 0x00, 0x00, 0x00, 0x00, 0x00, 0x00,
    0x00, 0xFF, 0xFF, 0xFF, 0xFE, 0xFF, 0xFF, 0xFF, 0xFE, 0x1E, 0x0E, 0x00, 0x00, 0x1C, 0x0E, 0x00,
    0x00, 0x1F, 0xFE, 0xFF, 0xFC, 0x1F, 0xFE, 0xFF, 0xFC, 0x1C, 0x0E, 0x70, 0x38, 0x1C, 0x0E, 0x78,
    0x38, 0x1C, 0x0E, 0x38, 0x70, 0x1F, 0xFE, 0x3C, 0xF0, 0x1F, 0xFE, 0x1F, 0xE0, 0x1C, 0x0E, 0x0F,
    0xC0, 0x1C, 0x0F, 0x87, 0x80, 0xFF, 0xFF, 0x8F, 0xC0, 0xFF, 0xFE, 0x3F, 0xF0, 0xFF, 0x0E, 0xFC,
    0xFE, 0x00, 0x0F, 0xF0, 0x7E, 0x00, 0x0E, 0xC0, 0x0C, 0x00, 0x01, 0x00, 0x00, 0x00, 0x03, 0xC0,
    0x00, 0x00, 0x07, 0xC0, 0x00, 0x00, 0x0F, 0xE0, 0x00, 0x00, 0x1E, 0xF8, 0x00, 0x00, 0x7C, 0x7E,
    0x00, 0x01, 0xF8, 0x1F, 0x80, 0x07, 0xFF, 0xFF, 0xE0, 0x1F, 0xFF, 0xFF, 0xFC, 0xFF, 0x00, 0x00,
    0xFE, 0xFC, 0x00, 0x00, 0x1E, 0x7F, 0xFF, 0xFF, 0xE0, 0x0F, 0xFF, 0xFF, 0xE0, 0x0E, 0xE3, 0x8E,
    0xE0, 0x0E, 0x73, 0x8E, 0xE0, 0x0E, 0x73, 0x9C, 0xE0, 0x0E, 0x3B, 0x98, 0xE0, 0x0F, 0xFF, 0xFF,
    0xE0, 0x0F, 0xFF, 0xFF, 0xE0, 0x00, 0x00, 0x00, 0x00, 0x00, 0x00, 0x00, 0x00, 0x03, 0xFF, 0xFF,
    0xC0, 0x03, 0xFF, 0xFF, 0xC0, 0x03, 0x80, 0x03, 0xC0, 0x03, 0x80, 0x03, 0xC0, 0x03, 0xFF, 0xFF,
    0xC0, 0x03, 0xFF, 0xFF, 0xC0, 0x03, 0x80, 0x03, 0xC0, 0x03, 0x80, 0x03, 0xC0, 0x03, 0xFF, 0xFF,
    0xC0, 0x03, 0xFF, 0xFF, 0xC0, 0x03, 0x80, 0x03, 0xC0, 0x01, 0x00, 0x00, 0x00, 0x00, 0x00, 0x00,
    0x00, 0x00, 0x3C, 0x00, 0x00, 0x00, 0x78, 0x00, 0x00, 0x00, 0xE0, 0x00, 0x00, 0x03, 0xC0, 0x00,
    0x0F, 0xFF, 0xFF, 0xFF, 0xDF, 0xFF, 0xFF, 0xFF, 0xBF, 0xFF, 0xFF, 0xFE, 0x00, 0x70, 0x00, 0x00,
    0x01, 0xE0, 0x00, 0x00, 0x03, 0x80, 0x00, 0x00, 0x0F, 0xFF, 0xFE, 0x00, 0x3F, 0xFF, 0xFE, 0x00,
    0x7F, 0xFF, 0xFC, 0x01, 0xF0, 0x00, 0x38, 0x07, 0xE0, 0x00, 0x70, 0x1F, 0xC0, 0x00, 0xE0, 0x7F,
    0x80, 0x03, 0xC1, 0xF7, 0xFF, 0xFF, 0x87, 0xCF, 0xFF, 0xFF, 0x06, 0x1C, 0x00, 0x0E, 0x00, 0x38,
    0x00, 0x1C, 0x00, 0x70, 0x00, 0x38, 0x00, 0xFF, 0xFF, 0xF0, 0x01, 0xFF, 0xFF, 0xE0, 0x03, 0xFF,
    0xFF, 0xC0, 0x07, 0x00, 0x03, 0x80, 0x0E, 0x00, 0x07, 0x00, 0x1C, 0x00, 0x0E, 0x00, 0x38, 0x07,
    0xFC, 0x00, 0x70, 0x0F, 0xF8, 0x00, 0xE0, 0x0F, 0xE0, 0x00, 0x00, 0x00, 0x00, 0x3F, 0xF9, 0xFF,
    0xFC, 0x3F, 0xF9, 0xFF, 0xFC, 0x3F, 0xF9, 0xFF, 0xFC, 0x38, 0x39, 0xC0, 0x1C, 0x38, 0x39, 0xC0,
    0x1C, 0x38, 0x39, 0xC0, 0x1C, 0x38, 0x39, 0xC0, 0x1C, 0x38, 0x39, 0xC3, 0xFC, 0x3F, 0xF9, 0xC3,
    0xF8, 0x3F, 0xF9, 0xC1, 0x80, 0x3F, 0xF9, 0xC0, 0x00, 0x38, 0x39, 0xFF, 0xFC, 0x38, 0x39, 0xFF,
    0xFE, 0x38, 0x39, 0xFF, 0xFC, 0x38, 0x39, 0xF8, 0x1C, 0x38, 0x39, 0xDC, 0x1C, 0x3F, 0xF9, 0xDC,
    0x3C, 0x3F, 0xF9, 0xDC, 0x38, 0x3F, 0xF9, 0xCE, 0x38, 0x38, 0x39, 0xCE, 0x70, 0x38, 0x39, 0xC7,
    0xF0, 0x38, 0x39, 0xC7, 0xE0, 0x38, 0x39, 0xC3, 0xE0, 0x70, 0x39, 0xC3, 0xC0, 0x70, 0x39, 0xC7,
    0xE0, 0x70, 0x39, 0xCF, 0xF0, 0x70, 0x39, 0xDF, 0x78, 0xE3, 0xF9, 0xFE, 0x3E, 0xE3, 0xF1, 0xFC,
    0x1E, 0x63, 0xF1, 0xD0, 0x0E, 0x00, 0x00, 0x00, 0x00, 0x00, 0x00, 0x00, 0x00, 0x00, 0x03, 0x80,
    0x00, 0x00, 0x03, 0x80, 0x00, 0x00, 0x03, 0x80, 0x00, 0x00, 0x03, 0x80, 0x00, 0x00, 0x03, 0x80,
    0x00, 0x1F, 0xFF, 0xFF, 0xF0, 0x1F, 0xFF, 0xFF, 0xF0, 0x1F, 0xFF, 0xFF, 0xF0, 0x00, 0x03, 0x80,
    0x00, 0x00, 0x03, 0x80, 0x00, 0x00, 0x03, 0x80, 0x00, 0x00, 0x03, 0x80, 0x00, 0x00, 0x03, 0x80,
    0x00, 0x00, 0x03, 0x80, 0x00, 0x7F, 0xFF, 0xFF, 0xFE, 0x7F, 0xFF, 0xFF, 0xFE, 0x7F, 0xFF, 0xFF,
    0xFE, 0x00, 0x0F, 0xF0, 0x00, 0x00, 0x1F, 0xF0, 0x00, 0x00, 0x3F, 0xF8, 0x00, 0x00, 0x7B, 0xBC,
    0x00, 0x00, 0xF3, 0x9E, 0x00, 0x01, 0xE3, 0x8F, 0x80, 0x07, 0xC3, 0x87, 0xC0, 0x0F, 0x83, 0x83,
    0xE0, 0x3F, 0x03, 0x81, 0xF8, 0x7E, 0x03, 0x80, 0xFE, 0xFC, 0x03, 0x80, 0x3E, 0x70, 0x03, 0x80,
    0x1C, 0x00, 0x03, 0x80, 0x00, 0x00, 0x03, 0x80, 0x00, 0x00, 0x01, 0x80, 0x00, 0x00, 0x00, 0x00,
    0x00, 0x00, 0x03, 0x80, 0x00, 0x00, 0x03, 0x80, 0x00, 0x00, 0x03, 0x80, 0x00, 0x00, 0x03, 0x80,
    0x00, 0x00, 0x03, 0x80, 0x00, 0x00, 0x03, 0x80, 0x00, 0x00, 0x03, 0x80, 0x00, 0x7F, 0xFF, 0xFF,
    0xFE, 0x7F, 0xFF, 0xFF, 0xFE, 0x7F, 0xFF, 0xFF, 0xFC, 0x00, 0x3F, 0xF8, 0x00, 0x00, 0x3B, 0xB8,
    0x00, 0x00, 0x7B, 0xBC, 0x00, 0x00, 0x73, 0x9C, 0x00, 0x00, 0xF3, 0x9E, 0x00, 0x01, 0xE3, 0x8F,
    0x00, 0x01, 0xE3, 0x87, 0x00, 0x03, 0xC3, 0x87, 0x80, 0x07, 0x83, 0x83, 0xC0, 0x0F, 0x83, 0x81,
    0xE0, 0x1F, 0x03, 0x81, 0xF0, 0x3E, 0x03, 0x80, 0xF8, 0x7F, 0xFF, 0xFF, 0xFE, 0xFB, 0xFF, 0xFF,
    0xBE, 0x73, 0xFF, 0xFF, 0x9C, 0x20, 0x03, 0x80, 0x04, 0x00, 0x03, 0x80, 0x00, 0x00, 0x03, 0x80,
    0x00, 0x00, 0x03, 0x80, 0x00, 0x00, 0x03, 0x80, 0x00, 0x00, 0x03, 0x80, 0x00, 0x00, 0x00, 0x00,
    0x00, 0x00, 0x00, 0x00, 0x00, 0x00, 0xE0, 0x00, 0x00, 0x00, 0x70, 0x00, 0x00, 0x00, 0x38, 0x1F,
    0xFE, 0x00, 0x1C, 0x0F, 0xFF, 0x00, 0x0E, 0x07, 0xFF, 0x80, 0x07, 0x03, 0x81, 0xC0, 0x03, 0x81,
    0xC0, 0xE0, 0x7F, 0xFE, 0xE0, 0x70, 0x3F, 0xFF, 0x70, 0x38, 0x0F, 0xFF, 0xB8, 0x1C, 0x00, 0x78,
    0x1C, 0x0E, 0x00, 0x3C, 0x0E, 0x07, 0x00, 0x1E, 0x07, 0x03, 0x80, 0x1F, 0x83, 0x81, 0xC0, 0x0F,
    0xE1, 0xC0, 0xE0, 0x0F, 0xF8, 0xE0, 0x70, 0x07, 0xFE, 0x70, 0x38, 0x03, 0x77, 0x38, 0x1C, 0x03,
    0xBB, 0xDC, 0x0E, 0x01, 0xDC, 0xCE, 0x07, 0x01, 0xCE, 0x27, 0x03, 0x81, 0xE7, 0x07, 0x81, 0xC0,
    0xE3, 0x83, 0x80, 0xE6, 0x71, 0xC1, 0xC0, 0x73, 0x90, 0xE1, 0xE0, 0x39, 0xC0, 0x70, 0xE0, 0x1C,
    0xE0, 0x38, 0xF0, 0x0E, 0x70, 0x1C, 0x78, 0x07, 0x38, 0x0E, 0x78, 0x03, 0xFC, 0x07, 0x78, 0x01,
    0xFC, 0x03, 0x9C, 0x00, 0x7E, 0x01, 0xC0, 0x00, 0x00, 0x00, 0x00, 0x00, 0x00, 0x00, 0x00, 0xE0,
    0x00, 0x00, 0x00, 0x70, 0x00, 0x00, 0x00, 0x38, 0x00, 0x00, 0x00, 0x1C, 0x3F, 0xFF, 0xE0, 0x0E,
    0x1F, 0xFF, 0xF0, 0x07, 0x0F, 0xFF, 0xF8, 0x03, 0x83, 0x80, 0x1C, 0x7F, 0xFD, 0xC0, 0x0E, 0x3F,
    0xFE, 0xF0, 0x0F, 0x1F, 0xFF, 0x38, 0x07, 0x00, 0x78, 0x1C, 0x03, 0x80, 0x7E, 0x0E, 0x03, 0xC0,
    0x3F, 0x87, 0x81, 0xC0, 0x1F, 0xC1, 0xC0, 0xE0, 0x1F, 0xF0, 0xE0, 0xF0, 0x0F, 0xFC, 0x78, 0x70,
    0x07, 0xEF, 0x1C, 0x78, 0x07, 0x73, 0x8F, 0x38, 0x03, 0xB8, 0xC3, 0xBC, 0x03, 0x9C, 0x41, 0xFC,
    0x03, 0xCE, 0x00, 0x7E, 0x01, 0xE7, 0x00, 0x3E, 0x01, 0xE3, 0x80, 0x1F, 0x00, 0x61, 0xC0, 0x1F,
    0xC0, 0x30, 0xE0, 0x1F, 0xF0, 0x00, 0x70, 0x1F, 0x7C, 0x00, 0x38, 0x1F, 0x1F, 0x00, 0x1C, 0x3F,
    0x07, 0xC0, 0x0E, 0x7F, 0x01, 0xF8, 0x07, 0x3E, 0x00, 0x7C, 0x03, 0x8E, 0x00, 0x0C, 0x00, 0x00,
    0x00, 0x00, 0x00, 0x00, 0x00, 0x00, 0x00, 0x00, 0x1C, 0x00, 0x00, 0x00, 0x3C, 0x00, 0x00, 0x00,
    0x78, 0x00, 0x00, 0x00, 0xFF, 0xFF, 0x80, 0x01, 0xFF, 0xFF, 0x80, 0x03, 0xFF, 0xFF, 0x00, 0x07,
    0xF0, 0x1F, 0x00, 0x1F, 0xF8, 0x3E, 0x00, 0x7E, 0x3C, 0x7C, 0x00, 0x3C, 0x1F, 0xF8, 0x00, 0x10,
    0x0F, 0xE0, 0x00, 0x00, 0x1F, 0xF0, 0x00, 0x00, 0x7F, 0xFE, 0x00, 0x07, 0xFE, 0x7F, 0xE0, 0xFF,
    0xF0, 0x1F, 0xFE, 0xFF, 0xC3, 0x83, 0xFE, 0x7C, 0x03, 0x80, 0x7C, 0x00, 0x03, 0x80, 0x00, 0x0F,
    0xFF, 0xFF, 0xE0, 0x0F, 0xFF, 0xFF, 0xF0, 0x0F, 0xFF, 0xFF, 0xF0, 0x00, 0x03, 0x80, 0x00, 0x00,
    0xC3, 0x86, 0x00, 0x01, 0xE3, 0x8F, 0x00, 0x03, 0xC3, 0x8F, 0x80, 0x07, 0xC3, 0x83, 0xC0, 0x0F,
    0x83, 0x81, 0xE0, 0x3E, 0x03, 0x80, 0xF0, 0x3C, 0x1F, 0x80, 0x70, 0x18, 0x1F, 0x80, 0x70, 0x00,
    0x1F, 0x00, 0x00, 0x03, 0x00, 0x00, 0x00, 0x0E, 0x00, 0x01, 0x00, 0x1C, 0x01, 0xC7, 0x00, 0x38,
    0x07, 0x8E, 0x00, 0x70, 0x0E, 0x1C, 0x00, 0xE0, 0x1C, 0x3C, 0x01, 0xC0, 0x78, 0x38, 0x03, 0x80,
    0xF0, 0x78, 0xFF, 0xF9, 0xC0, 0xF1, 0xFF, 0xF7, 0x80, 0xE3, 0xFF, 0xCE, 0x01, 0xE0, 0x38, 0x3C,
    0x01, 0xE0, 0xF8, 0x79, 0xC3, 0xC1, 0xF9, 0xE3, 0x83, 0xC3, 0xF7, 0x8F, 0x07, 0x8F, 0xF7, 0x1E,
    0x06, 0x1F, 0xF0, 0x38, 0x00, 0x3E, 0xE0, 0x70, 0x00, 0xFD, 0xE1, 0xE0, 0x01, 0xF9, 0x83, 0x80,
    0x07, 0x72, 0x0F, 0x0C, 0x0E, 0xE0, 0x1E, 0x3C, 0x3D, 0xC0, 0x38, 0x38, 0x73, 0x80, 0xF0, 0x78,
    0xE7, 0x01, 0xC0, 0x70, 0x8E, 0x07, 0x80, 0xF0, 0x1C, 0x0E, 0x03, 0xE0, 0x38, 0x3F, 0xFF, 0xE0,
    0x70, 0xFF, 0xFF, 0xC0, 0xE0, 0xFF, 0xF3, 0x81, 0xC1, 0xF0, 0x07, 0x03, 0x80, 0x00, 0x04, 0x00,
    0x00, 0x00, 0x00, 0x03, 0x00, 0x00, 0x00, 0x07, 0x00, 0x00, 0xE0, 0x0E, 0x00, 0x0F, 0xE0, 0x1C,
    0x01, 0xFF, 0xC0, 0x38, 0x1F, 0xFC, 0x00, 0x70, 0x3F, 0xC0, 0x00, 0xE0, 0x70, 0x00, 0x01, 0xC0,
    0xE0, 0x00, 0x7F, 0xFD, 0xC0, 0x00, 0xFF, 0xFB, 0x80, 0x01, 0xFF, 0xF7, 0x00, 0x00, 0x3C, 0x0E,
    0x00, 0x00, 0x78, 0x1F, 0xFF, 0xE1, 0xF8, 0x3F, 0xFF, 0xC3, 0xF0, 0x7F, 0xFF, 0x87, 0xF0, 0xE0,
    0xE0, 0x1F, 0xF1, 0xC1, 0xC0, 0x3F, 0xF3, 0x83, 0x80, 0x6E, 0xE7, 0x07, 0x01, 0xDD, 0xCE, 0x0E,
    0x03, 0xB9, 0x3C, 0x1C, 0x0E, 0x70, 0x70, 0x38, 0x3C, 0xE0, 0xE0, 0x70, 0x71, 0xC1, 0xC0, 0xE0,
    0xE3, 0x83, 0x81, 0xC0, 0x87, 0x07, 0x03, 0x80, 0x0E, 0x1C, 0x07, 0x00, 0x1C, 0x38, 0x0E, 0x00,
    0x38, 0xF0, 0x1C, 0x00, 0x71, 0xC0, 0x38, 0x00, 0xE3, 0x80, 0x70, 0x01, 0xC6, 0x00, 0xE0, 0x00,
    0x00, 0x00, 0xC0, 0x07, 0xFF, 0xFF, 0xE0, 0x0F, 0xFF, 0xFF, 0xF0, 0x0F, 0xFF, 0xFF, 0xF0, 0x0E,
    0x03, 0x80, 0xF0, 0x0E, 0x03, 0x80, 0xF0, 0x0E, 0x03, 0x80, 0xF0, 0x0F, 0xFF, 0xFF, 0xF0, 0x0F,
    0xFF, 0xFF, 0xF0, 0x0E, 0x03, 0x80, 0xF0, 0x0E, 0x03, 0x80, 0xF0, 0x0E, 0x03, 0x80, 0xF0, 0x0F,
    0xFF, 0xFF, 0xF0, 0x0F, 0xFF, 0xFF, 0xF0, 0x0F, 0xFF, 0xFF, 0xF0, 0x00, 0x03, 0x80, 0x00, 0x00,
    0x03, 0x80, 0x00, 0x00, 0x03, 0x80, 0x00, 0x7F, 0xFF, 0xFF, 0xFE, 0x7F, 0xFF, 0xFF, 0xFE, 0x7F,
    0xFF, 0xFF, 0xFC, 0x00, 0x1F, 0xF8, 0x00, 0x00, 0x7F, 0xBC, 0x00, 0x00, 0xFB, 0x9F, 0x00, 0x01,
    0xF3, 0x8F, 0x80, 0x07, 0xC3, 0x87, 0xE0, 0x1F, 0x83, 0x81, 0xF8, 0xFF, 0x03, 0x80, 0xFE, 0xFC,
    0x03, 0x80, 0x3E, 0x70, 0x03, 0x80, 0x0C, 0x00, 0x03, 0x80, 0x00, 0x00, 0x01, 0x80, 0x00, 0x03,
    0x80, 0x00, 0x00, 0x07, 0x00, 0x00, 0x00, 0x0E, 0x00, 0xFF, 0xE3, 0xFF, 0xF3, 0xFF, 0xEF, 0xFF,
    0xF7, 0xFF, 0xDF, 0xFF, 0xEE, 0x03, 0x81, 0xC3, 0x9C, 0x07, 0x03, 0x87, 0x38, 0x0E, 0x07, 0x0E,
    0x70, 0x1C, 0x1E, 0x1C, 0xE0, 0x38, 0x38, 0x39, 0xC0, 0x70, 0xF0, 0x73, 0x80, 0xE3, 0xC9, 0xE7,
    0xFF, 0xCF, 0x1F, 0x8F, 0xFF, 0xBE, 0x3F, 0x0F, 0xFE, 0x30, 0x01, 0xC0, 0x00, 0x00, 0x03, 0x80,
    0x00, 0x00, 0x07, 0x00, 0x01, 0xFF, 0xFF, 0xFF, 0xF3, 0xFF, 0xFF, 0xFF, 0xE7, 0xFF, 0xFF, 0xFF,
    0xC0, 0x03, 0xFE, 0x00, 0x00, 0x0F, 0xFE, 0x00, 0x00, 0x7D, 0xDF, 0x00, 0x01, 0xF3, 0x9F, 0x00,
    0x0F, 0xC7, 0x1F, 0x80, 0x3E, 0x0E, 0x0F, 0xC3, 0xF8, 0x1C, 0x0F, 0xFF, 0xE0, 0x38, 0x07, 0xEF,
    0x00, 0x70, 0x03, 0x88, 0x00, 0xE0, 0x00, 0x00, 0x00, 0xC0, 0x00, 0x00, 0x01, 0x80, 0x00, 0x00,
    0x03, 0x80, 0x00, 0x00, 0x03, 0x80, 0x00, 0x00, 0x03, 0x80, 0x00, 0x00, 0x03, 0x80, 0x00, 0x7F,
    0xFF, 0xFF, 0xFE, 0x7F, 0xFF, 0xFF, 0xFE, 0x7F, 0xFF, 0xFF, 0xFC, 0x00, 0x3F, 0xF8, 0x00, 0x00,
    0x7B, 0xBC, 0x00, 0x00, 0xF3, 0x9F, 0x00, 0x03, 0xE3, 0x8F, 0x80, 0x07, 0xC3, 0x87, 0xE0, 0x1F,
    0x83, 0x83, 0xF8, 0x7F, 0x03, 0x80, 0xFE, 0xFC, 0x00, 0x00, 0x7E, 0x73, 0xFF, 0xFF, 0x9C, 0x03,
    0xFF, 0xFF, 0x80, 0x03, 0x80, 0x03, 0x80, 0x03, 0x80, 0x03, 0x80, 0x03, 0xFF, 0xFF, 0x80, 0x03,
    0xFF, 0xFF, 0x80, 0x03, 0x80, 0x03, 0x80, 0x03, 0x80, 0x03, 0x80, 0x03, 0x80, 0x03, 0x80, 0x03,
    0xFF, 0xFF, 0x80, 0x03, 0xFF, 0xFF, 0x80, 0x00, 0x00, 0x00, 0x00, 0x7F, 0xFF, 0xFF, 0xFC, 0x7F,
    0xFF, 0xFF, 0xFC, 0x7F, 0xFF, 0xFF, 0xFC, 0x00, 0x00, 0x00, 0x00, 0x03, 0xC0, 0x00, 0x00, 0x03,
    0xC0, 0x00, 0x00, 0x03, 0xC1, 0xFF, 0xFC, 0x03, 0xC1, 0xFF, 0xFC, 0x03, 0xC1, 0xFF, 0xFC, 0x03,
    0xC0, 0x00, 0x00, 0x03, 0xC0, 0x00, 0x00, 0x7F, 0xFC, 0x00, 0x00, 0x7F, 0xFC, 0x00, 0x00, 0x7F,
    0xFC, 0x00, 0x00, 0x07, 0xC3, 0xFF, 0xFF, 0x07, 0xE3, 0xFF, 0xFF, 0x07, 0xE3, 0xFF, 0xFF, 0x0F,
    0xF0, 0x07, 0x00, 0x0F, 0xF8, 0x07, 0x00, 0x0F, 0xFC, 0x07, 0x00, 0x1F, 0xDC, 0x07, 0x00, 0x1F,
    0xD8, 0xE7, 0x38, 0x3B, 0xC1, 0xE7, 0x38, 0x3B, 0xC1, 0xC7, 0x3C, 0x73, 0xC1, 0xC7, 0x1C, 0x73,
    0xC3, 0xC7, 0x1C, 0x63, 0xC3, 0x87, 0x0E, 0x23, 0xC3, 0x87, 0x0E, 0x03, 0xC7, 0x07, 0x0F, 0x03,
    0xCF, 0x07, 0x07, 0x03, 0xCE, 0x07, 0x07, 0x03, 0xC6, 0x07, 0x07, 0x03, 0xC0, 0x7F, 0x00, 0x03,
    0xC0, 0x7F, 0x00, 0x03, 0xC0, 0x7E, 0x00, 0x00, 0x00, 0x00, 0x00, 0x00, 0x00, 0x00, 0x00, 0x0E,
    0x01, 0x00, 0xE0, 0x1C, 0x07, 0x01, 0xC0, 0x38, 0x0F, 0x07, 0x80, 0x70, 0x0E, 0x0E, 0x00, 0xE0,
    0x1E, 0x3C, 0x01, 0xC0, 0x1C, 0x70, 0x3F, 0xF8, 0x39, 0xE0, 0x7F, 0xF7, 0xFF, 0xFC, 0xFF, 0xEF,
    0xFF, 0xF8, 0x1C, 0x1F, 0xFF, 0xF0, 0x3C, 0x00, 0x00, 0x00, 0xF8, 0x00, 0x00, 0x01, 0xF8, 0x00,
    0x00, 0x03, 0xF8, 0x00, 0x00, 0x0F, 0xF0, 0x00, 0x00, 0x1F, 0x70, 0x00, 0x00, 0x3E, 0xE0, 0x00,
    0x00, 0xFC, 0xCF, 0xFF, 0xC1, 0xF8, 0x1F, 0xFF, 0x87, 0x70, 0x3F, 0xFF, 0x1E, 0xE0, 0x00, 0x00,
    0x39, 0xC0, 0x00, 0x00, 0x73, 0x80, 0x00, 0x00, 0x47, 0x00, 0x00, 0x00, 0x0E, 0x00, 0x00, 0x00,
    0x1C, 0x00, 0x00, 0x00, 0x38, 0x00, 0x00, 0x00, 0x71, 0xFF, 0xFF, 0xE0, 0xE3, 0xFF, 0xFF, 0xC1,
    0xC7, 0xFF, 0xFF, 0x83, 0x80, 0x00, 0x00, 0x03, 0x00, 0x00, 0x00, 0x00, 0x00, 0x00, 0x00, 0x01,
    0xC0, 0x0E, 0x00, 0x00, 0xE0, 0x07, 0x80, 0x00, 0x70, 0x01, 0xE0, 0x00, 0x38, 0x00, 0x70, 0x00,
    0x1C, 0x00, 0x38, 0x00, 0x0E, 0x1F, 0xFF, 0xFC, 0x07, 0x0F, 0xFF, 0xFE, 0x3F, 0xFF, 0xFF, 0xFF,
    0x1F, 0xFC, 0x30, 0x70, 0x0F, 0xFE, 0x1C, 0x3C, 0x00, 0xF0, 0x1E, 0x1E, 0x00, 0x7C, 0x1E, 0x07,
    0x80, 0x3E, 0x1E, 0x01, 0xE0, 0x1F, 0x8F, 0x00, 0x78, 0x1F, 0xCF, 0xC0, 0xFE, 0x0F, 0xFF, 0xE0,
    0xF7, 0x07, 0xDF, 0x70, 0x72, 0x07, 0xEE, 0x1C, 0x38, 0x03, 0x76, 0x0E, 0x3C, 0x03, 0xB8, 0x03,
    0x9C, 0x01, 0xDC, 0x01, 0xFE, 0x01, 0xCE, 0x00, 0x7E, 0x00, 0xE7, 0x00, 0x3F, 0x00, 0x63, 0x80,
    0x0F, 0x00, 0x11, 0xC0, 0x0F, 0xE0, 0x00, 0xE0, 0x1F, 0xF8, 0x00, 0x70, 0x1F, 0x3E, 0x00, 0x38,
    0x3F, 0x0F, 0xC0, 0x1C, 0x3F, 0x03, 0xF8, 0x0E, 0x3E, 0x00, 0x7C, 0x07, 0x0E, 0x00, 0x0C, 0x00,
    0x00, 0x00, 0x00, 0x00, 0x00, 0x00, 0x00, 0x00, 0x0E, 0x07, 0x00, 0x70, 0x1C, 0x0E, 0x01, 0xE0,
    0x38, 0x1E, 0x03, 0x80, 0x70, 0x1C, 0x0F, 0x00, 0xE0, 0x3C, 0x1C, 0x01, 0xC0, 0x38, 0x78, 0x3F,
    0xF7, 0xFF, 0xFE, 0xFF, 0xEF, 0xFF, 0xFD, 0xFF, 0xDF, 0xFF, 0xF8, 0x1C, 0x00, 0x78, 0x00, 0x78,
    0x00, 0xF0, 0x00, 0xF8, 0x01, 0xE0, 0x01, 0xF0, 0x03, 0xC0, 0x07, 0xF1, 0xFF, 0xFE, 0x0F, 0xF3,
    0xFF, 0xFC, 0x1F, 0xE7, 0xFF, 0xF8, 0x7E, 0xE0, 0x3C, 0x00, 0xFD, 0x80, 0x78, 0x01, 0xB8, 0x00,
    0xF0, 0x07, 0x70, 0x01, 0xE0, 0x1E, 0xE3, 0xFF, 0xFF, 0xF9, 0xC7, 0xFF, 0xFF, 0xF3, 0x8F, 0xFF,
    0xFF, 0x47, 0x00, 0x1E, 0x00, 0x0E, 0x00, 0x3C, 0x00, 0x1C, 0x00, 0x78, 0x00, 0x38, 0x00, 0xF0,
    0x00, 0x70, 0x01, 0xE0, 0x00, 0xE0, 0x03, 0xC0, 0x01, 0xC0, 0x07, 0x80, 0x03, 0x80, 0x0F, 0x00,
    0x00, 0x00, 0x00, 0x00, 0x00, 0x00, 0x00, 0x00, 0x07, 0x00, 0x1E, 0x00, 0x07, 0x00, 0x1E, 0x00,
    0x07, 0x00, 0x0E, 0x00, 0x07, 0x00, 0x0F, 0x00, 0x07, 0x0F, 0xFF, 0xFE, 0x07, 0x0F, 0xFF, 0xFE,
    0x7F, 0xFF, 0xFF, 0xFE, 0x7F, 0xF0, 0x3C, 0x00, 0x7F, 0xF0, 0x78, 0x00, 0x07, 0x00, 0x70, 0x00,
    0x0F, 0x00, 0xF0, 0xF0, 0x0F, 0x81, 0xE0, 0xE0, 0x0F, 0xC3, 0xC1, 0xE0, 0x0F, 0xC7, 0xFF, 0xC0,
    0x1F, 0xE7, 0xFF, 0x80, 0x1F, 0x77, 0xFF, 0x00, 0x3F, 0x70, 0x1E, 0x1C, 0x3F, 0x20, 0x3E, 0x3C,
    0x77, 0x00, 0x78, 0x78, 0x77, 0x01, 0xF0, 0x78, 0xF7, 0x07, 0xE0, 0xF0, 0xE7, 0x0F, 0xC1, 0xE0,
    0xE7, 0x07, 0x03, 0xC0, 0x47, 0x04, 0x0F, 0xC0, 0x07, 0x00, 0x1F, 0xE0, 0x07, 0x00, 0x7F, 0xF0,
    0x07, 0x00, 0xFC, 0xF8, 0x07, 0x07, 0xF0, 0x7C, 0x07, 0x1F, 0xE0, 0x3E, 0x07, 0x1F, 0x80, 0x1E,
    0x07, 0x1C, 0x00, 0x0C, 0x00, 0x00, 0x00, 0x00, 0x00, 0x00, 0x00, 0x00, 0x01, 0xC0, 0x0E, 0x00,
    0x00, 0xE0, 0x0F, 0x00, 0x00, 0x70, 0x07, 0x00, 0x00, 0x38, 0x07, 0xFF, 0x00, 0x1C, 0x03, 0xFF,
    0xE0, 0x0E, 0x03, 0xFF, 0xE0, 0x07, 0x03, 0xC0, 0x70, 0x7F, 0xFF, 0xF0, 0x70, 0x3F, 0xFF, 0xFC,
    0x78, 0x0F, 0xFF, 0xEE, 0x38, 0x00, 0x71, 0xE7, 0xBC, 0x00, 0x7C, 0x61, 0xFC, 0x00, 0x3F, 0x00,
    0x7C, 0x00, 0x1F, 0xC0, 0x3F, 0x00, 0x0F, 0xE0, 0x3F, 0xC0, 0x0F, 0xF8, 0x7D, 0xF8, 0x07, 0xDE,
    0x7C, 0x7F, 0x07, 0xE6, 0xFC, 0x1F, 0xE3, 0xF3, 0xFF, 0xFF, 0xE3, 0xB9, 0xFF, 0xFF, 0xF1, 0xDC,
    0x7F, 0xFF, 0xE1, 0xEE, 0x07, 0x00, 0x70, 0xE7, 0x03, 0x80, 0x38, 0x73, 0x81, 0xC0, 0x1C, 0x11,
    0xC0, 0xE0, 0x0E, 0x00, 0xE0, 0x70, 0x07, 0x00, 0x70, 0x38, 0x03, 0x80, 0x38, 0x1F, 0xFF, 0xC0,
    0x1C, 0x0F, 0xFF, 0xE0, 0x0E, 0x07, 0xFF, 0xF0, 0x07, 0x03, 0x80, 0x38, 0x01, 0x81, 0xC0, 0x18,
    0x00, 0x01, 0x00, 0x00, 0x00, 0x01, 0xC0, 0x00, 0x00, 0x00, 0xE0, 0x00, 0x00, 0x00, 0x70, 0xFF,
    0xFF, 0xE0, 0x38, 0x7F, 0xFF, 0xF0, 0x1C, 0x3F, 0xFF, 0xF8, 0x0E, 0x1C, 0x00, 0x00, 0x07, 0x0E,
    0x00, 0x00, 0x7F, 0xFF, 0x7F, 0xFE, 0x3F, 0xFF, 0xBF, 0xFF, 0x1F, 0xFD, 0xDF, 0xFF, 0x80, 0xF0,
    0xE0, 0x70, 0x00, 0x7C, 0x70, 0x38, 0x00, 0x3F, 0x38, 0x1C, 0x00, 0x3F, 0xDC, 0x0E, 0x00, 0x1F,
    0xFE, 0xFF, 0xF8, 0x0F, 0xBF, 0x7F, 0xFC, 0x0F, 0xDF, 0x9F, 0xFE, 0x07, 0xE5, 0xC0, 0xE0, 0x07,
    0x70, 0xE0, 0x70, 0x03, 0xB8, 0x70, 0x38, 0x03, 0xDC, 0x38, 0x1C, 0x01, 0xCE, 0x1D, 0xFF, 0xF8,
    0xE7, 0x0F, 0xFF, 0xFC, 0x63, 0x87, 0xFF, 0xFE, 0x01, 0xC3, 0x80, 0x00, 0x00, 0xE1, 0xC0, 0x00,
    0x00, 0x70, 0xE0, 0x00, 0x00, 0x38, 0x7F, 0xFF, 0xF0, 0x1C, 0x3F, 0xFF, 0xF8, 0x0E, 0x1F, 0xFF,
    0xFC, 0x07, 0x00, 0x00, 0x00, 0x01, 0x00, 0x00, 0x00, 0x07, 0x00, 0x1C, 0x00, 0x0E, 0x00, 0x38,
    0x00, 0x1C, 0x38, 0x70, 0x70, 0x38, 0x70, 0xE1, 0xE0, 0x70, 0x71, 0xC3, 0x80, 0xE0, 0xE3, 0x87,
    0x01, 0xC1, 0xE7, 0x1E, 0x7F, 0xF9, 0xCE, 0x38, 0xFF, 0xF3, 0x9C, 0x71, 0xFF, 0xE7, 0xB9, 0xC0,
    0x3C, 0x04, 0x73, 0x80, 0x7C, 0x00, 0xE0, 0x00, 0xF8, 0xFF, 0xFF, 0xC1, 0xF9, 0xFF, 0xFF, 0x87,
    0xFB, 0xFF, 0xFF, 0x0F, 0xF8, 0x00, 0x0E, 0x3F, 0x70, 0x00, 0x1C, 0x7E, 0xE0, 0x00, 0x38, 0xDC,
    0x80, 0x00, 0x73, 0xB8, 0x7F, 0xFF, 0xE7, 0x70, 0xFF, 0xFF, 0xDC, 0xE1, 0xFF, 0xFF, 0xB9, 0xC0,
    0x00, 0x07, 0x63, 0x80, 0x00, 0x0E, 0x47, 0x00, 0x00, 0x1C, 0x0E, 0x00, 0x00, 0x38, 0x1C, 0x7F,
    0xFF, 0xF0, 0x38, 0xFF, 0xFF, 0xE0, 0x71, 0xFF, 0xFF, 0xC0, 0xE0, 0x00, 0x03, 0x81, 0xC0, 0x00,
    0x07, 0x03, 0x80, 0x00, 0x00, 0x00, 0x00, 0x00, 0x00, 0x03, 0x80, 0x3C, 0x00, 0x03, 0x80, 0x38,
    0x00, 0x03, 0x80, 0x78, 0x00, 0x07, 0x00, 0x7F, 0xF8, 0x07, 0x70, 0xFF, 0xF8, 0x0F, 0x71, 0xE0,
    0x70, 0x0E, 0x73, 0xE0, 0xF0, 0x1E, 0x7F, 0xF1, 0xE0, 0x1E, 0x77, 0x7B, 0xC0, 0x3E, 0x72, 0x3F,
    0x80, 0x3E, 0x70, 0x1F, 0x00, 0x7E, 0x70, 0x3F, 0x80, 0xFE, 0x70, 0xFF, 0xE0, 0xFE, 0x77, 0xF1,
    0xFE, 0xEE, 0x7F, 0xE0, 0x7E, 0x4E, 0x7F, 0x0E, 0x1E, 0x0E, 0x74, 0x0E, 0x00, 0x0E, 0x70, 0x0E,
    0x00, 0x0E, 0x77, 0xFF, 0xFC, 0x0E, 0x77, 0xFF, 0xFC, 0x0E, 0x77, 0xFF, 0xFC, 0x0E, 0x71, 0x8E,
    0x20, 0x0E, 0x71, 0xCE, 0xF0, 0x0E, 0x73, 0xCE, 0x70, 0x0E, 0x73, 0x8E, 0x38, 0x0E, 0x77, 0x8E,
    0x3C, 0x0E, 0x0F, 0x0E, 0x1C, 0x0E, 0x1E, 0x0E, 0x0E, 0x0E, 0x1C, 0x7E, 0x0C, 0x0E, 0x08, 0x7E,
    0x00, 0x0E, 0x00, 0x7C, 0x00, 0x0C, 0x00, 0x00, 0x00, 0x00, 0x00, 0x00, 0x00, 0x07, 0x00, 0x1C,
    0x00, 0x07, 0x00, 0x3C, 0x00, 0x07, 0x00, 0x3C, 0x00, 0x07, 0x00, 0x7E, 0x00, 0x07, 0x00, 0xFF,
    0x00, 0x07, 0x00, 0xE7, 0x80, 0x7F, 0xE1, 0xE3, 0xC0, 0xFF, 0xE3, 0xC1, 0xE0, 0xFF, 0xE7, 0x80,
    0xF0, 0x0F, 0x0F, 0x00, 0x78, 0x0F, 0x3F, 0xFF, 0xFE, 0x0F, 0x7F, 0xFF, 0xDE, 0x1F, 0xFB, 0xFF,
    0xCE, 0x1F, 0xF0, 0x00, 0x04, 0x1F, 0xC0, 0x00, 0x00, 0x1F, 0xE0, 0x18, 0x18, 0x3F, 0xEE, 0x38,
    0x38, 0x3F, 0x6E, 0x18, 0x38, 0x77, 0x0E, 0x1C, 0x38, 0x77, 0x07, 0x1C, 0x70, 0xE7, 0x07, 0x1C,
    0x70, 0xE7, 0x07, 0x1C, 0xE0, 0xC7, 0x03, 0x8C, 0xE0, 0x47, 0x03, 0x8D, 0xC0, 0x07, 0x03, 0x01,
    0xC0, 0x07, 0x00, 0x03, 0x80, 0x07, 0x00, 0x03, 0x80, 0x07, 0x3F, 0xFF, 0xFE, 0x07, 0x3F, 0xFF,
    0xFE, 0x07, 0x3F, 0xFF, 0xFC, 0x07, 0x00, 0x00, 0x00, 0x00, 0x00, 0x00, 0x00, 0x0E, 0x00, 0x38,
    0x20, 0x1C, 0x1C, 0x70, 0xE0, 0x38, 0x38, 0xE1, 0xC0, 0x70, 0x79, 0xC7, 0x00, 0xE0, 0x73, 0x9E,
    0x01, 0xC0, 0xF7, 0x38, 0x3F, 0xE0, 0xCE, 0x70, 0xFF, 0xFF, 0xFF, 0xFD, 0xFF, 0xFF, 0xFF, 0xF8,
    0x3C, 0x01, 0xFE, 0x00, 0x78, 0x07, 0xFE, 0x00, 0xF0, 0x1F, 0xDE, 0x01, 0xF0, 0xFB, 0x9F, 0x07,
    0xF7, 0xE7, 0x1F, 0x8F, 0xEF, 0x0E, 0x0F, 0x1F, 0xFC, 0x3C, 0x0C, 0x7F, 0xC0, 0xF0, 0x00, 0xFD,
    0x01, 0xC0, 0x03, 0xB8, 0xFF, 0xFF, 0xF7, 0x71, 0xFF, 0xFF, 0xFE, 0xE3, 0xFF, 0xFF, 0xB9, 0xC0,
    0x70, 0x78, 0x73, 0x81, 0xE0, 0xE0, 0x47, 0x07, 0xC3, 0xC0, 0x0E, 0x0F, 0xFF, 0x00, 0x1C, 0x07,
    0xFC, 0x00, 0x38, 0x01, 0xFC, 0x00, 0x70, 0x1F, 0xFF, 0x00, 0xE3, 0xFF, 0x3F, 0x81, 0xCF, 0xF8,
    0x1F, 0x03, 0x8F, 0x80, 0x0C, 0x00, 0x00, 0x00, 0x00, 0x00, 0x00, 0x0C, 0x00, 0x0E, 0x00, 0x38,
    0x00, 0x1C, 0x00, 0x70, 0x00, 0x38, 0x7F, 0xFF, 0xC0, 0x70, 0xFF, 0xFF, 0x80, 0xE1, 0xC3, 0x87,
    0x01, 0xC7, 0xFF, 0xFF, 0xBF, 0xFF, 0xFF, 0xFF, 0x7F, 0xEE, 0x1C, 0x38, 0xFF, 0xDC, 0x38, 0x70,
    0x3C, 0x3F, 0xFF, 0xE0, 0x78, 0x7F, 0xFF, 0xC0, 0xF0, 0x01, 0xC0, 0x01, 0xF0, 0x03, 0x80, 0x07,
    0xF3, 0xFF, 0xFF, 0x0F, 0xE7, 0xFF, 0xFE, 0x1F, 0xEE, 0x1C, 0x1C, 0x7F, 0xDF, 0xFF, 0xF8, 0xFD,
    0x3F, 0xFF, 0xF3, 0xB8, 0x03, 0x80, 0x07, 0x70, 0x0F, 0x00, 0x1C, 0xE7, 0xFF, 0xFF, 0xF9, 0xCF,
    0xFF, 0xFF, 0xF3, 0x81, 0xE0, 0x70, 0x47, 0x03, 0x81, 0xE0, 0x0E, 0x0F, 0x03, 0x80, 0x1C, 0x1F,
    0xEE, 0x00, 0x38, 0x1F, 0xFC, 0x00, 0x70, 0x07, 0xFE, 0x00, 0xE1, 0xFF, 0xFF, 0x01, 0xCF, 0xFC,
    0x3F, 0x03, 0x9F, 0xC0, 0x1E, 0x00, 0x00, 0x00, 0x00, 0x02, 0x00, 0x00, 0x00, 0x07, 0x00, 0x00,
    0x00, 0x07, 0x1F, 0xFF, 0xFE, 0x07, 0x1F, 0xFF, 0xFE, 0x07, 0x00, 0x73, 0x80, 0x07, 0x00, 0x73,
    0x80, 0x07, 0x00, 0x73, 0x80, 0x07, 0x0F, 0xFF, 0xFE, 0xFF, 0xFF, 0xFF, 0xFE, 0xFF, 0xFE, 0x73,
    0x8E, 0x7F, 0xFE, 0x73, 0x8E, 0x0F, 0x0E, 0x73, 0x8E, 0x0F, 0x0E, 0x73, 0x8E, 0x0F, 0x8F, 0xFF,
    0xFE, 0x0F, 0x8F, 0xFF, 0xFE, 0x1F, 0xC0, 0x00, 0x00, 0x1F, 0xE0, 0x00, 0x00, 0x1F, 0xE7, 0xFF,
    0xFC, 0x3F, 0x77, 0xFF, 0xFC, 0x3F, 0x70, 0x00, 0x00, 0x77, 0x20, 0x00, 0x00, 0x77, 0x00, 0x00,
    0x00, 0xE7, 0x1F, 0xFF, 0xFE, 0xE7, 0x1F, 0xFF, 0xFE, 0xC7, 0x00, 0x0E, 0x00, 0x47, 0x03, 0x8E,
    0x70, 0x07, 0x07, 0x8E, 0x78, 0x07, 0x0F, 0x0E, 0x3C, 0x07, 0x1E, 0x0E, 0x1E, 0x07, 0x3C, 0x0E,
    0x0E, 0x07, 0x18, 0xFE, 0x06, 0x07, 0x00, 0xFC, 0x00, 0x00, 0x00, 0x00, 0x00, 0x00, 0x00, 0x00,
    0x00, 0x0F, 0x00, 0xE1, 0xC0, 0x0F, 0x00, 0xE1, 0xC0, 0x0F, 0x01, 0xE1, 0xC0, 0x0F, 0x1F, 0xFF,
    0xFE, 0x0F, 0x1F, 0xFF, 0xFE, 0x0F, 0x00, 0xE1, 0xC0, 0x7F, 0xE0, 0xE1, 0xC0, 0xFF, 0xE0, 0xC1,
    0xC0, 0xFF, 0xEF, 0xFF, 0xF8, 0x0F, 0x0F, 0xFF, 0xF8, 0x0F, 0x0E, 0x00, 0x38, 0x0F, 0x0E, 0x00,
    0x38, 0x0F, 0x8F, 0xFF, 0xF8, 0x1F, 0xCF, 0xFF, 0xF8, 0x1F, 0xCE, 0x00, 0x38, 0x1F, 0xEE, 0x00,
    0x38, 0x3F, 0xEE, 0x00, 0x38, 0x3F, 0x6F, 0xFF, 0xF8, 0x7F, 0x4F, 0xFF, 0xF8, 0x7F, 0x00, 0x1C,
    0x00, 0x7F, 0x00, 0x1C, 0x00, 0xEF, 0x00, 0x3C, 0x00, 0xEF, 0x3F, 0xFF, 0xFE, 0xCF, 0x3F, 0xFF,
    0xFE, 0x4F, 0x00, 0x7F, 0x00, 0x0F, 0x00, 0xF7, 0x80, 0x0F, 0x01, 0xF3, 0xC0, 0x0F, 0x03, 0xE1,
    0xE0, 0x0F, 0x1F, 0xC0, 0xFC, 0x0F, 0x7F, 0x00, 0x7E, 0x0F, 0x3C, 0x00, 0x1E, 0x06, 0x00, 0x00,
    0x00, 0x00, 0x00, 0x00, 0x00, 0x07, 0x01, 0x80, 0x70, 0x07, 0x01, 0xC0, 0xF0, 0x07, 0x01, 0xE0,
    0xE0, 0x07, 0x00, 0xE1, 0xC0, 0x07, 0x0F, 0xFF, 0xFE, 0x07, 0x0F, 0xFF, 0xFE, 0x07, 0x00, 0x0E,
    0x00, 0xFF, 0xF0, 0x0E, 0x00, 0xFF, 0xF7, 0xFF, 0xFC, 0x7F, 0xF7, 0xFF, 0xFC, 0x0F, 0x00, 0x0E,
    0x00, 0x0F, 0x00, 0x0E, 0x00, 0x0F, 0x9F, 0xFF, 0xFE, 0x0F, 0x9F, 0xFF, 0xFE, 0x1F, 0xC0, 0x7C,
    0x00, 0x1F, 0xE0, 0x3F, 0x80, 0x1F, 0xF0, 0x07, 0xC0, 0x3F, 0x73, 0xFF, 0xC0, 0x3F, 0x23, 0xFE,
    0x08, 0x77, 0x00, 0x0E, 0x1C, 0x77, 0x00, 0x0F, 0x3C, 0xE7, 0x1F, 0xEF, 0x78, 0xE7, 0x1F, 0xEF,
    0xF0, 0xC7, 0x01, 0xCF, 0xC0, 0x47, 0x01, 0xCF, 0xE0, 0x07, 0x03, 0x8E, 0xF0, 0x07, 0x07, 0x8E,
    0xF8, 0x07, 0x0F, 0x0E, 0x7E, 0x07, 0x3E, 0x0E, 0x1F, 0x07, 0x3C, 0xFE, 0x0E, 0x07, 0x00, 0xFC,
    0x00, 0x00, 0x00, 0x00, 0x00, 0x00, 0x00, 0x00, 0x00, 0x01, 0xC0, 0x38, 0x78, 0x00, 0xE0, 0x1C,
    0x3C, 0x00, 0x70, 0x0E, 0x1E, 0x00, 0x38, 0x7F, 0xFF, 0xF0, 0x1C, 0x3F, 0xFF, 0xF8, 0x0E, 0x01,
    0xC3, 0xC0, 0x07, 0x00, 0xE1, 0xE0, 0x7F, 0xF8, 0x70, 0xF0, 0x3F, 0xFC, 0x38, 0x78, 0x0F, 0xFF,
    0xFF, 0xFF, 0xC0, 0xF1, 0xFF, 0xFF, 0xE0, 0x78, 0x00, 0xF0, 0x00, 0x3C, 0x00, 0x78, 0x00, 0x1F,
    0x1F, 0xFF, 0xF8, 0x1F, 0xCF, 0xFF, 0xFC, 0x0F, 0xE7, 0x0F, 0x0E, 0x07, 0xFB, 0x87, 0x87, 0x07,
    0xEF, 0xC3, 0xC3, 0x83, 0x77, 0xFF, 0xFF, 0xC3, 0xB9, 0x7F, 0xFF, 0xE1, 0xDC, 0x38, 0x78, 0x71,
    0xCE, 0x1C, 0x3C, 0x38, 0xE7, 0x0E, 0x1E, 0x1C, 0x63, 0x87, 0xFF, 0xFE, 0x11, 0xC3, 0xFF, 0xFF,
    0x00, 0xE0, 0x08, 0x00, 0x00, 0x70, 0x1E, 0x1E, 0x00, 0x38, 0x1F, 0x0F, 0xC0, 0x1C, 0x3F, 0x01,
    0xF0, 0x0E, 0x7E, 0x00, 0x7C, 0x07, 0x1C, 0x00, 0x0E, 0x00, 0x00, 0x00, 0x00, 0x00, 0x00, 0x00,
    0x00, 0x00, 0x03, 0x80, 0x0E, 0x10, 0x01, 0xC0, 0xE7, 0x1C, 0x00, 0xE0, 0xE3, 0x8E, 0x00, 0x70,
    0x71, 0xCE, 0x00, 0x38, 0x30, 0xE7, 0x60, 0x1C, 0x3B, 0xF7, 0x30, 0x7F, 0xB9, 0xFB, 0xF8, 0x7F,
    0xFF, 0xDF, 0xF8, 0x3F, 0xFF, 0xCE, 0xFC, 0x03, 0xC6, 0xE7, 0x1F, 0x01, 0xE0, 0xFB, 0x8D, 0xC0,
    0xF0, 0xEF, 0xCE, 0xE0, 0x7C, 0xFF, 0x6F, 0xF0, 0x7E, 0x7F, 0xBF, 0xFC, 0x3F, 0xBE, 0xFF, 0xEC,
    0x1F, 0xE7, 0x0E, 0x78, 0x1F, 0xE3, 0x87, 0x1C, 0x0F, 0xDF, 0xFF, 0xFF, 0xC6, 0xE7, 0xFF, 0xFF,
    0xE7, 0x70, 0x70, 0x71, 0x83, 0xB8, 0x38, 0x38, 0xE1, 0x9C, 0x1E, 0x1C, 0xE0, 0xCE, 0x1F, 0x8E,
    0xF0, 0x07, 0x0F, 0xE3, 0xF0, 0x03, 0x87, 0x79, 0xF0, 0x01, 0xC7, 0x1C, 0xF0, 0xC0, 0xE7, 0x80,
    0xF8, 0x60, 0x73, 0x81, 0xFE, 0x30, 0x3B, 0xC3, 0xF7, 0xF8, 0x1F, 0xC1, 0xE1, 0xFC, 0x0E, 0xC0,
    0xC0, 0x7C, 0x00, 0x00, 0x00, 0x00, 0x00, 0x00, 0x00, 0x00, 0x00, 0x07, 0x01, 0xC1, 0xC0, 0x07,
    0x01, 0xC1, 0xC0, 0x07, 0x01, 0xC1, 0xC0, 0x07, 0x1F, 0xFF, 0xFE, 0x07, 0x1F, 0xFF, 0xFE, 0x07,
    0x01, 0xC1, 0xC0, 0x07, 0x01, 0xC1, 0xC0, 0xFF, 0xF1, 0xFF, 0xC0, 0xFF, 0xF1, 0xFF, 0xC0, 0xFF,
    0xF0, 0x00, 0x00, 0x0F, 0x00, 0x00, 0x00, 0x0F, 0x1F, 0xFF, 0xFE, 0x0F, 0x1F, 0xFF, 0xFE, 0x0F,
    0x80, 0x1C, 0x00, 0x1F, 0xC0, 0x1C, 0x00, 0x1F, 0xEF, 0xFF, 0xFC, 0x1F, 0xEF, 0xFF, 0xFC, 0x3F,
    0xFE, 0x1C, 0x1C, 0x3F, 0x7E, 0x1C, 0x1C, 0x77, 0x2F, 0xFF, 0xFC, 0x77, 0x0F, 0xFF, 0xFC, 0xE7,
    0x0E, 0x1C, 0x1C, 0xE7, 0x0E, 0x1C, 0x1C, 0xC7, 0x0F, 0xFF, 0xFC, 0x47, 0x0F, 0xFF, 0xFC, 0x07,
    0x00, 0xC0, 0xC0, 0x07, 0x03, 0xE1, 0xF0, 0x07, 0x07, 0xE0, 0xF8, 0x07, 0x3F, 0x80, 0x7E, 0x07,
    0x3F, 0x00, 0x1E, 0x07, 0x38, 0x00, 0x0E, 0x00, 0x00, 0x00, 0x00, 0x02, 0x00, 0x0C, 0x00, 0x0E,
    0x0C, 0x38, 0x70, 0x1C, 0x1C, 0x70, 0xE0, 0x38, 0x3C, 0xE3, 0x80, 0x70, 0x39, 0xCF, 0x00, 0xE0,
    0x73, 0x9C, 0x01, 0xC7, 0xFF, 0xFF, 0x83, 0x8F, 0xFF, 0xFF, 0xFF, 0xFC, 0x00, 0x0F, 0xFF, 0xF8,
    0x00, 0x1D, 0xFF, 0xF0, 0x00, 0x38, 0x78, 0xFF, 0xFF, 0xF0, 0xF0, 0x3F, 0xFF, 0x01, 0xE0, 0x70,
    0x0E, 0x03, 0xE0, 0xE0, 0x1C, 0x0F, 0xC1, 0xC0, 0x38, 0x1F, 0xC3, 0xFF, 0xF0, 0x3F, 0xC7, 0xFF,
    0xE0, 0xFF, 0x80, 0x00, 0x01, 0xBB, 0x80, 0x00, 0x07, 0x76, 0xFF, 0xFF, 0xCE, 0xE1, 0xFF, 0xFF,
    0xB9, 0xC3, 0x87, 0x07, 0x73, 0x87, 0x0E, 0x0E, 0xC7, 0x0F, 0xFF, 0xFC, 0x8E, 0x1F, 0xFF, 0xF8,
    0x1C, 0x38, 0x70, 0x70, 0x38, 0x70, 0xE0, 0xE0, 0x70, 0xE1, 0xC1, 0xC0, 0xE1, 0xFF, 0xFF, 0x81,
    0xC3, 0xFF, 0xFF, 0x03, 0x87, 0x00, 0x0E, 0x00, 0x0C, 0x00, 0x08, 0x00, 0x00, 0x10, 0x00, 0x06,
    0x00, 0x3C, 0x00, 0x06, 0x00, 0x3C, 0x00, 0x06, 0x00, 0x7E, 0x00, 0x06, 0x00, 0xFF, 0x00, 0x06,
    0x01, 0xEF, 0x80, 0x06, 0x03, 0xC3, 0xE0, 0x7F, 0xCF, 0x81, 0xF8, 0x7F, 0xDF, 0x00, 0xFE, 0x7F,
    0xFF, 0xFF, 0xFE, 0x0E, 0x3D, 0xFF, 0x8E, 0x0E, 0x10, 0x00, 0x00, 0x0F, 0x00, 0x00, 0x00, 0x1F,
    0x1F, 0xE7, 0xF8, 0x1F, 0x9F, 0xE7, 0xF8, 0x1F, 0x9C, 0x66, 0x38, 0x3F, 0xDC, 0x66, 0x38, 0x3E,
    0xFC, 0x66, 0x38, 0x36, 0xDC, 0x66, 0x38, 0x76, 0x5F, 0xE7, 0xF8, 0x76, 0x1F, 0xE7, 0xF8, 0xE6,
    0x00, 0x00, 0x00, 0xE6, 0x03, 0x81, 0xC0, 0xE6, 0x03, 0x81, 0xC0, 0x46, 0x07, 0x01, 0xC0, 0x06,
    0x07, 0x83, 0xC0, 0x06, 0x0F, 0xC3, 0xE0, 0x06, 0x1F, 0xE7, 0xF8, 0x06, 0x3C, 0xFF, 0x7C, 0x06,
    0x78, 0x7E, 0x3E, 0x06, 0xF0, 0x3E, 0x0E, 0x06, 0x60, 0x18, 0x04, 0x00, 0x00, 0x00, 0x00, 0x00,
    0x00, 0x00, 0x00, 0x00, 0x03, 0x80, 0x00, 0x00, 0x07, 0x80, 0x00, 0x30, 0x07, 0x80, 0x00, 0x78,
    0x07, 0x00, 0x00, 0x7E, 0x07, 0x00, 0x00, 0x1F, 0x0F, 0xFF, 0xF8, 0x0F, 0x8F, 0xFF, 0xFC, 0x07,
    0x8F, 0xFF, 0xFC, 0x01, 0x1E, 0x00, 0x3C, 0x00, 0x1C, 0x38, 0x38, 0x00, 0x3C, 0x38, 0x38, 0x00,
    0x3C, 0x38, 0x78, 0x00, 0x78, 0x38, 0x70, 0x00, 0xF0, 0x78, 0x70, 0x00, 0x70, 0x78, 0xE0, 0x01,
    0x00, 0x78, 0x60, 0x03, 0x80, 0x7C, 0x00, 0x03, 0x80, 0x7C, 0x00, 0x07, 0x80, 0x7C, 0x00, 0x0F,
    0x00, 0xFE, 0x00, 0x0F, 0x00, 0xFE, 0x00, 0x1E, 0x01, 0xEF, 0x00, 0x3C, 0x01, 0xE7, 0x00, 0x3C,
    0x03, 0xC7, 0x80, 0x78, 0x07, 0x83, 0xC0, 0xF8, 0x0F, 0x83, 0xE0, 0x70, 0x1F, 0x01, 0xF0, 0x20,
    0x7E, 0x00, 0xF8, 0x00, 0xFC, 0x00, 0x7E, 0x01, 0xF0, 0x00, 0x3E, 0x00, 0xE0, 0x00, 0x0C, 0x00,
    0x00, 0x00, 0x00, 0x00, 0x00, 0x00, 0x00, 0x01, 0x04, 0x0F, 0x00, 0x01, 0xEF, 0x07, 0x00, 0x00,
    0xE3, 0xC3, 0x80, 0x00, 0xF0, 0xF1, 0xC0, 0x00, 0x70, 0x78, 0xE0, 0x00, 0x78, 0x1E, 0xFF, 0xF8,
    0x79, 0x87, 0xFF, 0xFE, 0x78, 0xE1, 0x3F, 0xFF, 0x18, 0x70, 0x3C, 0xC3, 0x80, 0x7C, 0x1C, 0x71,
    0xC0, 0x7F, 0x1E, 0x39, 0xE0, 0x3B, 0xCE, 0x3C, 0xE0, 0x3C, 0xFF, 0x1C, 0x70, 0x3C, 0x3F, 0x0E,
    0x38, 0x1C, 0x0E, 0x07, 0x18, 0x1E, 0x07, 0x83, 0xC0, 0x1E, 0x01, 0xE1, 0xE0, 0x1F, 0xFF, 0xE0,
    0xF0, 0x0F, 0xFF, 0xE0, 0x78, 0x02, 0xFF, 0xF0, 0x7E, 0x00, 0x70, 0x78, 0x3F, 0x00, 0x38, 0x3C,
    0x1F, 0x80, 0x1C, 0x1E, 0x1F, 0xE0, 0x0E, 0x0F, 0x0E, 0x70, 0x07, 0x07, 0x8F, 0x3C, 0x03, 0x83,
    0xC7, 0x0E, 0x01, 0xFF, 0xE7, 0x87, 0x80, 0xFF, 0xF7, 0x81, 0xE0, 0x7F, 0xFF, 0x80, 0x78, 0x38,
    0x03, 0xC0, 0x3C, 0x1C, 0x01, 0xC0, 0x0C, 0x00, 0x00, 0x00, 0x00, 0x00, 0x00, 0x01, 0xE0, 0x00,
    0x00, 0x03, 0xC0, 0x00, 0x00, 0x07, 0x80, 0x00, 0x00, 0x0F, 0x00, 0x00, 0x00, 0x1E, 0x00, 0x00,
    0x00, 0x3C, 0x00, 0x00, 0x00, 0x78, 0x00, 0x03, 0x80, 0xF0, 0x00, 0x07, 0x01, 0xE0, 0x00, 0x0E,
    0x03, 0xC0, 0x00, 0x1C, 0x07, 0x80, 0x00, 0x38, 0x0F, 0xFF, 0xC0, 0x70, 0x1F, 0xFF, 0xC0, 0xE0,
    0x3F, 0xFF, 0x81, 0xC0, 0x78, 0x00, 0x03, 0x80, 0xF0, 0x00, 0x07, 0x01, 0xE0, 0x00, 0x0E, 0x03,
    0xC0, 0x00, 0x1C, 0x07, 0x80, 0x00, 0x38, 0x0F, 0x00, 0x00, 0x70, 0x1E, 0x00, 0x00, 0xE0, 0x3C,
    0x00, 0x01, 0xC0, 0x78, 0x00, 0x03, 0x80, 0xF0, 0x00, 0x07, 0x01, 0xE0, 0x00, 0x0E, 0x03, 0xC0,
    0x00, 0x1C, 0x07, 0x80, 0x07, 0xFF, 0xFF, 0xFF, 0xFF, 0xFF, 0xFF, 0xFF, 0xFF, 0xFF, 0xFF, 0xFF,
    0xC0, 0x3F, 0xFF, 0xFF, 0xFC, 0x7F, 0xFF, 0xFF, 0xF8, 0xFF, 0xFF, 0xFF, 0xF0, 0x00, 0x0E, 0x00,
    0x00, 0x00, 0x1C, 0x00, 0x00, 0x00, 0x38, 0x00, 0x00, 0x00, 0x70, 0x00, 0x00, 0x00, 0xE0, 0x00,
    0x00, 0x01, 0xC0, 0x00, 0x0E, 0x03, 0x80, 0x00, 0x1C, 0x07, 0x00, 0x00, 0x38, 0x0E, 0x00, 0x00,
    0x70, 0x1F, 0xFF, 0x80, 0xE0, 0x3F, 0xFF, 0x01, 0xC0, 0x7F, 0xFC, 0x03, 0x80, 0xE0, 0x00, 0x07,
    0x01, 0xC0, 0x00, 0x0E, 0x03, 0x80, 0x00, 0x1C, 0x07, 0x00, 0x00, 0x38, 0x0E, 0x00, 0x00, 0x70,
    0x1C, 0x00, 0x00, 0xE0, 0x38, 0x00, 0x01, 0xC0, 0x70, 0x00, 0x03, 0x80, 0xE0, 0x00, 0x07, 0x01,
    0xC0, 0x01, 0xFF, 0xFF, 0xFF, 0xFF, 0xFF, 0xFF, 0xFF, 0xFB, 0xFF, 0xFF, 0xFF, 0xF0, 0x00, 0x00,
    0x00, 0x00, 0x00, 0x70, 0x38, 0x00, 0x00, 0x70, 0x38, 0x00, 0x00, 0x70, 0x38, 0x00, 0x00, 0x70,
    0x38, 0x00, 0x00, 0x70, 0x38, 0x00, 0x00, 0x70, 0x38, 0x00, 0x00, 0x70, 0x38, 0x00, 0x1C, 0x70,
    0x38, 0x08, 0x1C, 0x70, 0x38, 0x3C, 0x1C, 0x70, 0x38, 0x7C, 0x1C, 0x7F, 0xB9, 0xFC, 0x1C, 0x7F,
    0xBB, 0xF0, 0x1C, 0x7F, 0xBF, 0xC0, 0x1C, 0x70, 0x3F, 0x80, 0x1C, 0x70, 0x3E, 0x00, 0x1C, 0x70,
    0x38, 0x00, 0x1C, 0x70, 0x38, 0x00, 0x1C, 0x70, 0x38, 0x00, 0x1C, 0x70, 0x38, 0x00, 0x1C, 0x70,
    0x38, 0x00, 0x1C, 0x70, 0x38, 0x00, 0x1C, 0x70, 0x38, 0x04, 0x1C, 0x70, 0x38, 0x06, 0x1C, 0x70,
    0x38, 0x0F, 0x1C, 0x70, 0x38, 0x0F, 0x1C, 0x77, 0xB8, 0x0E, 0x1D, 0xFF, 0xB8, 0x0E, 0x7F, 0xFF,
    0xBF, 0xFE, 0xFF, 0xFC, 0x1F, 0xFE, 0xFF, 0x80, 0x1F, 0xFC, 0x70, 0x00, 0x00, 0x00, 0x00, 0x03,
    0xC0, 0x00, 0x00, 0x07, 0x80, 0x00, 0x0E, 0x0F, 0x00, 0x00, 0x1C, 0x1F, 0xFF, 0x00, 0x38, 0x3F,
    0xFF, 0x00, 0x70, 0x7F, 0xFE, 0x00, 0xE0, 0xF0, 0x00, 0x01, 0xC1, 0xE0, 0x00, 0x03, 0x83, 0xC0,
    0x00, 0x07, 0x07, 0x80, 0x01, 0xFF, 0xFF, 0xFF, 0xFB, 0xFF, 0xFF, 0xFF, 0xF7, 0xFF, 0xFF, 0xFF,
    0xC0, 0x00, 0x70, 0x00, 0x00, 0x38, 0xE0, 0x18, 0x00, 0xF1, 0xC0, 0x78, 0x03, 0xC3, 0x80, 0xE0,
    0x07, 0x87, 0x03, 0xC0, 0x1E, 0x0E, 0x0F, 0x00, 0x78, 0x1C, 0x3C, 0x03, 0xE0, 0x38, 0xF8, 0x07,
    0x80, 0x73, 0xE0, 0x06, 0x00, 0xFF, 0x80, 0x00, 0x01, 0xFE, 0x00, 0x00, 0x03, 0xF0, 0x00, 0x00,
    0x3F, 0xC0, 0x00, 0x03, 0xFE, 0x00, 0x00, 0x7F, 0xF0, 0x00, 0x07, 0xFF, 0x80, 0x00, 0x0F, 0xF8,
    0x00, 0x00, 0x1F, 0x00, 0x00, 0x00, 0x00, 0x1F, 0xFF, 0xFF, 0xFC, 0x3F, 0xFF, 0xFF, 0xFC, 0x7F,
    0xFF, 0xFF, 0xF8, 0xE0, 0x00, 0x00, 0x01, 0xC1, 0xF0, 0x3F, 0x03, 0xFF, 0xE7, 0xFE, 0x07, 0x7E,
    0x0F, 0xE0, 0x0E, 0x1C, 0x01, 0xC0, 0x1C, 0x38, 0x03, 0x80, 0x3F, 0xFF, 0xFF, 0xF8, 0x7F, 0xFF,
    0xFF, 0xF0, 0xE3, 0xE0, 0x7F, 0x01, 0xCF, 0xF1, 0xFF, 0x03, 0xBF, 0xF7, 0xFF, 0x07, 0x7E, 0xFE,
    0xEF, 0x0F, 0xDC, 0xF9, 0xCF, 0x3F, 0x38, 0xE3, 0x8E, 0x7C, 0x30, 0xC7, 0x00, 0xE0, 0x03, 0xC0,
    0x01, 0xC0, 0x07, 0x80, 0x03, 0x87, 0x0F, 0x00, 0x07, 0x0E, 0x1F, 0xFE, 0x0E, 0x1C, 0x3F, 0xFC,
    0x1C, 0x38, 0x78, 0x00, 0x78, 0x70, 0xF0, 0x00, 0xE0, 0xE1, 0xE0, 0x01, 0xC1, 0xC3, 0xC0, 0x07,
    0xBF, 0xFF, 0xFF, 0xFE, 0x7F, 0xFF, 0xFF, 0xEC, 0xFF, 0xFF, 0xFF, 0x80, 0x00, 0x00, 0x00, 0x00,
    0x00, 0x10, 0x00, 0x00, 0x00, 0x78, 0x00, 0x00, 0x03, 0xFC, 0x7F, 0xE0, 0x1F, 0xF0, 0x7F, 0xE0,
    0x1F, 0x80, 0x7F, 0xE0, 0x1C, 0x00, 0x70, 0xE0, 0x1C, 0x00, 0x70, 0xE0, 0x1C, 0x00, 0xF0, 0xE0,
    0x1C, 0x00, 0xE0, 0xE0, 0x1F, 0xF8, 0xE0, 0xE0, 0x1F, 0xF8, 0xE0, 0xE0, 0x1F, 0xF9, 0xE0, 0xE0,
    0x1C, 0x03, 0xC0, 0xFE, 0x1C, 0x07, 0x80, 0xFE, 0x1C, 0x07, 0x00, 0x00, 0x1C, 0x00, 0x00, 0x00,
    0x1F, 0xFB, 0xFF, 0xF8, 0x1F, 0xFB, 0xFF, 0xF8, 0x1F, 0xF9, 0xFF, 0xF0, 0x1C, 0x00, 0xE0, 0x70,
    0x1C, 0x00, 0xE0, 0xF0, 0x1C, 0x00, 0x70, 0xE0, 0x1D, 0xFC, 0x79, 0xE0, 0xFF, 0xFC, 0x3B, 0xC0,
    0xFF, 0xF8, 0x3F, 0x80, 0xFF, 0x00, 0x1F, 0x80, 0xFC, 0x00, 0x1F, 0x80, 0x1C, 0x00, 0x7F, 0xC0,
    0x1C, 0x01, 0xFF, 0xF8, 0x1C, 0x07, 0xF0, 0xFE, 0x1C, 0x0F, 0xE0, 0x7E, 0x1C, 0x07, 0x00, 0x1C,
    0x00, 0x00, 0x00, 0x00, 0x00, 0x80, 0x00, 0x00, 0x03, 0xC0, 0x00, 0x00, 0x07, 0x00, 0x00, 0x00,
    0x1E, 0x00, 0x00, 0x00, 0x3F, 0xFF, 0xFF, 0xC0, 0xFF, 0xFF, 0xFF, 0x83, 0xFF, 0xFF, 0xFF, 0x07,
    0x00, 0x00, 0x00, 0x1E, 0x00, 0x00, 0x00, 0x78, 0x00, 0x00, 0x01, 0xFF, 0xFF, 0xFF, 0x87, 0xDF,
    0xFF, 0xFF, 0x0F, 0x3F, 0xFF, 0xFE, 0x04, 0x71, 0xE0, 0x1C, 0x00, 0xE3, 0xF0, 0x38, 0x03, 0xC1,
    0xF0, 0xF0, 0x07, 0x00, 0xF1, 0xE1, 0xFF, 0xFF, 0xFF, 0xFF, 0xFF, 0xFF, 0xFF, 0xFF, 0xFF, 0xFF,
    0xFF, 0xF0, 0x70, 0xC0, 0x1C, 0x00, 0xE3, 0xE0, 0x38, 0x03, 0xC3, 0xE0, 0x70, 0x07, 0x81, 0xE0,
    0xE0, 0x0E, 0x01, 0xE1, 0xC0, 0x1F, 0xFF, 0xFF, 0xF8, 0x3F, 0xFF, 0xFF, 0xF0, 0x7F, 0xFF, 0xFF,
    0xE0, 0x00, 0x00, 0x3C, 0x00, 0x00, 0x00, 0x70, 0x00, 0x00, 0x1F, 0xE0, 0x00, 0x00, 0x3F, 0x80,
    0x00, 0x00, 0x00, 0x00, 0x38, 0x01, 0xE0, 0x00, 0xE0, 0x07, 0x80, 0x03, 0x80, 0x1E, 0x00, 0x0E,
    0x00, 0x78, 0x00, 0x38, 0x01, 0xE0, 0x00, 0xE0, 0x07, 0x80, 0x03, 0x80, 0x1E, 0x03, 0x0E, 0x00,
    0x78, 0x1C, 0x38, 0x01, 0xE0, 0xF8, 0xE0, 0x07, 0x87, 0xC3, 0xFF, 0x9E, 0x7E, 0x0F, 0xFF, 0x7B,
    0xF0, 0x3F, 0xFD, 0xFF, 0x00, 0xE0, 0x07, 0xF8, 0x03, 0x80, 0x1F, 0x80, 0x0E, 0x00, 0x78, 0x00,
    0x38, 0x01, 0xE0, 0x00, 0xE0, 0x07, 0x80, 0x03, 0x80, 0x1E, 0x00, 0x0E, 0x00, 0x78, 0x00, 0x38,
    0x01, 0xE0, 0x10, 0xE0, 0x07, 0x80, 0x73, 0x80, 0x1E, 0x03, 0xCE, 0x00, 0x78, 0x0F, 0x38, 0x19,
    0xE0, 0x3C, 0xE3, 0xF7, 0x80, 0xE3, 0xFF, 0xDE, 0x03, 0x8F, 0xFE, 0x38, 0x1E, 0x7F, 0xC0, 0xFF,
    0xF9, 0xF8, 0x03, 0xFF, 0xC3, 0x00, 0x03, 0xFE, 0x00, 0x01, 0x00, 0x00, 0x00, 0x0E, 0x00, 0x00,
    0x00, 0x78, 0x00, 0x00, 0x01, 0xFF, 0xFF, 0xFC, 0x0F, 0xFF, 0xFF, 0xF0, 0x78, 0x00, 0x00, 0x03,
    0xC0, 0x00, 0x00, 0x1E, 0xFF, 0xFF, 0xF0, 0xF3, 0xFF, 0xFF, 0xC1, 0x80, 0x00, 0x00, 0x00, 0x00,
    0x00, 0x00, 0x1F, 0xFF, 0xFF, 0xE0, 0x7F, 0xFF, 0xFF, 0x80, 0x00, 0xE0, 0x0E, 0x00, 0x07, 0x80,
    0x38, 0x3F, 0xFF, 0xFE, 0xE0, 0xFF, 0xFF, 0xFB, 0x80, 0x01, 0xE0, 0x0E, 0x00, 0x07, 0x80, 0x38,
    0x0F, 0xFF, 0xFC, 0xE0, 0x3F, 0xFF, 0xF1, 0x80, 0xE0, 0x01, 0xC7, 0x03, 0x80, 0x07, 0x1C, 0x0F,
    0xFF, 0xFC, 0x70, 0x3F, 0xFF, 0xF1, 0xC0, 0x07, 0x38, 0x07, 0x30, 0x38, 0xE0, 0x1C, 0xC0, 0xE3,
    0x82, 0x73, 0x0F, 0x8E, 0x0E, 0xFC, 0xFC, 0x3C, 0x73, 0xFF, 0xE0, 0xFF, 0xC7, 0x9E, 0x01, 0xFF,
    0x04, 0x00, 0x00, 0x00, 0x00, 0x00, 0x00, 0x00, 0x00, 0x00, 0x78, 0x00, 0x00, 0x00, 0xFF, 0x00,
    0x00, 0x00, 0xFF, 0xE0, 0x00, 0x00, 0x0F, 0xF8, 0x00, 0x00, 0x01, 0xFC, 0x00, 0x00, 0x00, 0x7C,
    0x00, 0x00, 0x00, 0x18, 0x00, 0x07, 0xFF, 0x80, 0x00, 0x07, 0xFF, 0x80, 0x00, 0x07, 0xFF, 0xC0,
    0x10, 0x00, 0x03, 0xC0, 0x3C, 0x00, 0x03, 0xC0, 0x7C, 0x00, 0x03, 0xC0, 0xF8, 0x7F, 0xE3, 0xE1,
    0xF0, 0xFF, 0xF3, 0xE3, 0xE0, 0xFF, 0xF3, 0xF7, 0xC0, 0x00, 0xF3, 0xFF, 0x00, 0x00, 0xE3, 0xFE,
    0x00, 0x01, 0xE3, 0xBC, 0x00, 0x01, 0xC3, 0x9C, 0x00, 0x03, 0xC3, 0x9E, 0x00, 0x03, 0x83, 0x8F,
    0x00, 0x07, 0x83, 0x87, 0x80, 0x0F, 0x03, 0x87, 0xC0, 0x1E, 0x03, 0x83, 0xF0, 0x3C, 0x03, 0x80,
    0xFC, 0xFC, 0x03, 0x80, 0x7E, 0xF8, 0x03, 0x80, 0x3E, 0x60, 0x7F, 0x80, 0x0C, 0x00, 0x7F, 0x80,
    0x00, 0x00, 0x7F, 0x00, 0x00, 0x00, 0x00, 0x00, 0x00, 0x00, 0x03, 0x86, 0x00, 0x00, 0x03, 0x8F,
    0x80, 0x00, 0x03, 0x87, 0xC0, 0x00, 0x03, 0x83, 0xF0, 0x00, 0x03, 0x80, 0xF0, 0x7F, 0xFF, 0xFF,
    0xFC, 0x7F, 0xFF, 0xFF, 0xFE, 0x7F, 0xFF, 0xFF, 0xFE, 0x00, 0x03, 0x80, 0x00, 0x00, 0x03, 0xC0,
    0x20, 0x1C, 0x03, 0xC0, 0x38, 0x1E, 0x03, 0xC0, 0x78, 0x0F, 0x03, 0xE0, 0xF0, 0x0F, 0x83, 0xE1,
    0xE0, 0x07, 0xC3, 0xF3, 0xC0, 0x03, 0xC3, 0xFF, 0x80, 0x01, 0xE3, 0xBF, 0x00, 0x00, 0x83, 0xBE,
    0x00, 0x00, 0x0F, 0x9E, 0x00, 0x00, 0x3F, 0x8E, 0x00, 0x00, 0xFF, 0x8F, 0x00, 0x01, 0xFB, 0x87,
    0x80, 0x07, 0xE3, 0x83, 0xC0, 0x1F, 0x83, 0x81, 0xF0, 0x7F, 0x03, 0x80, 0xF8, 0xFC, 0x03, 0x80,
    0x7E, 0x70, 0x03, 0x80, 0x3E, 0x20, 0x03, 0x80, 0x0C, 0x00, 0xFF, 0x80, 0x00, 0x00, 0xFF, 0x80,
    0x00, 0x00, 0x7F, 0x00, 0x00, 0x00, 0x00, 0x00, 0x00, 0x18, 0x00, 0x1C, 0x00, 0x3E, 0x00, 0x1C,
    0x00, 0x3F, 0x80, 0x1C, 0x00, 0x0F, 0xCE, 0x1C, 0x00, 0x03, 0xCE, 0x1C, 0x00, 0x01, 0x8E, 0x1C,
    0x00, 0x00, 0x0E, 0x1C, 0x3C, 0x00, 0x0E, 0x1C, 0xFC, 0x00, 0x0E, 0x1F, 0xFC, 0x40, 0x0E, 0x1F,
    0xFC, 0x70, 0x0E, 0xFF, 0x9C, 0xFC, 0x0F, 0xFC, 0x1C, 0x7F, 0x1F, 0xFC, 0x1C, 0x1F, 0xFF, 0x9C,
    0x1C, 0x06, 0xFE, 0x1C, 0x1C, 0x00, 0xFE, 0x1C, 0x1C, 0x00, 0x0E, 0x1C, 0x1C, 0x00, 0x0E, 0x1C,
    0x1C, 0x01, 0x0E, 0x1C, 0x1C, 0x03, 0xCE, 0x1C, 0x3C, 0x03, 0x8E, 0x1D, 0xF8, 0x07, 0x8E, 0x1D,
    0xF8, 0x07, 0x0E, 0x1C, 0xE0, 0x0F, 0x0E, 0x1C, 0x00, 0x0E, 0x0E, 0x00, 0x0E, 0x1E, 0x0E, 0x00,
    0x0E, 0x1C, 0x0E, 0x00, 0x0E, 0x3C, 0x0E, 0x00, 0x0E, 0x78, 0x0F, 0xFF, 0xFE, 0x78, 0x07, 0xFF,
    0xFC, 0x10, 0x07, 0xFF, 0xF8, 0x00, 0x00, 0x00, 0x00, 0x18, 0x01, 0xC0, 0x00, 0x3E, 0x01, 0xC0,
    0x00, 0x3F, 0x03, 0xC0, 0x00, 0x0F, 0xC3, 0xFF, 0xF8, 0x03, 0xC3, 0xFF, 0xF8, 0x01, 0x83, 0xFF,
    0xF8, 0x00, 0x07, 0x80, 0x38, 0x00, 0x07, 0x00, 0x38, 0x00, 0x0F, 0x00, 0x38, 0x60, 0x0F, 0x00,
    0x78, 0xF8, 0x1E, 0x00, 0x78, 0xFE, 0x3E, 0x08, 0x70, 0x3F, 0x3C, 0x0F, 0xF0, 0x0F, 0x78, 0x0F,
    0xE0, 0x06, 0x30, 0x07, 0x80, 0x00, 0x1F, 0xFF, 0xF0, 0x00, 0x1F, 0xFF, 0xF8, 0x00, 0x1F, 0xFF,
    0xF8, 0x01, 0x87, 0x00, 0x70, 0x03, 0x83, 0x80, 0xF0, 0x03, 0x83, 0xC1, 0xE0, 0x07, 0x81, 0xE1,
    0xE0, 0x07, 0x01, 0xF3, 0xC0, 0x0F, 0x00, 0xFF, 0x80, 0x0E, 0x00, 0x7F, 0x00, 0x1E, 0x00, 0x7F,
    0x00, 0x3C, 0x01, 0xFF, 0xC0, 0x3C, 0x0F, 0xF7, 0xF0, 0x78, 0x7F, 0xC3, 0xFE, 0x78, 0x7F, 0x00,
    0xFE, 0x10, 0x78, 0x00, 0x1C, 0x00, 0x00, 0x00, 0x00, 0x10, 0x00, 0x00, 0x00, 0x3C, 0x07, 0xFF,
    0xC0, 0x3F, 0x07, 0xFF, 0xC0, 0x1F, 0x87, 0xFF, 0xC0, 0x07, 0x87, 0x83, 0xC0, 0x03, 0x87, 0x83,
    0xC0, 0x00, 0x07, 0x03, 0xC0, 0x00, 0x07, 0x03, 0xC0, 0x00, 0x07, 0x03, 0xC0, 0x40, 0x0F, 0x03,
    0xC0, 0xF0, 0x1E, 0x01, 0xFE, 0xFC, 0x3E, 0x01, 0xFE, 0x7F, 0x7C, 0x00, 0xFE, 0x1F, 0x78, 0x00,
    0x00, 0x06, 0x20, 0x00, 0x00, 0x00, 0x3F, 0xFF, 0xF8, 0x00, 0x3F, 0xFF, 0xF8, 0x00, 0x3F, 0xFF,
    0xF0, 0x01, 0x0E, 0x00, 0xF0, 0x03, 0x87, 0x01, 0xE0, 0x03, 0x87, 0x81, 0xE0, 0x07, 0x03, 0xC3,
    0xC0, 0x0F, 0x03, 0xE7, 0x80, 0x0F, 0x01, 0xFF, 0x00, 0x1E, 0x00, 0xFE, 0x00, 0x1E, 0x00, 0xFE,
    0x00, 0x3C, 0x03, 0xFF, 0x80, 0x38, 0x1F, 0xEF, 0xF0, 0x78, 0xFF, 0x83, 0xFE, 0x70, 0xFE, 0x00,
    0xFE, 0x10, 0xF0, 0x00, 0x3C, 0x00, 0x00, 0x00, 0x00, 0x18, 0x00, 0x38, 0x00, 0xF8, 0x01, 0xE0,
    0x03, 0xF8, 0x07, 0x80, 0x03, 0xF0, 0x1C, 0x00, 0x03, 0xC0, 0x70, 0x00, 0x06, 0x03, 0xC0, 0x00,
    0x01, 0xFF, 0xFF, 0x80, 0x07, 0xFF, 0xFE, 0x00, 0x1F, 0xFF, 0xF9, 0x80, 0x70, 0x00, 0xE7, 0x81,
    0xC0, 0x03, 0xBF, 0x07, 0x00, 0x0E, 0x3F, 0x1C, 0x00, 0x38, 0x3C, 0x70, 0x00, 0xE0, 0x61, 0xC0,
    0x03, 0x80, 0x07, 0x00, 0x0E, 0x00, 0x1F, 0xFF, 0xF8, 0x00, 0x7F, 0xFF, 0xE0, 0x39, 0xFF, 0xFF,
    0x80, 0xE7, 0x00, 0x0E, 0x03, 0x9C, 0x00, 0x38, 0x1E, 0x70, 0x00, 0xE0, 0x71, 0xC0, 0x03, 0x83,
    0xC7, 0x00, 0x0E, 0x0E, 0x1C, 0x00, 0x38, 0x78, 0x70, 0x00, 0xE1, 0xC1, 0xC0, 0x03, 0x8F, 0x07,
    0xFF, 0xFE, 0x78, 0x1F, 0xFF, 0xF8, 0xE0, 0x7F, 0xFF, 0xE1, 0x01, 0xC0, 0x03, 0x80, 0x02, 0x00,
    0x00, 0x00, 0x00, 0x18, 0x00, 0x30, 0x00, 0x38, 0x00, 0xF8, 0x00, 0x70, 0x01, 0xFC, 0x00, 0xE0,
    0x00, 0xFC, 0x01, 0xC0, 0x00, 0x78, 0x03, 0x80, 0x00, 0x63, 0xFF, 0xFE, 0x00, 0x0F, 0xFF, 0xFC,
    0x00, 0x1F, 0xFF, 0xF8, 0x00, 0x00, 0x38, 0x01, 0x80, 0x00, 0x70, 0x07, 0xC0, 0x00, 0xE0, 0x0F,
    0xE0, 0x01, 0xC0, 0x07, 0xE0, 0x03, 0x80, 0x03, 0xC0, 0x07, 0x00, 0x01, 0x1F, 0xFF, 0xFF, 0x00,
    0x3F, 0xFF, 0xFE, 0x00, 0x7F, 0xFF, 0xF8, 0x00, 0x01, 0xE0, 0x00, 0x0C, 0x07, 0x80, 0x00, 0x1C,
    0x0F, 0x00, 0x00, 0x78, 0x3C, 0x30, 0x01, 0xE0, 0x78, 0xF0, 0x03, 0xC1, 0xE0, 0xF0, 0x0F, 0x03,
    0x80, 0xE0, 0x1C, 0x0F, 0x01, 0xE0, 0x78, 0x3C, 0x0F, 0xE0, 0xE0, 0xFF, 0xFF, 0xC3, 0xC1, 0xFF,
    0xFF, 0xCF, 0x03, 0xFF, 0xC3, 0x8E, 0x07, 0xC0, 0x07, 0x88, 0x00, 0x00, 0x06, 0x00, 0x00, 0x00,
    0x00, 0x00, 0x00, 0x00, 0x00, 0x18, 0x00, 0x70, 0x00, 0x3E, 0x00, 0x78, 0x00, 0x3F, 0x00, 0x3C,
    0x00, 0x0F, 0xC0, 0x3C, 0x00, 0x07, 0xC0, 0x1C, 0x00, 0x01, 0x80, 0x1E, 0x00, 0x00, 0x3F, 0xFF,
    0xFC, 0x00, 0x3F, 0xFF, 0xFE, 0x00, 0x3F, 0xFF, 0xFE, 0x00, 0x00, 0x1C, 0x00, 0x70, 0x00, 0x1C,
    0x00, 0xFC, 0x00, 0x1C, 0x00, 0x7E, 0x00, 0x1C, 0x00, 0x1F, 0x00, 0x1C, 0x00, 0x07, 0x00, 0x1C,
    0x00, 0x02, 0x00, 0x1C, 0x00, 0x00, 0x1F, 0xFF, 0xF8, 0x00, 0x1F, 0xFF, 0xF8, 0x01, 0x9F, 0xFF,
    0xF8, 0x01, 0xC0, 0x1C, 0x00, 0x03, 0xC0, 0x1C, 0x00, 0x07, 0x80, 0x1C, 0x00, 0x07, 0x80, 0x1C,
    0x00, 0x0F, 0x00, 0x1C, 0x00, 0x0E, 0x00, 0x1C, 0x00, 0x1E, 0x00, 0x1C, 0x00, 0x1C, 0x00, 0x1C,
    0x00, 0x3C, 0x7F, 0xFF, 0xFE, 0x78, 0x7F, 0xFF, 0xFE, 0x78, 0x7F, 0xFF, 0xFE, 0x10, 0x00, 0x00,
    0x00, 0x00, 0x00, 0x00, 0x00, 0x30, 0x03, 0xCC, 0x00, 0xF0, 0x07, 0xBC, 0x01, 0xF8, 0x0F, 0x3C,
    0x00, 0xF8, 0x0E, 0x3E, 0x00, 0xF0, 0x1C, 0x3C, 0x00, 0x40, 0x38, 0x30, 0x00, 0x00, 0x73, 0xFC,
    0x00, 0x07, 0xFF, 0xFC, 0x00, 0xFF, 0xFF, 0xF1, 0x81, 0xFF, 0xF0, 0x07, 0xC1, 0xE7, 0x00, 0x0F,
    0xC0, 0x0E, 0x00, 0x07, 0xC0, 0x1E, 0x00, 0x83, 0xC0, 0x3D, 0xFF, 0x83, 0x01, 0xFF, 0xFF, 0x00,
    0x7F, 0xFF, 0xFC, 0x00, 0xFF, 0xF8, 0x10, 0x01, 0xF9, 0xC0, 0x70, 0x18, 0x03, 0xC1, 0xE0, 0x78,
    0x03, 0x87, 0x80, 0xE0, 0x07, 0x1E, 0x03, 0xC0, 0x0F, 0xF8, 0x07, 0x00, 0x0F, 0xE4, 0x0E, 0x00,
    0x1F, 0x8E, 0x3C, 0x00, 0xFC, 0x1C, 0x70, 0x07, 0xFC, 0x39, 0xE0, 0x3F, 0xF8, 0x73, 0x87, 0xFC,
    0x78, 0xEF, 0x0F, 0xE0, 0x7F, 0x9C, 0x0F, 0x00, 0x7F, 0x08, 0x00, 0x00, 0x7C, 0x00, 0x00, 0x00,
    0x08, 0x00, 0x30, 0x00, 0x73, 0x80, 0xE0, 0x01, 0xCF, 0x03, 0x80, 0x07, 0x1E, 0x07, 0x03, 0x1C,
    0x38, 0x1C, 0x0C, 0x70, 0xFF, 0xFF, 0xB1, 0xC1, 0xBF, 0xFE, 0xC7, 0x00, 0xFF, 0xFB, 0x1C, 0x00,
    0x07, 0x8C, 0x70, 0x00, 0x1C, 0x31, 0xD8, 0x00, 0x70, 0xC7, 0xF8, 0x71, 0xC3, 0x1D, 0xF1, 0xC7,
    0x0C, 0x73, 0xE7, 0x9C, 0x31, 0xC7, 0x8F, 0xE0, 0xC7, 0x0C, 0x1F, 0x83, 0x1C, 0x00, 0x3E, 0x0C,
    0x70, 0x00, 0xF8, 0x31, 0xC1, 0x01, 0xC0, 0xC7, 0x06, 0x07, 0x83, 0x1C, 0x3C, 0x3E, 0x0C, 0x70,
    0xE0, 0xFC, 0x31, 0xC3, 0x87, 0xF8, 0xC7, 0x1C, 0x1C, 0xE3, 0x1C, 0x70, 0xF3, 0x80, 0x73, 0xC7,
    0x87, 0x01, 0xCE, 0x1E, 0x1C, 0x07, 0x78, 0xF0, 0x40, 0x1D, 0xC7, 0x80, 0x00, 0x77, 0x1C, 0x00,
    0x1F, 0xC0, 0x20, 0x00, 0x3E, 0x00, 0x00, 0x00, 0xE0, 0x00, 0x00, 0x00, 0x00, 0x18, 0x07, 0x00,
    0x00, 0x3E, 0x07, 0x00, 0x00, 0x3F, 0x0F, 0x00, 0x00, 0x0F, 0x8F, 0xFF, 0xFC, 0x03, 0x9F, 0xFF,
    0xFE, 0x01, 0x9F, 0xFF, 0xFE, 0x00, 0x3C, 0x00, 0x00, 0x00, 0x38, 0x00, 0x00, 0x00, 0x78, 0x00,
    0x00, 0x00, 0xFF, 0xFF, 0xF8, 0x70, 0xEF, 0xFF, 0xF8, 0xF8, 0x2F, 0xFF, 0xF8, 0x7E, 0x0E, 0x78,
    0x38, 0x1E, 0x0E, 0x1C, 0x38, 0x0E, 0x0E, 0x0E, 0x38, 0x00, 0x0E, 0x0E, 0x38, 0x00, 0xFF, 0xFF,
    0xFE, 0x00, 0xFF, 0xFF, 0xFE, 0x07, 0xFF, 0xFF, 0xFE, 0x07, 0x1C, 0x70, 0x38, 0x07, 0x1C, 0x78,
    0x78, 0x0E, 0x1C, 0x3C, 0x70, 0x0E, 0x1C, 0x1C, 0x70, 0x1E, 0x3C, 0x0C, 0x70, 0x1C, 0x3F, 0xFF,
    0xFE, 0x1C, 0x3F, 0xFF, 0xFE, 0x3C, 0x1F, 0xFF, 0xFC, 0x38, 0x00, 0x00, 0xF0, 0x78, 0x00, 0x10,
    0xE0, 0x70, 0x00, 0x1F, 0xE0, 0x30, 0x00, 0x1F, 0xC0, 0x00, 0x00, 0x00, 0x00, 0x00, 0x00, 0x18,
    0x00, 0x20, 0x00, 0x38, 0x00, 0xF0, 0x70, 0x70, 0x71, 0xF8, 0xE0, 0xE0, 0xE0, 0xF9, 0xE1, 0xC3,
    0xC0, 0xF1, 0xC3, 0x87, 0x00, 0xE3, 0xC7, 0x1E, 0x00, 0x03, 0x8E, 0x78, 0x00, 0x07, 0x1C, 0xE0,
    0x00, 0x04, 0x38, 0x01, 0x80, 0x7F, 0xFF, 0xE7, 0x80, 0xFF, 0xFF, 0xCF, 0xC1, 0xFF, 0xFF, 0x87,
    0xC3, 0x80, 0x07, 0x07, 0xC7, 0x00, 0x0E, 0x03, 0x0E, 0x00, 0x1C, 0x00, 0x1F, 0xFF, 0xF8, 0x00,
    0x3F, 0xFF, 0xF0, 0x00, 0x7F, 0xFF, 0xE0, 0x18, 0xE0, 0x01, 0xC0, 0x39, 0xC0, 0x03, 0x80, 0x73,
    0x80, 0x07, 0x01, 0xC7, 0x80, 0x0E, 0x03, 0x8F, 0xFF, 0xFC, 0x0F, 0x1F, 0xFF, 0xF8, 0x1C, 0x38,
    0x00, 0x70, 0x78, 0x70, 0x00, 0xE0, 0xE0, 0xE0, 0x01, 0xC3, 0xC1, 0xC0, 0x03, 0x8F, 0x03, 0x80,
    0xFF, 0x1E, 0x07, 0x01, 0xFE, 0x18, 0x0E, 0x01, 0xF8, 0x00, 0x0C, 0x00, 0x00, 0x00, 0x00, 0x3C,
    0x00, 0x38, 0x00, 0x3C, 0x00, 0x3E, 0x06, 0x3C, 0x30, 0x1F, 0x8E, 0x38, 0x38, 0x0F, 0xCE, 0x38,
    0x78, 0x03, 0x8E, 0x38, 0x70, 0x01, 0x1C, 0x38, 0xF0, 0x00, 0x3C, 0x39, 0xE0, 0x00, 0x38, 0x7D,
    0xC0, 0x00, 0x00, 0x7F, 0x00, 0x70, 0x00, 0xFF, 0xC0, 0xF8, 0x01, 0xE3, 0xE0, 0x7E, 0x07, 0xE1,
    0xF8, 0x1F, 0x3F, 0x80, 0x7C, 0x0E, 0x7F, 0x38, 0x3C, 0x00, 0x3C, 0x38, 0x0C, 0x00, 0x00, 0x38,
    0x00, 0x00, 0x0E, 0x38, 0x3C, 0x03, 0x0E, 0x38, 0x3C, 0x03, 0x9E, 0x38, 0x78, 0x07, 0x9C, 0x3C,
    0x70, 0x07, 0x3C, 0x7C, 0xF0, 0x0F, 0x38, 0x7F, 0xE0, 0x0E, 0x78, 0x7F, 0xC0, 0x1E, 0x10, 0xFF,
    0x00, 0x3C, 0x01, 0xE7, 0x80, 0x3C, 0x03, 0xC3, 0xC0, 0x78, 0x1F, 0xC1, 0xF0, 0x78, 0xFF, 0x00,
    0xFE, 0x30, 0xFE, 0x00, 0x7E, 0x00, 0x70, 0x00, 0x1C, 0x10, 0x00, 0x00, 0x00, 0x78, 0x7F, 0xFF,
    0xF0, 0xF8, 0xFF, 0xFF, 0xF0, 0xFD, 0xFF, 0xFF, 0xE0, 0x7B, 0x80, 0x01, 0xC0, 0x67, 0x00, 0x03,
    0x80, 0x0E, 0x71, 0xC7, 0x00, 0x1C, 0xE3, 0xCE, 0x00, 0x03, 0xC3, 0xC0, 0x00, 0x0F, 0x03, 0xC1,
    0x80, 0x3C, 0x03, 0xC7, 0xC0, 0xF0, 0x03, 0xC7, 0xE7, 0xC0, 0x03, 0x83, 0xE7, 0x07, 0x07, 0x03,
    0x84, 0x0E, 0x04, 0x00, 0x00, 0x1C, 0x00, 0x00, 0x7F, 0xFF, 0xFC, 0x00, 0xFF, 0xFF, 0xF8, 0x08,
    0xFF, 0xFF, 0xF0, 0x38, 0x07, 0xF8, 0x00, 0x70, 0x1F, 0xF0, 0x01, 0xE0, 0x7F, 0xF0, 0x03, 0x81,
    0xEE, 0xF0, 0x07, 0x07, 0x9C, 0xF0, 0x1C, 0x1F, 0x38, 0xF0, 0x78, 0x7C, 0x71, 0xF0, 0xE3, 0xF0,
    0xE1, 0xFB, 0xC7, 0xC1, 0xC1, 0xF7, 0x06, 0x03, 0x80, 0xCE, 0x00, 0x07, 0x00, 0x08, 0x00, 0x0E,
    0x00, 0x00, 0x10, 0x00, 0x00, 0x00, 0x3C, 0x3F, 0xFF, 0xFC, 0x3F, 0x3F, 0xFF, 0xFC, 0x1F, 0xBF,
    0xFF, 0xFC, 0x07, 0x80, 0x70, 0x00, 0x03, 0x00, 0xF0, 0x00, 0x00, 0x00, 0xE0, 0x00, 0x00, 0x00,
    0xE0, 0x00, 0x00, 0xFF, 0xFF, 0xFE, 0x40, 0xFF, 0xFF, 0xFE, 0xF8, 0xFF, 0xFF, 0xFE, 0xFC, 0x03,
    0x87, 0x80, 0x3E, 0x07, 0x83, 0xC0, 0x1E, 0x0F, 0x01, 0xE0, 0x04, 0x1E, 0x60, 0xF0, 0x00, 0x3E,
    0xE0, 0xF8, 0x00, 0x7C, 0xE0, 0x7E, 0x01, 0xF8, 0xE0, 0x1E, 0x00, 0xF8, 0xE0, 0x6E, 0x06, 0xCE,
    0xEE, 0x70, 0x07, 0x1C, 0xEE, 0x78, 0x0F, 0x1C, 0xE7, 0x38, 0x0E, 0x1C, 0xE7, 0x3C, 0x1E, 0x38,
    0xE7, 0x1C, 0x1C, 0x78, 0xE3, 0x8E, 0x3C, 0xF0, 0xE3, 0x8E, 0x3C, 0xE0, 0xE3, 0x8E, 0x78, 0x00,
    0xE0, 0x04, 0x78, 0x00, 0xE0, 0x00, 0x70, 0x0F, 0xE0, 0x00, 0x30, 0x07, 0xE0, 0x00, 0x00, 0x07,
    0x00, 0x00, 0x10, 0x00, 0x38, 0x00, 0x78, 0x00, 0x70, 0x00, 0xF8, 0x00, 0xE0, 0x00, 0xFB, 0xFF,
    0xFF, 0xE0, 0x7F, 0xFF, 0xFF, 0xC0, 0x60, 0x07, 0x00, 0x00, 0x00, 0x0E, 0x00, 0x00, 0x1F, 0xFF,
    0xFC, 0x00, 0x3F, 0xFF, 0xF8, 0x80, 0x00, 0x70, 0x03, 0xC0, 0x00, 0xE0, 0x07, 0xE7, 0xFF, 0xFF,
    0xF7, 0xEF, 0xFF, 0xFF, 0xE3, 0xC0, 0x00, 0x00, 0x03, 0x80, 0x00, 0x00, 0x00, 0x0F, 0xFF, 0xF8,
    0x00, 0x1F, 0xFF, 0xF0, 0x00, 0x38, 0x00, 0xE0, 0x0C, 0x70, 0x01, 0xC0, 0x3C, 0xFF, 0xFF, 0x80,
    0x71, 0xFF, 0xFF, 0x01, 0xE3, 0x80, 0x0E, 0x03, 0xC7, 0x00, 0x1C, 0x07, 0x0E, 0x00, 0x38, 0x1E,
    0x1F, 0xFF, 0xF0, 0x38, 0x3F, 0xFF, 0xE0, 0xF0, 0x70, 0x01, 0xC1, 0xC0, 0xE0, 0x03, 0x87, 0x81,
    0xC0, 0x47, 0x0E, 0x03, 0x80, 0xFE, 0x04, 0x07, 0x01, 0xF8, 0x00, 0x00, 0x00, 0x00, 0x18, 0x00,
    0x00, 0x00, 0x3F, 0x1F, 0xFF, 0xF0, 0x1F, 0x9F, 0xFF, 0xF0, 0x07, 0xDF, 0xFF, 0xF0, 0x03, 0x9C,
    0x00, 0x70, 0x01, 0x9C, 0x00, 0x70, 0x00, 0x1C, 0x00, 0x70, 0x00, 0x1F, 0xFF, 0xF0, 0x00, 0x1F,
    0xFF, 0xF0, 0x40, 0x1C, 0x00, 0x70, 0xF8, 0x1C, 0x00, 0x70, 0xFC, 0x1C, 0x00, 0x70, 0x3F, 0x1F,
    0xFF, 0xF0, 0x0F, 0x1F, 0xFF, 0xF0, 0x06, 0x0F, 0xFF, 0xE0, 0x00, 0x00, 0x00, 0x00, 0x00, 0x00,
    0x00, 0x00, 0x00, 0x3F, 0xFF, 0xF8, 0x03, 0xBF, 0xFF, 0xF8, 0x03, 0xBF, 0xFF, 0xF8, 0x07, 0xB8,
    0xC6, 0x38, 0x07, 0x38, 0xC6, 0x38, 0x0F, 0x38, 0xC6, 0x38, 0x0E, 0x38, 0xC6, 0x38, 0x1E, 0x38,
    0xC6, 0x38, 0x1C, 0x38, 0xC6, 0x38, 0x3C, 0x38, 0xC6, 0x38, 0x38, 0x38, 0xC6, 0x38, 0x79, 0xFF,
    0xFF, 0xFE, 0x71, 0xFF, 0xFF, 0xFE, 0x30, 0xFF, 0xFF, 0xFE, 0x00, 0x00, 0x00, 0x00, 0x10, 0x00,
    0x78, 0x00, 0x3C, 0x00, 0x70, 0x00, 0x3F, 0x00, 0x70, 0x00, 0x1F, 0xFF, 0xFF, 0xFC, 0x07, 0xFF,
    0xFF, 0xFC, 0x03, 0x00, 0xF0, 0x00, 0x00, 0x00, 0xE0, 0x00, 0x00, 0x00, 0xE0, 0x00, 0x00, 0x3F,
    0xFF, 0xF8, 0x00, 0x3F, 0xFF, 0xF8, 0xF0, 0x01, 0xC0, 0x00, 0xFC, 0x03, 0xC0, 0x00, 0x3E, 0xFF,
    0xFF, 0xFE, 0x1E, 0xFF, 0xFF, 0xFE, 0x04, 0x0F, 0x07, 0xC0, 0x00, 0x1E, 0x03, 0xC0, 0x00, 0x3E,
    0x01, 0xE0, 0x00, 0x7F, 0xFF, 0xF8, 0x04, 0xFB, 0xFF, 0x7C, 0x06, 0xF0, 0x78, 0x3E, 0x0F, 0x60,
    0x70, 0x0E, 0x0E, 0x00, 0x70, 0x00, 0x0E, 0x3F, 0xFF, 0xF0, 0x1C, 0x3F, 0xFF, 0xF0, 0x1C, 0x01,
    0xE8, 0x00, 0x3C, 0x03, 0xDE, 0x00, 0x38, 0x07, 0xDF, 0x80, 0x78, 0x0F, 0x87, 0xE0, 0x70, 0x7F,
    0x01, 0xF8, 0x70, 0xFC, 0x00, 0x7C, 0x20, 0x70, 0x00, 0x18, 0x00, 0x00, 0x00, 0x00, 0x10, 0x00,
    0x00, 0x00, 0x3C, 0x3F, 0xFF, 0xFE, 0x3E, 0x3F, 0xFF, 0xFE, 0x1F, 0xBF, 0xFF, 0xFE, 0x07, 0xB8,
    0x0C, 0x00, 0x03, 0x38, 0x0F, 0x00, 0x00, 0x38, 0x0E, 0x00, 0x00, 0x38, 0x1E, 0x00, 0x00, 0x3B,
    0xFF, 0xFC, 0x40, 0x3B, 0xFF, 0xFC, 0x70, 0x3B, 0x80, 0x1C, 0xFC, 0x3B, 0x80, 0x1C, 0x7E, 0x3B,
    0x80, 0x1C, 0x1E, 0x3B, 0xFF, 0xFC, 0x0E, 0x3B, 0xFF, 0xFC, 0x00, 0x3B, 0x80, 0x1C, 0x00, 0x3B,
    0x80, 0x1C, 0x00, 0x3B, 0x80, 0x1C, 0x00, 0x7B, 0xFF, 0xFC, 0x07, 0x7B, 0xFF, 0xFC, 0x07, 0x70,
    0x0E, 0x00, 0x0F, 0x70, 0x0E, 0x30, 0x0E, 0x71, 0xCE, 0x70, 0x1E, 0xF3, 0xCE, 0x38, 0x1E, 0xE3,
    0x8E, 0x3C, 0x1C, 0xE7, 0x8E, 0x1C, 0x3D, 0xEF, 0x0E, 0x1E, 0x39, 0xCF, 0x0E, 0x0E, 0x7B, 0xCE,
    0x0E, 0x0E, 0x73, 0xC0, 0xFE, 0x00, 0x31, 0x80, 0x7E, 0x00, 0x00, 0x00, 0x00, 0x00, 0x00, 0x00,
    0x00, 0x00, 0x38, 0x0E, 0x30, 0x00, 0x7C, 0x3C, 0xF0, 0x00, 0xFC, 0x70, 0xE0, 0x00, 0x7D, 0xE1,
    0xE0, 0x00, 0x33, 0xFF, 0xFF, 0x80, 0x0F, 0xFF, 0xFF, 0x38, 0x3E, 0x0E, 0x00, 0xFC, 0xFC, 0x1C,
    0x00, 0x7F, 0xFF, 0xFF, 0xF0, 0x33, 0x7F, 0xFF, 0xC0, 0x00, 0xE0, 0xE0, 0x00, 0x11, 0xC1, 0xC0,
    0x00, 0x73, 0xFF, 0xFF, 0x00, 0xE7, 0xFF, 0xFE, 0x03, 0x8E, 0x0E, 0x00, 0x0F, 0x1C, 0x1C, 0x00,
    0x3C, 0x38, 0x38, 0x00, 0xF0, 0x7F, 0xFF, 0xF3, 0xC0, 0xFF, 0xFF, 0xE3, 0x01, 0xF8, 0x00, 0x00,
    0x00, 0x70, 0x00, 0x00, 0x00, 0xE0, 0x00, 0x7F, 0xFF, 0xFF, 0xFF, 0xFF, 0xFF, 0xFF, 0xFE, 0xFF,
    0xFF, 0xFF, 0xFC, 0x00, 0x0E, 0x00, 0x00, 0x00, 0x1C, 0x00, 0x00, 0x00, 0x38, 0x00, 0x00, 0x00,
    0x70, 0x00, 0x00, 0x00, 0xE0, 0x00, 0x00, 0x01, 0xC0, 0x00, 0x00, 0x01, 0x80, 0x00, 0x00, 0x00,
    0x00, 0x00, 0x38, 0x00, 0x00, 0x00, 0x3E, 0x1F, 0xFF, 0xF0, 0x1F, 0x9F, 0xFF, 0xF0, 0x0F, 0x9C,
    0x00, 0x70, 0x03, 0x9C, 0x38, 0x70, 0x01, 0x1C, 0x38, 0x70, 0x00, 0x1C, 0x30, 0x70, 0x00, 0x1C,
    0x78, 0x70, 0x00, 0x1C, 0xFE, 0x70, 0x60, 0x1D, 0xEF, 0x70, 0xF8, 0x1F, 0xC7, 0x70, 0xFC, 0x1D,
    0x83, 0x70, 0x3E, 0x1C, 0x00, 0x70, 0x1E, 0x1F, 0xFF, 0xF0, 0x06, 0x1F, 0xFF, 0xF0, 0x00, 0x00,
    0x00, 0x00, 0x00, 0x00, 0x00, 0x00, 0x00, 0x3F, 0xFF, 0xF8, 0x03, 0x3F, 0xFF, 0xF8, 0x07, 0xBF,
    0xFF, 0xF8, 0x07, 0x38, 0xC6, 0x38, 0x0F, 0x38, 0xC6, 0x38, 0x0E, 0x38, 0xC6, 0x38, 0x0E, 0x38,
    0xC6, 0x38, 0x1E, 0x38, 0xC6, 0x38, 0x1C, 0x38, 0xC6, 0x38, 0x3C, 0x38, 0xC6, 0x38, 0x38, 0x38,
    0xC6, 0x38, 0x79, 0xFF, 0xFF, 0xFE, 0x71, 0xFF, 0xFF, 0xFE, 0x31, 0xFF, 0xFF, 0xFE, 0x18, 0x00,
    0x00, 0x00, 0x78, 0x1F, 0xFF, 0xE0, 0xFC, 0x3F, 0xFF, 0xC0, 0x7C, 0x70, 0x07, 0x80, 0x7C, 0xE0,
    0x0F, 0x00, 0x31, 0xFF, 0x1E, 0x00, 0x03, 0xFF, 0x3C, 0x00, 0x07, 0x0E, 0x78, 0x00, 0x0E, 0x1C,
    0xF0, 0xC0, 0x1C, 0x39, 0xE3, 0xC3, 0xFF, 0xFF, 0xFF, 0xE7, 0xFF, 0xFF, 0xF3, 0xEE, 0x00, 0x00,
    0xE3, 0xFC, 0x00, 0x01, 0xC3, 0xB8, 0x00, 0x03, 0x80, 0x77, 0xFF, 0xFF, 0x00, 0x0F, 0xFF, 0xF0,
    0x00, 0x1C, 0x00, 0xE0, 0x0C, 0x38, 0x01, 0xC0, 0x1C, 0x7F, 0xFF, 0x80, 0x78, 0xFF, 0xFF, 0x00,
    0xE1, 0xC0, 0x0E, 0x01, 0xC3, 0x80, 0x1C, 0x07, 0x87, 0x00, 0x38, 0x0E, 0x0F, 0xFF, 0xF0, 0x3C,
    0x1F, 0xFF, 0xE0, 0x70, 0x38, 0x01, 0xC1, 0xE0, 0x70, 0x03, 0x87, 0x80, 0xE0, 0x07, 0x07, 0x01,
    0xC1, 0xFE, 0x04, 0x03, 0x81, 0xF8, 0x00, 0x00, 0x00, 0x30, 0x00, 0x00, 0x00, 0x38, 0x00, 0x38,
    0x00, 0x38, 0x00, 0x3E, 0x00, 0x3F, 0xFC, 0x1F, 0x00, 0x3F, 0xFC, 0x07, 0x80, 0x38, 0x00, 0x03,
    0x00, 0x38, 0x00, 0x00, 0x7F, 0xFF, 0xFE, 0x00, 0x7F, 0xFF, 0xFE, 0x00, 0x78, 0x60, 0x0C, 0x40,
    0x78, 0x70, 0x1C, 0x70, 0x78, 0x70, 0x1C, 0xFC, 0x78, 0xFF, 0xD8, 0x3E, 0x7F, 0xFF, 0xC0, 0x1E,
    0x7F, 0xFF, 0x10, 0x0E, 0x70, 0x70, 0x1C, 0x00, 0x70, 0x70, 0x1C, 0x00, 0x70, 0x7F, 0xF8, 0x00,
    0x70, 0x7F, 0xF8, 0x02, 0x70, 0x00, 0x00, 0x07, 0x70, 0x0C, 0x00, 0x07, 0x70, 0x1C, 0x00, 0x0E,
    0x72, 0xEE, 0x30, 0x0E, 0x77, 0xE7, 0x38, 0x1E, 0x77, 0xE7, 0x38, 0x1C, 0xE6, 0xE3, 0x9C, 0x3C,
    0xEE, 0xE3, 0x7C, 0x38, 0xEE, 0xE0, 0x7E, 0x79, 0xEC, 0xE0, 0x7E, 0x79, 0xDC, 0xE0, 0x76, 0x73,
    0xDC, 0xFF, 0xE4, 0x01, 0x80, 0x7F, 0xE0, 0x00, 0x80, 0x00, 0x00, 0x00, 0x00, 0x00, 0x00, 0x00,
    0x70, 0x00, 0x77, 0x07, 0xFF, 0xC1, 0xDE, 0x3E, 0xFF, 0x07, 0x3C, 0xC0, 0xED, 0x9C, 0x7B, 0x03,
    0x36, 0x70, 0xED, 0x8D, 0xD9, 0xC1, 0x37, 0x37, 0x67, 0x00, 0xCD, 0xDD, 0x9C, 0x03, 0xF7, 0x76,
    0x70, 0x0F, 0xF9, 0xD9, 0xF8, 0x7F, 0xFE, 0x67, 0xF1, 0xC7, 0x79, 0x9D, 0xE2, 0x1E, 0x06, 0x73,
    0xC1, 0xFE, 0x19, 0xC7, 0x0F, 0x7C, 0x67, 0x00, 0x78, 0x7D, 0x9C, 0x07, 0xFF, 0xF6, 0x70, 0x1F,
    0xFE, 0x99, 0xC1, 0x61, 0xC0, 0x67, 0x0E, 0x07, 0x01, 0x9C, 0x3B, 0xFF, 0xE6, 0x70, 0xEF, 0xFF,
    0x99, 0xC7, 0x01, 0xC8, 0x67, 0x1C, 0x67, 0x30, 0x1C, 0xE1, 0xDD, 0xC0, 0x73, 0x83, 0x76, 0x01,
    0xCE, 0x0D, 0xFF, 0x07, 0x70, 0xFF, 0xFC, 0x1D, 0xC7, 0xFF, 0xF2, 0xF6, 0x1F, 0xF0, 0x1F, 0xC0,
    0x00, 0x00, 0x7E, 0x00, 0x00, 0x00, 0x00, 0x00, 0x03, 0x80, 0x00, 0x00, 0x03, 0x80, 0x00, 0x00,
    0x03, 0x80, 0x00, 0x00, 0x03, 0x80, 0x00, 0x00, 0x03, 0x80, 0x00, 0x00, 0x03, 0x80, 0x00, 0x00,
    0x03, 0x80, 0x00, 0x03, 0x03, 0x80, 0x38, 0x07, 0x83, 0x80, 0x3C, 0x07, 0x03, 0x80, 0x78, 0x07,
    0x03, 0x80, 0x78, 0x0F, 0x07, 0x80, 0x70, 0x0E, 0x07, 0x80, 0xF0, 0x1E, 0x07, 0x80, 0xE0, 0x1C,
    0x07, 0x81, 0xE0, 0x3C, 0x07, 0x83, 0xC0, 0x38, 0x0F, 0xC3, 0x80, 0x18, 0x0F, 0xC1, 0x80, 0x00,
    0x0F, 0xE0, 0x00, 0x00, 0x1E, 0xE0, 0x00, 0x00, 0x1E, 0xF0, 0x00, 0x00, 0x3C, 0x78, 0x00, 0x00,
    0x7C, 0x78, 0x00, 0x00, 0x78, 0x3C, 0x00, 0x00, 0xF0, 0x1E, 0x00, 0x03, 0xE0, 0x0F, 0x80, 0x07,
    0xC0, 0x07, 0xE0, 0x1F, 0x80, 0x03, 0xF8, 0x7F, 0x00, 0x01, 0xFE, 0x7C, 0x00, 0x00, 0x7E, 0x30,
    0x00, 0x00, 0x1C, 0x00, 0x40, 0x00, 0x00, 0x01, 0xE0, 0x00, 0x00, 0x03, 0xC0, 0x00, 0x00, 0x07,
    0x80, 0x00, 0x00, 0x0E, 0x00, 0x00, 0x0F, 0xFF, 0xFF, 0xFF, 0x9F, 0xFF, 0xFF, 0xFF, 0x3F, 0xFF,
    0xFF, 0xFE, 0x00, 0xE0, 0x00, 0x00, 0x03, 0xC0, 0x70, 0x00, 0x07, 0x80, 0xE0, 0x00, 0x0E, 0x01,
    0xC0, 0x00, 0x1C, 0x03, 0x80, 0x00, 0x39, 0xC7, 0x0E, 0x00, 0xF3, 0x8E, 0x1C, 0x01, 0xC7, 0x1C,
    0x78, 0x03, 0x8E, 0x78, 0xE0, 0x0F, 0x38, 0xF3, 0xC0, 0x1E, 0x71, 0xE7, 0x00, 0x38, 0xE3, 0xDC,
    0x00, 0xF1, 0x8F, 0xC8, 0x01, 0xC0, 0x1F, 0x80, 0x07, 0x80, 0x3F, 0x80, 0x1E, 0x00, 0xF7, 0x80,
    0x3C, 0x01, 0xC7, 0x00, 0xF0, 0x07, 0x8F, 0x03, 0xE0, 0x1E, 0x0F, 0x03, 0x80, 0x78, 0x0F, 0x02,
    0x03, 0xE0, 0x0F, 0x80, 0x1F, 0x80, 0x0F, 0x80, 0x3E, 0x00, 0x0F, 0x00, 0x70, 0x00, 0x0E, 0x00,
    0x00, 0x00, 0x00, 0x1F, 0xFF, 0xFF, 0xE0, 0x1F, 0xFF, 0xFF, 0xE0, 0x1F, 0xFF, 0xFF, 0xE0, 0x00,
    0x00, 0x00, 0xE0, 0x00, 0x00, 0x00, 0xE0, 0x07, 0xFF, 0xFF, 0xE0, 0x07, 0xFF, 0xFF, 0xE0, 0x00,
    0x00, 0x00, 0xE0, 0x00, 0x00, 0x00, 0xE0, 0x00, 0x00, 0x00, 0xE0, 0x1F, 0xFF, 0xFF, 0xE0, 0x1F,
    0xFF, 0xFF, 0xE0, 0x1F, 0xFF, 0xFF, 0xE0, 0x00, 0x03, 0x80, 0x00, 0x00, 0x03, 0x80, 0x00, 0x07,
    0x03, 0x80, 0x60, 0x07, 0x03, 0x80, 0xF0, 0x0F, 0x07, 0x80, 0xE0, 0x0E, 0x07, 0x81, 0xE0, 0x1E,
    0x07, 0xC1, 0xC0, 0x1C, 0x07, 0xC3, 0xC0, 0x1C, 0x0F, 0xE3, 0x80, 0x08, 0x1E, 0xF1, 0x00, 0x00,
    0x3E, 0x78, 0x00, 0x00, 0x7C, 0x3C, 0x00, 0x00, 0xF8, 0x1F, 0x00, 0x07, 0xF0, 0x0F, 0xE0, 0x7F,
    0xC0, 0x07, 0xFE, 0xFF, 0x80, 0x01, 0xFE, 0x7C, 0x00, 0x00, 0x3C, 0x60, 0x00, 0x00, 0x00, 0x00,
    0x03, 0x80, 0x00, 0x00, 0x07, 0x00, 0x00, 0x00, 0x0E, 0x00, 0x00, 0x00, 0x1F, 0xFF, 0xC0, 0x00,
    0x3F, 0xFF, 0xC0, 0x00, 0x7F, 0xFF, 0x80, 0x00, 0xE0, 0x00, 0x00, 0x01, 0xC0, 0x00, 0x00, 0x03,
    0x80, 0x00, 0x00, 0x07, 0x00, 0x00, 0x3F, 0xFF, 0xFF, 0x80, 0x7F, 0xFF, 0xFF, 0x00, 0xFF, 0xFF,
    0xFE, 0x01, 0xC0, 0x00, 0x1C, 0x03, 0x80, 0x00, 0x38, 0x07, 0x00, 0x00, 0x70, 0x0E, 0x00, 0x00,
    0xE0, 0x1C, 0x00, 0x01, 0xC0, 0x3F, 0xFF, 0xFF, 0x80, 0x7F, 0xFF, 0xFF, 0x00, 0xFF, 0xFF, 0xFE,
    0x00, 0x00, 0x00, 0x00, 0x00, 0x00, 0x00, 0x00, 0x07, 0x00, 0x18, 0x70, 0x0E, 0x38, 0x70, 0xF0,
    0x3C, 0x70, 0xF0, 0xF0, 0x70, 0xF0, 0xE1, 0xE1, 0xE1, 0xE1, 0xE1, 0xE7, 0x81, 0xC1, 0xC1, 0xDE,
    0x03, 0x83, 0x83, 0xDC, 0x07, 0x07, 0x03, 0x00, 0x00, 0x00, 0x00, 0x00, 0x00, 0x00, 0x00, 0x01,
    0xC0, 0xF0, 0x00, 0x01, 0xE0, 0xE0, 0x00, 0x00, 0xF0, 0xE0, 0x00, 0x00, 0xF1, 0xE0, 0x00, 0x00,
    0x79, 0xC0, 0x00, 0x1F, 0xFF, 0xFF, 0xC0, 0x3F, 0xFF, 0xFF, 0xC0, 0x3F, 0xFF, 0xFF, 0xC0, 0x00,
    0x07, 0x81, 0xC0, 0x00, 0x0F, 0x01, 0xC0, 0x00, 0x0F, 0x01, 0xC0, 0x00, 0x1F, 0xFF, 0xF8, 0x00,
    0x1F, 0xFF, 0xF8, 0x00, 0x3F, 0xFF, 0xF8, 0x00, 0x78, 0x00, 0x38, 0x00, 0xF0, 0x00, 0x70, 0x01,
    0xF0, 0x00, 0x70, 0x03, 0xE0, 0x00, 0x70, 0x07, 0xFF, 0xFF, 0xFE, 0x0F, 0xFF, 0xFF, 0xFE, 0x1F,
    0xFF, 0xFF, 0xFE, 0x7E, 0x00, 0x02, 0x0E, 0x7D, 0x8C, 0xE7, 0x0E, 0x73, 0x9C, 0xE3, 0x8E, 0x03,
    0x9C, 0x73, 0x8E, 0x03, 0x9C, 0x71, 0xDE, 0x07, 0x0E, 0x71, 0x9E, 0x07, 0x0E, 0x70, 0x1C, 0x0E,
    0x0E, 0x30, 0x3C, 0x1E, 0x0E, 0x07, 0xFC, 0x0C, 0x00, 0x03, 0xF8, 0x00, 0x00, 0x01, 0xE0, 0x00,
    0x00, 0x30, 0x00, 0x03, 0x80, 0x78, 0x00, 0x03, 0x80, 0x78, 0x00, 0x03, 0x80, 0x78, 0x00, 0x03,
    0x80, 0x78, 0x00, 0x7F, 0xFB, 0xFF, 0xE0, 0x7F, 0xFF, 0xFF, 0xE0, 0x7F, 0xFF, 0xFF, 0xE0, 0x03,
    0x80, 0x70, 0xE0, 0x03, 0x80, 0x70, 0xE0, 0x03, 0x80, 0x70, 0xE0, 0x03, 0x98, 0x70, 0xE0, 0x03,
    0xFA, 0x70, 0xE0, 0x0F, 0xFF, 0xF0, 0xE0, 0x7F, 0xF7, 0xF0, 0xE0, 0xFF, 0x81, 0xF0, 0xE0, 0x7F,
    0x80, 0xFC, 0xE0, 0x43, 0x81, 0xFE, 0xE0, 0x03, 0x81, 0xDF, 0xE6, 0x03, 0x83, 0xC6, 0x77, 0x03,
    0x87, 0x82, 0x77, 0x3F, 0x9F, 0x00, 0x7E, 0x3F, 0x9E, 0x00, 0x7E, 0x3F, 0x0C, 0x00, 0x3C, 0x00,
    0x00, 0x00, 0x00, 0x0E, 0x18, 0x70, 0xE0, 0x1E, 0x38, 0x70, 0xF0, 0x1C, 0x38, 0x38, 0x78, 0x3C,
    0x3C, 0x38, 0x3C, 0x78, 0x1C, 0x3C, 0x1C, 0x78, 0x1C, 0x1C, 0x1E, 0xF0, 0x1C, 0x1C, 0x0E, 0x00,
    0x00, 0x00, 0x00, 0x00, 0x00, 0x00, 0x00, 0x03, 0x80, 0x00, 0x00, 0x0F, 0x00, 0x00, 0x00, 0x1C,
    0x00, 0x00, 0x00, 0x7F, 0xFF, 0xFF, 0x81, 0xFF, 0xFF, 0xFF, 0x87, 0xFF, 0xFF, 0xFF, 0x1F, 0x8E,
    0x38, 0xE0, 0x7F, 0x1C, 0x71, 0xC1, 0xFE, 0x38, 0xE3, 0x81, 0xDC, 0x71, 0xC7, 0x01, 0x38, 0xE3,
    0x8E, 0x03, 0xFF, 0xFF, 0xFF, 0xCF, 0xFF, 0xFF, 0xFF, 0x9F, 0xFF, 0xFF, 0xFF, 0x03, 0x8E, 0x38,
    0xE0, 0x07, 0x1C, 0x71, 0xC0, 0x0E, 0x38, 0xE3, 0x80, 0x1C, 0x71, 0xC7, 0x00, 0x38, 0xE3, 0x8E,
    0x00, 0x71, 0xC7, 0x1C, 0x1F, 0xFF, 0xFF, 0xFF, 0xFF, 0xFF, 0xFF, 0xFF, 0xBF, 0xFF, 0xFF, 0xFF,
    0x00, 0x00, 0x00, 0x20, 0x1C, 0x70, 0xE1, 0xE0, 0x78, 0xE1, 0xE3, 0xC0, 0xE1, 0xE1, 0xC3, 0xC3,
    0xC1, 0xC3, 0x83, 0xC7, 0x03, 0x87, 0x83, 0x9E, 0x07, 0x07, 0x07, 0xB8, 0x0E, 0x0E, 0x07, 0x00,
    0x00, 0x00, 0x00, 0x00, 0x00, 0x00, 0x00, 0x01, 0xC0, 0x0E, 0x00, 0x01, 0xC0, 0x0E, 0x00, 0x3F,
    0xFE, 0x0E, 0x00, 0x3F, 0xFE, 0x0E, 0x00, 0x01, 0xC0, 0xFF, 0xE0, 0x01, 0xC0, 0xFF, 0xF0, 0x01,
    0xC0, 0xFF, 0xF0, 0x7F, 0xFF, 0x1C, 0x70, 0x7F, 0xFF, 0x1C, 0x70, 0x04, 0x10, 0x1C, 0x70, 0x1E,
    0x3C, 0xFC, 0x70, 0x3E, 0x3E, 0xFC, 0x70, 0xF9, 0xCF, 0xFC, 0x70, 0x61, 0xC3, 0x3E, 0x70, 0x01,
    0xC0, 0x3F, 0x70, 0x7F, 0xFE, 0x3F, 0xF0, 0x7F, 0xFE, 0x3B, 0xF6, 0x01, 0xC0, 0x79, 0x76, 0x01,
    0xC0, 0x70, 0x76, 0x01, 0xDF, 0xF0, 0x36, 0x7F, 0xFF, 0xE0, 0x3E, 0xFF, 0xFF, 0xC0, 0x3E, 0x7F,
    0x81, 0xC0, 0x1C, 0x00, 0x00, 0x00, 0x00, 0x0E, 0x00, 0x30, 0xE0, 0x0E, 0x38, 0x70, 0xF0, 0x1E,
    0x38, 0x78, 0x78, 0x3C, 0x3C, 0x38, 0x38, 0x3C, 0x3C, 0x38, 0x3C, 0x78, 0x1C, 0x3C, 0x1E, 0x70,
    0x1C, 0x1C, 0x0E, 0x00, 0x00, 0x00, 0x00, 0x00, 0x00, 0x00, 0x00, 0x1C, 0x01, 0xC0, 0x00, 0x70,
    0x07, 0x00, 0x01, 0xC0, 0x1C, 0x00, 0x07, 0x00, 0x70, 0x00, 0x1C, 0x01, 0xC0, 0x00, 0x70, 0x07,
    0x00, 0x01, 0xC0, 0x1C, 0x00, 0x07, 0x00, 0x70, 0x00, 0x1F, 0xFF, 0xFF, 0xE0, 0x7F, 0xFF, 0xFF,
    0x81, 0xFF, 0xFF, 0xFE, 0x07, 0x00, 0x00, 0x00, 0x1C, 0x00, 0x00, 0x00, 0x70, 0x00, 0x00, 0x01,
    0xC0, 0x00, 0x00, 0x07, 0x00, 0x00, 0x00, 0x3C, 0x00, 0x00, 0x00, 0xFF, 0xFF, 0xF0, 0x03, 0xFF,
    0xFF, 0xC0, 0x0F, 0xFF, 0xFF, 0x00, 0x38, 0x00, 0x1C, 0x00, 0xE0, 0x00, 0x70, 0x07, 0x80, 0x01,
    0xC0, 0x1E, 0x00, 0x07, 0x00, 0x70, 0x00, 0x1C, 0x03, 0xC0, 0x00, 0x70, 0x0F, 0x00, 0x01, 0xC0,
    0x78, 0x00, 0x07, 0x03, 0xE0, 0x00, 0x1C, 0x0F, 0x00, 0x00, 0x70, 0x18, 0x00, 0x01, 0xC0, 0x00,
    0x00, 0x07, 0x00, 0x00, 0x70, 0x00, 0x00, 0x0E, 0x38, 0x00, 0x1F, 0x07, 0x1C, 0x07, 0xFF, 0x83,
    0x8E, 0x1F, 0xFF, 0xE1, 0xC7, 0x0F, 0xFE, 0x00, 0xE3, 0x87, 0x00, 0x00, 0x71, 0xC3, 0x80, 0x00,
    0x38, 0xE1, 0xC0, 0x00, 0x1C, 0x70, 0xE0, 0x00, 0x0E, 0x38, 0x70, 0x00, 0x07, 0xFF, 0xBF, 0xFF,
    0x83, 0xFF, 0xDF, 0xFF, 0xC1, 0xFF, 0xEF, 0xFF, 0xE0, 0xE0, 0x07, 0xE0, 0x70, 0x70, 0x03, 0xF0,
    0x38, 0x38, 0x01, 0xF8, 0x3C, 0x1C, 0x00, 0xEC, 0x1C, 0x0F, 0xFC, 0x77, 0x0E, 0x07, 0xFE, 0x3B,
    0x87, 0x03, 0xFF, 0x1D, 0xC7, 0x01, 0xC3, 0x9E, 0x73, 0x80, 0xE1, 0xCF, 0x3B, 0xC0, 0x70, 0xE7,
    0x0F, 0xC0, 0x38, 0x73, 0x87, 0xE0, 0x3C, 0x39, 0xC1, 0xE0, 0x1C, 0x1C, 0xE1, 0xF0, 0x0E, 0x0E,
    0x71, 0xFC, 0x07, 0x07, 0x79, 0xFF, 0x07, 0x83, 0xB9, 0xF7, 0xC3, 0x81, 0xFF, 0xF1, 0xF9, 0xC0,
    0xFD, 0xF0, 0x7C, 0x40, 0x76, 0x60, 0x0C, 0x00, 0x00, 0x00, 0x00, 0x00, 0x1F, 0xFF, 0xFF, 0xF8,
    0x3F, 0xFF, 0xFF, 0xF0, 0x7F, 0xFF, 0xFF, 0xE0, 0x00, 0x00, 0x70, 0x00, 0x30, 0x00, 0xE0, 0x00,
    0x70, 0x01, 0xC0, 0x01, 0xE0, 0x03, 0x80, 0x03, 0x80, 0x07, 0x00, 0x07, 0x00, 0x0E, 0x00, 0x0E,
    0x00, 0x1C, 0x00, 0x3C, 0x00, 0x38, 0x00, 0x70, 0x00, 0x70, 0x00, 0xFF, 0xFF, 0xFF, 0xC1, 0xFF,
    0xFF, 0xFF, 0xC7, 0xFF, 0xFF, 0xFF, 0x80, 0x00, 0x7F, 0x00, 0x00, 0x01, 0xFE, 0x00, 0x00, 0x07,
    0xDC, 0x00, 0x00, 0x1F, 0x38, 0x00, 0x00, 0x7C, 0x70, 0x00, 0x03, 0xE0, 0xE0, 0x00, 0x0F, 0x81,
    0xC0, 0x00, 0x7E, 0x03, 0x80, 0x03, 0xF8, 0x07, 0x00, 0x1F, 0xC0, 0x0E, 0x00, 0xFE, 0x00, 0x1C,
    0x03, 0xF8, 0x00, 0x38, 0x03, 0x80, 0x1F, 0xF0, 0x00, 0x00, 0x1F, 0xE0, 0x00, 0x00, 0x3F, 0x80,
    0x00, 0x00, 0x00, 0x00, 0x00, 0x00, 0x00, 0x00, 0x00, 0x01, 0xC0, 0x70, 0x00, 0x01, 0xC0, 0x70,
    0x00, 0x1D, 0xC0, 0x70, 0x00, 0x1D, 0xC0, 0xF0, 0x00, 0x19, 0xC0, 0xE0, 0x00, 0x39, 0xC0, 0xFF,
    0xFF, 0x39, 0xC1, 0xFF, 0xFF, 0x3F, 0xFD, 0xFF, 0xFF, 0x3F, 0xFF, 0xCE, 0x77, 0x3F, 0xFB, 0x8E,
    0x77, 0x71, 0xC7, 0x9C, 0xE7, 0x71, 0xC7, 0x1C, 0xE7, 0x71, 0xCF, 0x1C, 0xE7, 0x71, 0xCE, 0x38,
    0xE7, 0x21, 0xC4, 0x39, 0xCF, 0x01, 0xCC, 0x71, 0xCF, 0x01, 0xFC, 0x71, 0xCE, 0x07, 0xFC, 0xE3,
    0x8E, 0x7F, 0xF1, 0xE3, 0x8E, 0x7F, 0xC1, 0xC7, 0x8E, 0x7D, 0xC3, 0xC7, 0x0E, 0x21, 0xC7, 0x8F,
    0x0E, 0x01, 0xCF, 0x0E, 0x0E, 0x01, 0xC2, 0x1E, 0x0E, 0x01, 0xC0, 0x1C, 0x1E, 0x01, 0xC0, 0x3C,
    0x1E, 0x01, 0xC0, 0x78, 0x1C, 0x01, 0xC0, 0xF0, 0x1C, 0x01, 0xC1, 0xE3, 0xFC, 0x01, 0xC1, 0xE3,
    0xF8, 0x01, 0xC0, 0xC3, 0xF0, 0x01, 0xC0, 0x00, 0x00, 0x00, 0x00, 0x00, 0x00, 0x07, 0x00, 0x1C,
    0x00, 0x0E, 0x00, 0x38, 0x01, 0x9C, 0x00, 0x70, 0x03, 0xB8, 0x3F, 0xFF, 0xC7, 0x70, 0x7F, 0xFF,
    0x8C, 0xE0, 0xFF, 0xFF, 0x39, 0xC0, 0x07, 0x00, 0x7F, 0xF0, 0x0E, 0x00, 0xFF, 0xE0, 0x1C, 0x01,
    0xFF, 0xC0, 0x38, 0x03, 0x9C, 0x7F, 0xFF, 0xF6, 0x38, 0xFF, 0xFF, 0xFC, 0x71, 0xFF, 0xFF, 0xF8,
    0xE0, 0x00, 0x38, 0x31, 0xC0, 0x00, 0x70, 0x03, 0x90, 0x00, 0xE0, 0x07, 0xFF, 0xFF, 0xFC, 0x3F,
    0xFF, 0xFF, 0xFB, 0xFF, 0xFF, 0xFF, 0xFF, 0xF8, 0x00, 0x0E, 0x1F, 0xF0, 0x30, 0x1C, 0x18, 0xE0,
    0xF0, 0x38, 0x01, 0xC0, 0xF0, 0x70, 0x03, 0x80, 0xF0, 0xE0, 0x07, 0x00, 0xE1, 0xC0, 0x0E, 0x01,
    0xC3, 0x80, 0x1C, 0x01, 0x07, 0x00, 0x38, 0x00, 0x0E, 0x00, 0x70, 0x03, 0xFC, 0x00, 0xE0, 0x07,
    0xF8, 0x01, 0xC0, 0x07, 0xE0, 0x00, 0x80, 0x00, 0x00, 0x01, 0xC0, 0x38, 0x00, 0x01, 0xC0, 0x38,
    0xC0, 0x01, 0xC0, 0x38, 0xE0, 0x01, 0xC0, 0x38, 0xF0, 0x21, 0xC0, 0x38, 0x78, 0xF1, 0xC0, 0x38,
    0x38, 0x79, 0xC0, 0x38, 0x3C, 0x39, 0xC0, 0x38, 0x18, 0x3D, 0xC0, 0x38, 0x00, 0x1F, 0xC0, 0x38,
    0x00, 0x0F, 0xFF, 0xFF, 0xFE, 0x0D, 0xFF, 0xFF, 0xFE, 0x01, 0xDF, 0xFF, 0xFE, 0x01, 0xC0, 0x3C,
    0x00, 0x01, 0xC0, 0x3C, 0x00, 0x01, 0xC0, 0x3E, 0x00, 0x03, 0xC0, 0x7E, 0x00, 0x0F, 0xC0, 0x7E,
    0x00, 0x1F, 0xC0, 0x77, 0x00, 0x3F, 0xC0, 0xF7, 0x00, 0x7D, 0xC0, 0xF7, 0x80, 0xF9, 0xC0, 0xE3,
    0x80, 0xF1, 0xC1, 0xE3, 0xC0, 0x61, 0xC1, 0xC1, 0xC0, 0x01, 0xC3, 0xC1, 0xE0, 0x01, 0xC7, 0x80,
    0xF0, 0x01, 0xCF, 0x00, 0xF8, 0x01, 0xDF, 0x00, 0x7C, 0x01, 0xFE, 0x00, 0x3E, 0x01, 0xFC, 0x00,
    0x1E, 0x01, 0xD8, 0x00, 0x0C, 0x00, 0x00, 0xC1, 0x80, 0x00, 0x80, 0xC1, 0xC0, 0x70, 0xC0, 0xC1,
    0xC0, 0x79, 0xFF, 0xFF, 0xFE, 0x3F, 0xFF, 0xFF, 0xFE, 0x1F, 0x80, 0xC1, 0xC0, 0x0F, 0x03, 0xDD,
    0xC0, 0x0F, 0x03, 0xDF, 0xC0, 0x1F, 0x07, 0x0E, 0x00, 0x7F, 0x8F, 0xFF, 0xFC, 0xFB, 0x8F, 0xFF,
    0xFC, 0xF3, 0x9F, 0x0E, 0x00, 0x63, 0xBF, 0xFF, 0xF8, 0x03, 0xFF, 0xFF, 0xF8, 0x03, 0xC7, 0x0E,
    0x00, 0x07, 0xC7, 0x0E, 0x00, 0x07, 0xC7, 0xFF, 0xF8, 0x0F, 0xC7, 0xFF, 0xF8, 0x1F, 0xC7, 0x0E,
    0x00, 0x3D, 0xC7, 0xFF, 0xFC, 0x79, 0xC7, 0xFF, 0xFC, 0xF9, 0xC7, 0x00, 0x00, 0xF1, 0xC0, 0x00,
    0x00, 0x61, 0xDF, 0xFF, 0xFC, 0x01, 0xDF, 0xFF, 0xFC, 0x01, 0xC7, 0x80, 0xF8, 0x03, 0x83, 0xE3,
    0xE0, 0x03, 0x81, 0xFF, 0xC0, 0x07, 0x80, 0xFF, 0x80, 0x7F, 0x9F, 0xFF, 0xFE, 0x3F, 0x3F, 0xE3,
    0xFE, 0x3C, 0x3F, 0x00, 0x7E, 0x00, 0x00, 0x00, 0x00, 0x00, 0x01, 0x00, 0x00, 0x00, 0x0F, 0x00,
    0x00, 0x00, 0x0F, 0x00, 0x00, 0x00, 0x1E, 0x00, 0x07, 0xFF, 0xFF, 0xFF, 0xEF, 0xFF, 0xFF, 0xFF,
    0xDF, 0xFF, 0xFF, 0xFF, 0x08, 0x07, 0x8C, 0x10, 0x3C, 0x1E, 0x3C, 0x78, 0x7C, 0x38, 0xF1, 0xE0,
    0x3D, 0xFF, 0xC7, 0x80, 0x3D, 0xFF, 0x1E, 0x00, 0x33, 0xFC, 0x18, 0x00, 0x00, 0xF6, 0x00, 0x00,
    0x73, 0xDE, 0xE0, 0x03, 0xEF, 0x1F, 0xE0, 0x1F, 0xBF, 0xFD, 0xF0, 0xFC, 0xFF, 0xFD, 0xF1, 0xF1,
    0xFF, 0xF9, 0xF3, 0x83, 0xDC, 0x70, 0xE0, 0x00, 0x38, 0x00, 0x80, 0x00, 0x70, 0x00, 0x1F, 0xFF,
    0xFF, 0xFF, 0xFF, 0xFF, 0xFF, 0xFF, 0xFF, 0xFF, 0xFF, 0xFE, 0x00, 0x07, 0x00, 0x00, 0x00, 0x0E,
    0x00, 0x00, 0x00, 0x1C, 0x00, 0x00, 0x00, 0x38, 0x00, 0x00, 0x00, 0x70, 0x00, 0x00, 0x00, 0xE0,
    0x00, 0x00, 0x01, 0xC0, 0x00, 0x00, 0x01, 0x80, 0x00, 0x00, 0x03, 0xFF, 0xF1, 0xFF, 0xEF, 0xFF,
    0xF3, 0xFF, 0xDF, 0xFF, 0xE3, 0xFF, 0xB8, 0x01, 0xC0, 0x70, 0x70, 0x03, 0x80, 0xE0, 0xE1, 0x87,
    0x01, 0xC1, 0xC7, 0x0E, 0x03, 0x83, 0x8E, 0x1C, 0x07, 0x07, 0x1C, 0x38, 0x0E, 0x0E, 0x38, 0x70,
    0x1C, 0x1C, 0x70, 0xE3, 0xFF, 0xB8, 0xE1, 0xC7, 0xFF, 0x71, 0xC3, 0x8F, 0xFC, 0xE3, 0x87, 0x01,
    0xC1, 0xC7, 0x0E, 0x03, 0x83, 0x8E, 0x1C, 0x07, 0x07, 0x1C, 0x38, 0x0E, 0x0E, 0x38, 0x70, 0x1C,
    0x1C, 0xFC, 0xE0, 0x38, 0x01, 0xF8, 0x00, 0x71, 0x03, 0xF0, 0x00, 0xFF, 0x0E, 0xE0, 0x83, 0xFE,
    0x3D, 0xC3, 0xFF, 0xF8, 0x73, 0x87, 0xFF, 0x01, 0xE7, 0x0F, 0xF0, 0x0F, 0x8E, 0x1D, 0x00, 0x3E,
    0x1C, 0x38, 0x01, 0xF8, 0x3F, 0xE0, 0x03, 0xE0, 0x7F, 0xC0, 0x03, 0x00, 0x00, 0x00, 0x00, 0x00,
    0x00, 0x00, 0x7F, 0xF7, 0xFF, 0xFC, 0xFF, 0xF7, 0xFF, 0xFC, 0xFF, 0xF7, 0x00, 0x3C, 0x07, 0x07,
    0x00, 0x1C, 0x07, 0x07, 0x00, 0x1C, 0x07, 0x07, 0x00, 0x1C, 0x07, 0x07, 0xFF, 0xFC, 0x07, 0x07,
    0xFF, 0xFC, 0x07, 0x07, 0x00, 0x1C, 0x07, 0x07, 0x00, 0x1C, 0x7F, 0xF7, 0x00, 0x1C, 0x7F, 0xF7,
    0xFF, 0xFC, 0x7F, 0xF7, 0xFF, 0xFC, 0x07, 0x07, 0x00, 0x1C, 0x07, 0x07, 0x00, 0x1C, 0x07, 0x07,
    0x00, 0x1C, 0x07, 0x07, 0x00, 0x1C, 0x07, 0x07, 0xFF, 0xFC, 0x07, 0x07, 0xFF, 0xFC, 0x07, 0x7B,
    0xFF, 0xF8, 0x07, 0xF8, 0xE3, 0x80, 0x3F, 0xF8, 0xE3, 0x80, 0xFF, 0xC1, 0xE3, 0x80, 0xFE, 0x01,
    0xC3, 0x80, 0xE0, 0x03, 0xC3, 0x87, 0x00, 0x03, 0x83, 0x87, 0x00, 0x0F, 0x83, 0x87, 0x00, 0x3F,
    0x03, 0xFF, 0x00, 0x7E, 0x03, 0xFE, 0x00, 0x78, 0x01, 0xFE, 0x00, 0x20, 0x00, 0x00, 0x00, 0x07,
    0xFF, 0xF8, 0xFF, 0xEF, 0xFF, 0xFC, 0xFF, 0xEF, 0xFF, 0xFC, 0xFF, 0xEE, 0x0C, 0x1C, 0x0E, 0x0E,
    0x0C, 0x1C, 0x0E, 0x0E, 0x0C, 0x1C, 0x0E, 0x0E, 0x0C, 0x1C, 0x0E, 0x0F, 0xFF, 0xFC, 0x0E, 0x0F,
    0xFF, 0xFC, 0x0E, 0x0E, 0x0E, 0x1C, 0x0E, 0x0E, 0x0C, 0x1C, 0xFF, 0xEE, 0x0C, 0x1C, 0xFF, 0xEE,
    0x0C, 0x1C, 0x7F, 0xEF, 0xFF, 0xFC, 0x0E, 0x0F, 0xFF, 0xFC, 0x0E, 0x0F, 0xFF, 0xFC, 0x0E, 0x00,
    0x1E, 0x00, 0x0E, 0x00, 0x1E, 0x00, 0x0E, 0x00, 0x1E, 0x00, 0x0E, 0x0F, 0xFF, 0xFC, 0x0E, 0x2F,
    0xFF, 0xFC, 0x0F, 0xEF, 0xFF, 0xFC, 0x0F, 0xE0, 0x1E, 0x00, 0x7F, 0xE0, 0x1E, 0x00, 0xFF, 0x00,
    0x1E, 0x00, 0xF8, 0x00, 0x1E, 0x00, 0xC0, 0x3F, 0xFF, 0xFE, 0x00, 0x7F, 0xFF, 0xFF, 0x00, 0x7F,
    0xFF, 0xFF, 0x00, 0x00, 0x00, 0x00, 0x03, 0x07, 0x00, 0x00, 0x0F, 0x0E, 0x00, 0x00, 0x1C, 0x1C,
    0x00, 0x00, 0x38, 0x38, 0x00, 0x00, 0xF0, 0x70, 0x00, 0x01, 0xC0, 0xE0, 0x00, 0x07, 0xFF, 0xFF,
    0xFC, 0x0F, 0xFF, 0xFF, 0xF8, 0x3F, 0xFF, 0xFF, 0xF0, 0x78, 0x0E, 0x00, 0x01, 0xE0, 0x1C, 0x00,
    0x03, 0xC0, 0x38, 0x00, 0x0F, 0x00, 0x70, 0x00, 0x1C, 0x00, 0xE0, 0x00, 0x18, 0x01, 0xC0, 0x00,
    0x00, 0x03, 0x80, 0x00, 0x1F, 0xFF, 0xFF, 0xE0, 0x3F, 0xFF, 0xFF, 0xC0, 0x7F, 0xFF, 0xFF, 0x80,
    0x00, 0x38, 0x00, 0x00, 0x00, 0x70, 0x00, 0x00, 0x00, 0xE0, 0x00, 0x00, 0x01, 0xC0, 0x00, 0x00,
    0x03, 0x80, 0x00, 0x00, 0x07, 0x00, 0x00, 0x00, 0x0E, 0x00, 0x00, 0x00, 0x1C, 0x00, 0x07, 0xFF,
    0xFF, 0xFF, 0xFF, 0xFF, 0xFF, 0xFF, 0xFF, 0xFF, 0xFF, 0xFF, 0x80, 0x0F, 0xFF, 0xFF, 0xF8, 0x7F,
    0xFF, 0xFF, 0xC3, 0xFF, 0xFF, 0xFE, 0x1C, 0x07, 0x00, 0x70, 0xE0, 0x38, 0x03, 0x87, 0x01, 0xC0,
    0x1C, 0x38, 0x0E, 0x00, 0xE1, 0xC0, 0x70, 0x07, 0x0F, 0xFF, 0xFF, 0xF8, 0x7F, 0xFF, 0xFF, 0xC3,
    0xFF, 0xFF, 0xFE, 0x1C, 0x07, 0x00, 0x70, 0xE0, 0x38, 0x03, 0x87, 0x01, 0xC0, 0x1C, 0x38, 0x0E,
    0x00, 0xE1, 0xC0, 0x70, 0x07, 0x0F, 0xFF, 0xFF, 0xF8, 0xFF, 0xFF, 0xFF, 0xC7, 0xFF, 0xFF, 0xFE,
    0x38, 0x07, 0x00, 0x71, 0xC0, 0x38, 0x03, 0x8E, 0x01, 0xC0, 0x1C, 0xF0, 0x0E, 0x00, 0xE7, 0x00,
    0x70, 0x07, 0x38, 0x03, 0x80, 0x3B, 0xC0, 0x1C, 0x01, 0xDC, 0x00, 0xE3, 0xFF, 0xE0, 0x07, 0x1F,
    0xF6, 0x00, 0x38, 0xFF, 0x00, 0x00, 0x00, 0x00, 0x00, 0x00, 0x00, 0x00, 0x01, 0xC0, 0x00, 0x00,
    0x38, 0x00, 0x00, 0x07, 0x00, 0x00, 0x00, 0xE0, 0x00, 0x00, 0x1C, 0x00, 0x00, 0x03, 0x80, 0x03,
    0xFF, 0xFF, 0xFF, 0xFF, 0xFF, 0xFF, 0xFF, 0xFF, 0xFF, 0xFF, 0xC0, 0x38, 0x03, 0xF8, 0x07, 0x00,
    0x7F, 0x00, 0xE0, 0x0F, 0xE0, 0x1C, 0x01, 0xFC, 0x03, 0x80, 0x3F, 0x80, 0x70, 0x07, 0xF0, 0x0E,
    0x00, 0xFF, 0xFF, 0xFF, 0xFF, 0xFF, 0xFF, 0xFF, 0xFF, 0xFF, 0xFF, 0xFF, 0x00, 0xE0, 0x0F, 0xE0,
    0x1C, 0x01, 0xFC, 0x03, 0x80, 0x3F, 0x80, 0x70, 0x07, 0xF0, 0x0E, 0x00, 0xFE, 0x01, 0xC0, 0x1F,
    0xC0, 0x38, 0x03, 0xFF, 0xFF, 0xFF, 0xFF, 0xFF, 0xFF, 0xFF, 0xFF, 0xFF, 0xFF, 0xFC, 0x00, 0x00,
    0x3F, 0x80, 0x00, 0x07, 0x60, 0x00, 0x00, 0x00, 0x00, 0x00, 0x00, 0x00, 0x00, 0xE0, 0x00, 0x00,
    0x07, 0x00, 0x00, 0x00, 0x38, 0x00, 0x00, 0x01, 0xC0, 0x00, 0x00, 0x0E, 0x00, 0x03, 0xFF, 0xFF,
    0xFE, 0x1F, 0xFF, 0xFF, 0xF0, 0xFF, 0xFF, 0xFF, 0x87, 0x00, 0xE0, 0x1C, 0x38, 0x07, 0x00, 0xE1,
    0xC0, 0x38, 0x07, 0x0E, 0x01, 0xC0, 0x38, 0x7F, 0xFF, 0xFF, 0xC3, 0xFF, 0xFF, 0xFE, 0x1F, 0xFF,
    0xFF, 0xF0, 0xE0, 0x1C, 0x03, 0x87, 0x00, 0xE0, 0x1C, 0x38, 0x07, 0x00, 0xE1, 0xC0, 0x38, 0x07,
    0x0F, 0xFF, 0xFF, 0xF8, 0x7F, 0xFF, 0xFF, 0xC3, 0xFF, 0xFF, 0xFE, 0x1C, 0x03, 0x80, 0x08, 0xE0,
    0x1C, 0x00, 0x70, 0x00, 0xE0, 0x03, 0x80, 0x07, 0x00, 0x1C, 0x00, 0x38, 0x00, 0xE0, 0x01, 0xE0,
    0x0F, 0x00, 0x0F, 0xFF, 0xF0, 0x00, 0x3F, 0xFF, 0x80, 0x00, 0xFF, 0xF0, 0x0F, 0xFF, 0xFF, 0xF0,
    0x0F, 0xFF, 0xFF, 0xF0, 0x0F, 0xFF, 0xFF, 0xF0, 0x0E, 0x03, 0x80, 0xF0, 0x0E, 0x03, 0x80, 0xF0,
    0x0E, 0x03, 0x80, 0xF0, 0x0F, 0xFF, 0xFF, 0xF0, 0x0F, 0xFF, 0xFF, 0xF0, 0x0E, 0x03, 0x80, 0xF0,
    0x0E, 0x03, 0x80, 0xF0, 0x0E, 0x03, 0x80, 0xF0, 0x0E, 0x03, 0x80, 0xF0, 0x0F, 0xFF, 0xFF, 0xF0,
    0x0F, 0xFF, 0xFF, 0xF0, 0x00, 0x3C, 0x3C, 0x00, 0x00, 0x78, 0x1E, 0x00, 0x01, 0xF0, 0x1F, 0x00,
    0x03, 0xE0, 0x07, 0xC0, 0x1F, 0xF0, 0x0F, 0xF0, 0x7F, 0x70, 0x0F, 0xFE, 0xFC, 0x70, 0x0E, 0x7E,
    0x70, 0x70, 0x0E, 0x1C, 0x00, 0x70, 0x0E, 0x00, 0x00, 0xF0, 0x0E, 0x00, 0x00, 0xF0, 0x0E, 0x00,
    0x01, 0xE0, 0x0E, 0x00, 0x03, 0xE0, 0x0E, 0x00, 0x0F, 0xC0, 0x0E, 0x00, 0x1F, 0x80, 0x0E, 0x00,
    0x0E, 0x00, 0x0E, 0x00, 0x08, 0x00, 0x00, 0x00, 0x00, 0x00, 0x00, 0x00, 0x03, 0x80, 0x00, 0x01,
    0xFE, 0x7F, 0xFE, 0x7F, 0xE7, 0xFF, 0xF7, 0xF8, 0x3F, 0xFF, 0xBC, 0x00, 0x1C, 0x1D, 0xE0, 0x00,
    0xE0, 0xEF, 0x1C, 0x07, 0x07, 0x78, 0xF0, 0x38, 0x3B, 0xC3, 0x83, 0x83, 0xDE, 0x1E, 0x1C, 0x1E,
    0xF3, 0xF1, 0xE0, 0xE7, 0xFF, 0xDE, 0x07, 0x3F, 0xFF, 0xF2, 0x7B, 0xFC, 0x7F, 0x1F, 0xCF, 0x01,
    0xF0, 0xFC, 0x00, 0x06, 0x00, 0x00, 0x00, 0x00, 0x00, 0x07, 0xFF, 0xFF, 0xF0, 0x3F, 0xFF, 0xFF,
    0x81, 0xC0, 0x70, 0x1C, 0x0E, 0x03, 0x80, 0xE0, 0x70, 0x1C, 0x07, 0x03, 0xFF, 0xFF, 0xF8, 0x1F,
    0xFF, 0xFF, 0xC0, 0xE0, 0x38, 0x0E, 0x07, 0x01, 0xC0, 0x70, 0x38, 0x0E, 0x03, 0x81, 0xE0, 0x70,
    0x1C, 0x0F, 0xFF, 0xFF, 0xE0, 0x7F, 0xFF, 0xFF, 0x03, 0x80, 0x00, 0x38, 0x0C, 0x00, 0x00, 0x00,
    0x00, 0x00, 0x00, 0x00, 0x00, 0x00, 0x70, 0x01, 0xFF, 0x81, 0xE0, 0x07, 0xFF, 0x83, 0x80, 0x0F,
    0xFF, 0x0F, 0xFE, 0x1C, 0xCE, 0x1F, 0xFF, 0x39, 0x9C, 0x7F, 0xFC, 0x73, 0x39, 0xE0, 0x38, 0xE6,
    0x77, 0xE0, 0xE1, 0xCC, 0xFF, 0xC3, 0xC3, 0x99, 0xFF, 0xCF, 0x07, 0x33, 0xF3, 0xDC, 0x0E, 0x67,
    0xC3, 0xF8, 0x1F, 0xFE, 0x03, 0xE0, 0x3F, 0xFC, 0x07, 0xC0, 0x73, 0x38, 0x3F, 0xE0, 0xE6, 0x70,
    0xFB, 0xE1, 0xCC, 0xE7, 0xE3, 0xFB, 0x99, 0xFF, 0x03, 0xFF, 0x33, 0xFF, 0xFF, 0xEE, 0x67, 0xFF,
    0xFF, 0xDC, 0xCF, 0x7F, 0xFE, 0x3F, 0xFC, 0xE0, 0x1C, 0x7F, 0xF9, 0xC0, 0x38, 0xFF, 0xF3, 0x80,
    0x71, 0xC0, 0x07, 0x00, 0xE3, 0x80, 0x0E, 0x01, 0xC7, 0x00, 0x1C, 0x03, 0x8E, 0x00, 0x3F, 0xFF,
    0x00, 0x00, 0x7F, 0xFE, 0x00, 0x00, 0xFF, 0xFC, 0x00, 0x01, 0xC0, 0x38, 0x00, 0x00, 0x00, 0x00,
    0x00, 0x00, 0x07, 0xE0, 0x00, 0xFF, 0xFF, 0xE0, 0x1F, 0xFF, 0xFF, 0xC0, 0x1F, 0xFF, 0xC1, 0x80,
    0x03, 0x83, 0x83, 0xC0, 0x03, 0xC3, 0x83, 0x80, 0x01, 0xC3, 0x87, 0x80, 0x01, 0xE3, 0x87, 0x00,
    0x00, 0xE3, 0x8E, 0x00, 0x7F, 0xFF, 0xFF, 0xFE, 0x7F, 0xFF, 0xFF, 0xFE, 0x7F, 0xFF, 0xFF, 0xFC,
    0x00, 0x3F, 0xFC, 0x00, 0x00, 0xFB, 0xBE, 0x00, 0x01, 0xF3, 0x9F, 0x80, 0x07, 0xE3, 0x87, 0xE0,
    0x1F, 0x83, 0x83, 0xF8, 0x7F, 0x03, 0x80, 0xFE, 0xFF, 0xFF, 0xFF, 0xFE, 0x77, 0xFF, 0xFF, 0xEC,
    0x07, 0x03, 0x80, 0xE0, 0x07, 0x03, 0x80, 0xE0, 0x07, 0x03, 0x80, 0xE0, 0x07, 0xFF, 0xFF, 0xE0,
    0x07, 0xFF, 0xFF, 0xE0, 0x07, 0x03, 0x80, 0xE0, 0x07, 0x03, 0x80, 0xE0, 0x07, 0x03, 0x80, 0xE0,
    0x07, 0xFF, 0xFF, 0xE0, 0x07, 0xFF, 0xFF, 0xE0, 0x07, 0x00, 0x00, 0xE0, 0x02, 0x00, 0x00, 0x00,
    0x0F, 0xFF, 0xFF, 0xF0, 0x1F, 0xFF, 0xFF, 0xE0, 0x38, 0x0E, 0x01, 0xC0, 0x70, 0x1C, 0x03, 0x80,
    0xE0, 0x38, 0x07, 0x01, 0xFF, 0xFF, 0xFE, 0x03, 0xFF, 0xFF, 0xFC, 0x07, 0x01, 0xC0, 0x38, 0x0E,
    0x03, 0x80, 0x70, 0x1C, 0x07, 0x00, 0xE0, 0x3F, 0xFF, 0xFF, 0xC0, 0x7F, 0xFF, 0xFF, 0x80, 0x0F,
    0x00, 0xE0, 0x00, 0x1E, 0x01, 0xC0, 0x00, 0x3C, 0x03, 0x80, 0x0F, 0xFF, 0xFF, 0xF8, 0x1F, 0xFF,
    0xFF, 0xF8, 0x3F, 0xFF, 0xFF, 0xF0, 0x03, 0xC0, 0x38, 0x00, 0x07, 0x80, 0x70, 0x00, 0x0F, 0x00,
    0xE0, 0x0F, 0xFF, 0xFF, 0xFF, 0xBF, 0xFF, 0xFF, 0xFF, 0xFF, 0xFF, 0xFF, 0xFF, 0x00, 0x30, 0x1C,
    0x00, 0x01, 0xF0, 0x7E, 0x00, 0x1F, 0xE0, 0x7F, 0x81, 0xFF, 0x00, 0x3F, 0xC7, 0xF8, 0x00, 0x0F,
    0xE7, 0x80, 0x00, 0x07, 0x80, 0x00, 0x00, 0x00, 0x00, 0x0C, 0x07, 0x01, 0xC0, 0xF0, 0x38, 0x1E,
    0x03, 0xC1, 0xC0, 0xE0, 0x0E, 0x0E, 0x0F, 0x00, 0x78, 0x70, 0xF0, 0x7F, 0xFF, 0xFF, 0xFF, 0xFF,
    0xFF, 0xFF, 0xFF, 0xFF, 0xFF, 0xFF, 0xF0, 0x00, 0x00, 0x3F, 0x80, 0x00, 0x01, 0xFC, 0xFF, 0xFF,
    0xCF, 0xE7, 0xFF, 0xFE, 0x70, 0x38, 0x00, 0x70, 0x01, 0xC0, 0x03, 0x80, 0x0E, 0x00, 0x1C, 0x00,
    0x7F, 0xFF, 0xE0, 0x03, 0xFF, 0xFF, 0x00, 0x00, 0x00, 0x00, 0x00, 0x00, 0x00, 0x00, 0x3F, 0xFF,
    0xFF, 0xC1, 0xFF, 0xFF, 0xFE, 0x0E, 0x03, 0x80, 0x70, 0x70, 0x1C, 0x03, 0x83, 0x80, 0xE0, 0x1C,
    0x1F, 0xFF, 0xFF, 0xE0, 0xFF, 0xFF, 0xFF, 0x07, 0x01, 0xC0, 0x38, 0x38, 0x0E, 0x01, 0xC1, 0xFF,
    0xFF, 0xFE, 0x0F, 0xFF, 0xFF, 0xF0, 0x70, 0x00, 0x03, 0x80, 0x00, 0x00, 0x00, 0x07, 0xFF, 0xFF,
    0xC0, 0x0F, 0xFF, 0xFF, 0x80, 0x1F, 0xFF, 0xFF, 0x00, 0x3F, 0xFF, 0xFE, 0x00, 0x70, 0x38, 0x1C,
    0x00, 0xFF, 0xFF, 0xF8, 0x01, 0xFF, 0xFF, 0xF0, 0x00, 0x00, 0x00, 0x00, 0x7F, 0xFE, 0xFF, 0xFC,
    0xFF, 0xFD, 0xFF, 0xF9, 0xFF, 0xFB, 0xFF, 0xF3, 0xFF, 0xF7, 0xFF, 0xE7, 0x18, 0xEE, 0x31, 0xCF,
    0xFF, 0xDF, 0xFF, 0x9F, 0xFF, 0xBF, 0xFF, 0x00, 0x00, 0x00, 0x00, 0x3F, 0xFF, 0xFF, 0xFC, 0x7F,
    0xFF, 0xFF, 0xF8, 0xE0, 0x00, 0x00, 0x71, 0xDF, 0xFF, 0xFC, 0xE3, 0xBF, 0xFF, 0xF9, 0x80, 0x70,
    0x00, 0x70, 0x00, 0xFF, 0xFF, 0xE0, 0x01, 0xFF, 0xFF, 0xC0, 0x03, 0xFF, 0xFF, 0x80, 0x07, 0xFF,
    0xFF, 0x00, 0x0E, 0x00, 0x0E, 0x03, 0xFF, 0xFF, 0xFF, 0xFF, 0xFF, 0xFF, 0xFF, 0xE0, 0x00, 0x00,
    0x00, 0x00, 0x00, 0x00, 0x38, 0x30, 0x07, 0xFF, 0xDC, 0x3C, 0x03, 0xFF, 0xEF, 0x7C, 0x00, 0x00,
    0xE3, 0xFC, 0x00, 0x40, 0xF1, 0xF8, 0x70, 0x78, 0x70, 0x78, 0x78, 0x1E, 0x78, 0x1E, 0x7C, 0x07,
    0xF8, 0x07, 0xF8, 0x01, 0xF8, 0x03, 0xF8, 0x00, 0x7F, 0xFF, 0xF8, 0x00, 0xFF, 0xFF, 0xFE, 0x00,
    0xF9, 0xFF, 0xCF, 0x81, 0xF8, 0x00, 0x03, 0xF1, 0xF8, 0x00, 0x00, 0x7E, 0xF3, 0xFF, 0xFF, 0x9E,
    0x21, 0xFF, 0xFF, 0xC2, 0x00, 0xE0, 0x00, 0xE0, 0x00, 0x70, 0x00, 0x70, 0x00, 0x38, 0x00, 0x38,
    0x00, 0x1C, 0x00, 0x1C, 0x00, 0x0E, 0x00, 0x0E, 0x00, 0x07, 0xFF, 0xFF, 0x00, 0x03, 0xFF, 0xFF,
    0x80, 0x00, 0x30, 0x07, 0x00, 0x00, 0x3C, 0x03, 0x80, 0x00, 0x0E, 0x03, 0xC0, 0x00, 0x07, 0x81,
    0xC0, 0x00, 0x01, 0xC1, 0xE0, 0x01, 0xFF, 0xFF, 0xFF, 0xF8, 0xFF, 0xFF, 0xFF, 0xFC, 0x7F, 0xFF,
    0xFF, 0xFC, 0x00, 0x00, 0x00, 0x00, 0x00, 0x00, 0x70, 0x70, 0x03, 0xFF, 0xDC, 0x78, 0x01, 0xFF,
    0xEF, 0x78, 0x00, 0x41, 0xE3, 0xF8, 0xC0, 0x70, 0xF0, 0xF8, 0xF0, 0x3C, 0xF0, 0x78, 0xF8, 0x0F,
    0xF0, 0x1E, 0xF8, 0x03, 0xF0, 0x07, 0xF0, 0x01, 0xF0, 0x01, 0xF0, 0x03, 0xF0, 0x00, 0x7E, 0x07,
    0xFF, 0x8F, 0xFF, 0xE7, 0xFF, 0xC7, 0xFF, 0xF3, 0xC0, 0xE3, 0x8E, 0x30, 0x80, 0x71, 0x87, 0x00,
    0x00, 0x39, 0xC3, 0x80, 0x00, 0x1C, 0xE1, 0xC0, 0x07, 0xFE, 0xF0, 0xFF, 0x03, 0xFF, 0xF0, 0x3F,
    0x81, 0xC0, 0x70, 0x00, 0x00, 0xE0, 0x00, 0x00, 0x00, 0x70, 0x0F, 0xFF, 0xC0, 0x3F, 0xF7, 0xFF,
    0xE0, 0x3F, 0xF9, 0x80, 0xE0, 0x00, 0x1D, 0xF0, 0xE0, 0x00, 0x0E, 0x7C, 0xF0, 0x00, 0x07, 0x0F,
    0xF0, 0x00, 0x03, 0x83, 0xF0, 0x00, 0x03, 0xC1, 0xFC, 0x00, 0x21, 0xC7, 0xFF, 0x80, 0x1F, 0xEF,
    0xE3, 0xE0, 0x0F, 0xE7, 0xC0, 0x70, 0x00, 0x01, 0x00, 0x10, 0x00, 0x00, 0x00, 0x00, 0x00, 0x1E,
    0x00, 0x00, 0x0F, 0x00, 0x00, 0x07, 0x00, 0x00, 0x07, 0x80, 0x00, 0x03, 0xC0, 0x01, 0xFF, 0xFF,
    0xFF, 0xFF, 0xFF, 0xFF, 0xFF, 0xFF, 0xFF, 0xF8, 0x00, 0x01, 0xFC, 0x00, 0x00, 0xFE, 0x00, 0x00,
    0x7F, 0x00, 0x00, 0x3F, 0x80, 0x00, 0x1F, 0xC0, 0x00, 0x0F, 0xE0, 0x00, 0x07, 0xFF, 0xFF, 0xFF,
    0xFF, 0xFF, 0xFF, 0xFF, 0xFF, 0xFF, 0xFE, 0x00, 0x00, 0x7F, 0x00, 0x00, 0x3F, 0x80, 0x00, 0x1F,
    0xC0, 0x00, 0x0F, 0xE0, 0x00, 0x07, 0xF0, 0x00, 0x03, 0xF8, 0x00, 0x01, 0xFC, 0x00, 0x00, 0xFF,
    0xFF, 0xFF, 0xFF, 0xFF, 0xFF, 0xFF, 0xFF, 0xFF, 0xFF, 0xC0, 0x00, 0x0F, 0xE0, 0x00, 0x07, 0x00,
    0x00, 0x00, 0x00, 0xFF, 0xFF, 0xFF, 0xFB, 0xFF, 0xFF, 0xFF, 0xFF, 0xFF, 0xFF, 0xFF, 0xC0, 0x03,
    0xC0, 0x00, 0x00, 0x0F, 0x00, 0x00, 0x00, 0x3C, 0x00, 0x00, 0x00, 0xE0, 0x00, 0x00, 0x03, 0x80,
    0x00, 0x0F, 0xFF, 0xFF, 0xC0, 0x3F, 0xFF, 0xFF, 0x00, 0xFF, 0xFF, 0xFC, 0x03, 0x80, 0x00, 0x70,
    0x0E, 0x00, 0x01, 0xC0, 0x38, 0x00, 0x07, 0x00, 0xE0, 0x00, 0x1C, 0x03, 0x80, 0x00, 0x70, 0x0E,
    0x00, 0x01, 0xC0, 0x3F, 0xFF, 0xFF, 0x00, 0xFF, 0xFF, 0xFC, 0x03, 0xFF, 0xFF, 0xF0, 0x0E, 0x00,
    0x01, 0xC0, 0x38, 0x00, 0x07, 0x00, 0xE0, 0x00, 0x1C, 0x03, 0x80, 0x00, 0x70, 0x0E, 0x00, 0x01,
    0xC0, 0x3F, 0xFF, 0xFF, 0x00, 0xFF, 0xFF, 0xFC, 0x03, 0xFF, 0xFF, 0xF0, 0x0E, 0x00, 0x01, 0xC0,
    0x38, 0x00, 0x07, 0x00, 0xC0, 0x00, 0x1C, 0x00, 0x02, 0x00, 0x20, 0x00, 0x3C, 0x03, 0xC0, 0x01,
    0xE0, 0x1C, 0x00, 0x0E, 0x00, 0xE0, 0x00, 0x70, 0x0F, 0x00, 0x07, 0x00, 0x70, 0x01, 0xFF, 0xE3,
    0xFF, 0xEF, 0xFF, 0x3F, 0xFF, 0x7F, 0xF9, 0xFF, 0xFB, 0x81, 0xDE, 0x01, 0xDC, 0x0E, 0xE0, 0x0E,
    0xE0, 0x7F, 0x00, 0x77, 0x03, 0xF0, 0x03, 0xB8, 0x1F, 0x80, 0x1D, 0xC0, 0xE9, 0x80, 0xEF, 0xFF,
    0x1E, 0x07, 0x7F, 0xF8, 0x78, 0x3B, 0xFF, 0xC1, 0xC1, 0xDC, 0x0E, 0x0F, 0x0E, 0xE0, 0x70, 0x3C,
    0x77, 0x03, 0x80, 0xE3, 0xB8, 0x1C, 0x07, 0x9D, 0xC0, 0xE0, 0x19, 0xEE, 0x07, 0x00, 0x0E, 0x70,
    0x38, 0x00, 0x73, 0x81, 0xC0, 0x03, 0x9F, 0xFE, 0x00, 0x1C, 0xFF, 0xF0, 0x00, 0xE7, 0xFF, 0x83,
    0x0F, 0x38, 0x00, 0x1F, 0xF1, 0xC0, 0x00, 0xFF, 0x00, 0x00, 0x03, 0xF0, 0x00, 0x00, 0x00, 0x00,
    0x03, 0xC0, 0x0E, 0x00, 0x03, 0x80, 0x1C, 0x00, 0x07, 0x80, 0x70, 0x00, 0x07, 0x01, 0xE0, 0x07,
    0xFF, 0xFF, 0xFF, 0x0F, 0xFF, 0xFF, 0xFE, 0x00, 0x01, 0xC0, 0x00, 0x00, 0x03, 0x80, 0x00, 0x00,
    0x07, 0x00, 0x00, 0x3F, 0xFF, 0xFF, 0xC0, 0x7F, 0xFF, 0xFF, 0x80, 0x00, 0x38, 0x00, 0x00, 0x00,
    0x70, 0x00, 0x00, 0x00, 0xE0, 0x00, 0x00, 0x01, 0xC0, 0x00, 0x7F, 0xFF, 0xFF, 0xFC, 0xFF, 0xFF,
    0xFF, 0xF8, 0x00, 0x00, 0x00, 0x00, 0x00, 0x00, 0x00, 0x00, 0xFF, 0xFF, 0xFF, 0x01, 0xFF, 0xFF,
    0xFE, 0x03, 0xFF, 0xFF, 0xFC, 0x07, 0x0E, 0x1C, 0x38, 0x0E, 0x1C, 0x38, 0x70, 0x1C, 0x38, 0x70,
    0xE0, 0x38, 0x70, 0xE1, 0xC0, 0x70, 0xE1, 0xC3, 0x80, 0xE1, 0xC3, 0x87, 0x1F, 0xFF, 0xFF, 0xFF,
    0xFF, 0xFF, 0xFF, 0xFF, 0xBF, 0xFF, 0xFF, 0xFF, 0x00, 0x03, 0x80, 0x00, 0x00, 0x07, 0x00, 0x00,
    0x00, 0x1E, 0x00, 0x00, 0x1F, 0xFF, 0xFF, 0x00, 0x3F, 0xFF, 0xFE, 0x00, 0x70, 0x80, 0x3C, 0x00,
    0xE3, 0xC0, 0x78, 0x01, 0xC7, 0xC0, 0xF0, 0x03, 0x83, 0xC1, 0xE0, 0x07, 0x03, 0xC3, 0xC1, 0xFF,
    0xFF, 0xFF, 0xFF, 0xFF, 0xFF, 0xFF, 0xFF, 0xFF, 0xFF, 0xFF, 0xE0, 0xE0, 0x80, 0x3C, 0x01, 0xC3,
    0xC0, 0x78, 0x07, 0x87, 0xC0, 0xF0, 0x0E, 0x03, 0xC1, 0xE0, 0x3C, 0x03, 0xC3, 0xC0, 0xF0, 0x03,
    0x7F, 0x03, 0xE0, 0x00, 0x7E, 0x03, 0x00, 0x00, 0x00, 0x01, 0xFF, 0xFF, 0xFC, 0x03, 0xFF, 0xFF,
    0xF8, 0x07, 0x0E, 0x3C, 0x70, 0x0E, 0x1C, 0x78, 0xE0, 0x1C, 0x38, 0xF1, 0xC0, 0x38, 0x71, 0xE3,
    0x80, 0x70, 0xE3, 0xC7, 0x00, 0xE1, 0xC7, 0x8E, 0x1F, 0xFF, 0xFF, 0xFF, 0xFF, 0xFF, 0xFF, 0xFF,
    0xBF, 0xFF, 0xFF, 0xFF, 0x00, 0x80, 0x00, 0x00, 0x01, 0xC0, 0x00, 0x00, 0x01, 0xC0, 0x7F, 0xE0,
    0x1F, 0xFE, 0x7F, 0xE0, 0x1F, 0xFE, 0x70, 0xE0, 0x1C, 0x0E, 0x70, 0xE0, 0x1D, 0x8E, 0x70, 0xE0,
    0x1D, 0xCE, 0xF0, 0xFE, 0x1C, 0xEF, 0xE0, 0xFE, 0x1C, 0x4F, 0xC0, 0x00, 0x1C, 0x0E, 0x80, 0x00,
    0xFF, 0xFE, 0xFF, 0xF8, 0xFF, 0xFE, 0xFF, 0xF0, 0x1D, 0x0E, 0x70, 0xF0, 0x1B, 0x8E, 0x79, 0xE0,
    0x39, 0xCE, 0x3F, 0xC0, 0x38, 0xCE, 0x1F, 0xC0, 0x38, 0x0E, 0x3F, 0x80, 0x70, 0x0F, 0xFF, 0xF0,
    0xF0, 0x7F, 0xF9, 0xFE, 0xE0, 0x7F, 0xE0, 0x7E, 0x4F, 0xFF, 0xFF, 0xEC, 0x0F, 0xFF, 0xFF, 0xE0,
    0x0E, 0x1C, 0x70, 0xE0, 0x0E, 0x1C, 0x70, 0xE0, 0x0E, 0x1C, 0x70, 0xE0, 0x0E, 0x1C, 0x70, 0xE0,
    0x0E, 0x1C, 0x70, 0xE0, 0x0E, 0x1C, 0x70, 0xE0, 0xFF, 0xFF, 0xFF, 0xFE, 0xFF, 0xFF, 0xFF, 0xFE,
    0x00, 0x00, 0x00, 0x00, 0xFF, 0xFF, 0xFF, 0xFF, 0xFF, 0xFF, 0xFF, 0xFF, 0xFF, 0x00, 0x00, 0x7E,
    0x00, 0x00, 0xFC, 0x00, 0x01, 0xF8, 0x00, 0x03, 0xF0, 0x00, 0x07, 0xFF, 0xFF, 0xFF, 0xFF, 0xFF,
    0xFF, 0xFF, 0xFF, 0xFF, 0x00, 0x00, 0x7E, 0x00, 0x00, 0xFC, 0x00, 0x01, 0xF8, 0x00, 0x03, 0xF0,
    0x00, 0x07, 0xFF, 0xFF, 0xFF, 0xFF, 0xFF, 0xFF, 0xFF, 0xFF, 0xFF, 0x00, 0x00, 0x7E, 0x00, 0x00,
    0xFC, 0x00, 0x01, 0xF8, 0x00, 0x03, 0xF0, 0x00, 0x07, 0xFF, 0xFF, 0xFF, 0xFF, 0xFF, 0xFF, 0xFF,
    0xFF, 0xFF, 0x00, 0x00, 0x7E, 0x00, 0x00, 0xE0, 0x00, 0x00, 0x00, 0x00, 0x00, 0x07, 0x00, 0x00,
    0x00, 0x0E, 0x00, 0x01, 0xFF, 0xFF, 0xFF, 0xE7, 0xFF, 0xFF, 0xFF, 0xCF, 0xFF, 0xFF, 0xFF, 0x80,
    0x01, 0xC0, 0x00, 0x00, 0x03, 0x80, 0x00, 0x00, 0x07, 0x00, 0x00, 0x0F, 0xFF, 0xFF, 0xC0, 0x1F,
    0xFF, 0xFF, 0x80, 0x38, 0x00, 0x0F, 0x00, 0x70, 0x00, 0x1E, 0x00, 0xE0, 0x00, 0x3C, 0x01, 0xFF,
    0xFF, 0xF8, 0x03, 0xFF, 0xFF, 0xF0, 0x07, 0x00, 0x01, 0xE0, 0x0E, 0x00, 0x03, 0xC0, 0x1C, 0x00,
    0x07, 0x80, 0x3F, 0xFF, 0xFF, 0x00, 0x7F, 0xFF, 0xFE, 0x00, 0xE0, 0x00, 0x3C, 0x01, 0xC0, 0x00,
    0x78, 0x03, 0xFF, 0xFF, 0xF0, 0x07, 0xFF, 0xFF, 0xE0, 0x0E, 0x00, 0x03, 0xC0, 0x1C, 0x00, 0x07,
    0x80, 0x38, 0x00, 0x0F, 0x0F, 0xFF, 0xFF, 0xFF, 0xFF, 0xFF, 0xFF, 0xFF, 0xFF, 0xFF, 0xFF, 0xFF,
    0x80, 0x00, 0x00, 0x00, 0x00, 0x00, 0x07, 0x80, 0x00, 0x00, 0x0E, 0x00, 0x00, 0x00, 0x1C, 0x00,
    0x07, 0xFF, 0xFF, 0xFF, 0xCF, 0xFF, 0xFF, 0xFF, 0x80, 0x00, 0xE0, 0x00, 0x00, 0x03, 0xC0, 0x00,
    0x07, 0xFF, 0xFF, 0xC0, 0x0F, 0xFF, 0xFF, 0x80, 0x1C, 0x00, 0x07, 0x00, 0x38, 0x00, 0x0E, 0x00,
    0x7F, 0xFF, 0xFC, 0x00, 0xFF, 0xFF, 0xF8, 0x01, 0xC0, 0x00, 0x70, 0x03, 0x80, 0x00, 0xE0, 0x07,
    0xFF, 0xFF, 0xC0, 0x0F, 0xFF, 0xFF, 0x80, 0x1C, 0x00, 0x07, 0x00, 0x3F, 0xFF, 0xFE, 0x00, 0x7F,
    0xFF, 0xFC, 0x00, 0xE0, 0x00, 0x38, 0x01, 0xC0, 0x00, 0x70, 0x03, 0xC0, 0x00, 0xE0, 0x7F, 0xFF,
    0xFF, 0xFE, 0xFF, 0xFF, 0xFF, 0xFC, 0x00, 0x80, 0x20, 0x00, 0x07, 0xC0, 0xF8, 0x00, 0x3F, 0x81,
    0xFE, 0x03, 0xFC, 0x00, 0xFF, 0x1F, 0xE0, 0x00, 0x3F, 0xBE, 0x00, 0x00, 0x1E, 0x00, 0x00, 0x00,
    0x00, 0x00, 0x0F, 0xFF, 0xF9, 0xFF, 0x9F, 0xFF, 0xF3, 0xFF, 0x3F, 0xFF, 0xE7, 0xFE, 0x70, 0x03,
    0xCE, 0x1C, 0xE0, 0x07, 0x9C, 0x39, 0xC0, 0x0F, 0x38, 0x73, 0x80, 0x1E, 0x70, 0xE7, 0xFF, 0xFC,
    0xFF, 0xCF, 0xFF, 0xF9, 0xFF, 0x9F, 0xFF, 0xF3, 0xFF, 0x38, 0x78, 0x07, 0x0E, 0x70, 0xF0, 0x0E,
    0x1C, 0xE0, 0xE0, 0x1C, 0x39, 0xC1, 0xC0, 0x38, 0x73, 0x83, 0x80, 0x7F, 0xE7, 0xFF, 0xFE, 0xFF,
    0xCF, 0xFF, 0xFD, 0xFF, 0x9F, 0xFF, 0xFB, 0x87, 0x38, 0x38, 0x07, 0x0E, 0x70, 0x70, 0x0E, 0x1C,
    0xE0, 0xF0, 0x1C, 0x39, 0xC0, 0xE0, 0x3F, 0xF3, 0x81, 0xC0, 0x7F, 0xE7, 0x03, 0x86, 0xFF, 0xCE,
    0x07, 0x8F, 0xC0, 0x1C, 0x77, 0x1F, 0x80, 0x3F, 0xEF, 0x37, 0x00, 0xFF, 0xCF, 0xE0, 0x03, 0xFE,
    0x0F, 0xC0, 0x03, 0xC0, 0x0F, 0x00, 0x04, 0x00, 0x00, 0x00, 0x00, 0x0F, 0xFF, 0xF1, 0xFF, 0x9F,
    0xFF, 0xE3, 0xFF, 0x3F, 0xFF, 0xC7, 0xFE, 0x70, 0x03, 0x8E, 0x1C, 0xE0, 0x07, 0x1C, 0x39, 0xC0,
    0x0E, 0x38, 0x73, 0x80, 0x1C, 0x70, 0xE7, 0xFF, 0xF8, 0xFF, 0xCF, 0xFF, 0xF1, 0xFF, 0x9C, 0x00,
    0xE3, 0xFF, 0x38, 0x01, 0xC7, 0x0E, 0x70, 0x03, 0x8E, 0x1C, 0xE0, 0x07, 0x1C, 0x39, 0xFF, 0xFE,
    0x38, 0x73, 0xFF, 0xFC, 0x7F, 0xE7, 0xFF, 0xF8, 0xFF, 0xCE, 0x1C, 0x19, 0xFF, 0x9C, 0x38, 0x7B,
    0x87, 0x38, 0x71, 0xF7, 0x0E, 0x70, 0xFF, 0x8E, 0x1C, 0xE0, 0xFE, 0x1C, 0x39, 0xC1, 0xF0, 0x3F,
    0xF3, 0x81, 0xC0, 0x7F, 0xE7, 0x03, 0xC0, 0xFF, 0xCE, 0x03, 0xC1, 0xC0, 0x1C, 0x73, 0xC3, 0x80,
    0x3F, 0xE3, 0xE7, 0x00, 0xFF, 0xC7, 0xE0, 0x01, 0xFC, 0x03, 0xC0, 0x01, 0xC0, 0x03, 0x00, 0x00,
    0x00, 0x00, 0x00, 0x1F, 0xFF, 0xFF, 0xFC, 0x1F, 0xFF, 0xFF, 0xFC, 0x1F, 0xFF, 0xFF, 0xFC, 0x1C,
    0x1C, 0x1C, 0x1C, 0x1C, 0x1C, 0x1C, 0x1C, 0x1C, 0x1C, 0x1C, 0x1C, 0x1C, 0x1C, 0x1C, 0x1C, 0x1F,
    0xFF, 0xFF, 0xFC, 0x1F, 0xFF, 0xFF, 0xFC, 0x0F, 0xFF, 0xFF, 0xFC, 0x00, 0x00, 0x00, 0x18, 0x00,
    0x01, 0xFF, 0xFC, 0x1F, 0xFF, 0xFF, 0xFC, 0x1F, 0xFF, 0xFF, 0xC0, 0x0F, 0xF9, 0xC0, 0x00, 0x00,
    0xE1, 0xC0, 0xE0, 0x00, 0xE1, 0xC0, 0xE0, 0x01, 0xC1, 0xC0, 0xE0, 0x01, 0xC1, 0xC1, 0xE0, 0x01,
    0xC1, 0xC1, 0xC0, 0x03, 0xE1, 0xC1, 0xE0, 0x03, 0xF1, 0xC3, 0xF0, 0x07, 0xF9, 0xC7, 0xF0, 0x0F,
    0x3D, 0xC7, 0x38, 0x1E, 0x1F, 0xCF, 0x3C, 0x3E, 0x0D, 0xFE, 0x1F, 0x7C, 0x01, 0xFC, 0x0F, 0x70,
    0x01, 0xF8, 0x06, 0x20, 0x01, 0xC0, 0x00, 0x00, 0x01, 0xC0, 0x00, 0x00, 0x01, 0xC0, 0x00, 0x00,
    0x00, 0x00, 0x00, 0x38, 0x00, 0x00, 0x01, 0xE0, 0x00, 0x00, 0x07, 0x80, 0x00, 0x00, 0x1C, 0x00,
    0x7F, 0xFC, 0x7F, 0xF9, 0xFF, 0xF3, 0xFF, 0xF7, 0xFF, 0xCF, 0xFF, 0xDC, 0x0F, 0x39, 0xC0, 0x70,
    0x3D, 0xE7, 0x01, 0xC0, 0xFF, 0x1C, 0x07, 0x03, 0xFC, 0x70, 0x1C, 0x0F, 0x61, 0xC0, 0x70, 0x3C,
    0x07, 0x01, 0xC0, 0xFF, 0xFF, 0xF7, 0x03, 0xFF, 0xFF, 0xFC, 0x0F, 0xFF, 0xFF, 0xF0, 0x3C, 0x07,
    0x01, 0xC0, 0xF0, 0x1C, 0x07, 0x03, 0xC0, 0xF0, 0x1C, 0x0F, 0x03, 0xE0, 0x70, 0x3C, 0x0F, 0xC1,
    0xC0, 0xF0, 0x3F, 0x87, 0x03, 0xC1, 0xEF, 0x1C, 0x0F, 0x07, 0x3E, 0x70, 0x3C, 0x3C, 0x79, 0xC0,
    0xF1, 0xE0, 0xF7, 0xFF, 0xCF, 0x81, 0xDF, 0xFF, 0x7C, 0x02, 0x7F, 0xFF, 0xE0, 0x01, 0xC0, 0xFF,
    0x00, 0x07, 0x03, 0xD8, 0x00, 0x00, 0x00, 0x00, 0x00, 0x00, 0x00, 0x1C, 0x00, 0x00, 0x00, 0x38,
    0x07, 0xFF, 0xFC, 0x70, 0x1F, 0xFF, 0xF9, 0xE0, 0x3F, 0xFF, 0xF3, 0xFF, 0x80, 0x00, 0x07, 0xFF,
    0x00, 0x00, 0x0F, 0xFE, 0x00, 0x00, 0x3D, 0xC0, 0xFF, 0xFE, 0x73, 0x81, 0xFF, 0xFD, 0xE7, 0x03,
    0xFF, 0xFB, 0x8E, 0x07, 0x00, 0x73, 0x1C, 0x0E, 0x00, 0xE0, 0x38, 0x1C, 0x01, 0xDF, 0xFF, 0x38,
    0x03, 0xBF, 0xFE, 0x70, 0x07, 0x7F, 0xFC, 0xFF, 0xFE, 0x03, 0x81, 0xFF, 0xFC, 0x0F, 0x03, 0xFF,
    0xF8, 0x1E, 0x00, 0x00, 0x00, 0x3C, 0x06, 0x03, 0x80, 0x7C, 0x0E, 0x07, 0x80, 0xFC, 0x1C, 0x0E,
    0x03, 0xB8, 0x3C, 0x3C, 0x07, 0x78, 0x38, 0x70, 0x1E, 0x78, 0x70, 0xE0, 0x38, 0x70, 0xE3, 0xC0,
    0xF0, 0xC0, 0xE7, 0x03, 0xC0, 0x7F, 0xFF, 0xFF, 0x00, 0xFF, 0xFF, 0xFC, 0x01, 0xFF, 0xFF, 0xD8,
    0x00, 0x00, 0x00, 0x00, 0x3F, 0xFF, 0xFF, 0xFE, 0x3F, 0xFF, 0xFF, 0xFF, 0x3F, 0xFF, 0xFF, 0xFF,
    0x00, 0x1E, 0x00, 0x00, 0x00, 0x1C, 0x00, 0x00, 0x00, 0x3C, 0x00, 0x00, 0x00, 0x3C, 0x00, 0x00,
    0x00, 0x38, 0x00, 0x00, 0x00, 0x78, 0x00, 0x00, 0x00, 0x70, 0x00, 0x00, 0x00, 0xF0, 0x00, 0x00,
    0x01, 0xE0, 0x00, 0x00, 0x01, 0xFF, 0xFF, 0xFC, 0x03, 0xFF, 0xFF, 0xFC, 0x07, 0xFF, 0xFF, 0xFC,
    0x07, 0xE0, 0x00, 0x3C, 0x0F, 0xE0, 0x00, 0x3C, 0x1E, 0xE0, 0x00, 0x3C, 0x7C, 0xE0, 0x00, 0x3C,
    0x78, 0xE0, 0x00, 0x3C, 0x70, 0xE0, 0x00, 0x3C, 0x20, 0xE0, 0x00, 0x3C, 0x00, 0xE0, 0x00, 0x3C,
    0x00, 0xE0, 0x00, 0x3C, 0x00, 0xFF, 0xFF, 0xFC, 0x00, 0xFF, 0xFF, 0xFC, 0x00, 0xFF, 0xFF, 0xFC,
    0x00, 0xE0, 0x00, 0x3C, 0x00, 0xE0, 0x00, 0x3C, 0x00, 0xE0, 0x00, 0x18, 0x3F, 0xF8, 0x00, 0x00,
    0x7F, 0xFB, 0xFF, 0xF8, 0x7F, 0xFB, 0xFF, 0xF8, 0x07, 0x01, 0xFF, 0xF8, 0x07, 0x00, 0x00, 0x78,
    0x07, 0x00, 0xE0, 0x70, 0x07, 0x00, 0xE0, 0x70, 0x0E, 0x00, 0xE0, 0x70, 0x0E, 0x00, 0xE0, 0x70,
    0x0E, 0x00, 0xE0, 0x70, 0x1E, 0x00, 0xE0, 0x70, 0x1F, 0xF9, 0xE0, 0x70, 0x1F, 0xF9, 0xC0, 0x70,
    0x3F, 0xF9, 0xC0, 0xF0, 0x3C, 0x39, 0xFF, 0xFF, 0x7C, 0x39, 0xFF, 0xFF, 0x7C, 0x38, 0x00, 0x0E,
    0x7C, 0x38, 0x00, 0x0E, 0x7C, 0x38, 0x00, 0x0E, 0x1C, 0x38, 0x00, 0x0E, 0x1C, 0x3B, 0xFF, 0xCE,
    0x1C, 0x3F, 0xFF, 0xEE, 0x1C, 0x3F, 0xFF, 0xEE, 0x1F, 0xF8, 0x00, 0x1E, 0x1F, 0xF8, 0x00, 0x1E,
    0x1F, 0xF8, 0x00, 0x1C, 0x1C, 0x00, 0x00, 0x1C, 0x1C, 0x00, 0x03, 0xFC, 0x0C, 0x00, 0x07, 0xF8,
    0x00, 0x00, 0x03, 0xF0, 0x00, 0x00, 0x00, 0x00, 0x7F, 0xFB, 0xFF, 0xFD, 0xFF, 0xF7, 0xFF, 0xFF,
    0xFF, 0xEF, 0xFF, 0xF8, 0x70, 0x03, 0x87, 0x80, 0xE0, 0x07, 0x0F, 0x01, 0xC0, 0x0E, 0x1E, 0x03,
    0x80, 0x1C, 0x3C, 0x0F, 0x00, 0x38, 0x78, 0x1C, 0x00, 0x70, 0xF0, 0x38, 0x00, 0xE1, 0xE0, 0x70,
    0x01, 0xC3, 0xC1, 0xFF, 0x83, 0x87, 0x83, 0xFF, 0x07, 0x0F, 0x0F, 0xFE, 0xFF, 0xFF, 0xDE, 0x1D,
    0xFF, 0xFF, 0xFC, 0x3B, 0xFF, 0xFF, 0xF8, 0x70, 0x70, 0xF1, 0xF0, 0xE1, 0xE1, 0xE1, 0x61, 0xC3,
    0xC3, 0xC0, 0xC3, 0x87, 0x07, 0x81, 0x87, 0x0E, 0x0F, 0x03, 0x0E, 0x1C, 0x1E, 0x06, 0x1C, 0x38,
    0x3C, 0x0F, 0xF8, 0xF0, 0x78, 0x1F, 0xF1, 0xC0, 0xF0, 0x3F, 0xE3, 0x81, 0xE0, 0x60, 0x0F, 0x03,
    0xC0, 0xC0, 0x3C, 0x07, 0x81, 0x80, 0x70, 0x0F, 0x00, 0x00, 0xE0, 0x1E, 0x00, 0x00, 0x00, 0x18,
    0x00, 0x00, 0x00, 0x00, 0x00, 0x00, 0x00, 0x07, 0x00, 0x3F, 0xF8, 0x07, 0x00, 0x7F, 0xF8, 0x07,
    0x00, 0x7F, 0xF8, 0x07, 0x00, 0x07, 0x80, 0x07, 0x00, 0x07, 0x03, 0xFF, 0xFF, 0x07, 0x03, 0xFF,
    0xFF, 0x07, 0x03, 0xFF, 0xFE, 0x0F, 0x03, 0x87, 0x0E, 0x0E, 0x03, 0x87, 0x0E, 0x0E, 0x03, 0x87,
    0x1C, 0x1E, 0x03, 0x87, 0x1C, 0x1F, 0xF3, 0x87, 0x00, 0x1F, 0xF3, 0xFF, 0xFE, 0x3F, 0xF3, 0xFF,
    0xFC, 0x3C, 0x33, 0xFF, 0xFC, 0x7C, 0x33, 0xF0, 0x1C, 0x7C, 0x33, 0xF0, 0x38, 0x7C, 0x33, 0xB8,
    0x38, 0x2C, 0x33, 0xB8, 0x78, 0x0C, 0x33, 0xBC, 0x70, 0x0C, 0x33, 0x9E, 0xF0, 0x0C, 0x33, 0x8F,
    0xE0, 0x0C, 0x37, 0x0F, 0xC0, 0x0F, 0xF7, 0x07, 0xC0, 0x0F, 0xF7, 0x0F, 0xC0, 0x0F, 0xFF, 0x1F,
    0xF0, 0x0C, 0x0E, 0x3E, 0xF8, 0x0C, 0x0E, 0xFC, 0x7E, 0x0C, 0x1D, 0xF0, 0x3F, 0x00, 0x0C, 0xC0,
    0x0E, 0x00, 0x00, 0x00, 0x00, 0x00, 0x00, 0x00, 0x00, 0x00, 0x01, 0xC0, 0x07, 0xFF, 0x0F, 0x00,
    0x3F, 0xFC, 0x38, 0x00, 0xFF, 0xF1, 0xFF, 0xE0, 0x38, 0x07, 0xFF, 0x80, 0xE0, 0x3C, 0x1C, 0x03,
    0x80, 0xE0, 0xF0, 0x0E, 0x07, 0x83, 0x80, 0x78, 0x3F, 0xFF, 0xF1, 0xC1, 0xFF, 0xFF, 0xC7, 0x0F,
    0xFF, 0xFF, 0x1C, 0x1F, 0x0E, 0x1C, 0xFF, 0x9C, 0x38, 0x73, 0xFE, 0x70, 0xE1, 0xDF, 0xF9, 0xC3,
    0x87, 0x7C, 0x67, 0xFF, 0xFF, 0xF1, 0x9F, 0xFF, 0xFF, 0xC6, 0x70, 0xE1, 0xFF, 0x19, 0xC3, 0x87,
    0x5C, 0x67, 0x0E, 0x1C, 0x71, 0x9F, 0xFF, 0xF1, 0xC6, 0x7F, 0xFF, 0xC7, 0x19, 0xFF, 0xFF, 0x1C,
    0x67, 0x0E, 0x1C, 0x7F, 0x9C, 0x38, 0x71, 0xFE, 0xF0, 0xE1, 0xC7, 0xFB, 0x83, 0x87, 0x1C, 0x1E,
    0x0E, 0x1C, 0x70, 0x70, 0x3B, 0xF1, 0x83, 0xC0, 0xEF, 0xC0, 0x0E, 0x00, 0x3E, 0x00, 0x00, 0x00,
    0x00, 0x00, 0x00, 0x00, 0x00, 0x00, 0x00, 0x07, 0x00, 0x00, 0x00, 0x07, 0x00, 0x7F, 0xF8, 0x0F,
    0x00, 0x7F, 0xFF, 0xFF, 0xFE, 0x3F, 0xFF, 0xFF, 0xFE, 0x07, 0x07, 0xFF, 0xFE, 0x07, 0x07, 0x3D,
    0x8E, 0x07, 0x07, 0x3B, 0x8E, 0x07, 0x07, 0x7B, 0xCE, 0x0E, 0x00, 0x71, 0xC0, 0x0E, 0x00, 0xFF,
    0xFE, 0x0E, 0x01, 0xFF, 0xFE, 0x0F, 0xFB, 0xFF, 0xFE, 0x1F, 0xFF, 0xE1, 0xC0, 0x1F, 0xFF, 0xE1,
    0xC0, 0x3E, 0x3F, 0xE1, 0xC0, 0x3E, 0x3C, 0xFF, 0xFE, 0x7E, 0x38, 0xFF, 0xFE, 0x7E, 0x38, 0xE1,
    0xC0, 0x7E, 0x38, 0xE1, 0xC0, 0x2E, 0x38, 0xE1, 0xC0, 0x0E, 0x38, 0xE1, 0xC0, 0x0E, 0x38, 0xFF,
    0xFE, 0x0E, 0x38, 0xFF, 0xFE, 0x0F, 0xF8, 0xE1, 0xC0, 0x0F, 0xF8, 0xE1, 0xC0, 0x0F, 0xF8, 0xE1,
    0xC0, 0x0E, 0x00, 0xE1, 0xC0, 0x0E, 0x00, 0xFF, 0xFF, 0x0E, 0x00, 0xFF, 0xFF, 0x00, 0x00, 0xE0,
    0x00, 0x00, 0x00, 0xC0, 0x00, 0x3F, 0xFD, 0xFF, 0xFE, 0x7F, 0xFD, 0xFF, 0xFE, 0x7F, 0xFD, 0xFF,
    0xFE, 0x07, 0x01, 0xC3, 0x80, 0x07, 0x01, 0xC3, 0x80, 0x07, 0x01, 0xC3, 0x80, 0x07, 0x01, 0xFF,
    0xFC, 0x0E, 0x01, 0xFF, 0xFC, 0x0E, 0x01, 0xC3, 0x80, 0x0E, 0x01, 0xC3, 0x80, 0x0E, 0x01, 0xC3,
    0x80, 0x1F, 0xF9, 0xFF, 0xFC, 0x1F, 0xF9, 0xFF, 0xFC, 0x1F, 0xF9, 0xC3, 0x80, 0x3E, 0x39, 0xC3,
    0x80, 0x3E, 0x39, 0xC3, 0x80, 0x7E, 0x39, 0xFF, 0xFF, 0x7E, 0x39, 0xFF, 0xFF, 0x7E, 0x39, 0xFF,
    0xFF, 0x6E, 0x38, 0x00, 0x67, 0x0E, 0x3B, 0x83, 0x67, 0x0E, 0x3B, 0xB7, 0x77, 0x0E, 0x3B, 0xB3,
    0x3E, 0x0F, 0xFB, 0xBB, 0xBE, 0x0F, 0xFB, 0x3B, 0x8E, 0x0F, 0xFF, 0x39, 0x8E, 0x0E, 0x07, 0x38,
    0x0E, 0x0E, 0x0E, 0x30, 0x1E, 0x0C, 0x06, 0x01, 0xFE, 0x00, 0x00, 0x00, 0xFC, 0x00, 0x00, 0x00,
    0x00, 0x0F, 0xFF, 0xFF, 0xF0, 0x1F, 0xFF, 0xFF, 0xE0, 0x3F, 0xFF, 0xFF, 0xC0, 0x00, 0x00, 0x00,
    0x00, 0x00, 0x00, 0x00, 0x00, 0x00, 0x00, 0x00, 0x00, 0x00, 0x00, 0x00, 0x00, 0x00, 0x00, 0x00,
    0x7F, 0xFF, 0xFF, 0xFE, 0xFF, 0xFF, 0xFF, 0xFD, 0xFF, 0xFF, 0xFF, 0xF8, 0x00, 0x1C, 0x00, 0x00,
    0x00, 0x38, 0x00, 0x00, 0x00, 0x70, 0x00, 0x00, 0xE0, 0xE0, 0x60, 0x01, 0xE1, 0xC1, 0xC0, 0x07,
    0x83, 0x83, 0xC0, 0x0F, 0x07, 0x03, 0xC0, 0x3C, 0x0E, 0x07, 0x80, 0x78, 0x1C, 0x07, 0x81, 0xE0,
    0x38, 0x07, 0x07, 0x80, 0x70, 0x0F, 0x0F, 0x00, 0xE0, 0x0E, 0x3C, 0x01, 0xC0, 0x1E, 0xF0, 0x03,
    0x80, 0x1C, 0xC0, 0x07, 0x00, 0x38, 0x03, 0xFE, 0x00, 0x00, 0x03, 0xFC, 0x00, 0x00, 0x07, 0xF0,
    0x00, 0x00, 0x00, 0x00, 0x0C, 0x00, 0x38, 0x00, 0x38, 0x00, 0xF0, 0x00, 0xE0, 0x01, 0xE0, 0x03,
    0x80, 0x03, 0x80, 0x0E, 0x00, 0x0E, 0x00, 0x38, 0x07, 0xFE, 0x7F, 0xFF, 0xFF, 0xFD, 0xFF, 0xFF,
    0xFF, 0xF7, 0xFF, 0xFC, 0x03, 0xDC, 0x38, 0x70, 0x0E, 0x70, 0xE1, 0xC0, 0x79, 0xC3, 0x87, 0x01,
    0xC7, 0x0E, 0x1C, 0x0E, 0x1F, 0xFF, 0xF0, 0x78, 0x7F, 0xFF, 0xC3, 0xE1, 0xFF, 0xFF, 0x1F, 0xC7,
    0x0E, 0x1C, 0xFF, 0x9C, 0x38, 0x77, 0xFF, 0x70, 0xE1, 0xFF, 0xDF, 0xC3, 0x87, 0xF7, 0x37, 0xFF,
    0xFD, 0x1C, 0xDF, 0xFF, 0xF0, 0x70, 0x7F, 0xFF, 0xC1, 0xC1, 0xC3, 0x87, 0x07, 0x07, 0x0E, 0x1C,
    0x1C, 0x00, 0x38, 0x00, 0x70, 0x00, 0xE0, 0x01, 0xC0, 0x03, 0x80, 0x07, 0x00, 0x0E, 0x00, 0x1C,
    0x00, 0x38, 0x00, 0x70, 0x00, 0xE0, 0x01, 0xC0, 0x03, 0x80, 0x00, 0x00, 0x04, 0x00, 0x01, 0xC0,
    0x07, 0x00, 0x03, 0x80, 0x0E, 0x00, 0x07, 0x00, 0x1C, 0x03, 0xFF, 0xEF, 0xFF, 0xE7, 0xFF, 0xDF,
    0xFF, 0xC0, 0xF8, 0x01, 0xF8, 0x01, 0xF8, 0x07, 0xF0, 0x07, 0xFC, 0x1F, 0xF0, 0x0F, 0xFC, 0x3F,
    0xF0, 0x3B, 0xBC, 0xEE, 0xF0, 0xE7, 0x37, 0xDC, 0xF7, 0xCE, 0x1F, 0x38, 0xFF, 0x1C, 0x3C, 0x70,
    0xEC, 0x38, 0x20, 0xE0, 0x80, 0x00, 0x00, 0x00, 0x03, 0xFF, 0xFF, 0xF0, 0x07, 0xFF, 0xFF, 0xE0,
    0x0F, 0xFF, 0xFF, 0x80, 0x00, 0x00, 0x00, 0x00, 0x00, 0x00, 0x00, 0x07, 0xFF, 0xFF, 0xFF, 0xEF,
    0xFF, 0xFF, 0xFF, 0xDF, 0xFF, 0xFF, 0xFF, 0x00, 0x81, 0xC1, 0x80, 0x03, 0xC3, 0x87, 0x80, 0x0F,
    0x07, 0x0F, 0x80, 0x3C, 0x0E, 0x07, 0x80, 0xF0, 0x1C, 0x07, 0xC7, 0xC0, 0x38, 0x07, 0xCF, 0x0F,
    0xF0, 0x07, 0x8C, 0x0F, 0xE0, 0x06, 0x00, 0x1E, 0x00, 0x00, 0x00, 0x02, 0x00, 0x00, 0x00, 0x38,
    0x00, 0x00, 0x00, 0x70, 0x00, 0x00, 0x01, 0xC0, 0x00, 0xFF, 0xFF, 0xFF, 0xFF, 0xFF, 0xFF, 0xFF,
    0xFF, 0xFF, 0xFF, 0xFF, 0x87, 0x1C, 0x1E, 0x70, 0x1C, 0x7C, 0xF1, 0xC0, 0x70, 0xFF, 0x87, 0x01,
    0xC0, 0xFC, 0x1C, 0x07, 0x0F, 0xFC, 0x70, 0x1C, 0xFC, 0xF9, 0xC0, 0x73, 0xC0, 0xE7, 0x01, 0xEC,
    0x00, 0x9C, 0x07, 0xFF, 0xFF, 0xF0, 0x1F, 0xFF, 0xFF, 0xC0, 0x00, 0x1C, 0x00, 0x00, 0x00, 0xF0,
    0x00, 0x1F, 0xFF, 0xFF, 0xFC, 0x7F, 0xFF, 0xFF, 0xF1, 0xFF, 0xFF, 0xFF, 0xC7, 0x03, 0x87, 0x07,
    0x1C, 0x1C, 0x1E, 0x1C, 0x70, 0xF0, 0x38, 0x71, 0xC7, 0xFF, 0xF1, 0xC7, 0x1F, 0xFF, 0xE7, 0x1C,
    0x7F, 0xF3, 0x9C, 0x71, 0xC0, 0x0C, 0x71, 0xC0, 0x00, 0x01, 0xC7, 0x00, 0x00, 0xFF, 0x1C, 0x00,
    0x01, 0xF8, 0x00, 0x00, 0x00, 0x00, 0x00, 0x00, 0x00, 0x00, 0x00, 0x18, 0x07, 0x00, 0x00, 0xFC,
    0x07, 0x00, 0x1F, 0xFC, 0x07, 0x00, 0x3F, 0xF0, 0x07, 0x00, 0x3F, 0xC0, 0x07, 0x00, 0x01, 0xC0,
    0x07, 0x30, 0x01, 0xC0, 0xE7, 0x38, 0x01, 0xC0, 0xE7, 0x38, 0x01, 0xC0, 0xE7, 0x1C, 0x7F, 0xFD,
    0xC7, 0x1C, 0x7F, 0xFF, 0xC7, 0x1E, 0x7F, 0xFF, 0xC7, 0x0E, 0x03, 0xC1, 0xC7, 0x0F, 0x03, 0xE3,
    0xC7, 0x07, 0x07, 0xE3, 0x87, 0x07, 0x07, 0xF3, 0x87, 0x04, 0x0F, 0xFB, 0x87, 0x08, 0x0F, 0xFC,
    0x07, 0x1C, 0x1D, 0xDC, 0x07, 0x1C, 0x1D, 0xC8, 0x07, 0x3C, 0x39, 0xC0, 0x07, 0x38, 0x79, 0xC0,
    0x00, 0x78, 0x71, 0xC0, 0x00, 0xF0, 0x71, 0xC0, 0x01, 0xE0, 0x21, 0xC0, 0x03, 0xC0, 0x01, 0xC0,
    0x0F, 0x80, 0x01, 0xC0, 0x3F, 0x00, 0x01, 0xC1, 0xFE, 0x00, 0x01, 0xCF, 0xF8, 0x00, 0x01, 0xCF,
    0xE0, 0x00, 0x01, 0xC7, 0x80, 0x00, 0x00, 0x00, 0x00, 0x00, 0x00, 0x30, 0xE0, 0x00, 0x07, 0xE1,
    0xC0, 0x00, 0xFF, 0xE3, 0x80, 0x03, 0xFF, 0x07, 0x00, 0x07, 0xF8, 0x1F, 0xFF, 0xC0, 0x70, 0x3F,
    0xFF, 0xC0, 0xE0, 0x7F, 0xFF, 0x81, 0xC1, 0xE7, 0x8E, 0x03, 0x83, 0x8F, 0x1C, 0xFF, 0xFF, 0x1E,
    0x73, 0xFF, 0xFC, 0x3C, 0xE7, 0xFF, 0xF8, 0x78, 0x00, 0x78, 0xE0, 0xF0, 0x00, 0xF0, 0x5D, 0xEE,
    0x03, 0xF0, 0x7B, 0xDC, 0x07, 0xF0, 0xE7, 0xBC, 0x1F, 0xF1, 0xCF, 0x38, 0x3F, 0xE3, 0x9E, 0x70,
    0xEE, 0xEE, 0x3C, 0xF1, 0xDD, 0x9C, 0x78, 0xE7, 0x38, 0x38, 0xF1, 0xCE, 0x70, 0xF1, 0xE3, 0xB8,
    0xE1, 0xC3, 0xC7, 0xF1, 0xC7, 0x87, 0x87, 0x43, 0x8E, 0x0F, 0x0E, 0x07, 0x0C, 0x1E, 0x10, 0x0E,
    0x00, 0x3C, 0x00, 0x1C, 0x00, 0x78, 0x00, 0x38, 0x07, 0xF0, 0x00, 0x70, 0x0F, 0xC0, 0x00, 0xE0,
    0x1F, 0x80, 0x01, 0x80, 0x00, 0x00, 0x00, 0x00, 0x00, 0x00, 0x01, 0xC0, 0x3C, 0x00, 0x1F, 0xC0,
    0x70, 0x03, 0xFF, 0x81, 0xE0, 0x07, 0xF8, 0x07, 0xFF, 0x8F, 0xE0, 0x3F, 0xFF, 0x01, 0xC0, 0xFF,
    0xFC, 0x03, 0x87, 0xE0, 0x78, 0x07, 0x0F, 0xE1, 0xE0, 0x0E, 0x1D, 0xE7, 0x83, 0xFF, 0xC1, 0xFE,
    0x07, 0xFF, 0x81, 0xF8, 0x0F, 0xFF, 0x07, 0xE0, 0x00, 0xE0, 0x7F, 0x70, 0x03, 0xE3, 0xF9, 0xE0,
    0x07, 0xE7, 0xC7, 0x80, 0x1F, 0xE4, 0x1F, 0xFE, 0x3F, 0xE0, 0x7F, 0xFC, 0x7D, 0xC1, 0xFF, 0xF9,
    0xF9, 0x8F, 0x80, 0xE3, 0xF2, 0x3E, 0x03, 0xCE, 0xE1, 0xFA, 0x0F, 0x3D, 0xC3, 0xCF, 0x3C, 0x73,
    0x83, 0x1F, 0xF8, 0xE7, 0x00, 0x0F, 0xE0, 0x8E, 0x00, 0x0F, 0x80, 0x1C, 0x00, 0x3E, 0x00, 0x38,
    0x01, 0xF8, 0x00, 0x70, 0x1F, 0xC0, 0x00, 0xE1, 0xFF, 0x00, 0x01, 0xC7, 0xF8, 0x00, 0x03, 0x87,
    0x80, 0x00, 0x03, 0x00, 0x00, 0x00, 0x00, 0x38, 0x00, 0x00, 0x01, 0xFE, 0xFF, 0xFF, 0x1F, 0xFE,
    0x7F, 0xFF, 0x8F, 0xFC, 0x3F, 0xFF, 0xC3, 0xDC, 0x1C, 0x01, 0xE0, 0x0E, 0x0E, 0x00, 0xF0, 0x07,
    0x07, 0x00, 0x78, 0x03, 0x83, 0x80, 0x3C, 0x01, 0xC1, 0xC0, 0x1E, 0x1F, 0xFE, 0xFF, 0xFF, 0x1F,
    0xFF, 0x7F, 0xFF, 0x8F, 0xFF, 0xBF, 0xFF, 0xC0, 0x3C, 0x00, 0x00, 0x00, 0x1E, 0x00, 0x00, 0x00,
    0x1F, 0x80, 0x00, 0x00, 0x0F, 0xE7, 0xFF, 0xFE, 0x0F, 0xFB, 0xFF, 0xFF, 0x07, 0xFF, 0xFF, 0xFF,
    0x07, 0x77, 0x01, 0xC0, 0x03, 0xBB, 0x80, 0xE0, 0x03, 0x9C, 0x00, 0x70, 0x03, 0xCE, 0x0F, 0xFF,
    0xF1, 0xC7, 0x07, 0xFF, 0xF8, 0xC3, 0x83, 0xFF, 0xF8, 0x21, 0xC0, 0x07, 0x00, 0x00, 0xE0, 0x03,
    0x80, 0x00, 0x70, 0x01, 0xC0, 0x00, 0x38, 0x00, 0xE0, 0x00, 0x1C, 0xFF, 0xFF, 0xF0, 0x0E, 0x7F,
    0xFF, 0xF8, 0x07, 0x1F, 0xFF, 0xFC, 0x00, 0x00, 0x00, 0x00, 0x00, 0x00, 0x00, 0x00, 0x01, 0xC0,
    0x1C, 0x00, 0x1F, 0x9C, 0x38, 0x3B, 0xFF, 0x38, 0x70, 0xF7, 0xF8, 0x38, 0xE1, 0xCF, 0xE0, 0x79,
    0xC7, 0x81, 0xC0, 0x73, 0x8E, 0x03, 0x80, 0xF7, 0x3C, 0x07, 0x00, 0xEE, 0x70, 0x0E, 0x01, 0x1C,
    0x03, 0xFF, 0xCF, 0xFF, 0xF7, 0xFF, 0xBF, 0xFF, 0xEF, 0xFF, 0x7F, 0xFF, 0xC1, 0xE0, 0xE0, 0x03,
    0x83, 0xE1, 0xC0, 0x07, 0x07, 0xC3, 0x80, 0x0E, 0x1F, 0xC7, 0xFF, 0xFC, 0x3F, 0xCF, 0xFF, 0xF8,
    0x7F, 0xDF, 0xFF, 0xF1, 0xFB, 0xB8, 0x00, 0xE3, 0xF2, 0x70, 0x01, 0xCE, 0xE0, 0xE0, 0x03, 0x9D,
    0xC1, 0xE0, 0x07, 0x73, 0x83, 0xFF, 0xFE, 0xE7, 0x07, 0xFF, 0xFC, 0x8E, 0x0E, 0x00, 0x38, 0x1C,
    0x1C, 0x00, 0x70, 0x38, 0x38, 0x00, 0xE0, 0x70, 0x70, 0x01, 0xC0, 0xE0, 0xE0, 0x3F, 0x81, 0xC1,
    0xC0, 0x7F, 0x03, 0x83, 0x80, 0xFC, 0x03, 0x03, 0x00, 0x00, 0x00, 0x40, 0x00, 0x38, 0x01, 0xE0,
    0x03, 0xFC, 0x1F, 0xF7, 0xFF, 0xFC, 0xFF, 0xCF, 0xFF, 0xC0, 0xFF, 0x0F, 0xF8, 0x1C, 0x47, 0x07,
    0x1C, 0x38, 0x07, 0x07, 0x9C, 0x78, 0x07, 0x03, 0x8E, 0x70, 0x07, 0x03, 0xCE, 0xF0, 0xFF, 0xF1,
    0xC7, 0xE0, 0xFF, 0xF1, 0x8E, 0x40, 0xFF, 0xF0, 0x0E, 0x00, 0x0F, 0x07, 0xFF, 0xFC, 0x0F, 0x07,
    0xFF, 0xFC, 0x0F, 0x87, 0x0E, 0x1C, 0x1F, 0xC7, 0x0E, 0x1C, 0x1F, 0xE7, 0x0E, 0x1C, 0x1F, 0xF7,
    0xFF, 0xFC, 0x3F, 0x77, 0xFF, 0xFC, 0x3F, 0x37, 0x0E, 0x1C, 0x77, 0x07, 0x0E, 0x1C, 0x77, 0x07,
    0x0E, 0x1C, 0xE7, 0x1F, 0xFF, 0xFF, 0xE7, 0x1F, 0xFF, 0xFF, 0x47, 0x1F, 0xFF, 0xFE, 0x07, 0x07,
    0x00, 0x1C, 0x07, 0x07, 0x00, 0x1C, 0x07, 0x07, 0x00, 0x1C, 0x07, 0x07, 0x00, 0x1C, 0x07, 0x07,
    0x01, 0xFC, 0x07, 0x07, 0x01, 0xF8, 0x07, 0x02, 0x00, 0xC0, 0x00, 0x06, 0x00, 0x00, 0x00, 0x78,
    0x00, 0x00, 0x03, 0xC0, 0x00, 0x00, 0x0F, 0x00, 0x0F, 0xFF, 0xFF, 0xFF, 0xFF, 0xFF, 0xFF, 0xFF,
    0xFF, 0xFF, 0xFF, 0xFC, 0x04, 0x00, 0x07, 0xE0, 0x70, 0x78, 0x3F, 0x07, 0x83, 0xE1, 0xF8, 0x78,
    0x07, 0xCE, 0x0F, 0x80, 0x1F, 0x00, 0xF8, 0xE0, 0x7C, 0x1F, 0x87, 0x00, 0xF1, 0xF0, 0x38, 0x03,
    0xC7, 0x01, 0xC0, 0x0C, 0x00, 0x1E, 0x00, 0x01, 0xFF, 0xFF, 0xFE, 0x1F, 0xFF, 0xFF, 0xF0, 0xFF,
    0xFF, 0xFF, 0x80, 0x01, 0xC0, 0x1C, 0x00, 0x1E, 0x00, 0xE0, 0x00, 0xE0, 0x07, 0x00, 0x0F, 0x00,
    0x38, 0x00, 0x78, 0x03, 0xC0, 0x07, 0x80, 0x1E, 0x00, 0x78, 0x00, 0xF0, 0x07, 0xC0, 0x07, 0x00,
    0xFC, 0x00, 0x38, 0x1F, 0xC0, 0xFF, 0xC1, 0xF8, 0x03, 0xFC, 0x07, 0x80, 0x1F, 0xE0, 0x30, 0x00,
    0x00, 0x00, 0x00, 0x02, 0x00, 0x00, 0x00, 0x78, 0x00, 0x00, 0x03, 0xC0, 0x00, 0x00, 0x0F, 0x00,
    0x00, 0x00, 0x78, 0x00, 0x7F, 0xFF, 0xFF, 0xFF, 0xFF, 0xFF, 0xFF, 0xFF, 0xFF, 0xFF, 0xFF, 0xE0,
    0x00, 0x00, 0x3F, 0x01, 0x81, 0x01, 0xF8, 0x1E, 0x1E, 0x0F, 0xC3, 0xE0, 0xFC, 0x7E, 0x3E, 0x03,
    0xF8, 0x07, 0xE0, 0x07, 0xE0, 0xFC, 0x00, 0x0F, 0xCF, 0xC0, 0x00, 0x1F, 0x78, 0x00, 0x00, 0x71,
    0x7F, 0xFF, 0xFE, 0x03, 0xFF, 0xFF, 0xF0, 0x1F, 0xFF, 0xFF, 0x80, 0x00, 0x70, 0x00, 0x00, 0x03,
    0x80, 0x00, 0x00, 0x1C, 0x00, 0x00, 0x00, 0xE0, 0x00, 0x00, 0x07, 0x00, 0x00, 0x00, 0x38, 0x00,
    0x00, 0x01, 0xC0, 0x00, 0x00, 0x0E, 0x00, 0x07, 0xFF, 0xFF, 0xFF, 0xFF, 0xFF, 0xFF, 0xFF, 0xFF,
    0xFF, 0xFF, 0xE0, 0x00, 0x00, 0x00, 0x00, 0x00, 0x1E, 0x00, 0x00, 0x00, 0x38, 0x00, 0x00, 0x00,
    0xF0, 0x00, 0x7F, 0xFF, 0xFF, 0xFD, 0xFF, 0xFF, 0xFF, 0xF7, 0x03, 0x83, 0x81, 0xDC, 0x1E, 0x0F,
    0xC7, 0x73, 0xF0, 0x1F, 0xFC, 0x7F, 0x00, 0x0F, 0xC3, 0xFE, 0x00, 0x07, 0x07, 0x38, 0x00, 0x00,
    0x00, 0xE0, 0x7F, 0xF8, 0x7F, 0xF9, 0xFF, 0xE1, 0xFF, 0xE0, 0x03, 0x87, 0x03, 0x80, 0x0E, 0x1F,
    0xFE, 0x00, 0x38, 0x7F, 0xF9, 0xFF, 0xE1, 0xC0, 0xE7, 0xFF, 0x87, 0xFF, 0x9C, 0x00, 0x1F, 0xFE,
    0x70, 0x00, 0x70, 0x3B, 0x80, 0x01, 0xC0, 0xEF, 0xFF, 0xDF, 0xFF, 0xBF, 0xFF, 0x7F, 0xFE, 0x00,
    0x1C, 0x01, 0xF8, 0x00, 0x70, 0x1E, 0xE0, 0x03, 0xC1, 0xF3, 0x80, 0x0E, 0x1F, 0x8E, 0x00, 0x39,
    0xF8, 0x38, 0x21, 0xE7, 0x8F, 0xE0, 0xFF, 0x88, 0x1F, 0x03, 0xFC, 0x00, 0x01, 0x00, 0x00, 0x00,
    0x0E, 0x00, 0x00, 0x00, 0x1E, 0x00, 0x00, 0x00, 0x1C, 0x00, 0x00, 0x00, 0x38, 0x00, 0x00, 0x00,
    0x78, 0x00, 0x00, 0x00, 0xF0, 0x00, 0x1F, 0xFF, 0xFF, 0xFC, 0x3F, 0xFF, 0xFF, 0xFC, 0x7F, 0xFF,
    0xFF, 0xF8, 0x00, 0x00, 0x00, 0x00, 0x00, 0x00, 0x00, 0x00, 0x1C, 0x00, 0x78, 0x00, 0x38, 0x00,
    0xF0, 0x00, 0x70, 0x01, 0xE0, 0x00, 0xF0, 0x03, 0x80, 0x00, 0xE0, 0x0F, 0x00, 0x01, 0xC0, 0x1E,
    0x00, 0x03, 0xC0, 0x38, 0x00, 0x07, 0x80, 0x70, 0x00, 0x07, 0x01, 0xE0, 0x00, 0x0E, 0x03, 0x80,
    0x00, 0x1C, 0x07, 0x00, 0x00, 0x3C, 0x1E, 0x00, 0x00, 0x78, 0x38, 0x00, 0x00, 0xF0, 0x70, 0x00,
    0x00, 0xC1, 0xE0, 0x00, 0x00, 0x03, 0x80, 0x0F, 0xFF, 0xFF, 0xFF, 0xFF, 0xFF, 0xFF, 0xFF, 0xDF,
    0xFF, 0xFF, 0xFF, 0x80, 0x00, 0x00, 0x00, 0x00, 0x00, 0xE7, 0xFF, 0xE0, 0xE1, 0xDF, 0xFF, 0xE1,
    0xC3, 0xBF, 0xFF, 0xC3, 0x87, 0x1C, 0x07, 0x07, 0x0E, 0x38, 0x1E, 0x0E, 0x1C, 0x38, 0x38, 0x1C,
    0x38, 0x70, 0xF0, 0x38, 0x70, 0xF3, 0xC0, 0x70, 0xE0, 0xFF, 0x80, 0xE1, 0xC0, 0xFE, 0x01, 0xC3,
    0x80, 0xF8, 0x03, 0x87, 0x03, 0xF8, 0x07, 0x0E, 0x1F, 0xFC, 0x0E, 0x1D, 0xFC, 0xFE, 0x1C, 0x3F,
    0xF0, 0x7F, 0x18, 0x77, 0x80, 0x7C, 0x00, 0xC7, 0x00, 0x18, 0x00, 0x0E, 0x00, 0x01, 0xFF, 0xFF,
    0xFF, 0xC3, 0xFF, 0xFF, 0xFF, 0xC7, 0xFF, 0xFF, 0xFF, 0x80, 0x70, 0x01, 0xC0, 0x00, 0xF0, 0x03,
    0x80, 0x00, 0xE0, 0x07, 0x00, 0x01, 0xE0, 0x1E, 0x00, 0x03, 0xC0, 0x38, 0x00, 0x03, 0x00, 0xF0,
    0x0F, 0xFF, 0xFF, 0xFF, 0xFF, 0xFF, 0xFF, 0xFF, 0xDF, 0xFF, 0xFF, 0xFF, 0x80, 0x00, 0x03, 0x00,
    0x00, 0x00, 0x0F, 0x00, 0x00, 0x00, 0x0E, 0x00, 0x00, 0x00, 0x1E, 0x00, 0x03, 0xFF, 0xFF, 0xFF,
    0x87, 0xFF, 0xFF, 0xFF, 0x00, 0x38, 0x03, 0xC0, 0x00, 0x78, 0x07, 0x00, 0x00, 0x70, 0x1E, 0x01,
    0xFF, 0xFF, 0xFF, 0xFF, 0xFF, 0xFF, 0xFF, 0xF8, 0x00, 0x00, 0x00, 0x00, 0x00, 0x00, 0x00, 0x01,
    0xFF, 0xFF, 0xFC, 0x03, 0xFF, 0xFF, 0xF8, 0x07, 0x00, 0x00, 0x70, 0x0E, 0x00, 0x00, 0xE0, 0x1F,
    0xFF, 0xFF, 0xC0, 0x3F, 0xFF, 0xFF, 0x80, 0x70, 0x00, 0x07, 0x00, 0xE0, 0x00, 0x0E, 0x01, 0xC0,
    0x00, 0x1C, 0x03, 0xFF, 0xFF, 0xF8, 0x07, 0xFF, 0xFF, 0xF0, 0x00, 0x03, 0x80, 0x00, 0x00, 0x07,
    0x00, 0x03, 0xFF, 0xFF, 0xFF, 0xFF, 0xFF, 0xFF, 0xFF, 0xF0, 0x00, 0x38, 0x00, 0x00, 0x00, 0x70,
    0x00, 0x00, 0x00, 0xE0, 0x00, 0x00, 0x01, 0xC0, 0x00, 0x0E, 0x00, 0x0E, 0x00, 0x1C, 0x00, 0x1C,
    0x00, 0x3C, 0x1C, 0x38, 0x70, 0x38, 0x38, 0x70, 0xE0, 0x78, 0x70, 0xE1, 0xC0, 0x60, 0xE1, 0xC3,
    0xBF, 0xFD, 0xC3, 0x87, 0x7F, 0xFB, 0xFF, 0xFE, 0x7F, 0xF7, 0xFF, 0xFC, 0x00, 0x0F, 0xFF, 0xF9,
    0xC3, 0x80, 0x00, 0x01, 0x87, 0x00, 0x00, 0x03, 0x0F, 0xFF, 0xFF, 0xE7, 0x1F, 0xFF, 0xFF, 0xCE,
    0x3F, 0xFF, 0xFF, 0x9C, 0x60, 0x0F, 0x00, 0x38, 0xC0, 0x1C, 0x00, 0x73, 0x8F, 0xFF, 0xF8, 0xE7,
    0x3F, 0xFF, 0xF0, 0xCE, 0x7F, 0xFF, 0xE1, 0x9C, 0xE7, 0x38, 0xC3, 0xB1, 0xCE, 0x71, 0x86, 0x67,
    0x9C, 0xE3, 0x01, 0xFF, 0x39, 0xC6, 0x3F, 0xFE, 0x73, 0x8D, 0xFF, 0xDC, 0xE7, 0x1B, 0xFC, 0x39,
    0xCE, 0x33, 0x80, 0x73, 0x9C, 0x60, 0x00, 0xE7, 0x39, 0xC0, 0x01, 0xCE, 0x7F, 0x80, 0x03, 0x9C,
    0x6F, 0x00, 0x04, 0x00, 0x20, 0x00, 0x1E, 0x00, 0x70, 0x00, 0x38, 0x01, 0xE0, 0x00, 0x70, 0x03,
    0x80, 0x01, 0xFF, 0xEF, 0xFF, 0xE3, 0xFF, 0xDF, 0xFF, 0xCF, 0xFF, 0x7F, 0xFF, 0x3C, 0xF1, 0xE3,
    0xC0, 0x78, 0xE7, 0xC3, 0x81, 0xE1, 0xEF, 0x07, 0x01, 0x81, 0x8C, 0x0F, 0x80, 0x00, 0x0F, 0xFF,
    0x00, 0xFF, 0xFF, 0xFE, 0x03, 0xFF, 0xFF, 0x80, 0x07, 0xFF, 0xC0, 0x00, 0x00, 0x03, 0x80, 0x00,
    0x00, 0x07, 0x3F, 0xF0, 0x03, 0xFF, 0xFF, 0xE0, 0xFF, 0xFF, 0xFF, 0x81, 0xFF, 0xFC, 0x00, 0x01,
    0xC0, 0x70, 0x00, 0x00, 0x00, 0xE0, 0x03, 0x80, 0x01, 0xFF, 0xFF, 0x87, 0xFF, 0xFF, 0xFF, 0x7F,
    0xFF, 0xFF, 0xE0, 0xFF, 0xFE, 0x00, 0x01, 0xE0, 0x1C, 0x00, 0x70, 0x00, 0x38, 0x00, 0xE0, 0x00,
    0x70, 0x01, 0xC0, 0x00, 0xFF, 0xFF, 0x80, 0x01, 0xFF, 0xFE, 0x00, 0x01, 0xFF, 0xFC, 0x04, 0x00,
    0x20, 0x00, 0x1E, 0x00, 0x70, 0x00, 0x38, 0x01, 0xC0, 0x00, 0x70, 0x03, 0x80, 0x01, 0xFF, 0xEF,
    0xFF, 0xC3, 0xFF, 0xDF, 0xFF, 0x8F, 0xFF, 0x7F, 0xFF, 0x3C, 0xF1, 0xE3, 0xC0, 0x78, 0xE3, 0xC3,
    0x81, 0xE1, 0xEF, 0x07, 0x81, 0x81, 0x8C, 0x04, 0x00, 0x0E, 0x00, 0x0E, 0x00, 0x3C, 0x00, 0x1C,
    0x00, 0x70, 0x00, 0x38, 0x01, 0xEF, 0xFF, 0xFF, 0x87, 0x9F, 0xFF, 0xFF, 0x0F, 0x3F, 0xFF, 0xFE,
    0x3E, 0x00, 0x03, 0x80, 0xFC, 0x00, 0x07, 0x03, 0xF8, 0x70, 0x0E, 0x0F, 0xF0, 0xF0, 0x1C, 0x0E,
    0xE0, 0xE0, 0x38, 0x09, 0xC1, 0xE0, 0x70, 0x03, 0x81, 0xE0, 0xE0, 0x07, 0x01, 0xC1, 0xC0, 0x0E,
    0x03, 0xC3, 0x80, 0x1C, 0x03, 0x07, 0x00, 0x38, 0x00, 0x0E, 0x00, 0x70, 0x00, 0x1C, 0x00, 0xE0,
    0x0F, 0xF8, 0x01, 0xC0, 0x1F, 0xF0, 0x03, 0x80, 0x1F, 0xC0, 0x00, 0x00, 0x00, 0x00, 0x02, 0x00,
    0x00, 0x00, 0x0F, 0x00, 0x78, 0x00, 0x1C, 0x00, 0xE0, 0x00, 0x78, 0x03, 0xC0, 0x00, 0xFF, 0xF7,
    0xFF, 0xE3, 0xFF, 0xEF, 0xFF, 0xC7, 0x38, 0x3C, 0xE0, 0x1E, 0x78, 0xF1, 0xE0, 0x78, 0x71, 0xE1,
    0xE1, 0xE0, 0xE7, 0x81, 0xC0, 0x81, 0x87, 0x03, 0x00, 0xFF, 0xFF, 0xFF, 0x81, 0xFF, 0xFF, 0xFF,
    0x00, 0x00, 0x70, 0x0E, 0x00, 0x00, 0xE0, 0x1C, 0x00, 0x01, 0xC0, 0x38, 0x0F, 0xFF, 0xFF, 0xF0,
    0x1F, 0xFF, 0xFF, 0xE0, 0x38, 0x0E, 0x00, 0x00, 0x70, 0x1C, 0x00, 0x00, 0xE0, 0x38, 0x00, 0x03,
    0xFF, 0xFF, 0xFF, 0x07, 0xFF, 0xFF, 0xFE, 0x07, 0xFF, 0xFF, 0xFC, 0x00, 0x3F, 0x80, 0x38, 0x00,
    0xFF, 0x00, 0x70, 0x03, 0xEE, 0x00, 0xE0, 0x0F, 0x9C, 0x03, 0xC0, 0x7C, 0x38, 0xEF, 0x03, 0xF0,
    0x71, 0xFE, 0x1F, 0x80, 0xE3, 0xF8, 0x1E, 0x01, 0xC0, 0x00, 0x00, 0x03, 0x80, 0x00, 0x00, 0x00,
    0x00, 0x00, 0x0E, 0x00, 0x70, 0x00, 0x3C, 0x01, 0xC0, 0x00, 0x78, 0x07, 0x80, 0x01, 0xFF, 0xFF,
    0xFF, 0xE3, 0xFF, 0xFF, 0xFF, 0xCF, 0x70, 0xF3, 0xC0, 0x3C, 0x77, 0xC3, 0x80, 0xF0, 0xE7, 0x83,
    0x80, 0x40, 0x87, 0x00, 0x00, 0x3F, 0xFF, 0xFF, 0xC0, 0x7F, 0xFF, 0xFF, 0x80, 0x00, 0x38, 0x0F,
    0x00, 0x00, 0x70, 0x1E, 0x3F, 0xFF, 0xFF, 0xFF, 0xFF, 0xFF, 0xFF, 0xFF, 0x00, 0x03, 0x80, 0xF0,
    0x00, 0x07, 0x01, 0xE0, 0x3F, 0xFF, 0xFF, 0xC0, 0x7F, 0xFF, 0xFF, 0x80, 0x00, 0x38, 0x00, 0x00,
    0x00, 0x70, 0x00, 0x07, 0xFF, 0xFF, 0xFC, 0x0F, 0xFF, 0xFF, 0xF8, 0x00, 0x03, 0x80, 0x00, 0x00,
    0x07, 0x00, 0x01, 0xFF, 0xFF, 0xFF, 0xFB, 0xFF, 0xFF, 0xFF, 0xF0, 0x00, 0x38, 0x00, 0x00, 0x00,
    0x70, 0x00, 0x00, 0x00, 0xE0, 0x00, 0x00, 0x01, 0xC0, 0x00, 0x04, 0x00, 0x20, 0x00, 0x1E, 0x00,
    0x70, 0x00, 0x38, 0x01, 0xE0, 0x00, 0xF0, 0x03, 0x80, 0x01, 0xFF, 0xFF, 0xFF, 0xE7, 0xFF, 0xFF,
    0xFF, 0xCE, 0x70, 0x71, 0xC0, 0x3C, 0xE1, 0xE3, 0xC0, 0xF1, 0xE7, 0x83, 0x80, 0xC1, 0x87, 0x07,
    0x00, 0x00, 0x0E, 0x00, 0x00, 0x7F, 0xFF, 0xFF, 0x80, 0xFF, 0xFF, 0xFF, 0x00, 0x00, 0x70, 0x00,
    0x00, 0x00, 0xE0, 0x00, 0x00, 0x01, 0xC0, 0x00, 0xFF, 0xFF, 0xFF, 0xFF, 0xFF, 0xFF, 0xFF, 0xFD,
    0xFF, 0xFF, 0xFF, 0xF8, 0x00, 0x00, 0x38, 0x00, 0x00, 0x00, 0x70, 0x07, 0xFF, 0xFF, 0xFF, 0x9F,
    0xFF, 0xFF, 0xFF, 0x3F, 0xFF, 0xFF, 0xFE, 0x01, 0xC0, 0x07, 0x00, 0x07, 0xC0, 0x0E, 0x00, 0x07,
    0xC0, 0x1C, 0x00, 0x03, 0xC0, 0x38, 0x00, 0x03, 0xC0, 0x70, 0x00, 0x03, 0xBF, 0xE0, 0x00, 0x00,
    0x3F, 0xC0, 0x00, 0x00, 0x7F, 0x00, 0x04, 0x00, 0x20, 0x00, 0x0F, 0x00, 0x78, 0x00, 0x0E, 0x00,
    0x70, 0x00, 0x0E, 0x00, 0xF0, 0x00, 0x1F, 0xFE, 0xFF, 0xFE, 0x1F, 0xFF, 0xFF, 0xFE, 0x3D, 0xC3,
    0xC7, 0x80, 0x39, 0xE3, 0x83, 0x80, 0x78, 0xE3, 0xC3, 0xC0, 0xF0, 0xE7, 0xC1, 0xC0, 0x60, 0x4F,
    0xE1, 0xC0, 0x00, 0x1F, 0xF0, 0x00, 0x00, 0x7C, 0x7C, 0x00, 0x00, 0xF8, 0x3F, 0x00, 0x03, 0xF0,
    0x0F, 0xC0, 0x1F, 0xE0, 0x07, 0xF8, 0xFF, 0xFF, 0xFF, 0xFE, 0xFC, 0xFF, 0xFE, 0x7E, 0x70, 0x00,
    0x00, 0x0C, 0x00, 0x07, 0x00, 0xC0, 0x07, 0x07, 0x01, 0xE0, 0x07, 0x07, 0x81, 0xC0, 0x07, 0x83,
    0x83, 0xC0, 0x03, 0xC3, 0xC3, 0x80, 0x01, 0xC1, 0xC7, 0x80, 0x01, 0xE1, 0xC7, 0x00, 0x00, 0xE0,
    0xCF, 0x00, 0x00, 0x80, 0x0E, 0x00, 0x00, 0x00, 0x1E, 0x00, 0x7F, 0xFF, 0xFF, 0xFC, 0x7F, 0xFF,
    0xFF, 0xFC, 0x7F, 0xFF, 0xFF, 0xFC, 0x00, 0x00, 0x00, 0x00, 0x1C, 0x00, 0xE0, 0x00, 0x70, 0x03,
    0x80, 0x03, 0xC0, 0x1E, 0x00, 0x0F, 0xFF, 0x7F, 0xFC, 0x7F, 0xFF, 0xFF, 0xF3, 0xCE, 0x0E, 0x38,
    0x0F, 0x3C, 0x78, 0xF0, 0x78, 0x73, 0xC1, 0xC1, 0xC1, 0xC2, 0x03, 0x82, 0xE0, 0x00, 0x00, 0x03,
    0xCF, 0xFF, 0xFE, 0x07, 0xBF, 0xFF, 0xF8, 0x6F, 0x7F, 0xFF, 0xE3, 0x98, 0x00, 0x03, 0x8E, 0x00,
    0x00, 0x0E, 0x38, 0x7F, 0xFC, 0x38, 0xE1, 0xFF, 0xF0, 0xE3, 0x87, 0x01, 0xC3, 0x8E, 0x1C, 0x07,
    0x0E, 0x38, 0x70, 0x1C, 0x38, 0xE1, 0xFF, 0xF0, 0xE3, 0x87, 0xFF, 0xC3, 0x8E, 0x1C, 0x07, 0x0E,
    0x38, 0x70, 0x1C, 0x38, 0xE1, 0xC0, 0x70, 0xE3, 0x87, 0xFF, 0xC3, 0x8E, 0x1F, 0xFF, 0x0E, 0x38,
    0x00, 0x00, 0x38, 0xE0, 0x00, 0x0F, 0xE3, 0x80, 0x00, 0x7F, 0x8E, 0x00, 0x00, 0xFC, 0x18, 0x00,
    0x00, 0x00, 0x00, 0x00, 0x00, 0x00, 0x1C, 0x00, 0x70, 0x00, 0x38, 0x00, 0xE0, 0x00, 0xF0, 0x03,
    0xC0, 0x01, 0xFF, 0xE7, 0xFF, 0xE7, 0xFF, 0xDF, 0xFF, 0xCE, 0x38, 0x38, 0xE0, 0x3C, 0x71, 0xF1,
    0xE0, 0xF0, 0x73, 0xC1, 0xC0, 0xC0, 0xC7, 0x01, 0x00, 0xFF, 0xFF, 0xFF, 0xF1, 0xFF, 0xFF, 0xFF,
    0xE3, 0x80, 0x00, 0x01, 0xC7, 0x00, 0x00, 0x03, 0x8E, 0x00, 0x00, 0x07, 0x1D, 0xFF, 0xFF, 0xEE,
    0x03, 0xFF, 0xFF, 0xC0, 0x07, 0x00, 0x03, 0x80, 0x0E, 0x00, 0x07, 0x00, 0x1F, 0xFF, 0xFE, 0x00,
    0x3F, 0xFF, 0xFC, 0x00, 0x70, 0x00, 0x00, 0x00, 0xE0, 0x00, 0x00, 0x01, 0xC0, 0x00, 0x00, 0x03,
    0xFF, 0xFF, 0xF0, 0x07, 0xFF, 0xFF, 0xE0, 0x0E, 0x00, 0x03, 0xC0, 0x1C, 0x00, 0x07, 0x80, 0x38,
    0x00, 0x0F, 0x00, 0x7F, 0xFF, 0xFE, 0x00, 0xFF, 0xFF, 0xFC, 0x01, 0xC0, 0x00, 0x78, 0x03, 0x00,
    0x00, 0x00, 0x04, 0x00, 0x20, 0x00, 0x1E, 0x00, 0x70, 0x00, 0x38, 0x01, 0xE0, 0x00, 0x70, 0x03,
    0x80, 0x01, 0xFF, 0xFF, 0xFF, 0xE3, 0xFF, 0xFF, 0xFF, 0xCF, 0xFF, 0xFF, 0xFF, 0x3C, 0xE1, 0xE3,
    0xC0, 0x79, 0xE3, 0xC3, 0x81, 0xE1, 0xCF, 0x07, 0x81, 0x87, 0x84, 0x06, 0x00, 0x1E, 0x07, 0xFF,
    0xC0, 0x3C, 0x1F, 0xFF, 0xC0, 0x78, 0x3F, 0xFF, 0x9F, 0xFF, 0xF0, 0x07, 0x3F, 0xFF, 0xE0, 0x0E,
    0x7F, 0xFF, 0xC0, 0x1C, 0x07, 0x83, 0xFF, 0xF8, 0x1F, 0x07, 0xFF, 0xF0, 0x3F, 0x0E, 0x00, 0xE0,
    0xFF, 0x1C, 0x01, 0xC1, 0xFF, 0x38, 0x03, 0x87, 0xFF, 0x70, 0x07, 0x1F, 0xEF, 0xFF, 0xFE, 0x3B,
    0xCD, 0xFF, 0xFC, 0xF7, 0x83, 0x80, 0x3B, 0xCF, 0x07, 0x00, 0x77, 0x1E, 0x0E, 0x00, 0xE4, 0x3C,
    0x1C, 0x03, 0xC0, 0x78, 0x3F, 0xFF, 0x80, 0xF0, 0x7F, 0xFF, 0x01, 0xE0, 0xE0, 0x0E, 0x01, 0x81,
    0xC0, 0x00, 0x00, 0x00, 0x00, 0x00, 0x1E, 0x00, 0x38, 0x00, 0x38, 0x00, 0xF0, 0x00, 0xF0, 0x01,
    0xC0, 0x01, 0xFF, 0xF7, 0xFF, 0xE3, 0xFF, 0xEF, 0xFF, 0xCE, 0x70, 0x3C, 0xE0, 0x3C, 0xF0, 0xF1,
    0xE0, 0xF0, 0xE3, 0xC1, 0xC1, 0xC1, 0xC7, 0x03, 0xC0, 0x01, 0x00, 0x02, 0x01, 0xFF, 0xF9, 0xFF,
    0xE3, 0xFF, 0xF3, 0xFF, 0xC7, 0x01, 0xE7, 0x03, 0x8E, 0x03, 0xCE, 0x07, 0x1C, 0x07, 0x9C, 0x0E,
    0x3F, 0xFF, 0x38, 0x1C, 0x7F, 0xFE, 0x70, 0x38, 0xE0, 0x3C, 0xE0, 0x71, 0xC0, 0x79, 0xC0, 0xE3,
    0xFF, 0xF3, 0x81, 0xC7, 0xFF, 0xE7, 0x03, 0x8E, 0x04, 0x0E, 0x07, 0x1C, 0x3C, 0x1C, 0x0E, 0x38,
    0x38, 0x38, 0x1C, 0x70, 0x78, 0x77, 0xF8, 0xE0, 0xF8, 0xEF, 0xF1, 0xFF, 0xF1, 0xDF, 0xC3, 0xFF,
    0xF3, 0x80, 0x0F, 0xF8, 0xE7, 0x00, 0x0F, 0x01, 0xCE, 0x00, 0x00, 0x00, 0x1C, 0x00, 0x00, 0x00,
    0x00, 0x00, 0x00, 0x00, 0x00, 0x00, 0x0F, 0x00, 0x78, 0x00, 0x0E, 0x00, 0x78, 0x00, 0x1E, 0x00,
    0x70, 0x00, 0x1F, 0xFF, 0xFF, 0xFE, 0x3F, 0xFF, 0xFF, 0xFE, 0x7B, 0xC3, 0xC7, 0x00, 0xF1, 0xC7,
    0x87, 0x80, 0xF1, 0xC7, 0x03, 0x80, 0x21, 0xC0, 0x01, 0x00, 0x01, 0xC0, 0x7F, 0xFC, 0x7F, 0xFF,
    0x7F, 0xFC, 0x7F, 0xFF, 0x7F, 0xFC, 0x01, 0xC0, 0x70, 0x1C, 0x7F, 0xFE, 0x70, 0x1C, 0x7F, 0xFE,
    0x70, 0x1C, 0x71, 0xC6, 0x70, 0x1C, 0x71, 0xC6, 0x70, 0x1C, 0x7F, 0xFE, 0x70, 0x1C, 0x7F, 0xFE,
    0x70, 0x1C, 0x71, 0xC6, 0x70, 0x1C, 0x71, 0xC6, 0x73, 0xFC, 0x7F, 0xFE, 0x71, 0xF8, 0x7F, 0xFE,
    0x71, 0xE0, 0x01, 0xC0, 0x70, 0x00, 0x01, 0xC0, 0x70, 0x06, 0xFF, 0xFF, 0xF0, 0x07, 0xFF, 0xFF,
    0xF0, 0x0E, 0x01, 0xC0, 0x70, 0x0E, 0x01, 0xC0, 0x7F, 0xFE, 0x01, 0xC0, 0x7F, 0xFE, 0x01, 0xC0,
    0x3F, 0xFC, 0x00, 0x00, 0x00, 0x00, 0x1E, 0x00, 0x70, 0x00, 0x38, 0x01, 0xE0, 0x00, 0xF0, 0x03,
    0x80, 0x01, 0xFF, 0xFF, 0xFF, 0xE7, 0xFF, 0xFF, 0xFF, 0xDE, 0xF0, 0xF1, 0xC0, 0x78, 0xE3, 0xC1,
    0xC0, 0x60, 0xC3, 0x03, 0x80, 0x7F, 0xFC, 0xFF, 0xF0, 0xFF, 0xF9, 0xFF, 0xF1, 0xC0, 0x73, 0x81,
    0xE3, 0x80, 0xE7, 0x03, 0xC7, 0xFF, 0xCF, 0xFF, 0x8F, 0xFF, 0x9F, 0xFF, 0x1C, 0x07, 0x38, 0x1E,
    0x3F, 0xFE, 0x7F, 0xFC, 0x7F, 0xFC, 0xFF, 0xF8, 0xE0, 0x00, 0x00, 0xF1, 0xC0, 0x00, 0x01, 0xE3,
    0x87, 0xFF, 0xC3, 0xC7, 0x0F, 0xFF, 0x87, 0x8E, 0x1C, 0x07, 0x0F, 0x1C, 0x38, 0x0E, 0x1E, 0x38,
    0x7F, 0xFC, 0x3C, 0x70, 0xFF, 0xF8, 0x78, 0xE1, 0xC0, 0x70, 0xF1, 0xC3, 0x80, 0xE1, 0xE3, 0x87,
    0xFF, 0xC3, 0xC7, 0x0F, 0xFF, 0xFF, 0x0E, 0x1C, 0x00, 0xFE, 0x1C, 0x00, 0x01, 0xFC, 0x00, 0x00,
    0x00, 0x00, 0x00, 0x00, 0x00, 0x00, 0x0E, 0x00, 0x70, 0x00, 0x1C, 0x00, 0xE0, 0x00, 0x78, 0x03,
    0xC0, 0x00, 0xFF, 0xF7, 0xFF, 0xE3, 0xFF, 0xFF, 0xFF, 0xCF, 0x38, 0x78, 0xE0, 0x3C, 0x38, 0xF1,
    0xC0, 0xFB, 0xF1, 0xF9, 0xE0, 0xE7, 0x01, 0x71, 0xC0, 0x0E, 0x00, 0xE3, 0x83, 0xFF, 0xDF, 0xFF,
    0xE7, 0xFF, 0xBF, 0xFF, 0xC0, 0x70, 0x07, 0x1C, 0x00, 0xE0, 0x0E, 0x38, 0x1F, 0xFC, 0x1C, 0x70,
    0x3F, 0xFB, 0xFF, 0xFE, 0x07, 0x07, 0xFF, 0xFC, 0x0E, 0x00, 0x00, 0x07, 0xFF, 0xE0, 0x00, 0x0F,
    0xFF, 0xCF, 0xFF, 0x80, 0xF8, 0x1F, 0xFF, 0x01, 0xF8, 0x38, 0x0E, 0x07, 0xF8, 0x70, 0x1C, 0x1F,
    0xF8, 0xE0, 0x38, 0x7F, 0x79, 0xFF, 0xF0, 0xEE, 0x73, 0xFF, 0xE3, 0x9C, 0x67, 0x01, 0xCF, 0x38,
    0x0E, 0x03, 0x9C, 0x70, 0x1F, 0xFF, 0x10, 0xE0, 0x3F, 0xFE, 0x01, 0xC0, 0x70, 0x1C, 0x00, 0x00,
    0x00, 0x00, 0x00, 0x00, 0x00, 0x00, 0x0E, 0x00, 0x70, 0x00, 0x1C, 0x00, 0xE0, 0x00, 0x78, 0x03,
    0xC0, 0x00, 0xFF, 0xF7, 0xFF, 0xE3, 0xFF, 0xFF, 0xFF, 0xCF, 0x38, 0x78, 0xE0, 0x3D, 0x71, 0xE0,
    0xE0, 0xF7, 0x63, 0x8F, 0xC0, 0x4E, 0x0E, 0x1D, 0xC0, 0x3E, 0x1E, 0x3B, 0xC0, 0xFE, 0x7E, 0x73,
    0xC3, 0xDF, 0xFE, 0xE3, 0x87, 0x1B, 0x9D, 0xC2, 0x3F, 0xFF, 0xFF, 0xFF, 0xFF, 0xFF, 0xFF, 0xFF,
    0x03, 0x8C, 0x0E, 0x00, 0x07, 0x18, 0x1C, 0x70, 0xFE, 0x3F, 0xB8, 0xE1, 0xFC, 0x7F, 0x79, 0xC0,
    0x38, 0xC0, 0x77, 0x07, 0xF1, 0xFC, 0xEE, 0x0F, 0xE3, 0xF9, 0xF8, 0x01, 0xC6, 0x03, 0xF0, 0x03,
    0x8C, 0x03, 0xC0, 0xFF, 0x1F, 0xC7, 0x81, 0xFE, 0x3F, 0x9E, 0x10, 0x1C, 0x60, 0x7E, 0x30, 0xFF,
    0xFF, 0xFC, 0xEF, 0xFF, 0xFF, 0x9F, 0xDF, 0xFC, 0x3E, 0x3F, 0x80, 0x00, 0x30, 0x3E, 0x00, 0x00,
    0x00, 0x00, 0x00, 0x00, 0x00, 0x00, 0x00, 0x03, 0x81, 0x80, 0x07, 0x03, 0x81, 0xE0, 0x07, 0x83,
    0x83, 0xC0, 0x03, 0xC3, 0x83, 0x80, 0x01, 0xE3, 0x87, 0x80, 0x00, 0xE3, 0x8F, 0x00, 0x7F, 0xFF,
    0xFF, 0xFC, 0x7F, 0xFF, 0xFF, 0xFC, 0x7F, 0xFF, 0xFF, 0xFC, 0x00, 0x1F, 0xF0, 0x00, 0x00, 0x3F,
    0xFC, 0x00, 0x00, 0x7B, 0xBF, 0x00, 0x01, 0xF3, 0x8F, 0xC0, 0x07, 0xE3, 0x83, 0xF0, 0x3F, 0x83,
    0x81, 0xFC, 0x7F, 0x03, 0x80, 0x7C, 0x7C, 0x03, 0x80, 0x1C, 0x20, 0x03, 0x80, 0x00, 0x00, 0x03,
    0x80, 0x00, 0x00, 0x07, 0x80, 0x00, 0x7F, 0xFF, 0xFF, 0xFE, 0x7F, 0xFF, 0xFF, 0xFE, 0x7F, 0xFF,
    0xFF, 0xFC, 0x00, 0x0E, 0xF0, 0x00, 0x00, 0x1E, 0x78, 0x00, 0x00, 0x7C, 0x7C, 0x00, 0x00, 0xF8,
    0x3F, 0x00, 0x07, 0xF0, 0x1F, 0xE0, 0x7F, 0xE0, 0x07, 0xFE, 0x7F, 0x80, 0x01, 0xFE, 0x7C, 0x00,
    0x00, 0x7C, 0x00, 0x00, 0x00, 0x00, 0x00, 0xC0, 0x06, 0x00, 0x01, 0xC0, 0x07, 0x00, 0x01, 0xC0,
    0x07, 0x00, 0x31, 0xC7, 0x07, 0x00, 0x39, 0xCF, 0x07, 0x00, 0x39, 0xCE, 0x07, 0x00, 0x39, 0xCE,
    0x07, 0x00, 0x1D, 0xCC, 0x07, 0xFF, 0x1D, 0xDC, 0x07, 0xFF, 0x1D, 0xDC, 0x07, 0xFF, 0x1D, 0xD8,
    0x07, 0x00, 0x01, 0xC0, 0x07, 0x00, 0x7F, 0xFE, 0x07, 0x00, 0x7F, 0xFF, 0x07, 0x00, 0x7F, 0xFF,
    0x07, 0x00, 0x03, 0xC0, 0x07, 0x00, 0x03, 0xC0, 0x07, 0x00, 0x07, 0xE1, 0xFF, 0xFE, 0x07, 0xF1,
    0xFF, 0xFE, 0x0F, 0xF9, 0xFF, 0xFE, 0x0F, 0xFD, 0xC0, 0x0E, 0x1D, 0xDF, 0xC0, 0x0E, 0x1D, 0xCF,
    0xC0, 0x0E, 0x39, 0xC5, 0xC0, 0x0E, 0x79, 0xC1, 0xC0, 0x0E, 0x71, 0xC1, 0xC0, 0x0E, 0x71, 0xC1,
    0xC0, 0x0E, 0x21, 0xC1, 0xC0, 0x0E, 0x01, 0xC1, 0xFF, 0xFE, 0x01, 0xC1, 0xFF, 0xFE, 0x01, 0xC1,
    0xFF, 0xFE, 0x01, 0xC1, 0xC0, 0x0E, 0x00, 0x00, 0x00, 0x00, 0x00, 0x00, 0x07, 0xC0, 0x00, 0x0F,
    0xFF, 0x03, 0xFF, 0xFF, 0xFE, 0x1F, 0xFF, 0xFF, 0x00, 0x3F, 0xFE, 0x00, 0x00, 0x00, 0xF0, 0x00,
    0x00, 0x07, 0x80, 0xC0, 0x00, 0x3C, 0x07, 0x80, 0x03, 0xE0, 0x7C, 0x00, 0x1E, 0x07, 0xE0, 0x01,
    0xFF, 0xFE, 0x00, 0x07, 0xFF, 0xF0, 0x00, 0x0F, 0xFF, 0x86, 0x00, 0x01, 0xF8, 0x3C, 0x00, 0x0F,
    0x80, 0x78, 0x00, 0xF8, 0x00, 0xF0, 0x0F, 0xFF, 0xFF, 0xE1, 0xFF, 0xFF, 0xFF, 0xC3, 0xFF, 0xFF,
    0x87, 0x0F, 0xC1, 0xE0, 0x1E, 0x01, 0x07, 0x8C, 0x30, 0x0F, 0x1E, 0x78, 0x00, 0x7C, 0x78, 0xF0,
    0x03, 0xE1, 0xE1, 0xE0, 0x1F, 0x07, 0x83, 0xE0, 0xF8, 0x1E, 0x07, 0xC7, 0xC0, 0x78, 0x0F, 0xBE,
    0x01, 0xE0, 0x1E, 0x30, 0xFF, 0x00, 0x30, 0x01, 0xFC, 0x00, 0x00, 0x07, 0xE0, 0x00, 0x00, 0x00,
    0x00, 0x00, 0x00, 0x0C, 0x00, 0x38, 0x00, 0x70, 0x00, 0xE0, 0x01, 0xC0, 0x03, 0x80, 0x0F, 0x00,
    0x0E, 0x00, 0x38, 0x00, 0x38, 0x01, 0xE6, 0x00, 0xE0, 0x07, 0x3C, 0x03, 0x80, 0x38, 0xE3, 0xFF,
    0xFC, 0xE7, 0x1F, 0xFF, 0xF7, 0x3C, 0x7F, 0xFF, 0xFF, 0xE1, 0xE3, 0x87, 0xFF, 0x87, 0x8E, 0x1F,
    0xFC, 0x1E, 0x38, 0x70, 0xEE, 0x78, 0xE1, 0xC7, 0xB9, 0xE7, 0x87, 0x1C, 0x77, 0x9F, 0x1C, 0xE1,
    0xDE, 0x7E, 0x77, 0xFF, 0x7B, 0xF9, 0xFF, 0xFF, 0xEE, 0xF7, 0xFE, 0x3F, 0xB9, 0xDD, 0x00, 0x1F,
    0xE7, 0xF0, 0x06, 0x7F, 0x0F, 0xDD, 0xD9, 0xF8, 0x3F, 0x77, 0x77, 0xE0, 0xFD, 0xDD, 0xDE, 0x00,
    0x76, 0x73, 0x78, 0x01, 0xD9, 0xCF, 0xE0, 0x07, 0xE7, 0x3F, 0x80, 0x1F, 0x8C, 0x1E, 0x0F, 0xFE,
    0x20, 0x78, 0x1F, 0xD0, 0x01, 0xE0, 0x7E, 0x00, 0x03, 0x00, 0x00, 0x00, 0x00, 0x00, 0x00, 0x03,
    0x80, 0x00, 0x38, 0x03, 0x80, 0x03, 0xFC, 0x07, 0x80, 0xFF, 0xFC, 0x07, 0x03, 0xFF, 0xE0, 0x0F,
    0x03, 0xFF, 0x80, 0x0E, 0x33, 0x83, 0x80, 0x1C, 0x7B, 0x83, 0x80, 0x3C, 0xF3, 0x83, 0x80, 0x78,
    0xE3, 0x83, 0x80, 0xFF, 0xE3, 0x83, 0x80, 0xFF, 0xC3, 0x83, 0x80, 0xFF, 0x83, 0x83, 0x80, 0x47,
    0xE3, 0x83, 0x80, 0x0F, 0x73, 0xFF, 0xFE, 0x1E, 0x73, 0xFF, 0xFE, 0x3C, 0x3B, 0xFF, 0xFE, 0x3F,
    0xFB, 0x83, 0x80, 0xFF, 0xFB, 0x83, 0x80, 0xFF, 0xFB, 0x81, 0xC0, 0x7C, 0x1B, 0x81, 0xC0, 0x00,
    0x33, 0x81, 0xC0, 0x23, 0x73, 0x81, 0xC0, 0x77, 0x73, 0x81, 0xC0, 0x73, 0x3B, 0x81, 0xC6, 0x73,
    0xBB, 0x81, 0xE7, 0x73, 0xBB, 0x80, 0xE7, 0x73, 0x9B, 0x9E, 0xE7, 0xE3, 0x93, 0xFE, 0xF6, 0xE3,
    0x83, 0xFE, 0x7E, 0xE3, 0x07, 0xF0, 0x7E, 0x60, 0x07, 0x80, 0x3C, 0x00, 0x02, 0x00, 0x00, 0x00,
    0x00, 0x00, 0x00, 0x03, 0x80, 0x00, 0x00, 0x03, 0x87, 0xFF, 0xF0, 0x07, 0x87, 0xFF, 0xF0, 0x07,
    0x07, 0xFF, 0xE0, 0x0E, 0x00, 0xE0, 0xE0, 0x1E, 0x70, 0xE0, 0xE0, 0x1C, 0x70, 0xE1, 0xE0, 0x38,
    0xF0, 0xE1, 0xC0, 0x78, 0xE0, 0xE1, 0xC0, 0xFF, 0xC0, 0xE1, 0xC0, 0xFF, 0xC0, 0xE3, 0x80, 0xFF,
    0x80, 0xE3, 0xFE, 0x07, 0x60, 0xE3, 0xFC, 0x0F, 0x71, 0xF3, 0xFC, 0x1E, 0x71, 0xF0, 0x1C, 0x3C,
    0x39, 0xF0, 0x3C, 0x7F, 0xF9, 0xF8, 0x38, 0xFF, 0xF9, 0xF8, 0x38, 0xFF, 0xF9, 0xDC, 0x78, 0x78,
    0x1D, 0xDC, 0x70, 0x00, 0x23, 0xCE, 0xF0, 0x33, 0x73, 0x8F, 0xE0, 0x77, 0x73, 0x87, 0xC0, 0x77,
    0x33, 0x87, 0xC0, 0x73, 0x3F, 0x87, 0xC0, 0x73, 0xBF, 0x0F, 0xE0, 0x73, 0xBF, 0x1F, 0xF0, 0xE3,
    0x8F, 0x7C, 0x7C, 0xE3, 0x8E, 0xF8, 0x3E, 0xE3, 0x1F, 0xF0, 0x1E, 0x00, 0x0C, 0xE0, 0x0C, 0x00,
    0x00, 0x00, 0x00, 0x00, 0x03, 0x00, 0x00, 0x00, 0x1C, 0x00, 0x00, 0x00, 0x70, 0x00, 0x1F, 0xFF,
    0xFF, 0xFE, 0xFF, 0xFF, 0xFF, 0xFB, 0xFF, 0xFF, 0xFF, 0xE0, 0x00, 0x70, 0x00, 0x00, 0x01, 0xC0,
    0x00, 0x00, 0x07, 0x00, 0x03, 0xFF, 0xFF, 0xFF, 0xFF, 0xFF, 0xFF, 0xFF, 0xFF, 0xFF, 0xFF, 0xFF,
    0xE0, 0x3E, 0x00, 0x3F, 0x81, 0xE0, 0x70, 0xFE, 0x1F, 0x07, 0xC3, 0xF9, 0xF0, 0xFE, 0x06, 0x0F,
    0xFF, 0xE0, 0x00, 0x3F, 0xFF, 0x38, 0x00, 0xC3, 0xF0, 0xF0, 0x00, 0x7F, 0x01, 0xE0, 0x07, 0xE0,
    0x1F, 0xC0, 0xFF, 0xFF, 0xFF, 0x87, 0xFF, 0xFF, 0xFF, 0x0F, 0xFC, 0xE0, 0x1E, 0x00, 0x03, 0x8C,
    0x30, 0x0F, 0x0E, 0x78, 0x00, 0x7C, 0x39, 0xF8, 0x07, 0xC0, 0xE1, 0xF0, 0x3E, 0x03, 0x81, 0xF3,
    0xF1, 0xFE, 0x03, 0xEF, 0x07, 0xF8, 0x07, 0x98, 0x1F, 0xC0, 0x04, 0x01, 0xC0, 0x00, 0x00, 0xC7,
    0x3F, 0xFF, 0xC7, 0x1C, 0xFF, 0xFF, 0x1C, 0x71, 0xFF, 0xF8, 0x71, 0xC1, 0xC1, 0xE1, 0xC7, 0x07,
    0x8F, 0x07, 0x1C, 0x0F, 0x78, 0x1C, 0x70, 0x1F, 0xC0, 0x71, 0xC0, 0x7E, 0x01, 0xC7, 0x07, 0xFC,
    0x07, 0x1C, 0xFF, 0xFE, 0x1C, 0x77, 0xF1, 0xFE, 0x01, 0xFF, 0x01, 0xF8, 0x03, 0xE0, 0x40, 0xC0,
    0x1F, 0x07, 0x80, 0x01, 0xF0, 0x7E, 0x00, 0x0F, 0xFF, 0xF0, 0x00, 0x3F, 0xFF, 0x18, 0x00, 0xFF,
    0xF0, 0xF0, 0x00, 0x3F, 0x01, 0xF0, 0x07, 0xF0, 0x3F, 0xE1, 0xFF, 0xFF, 0xFF, 0xC7, 0xFF, 0xFF,
    0xFF, 0x8F, 0xFF, 0xE0, 0x1E, 0x01, 0x83, 0x8C, 0x30, 0x0F, 0x0E, 0x78, 0x00, 0xF8, 0x38, 0xF8,
    0x0F, 0xC0, 0xE1, 0xF8, 0xFE, 0x67, 0x81, 0xF3, 0xE1, 0xFE, 0x01, 0xE6, 0x07, 0xF0, 0x03, 0x00,
    0x1F, 0xFF, 0xFF, 0xF0, 0x7F, 0xFF, 0xFF, 0xC1, 0xC0, 0x38, 0x07, 0x07, 0x00, 0xE0, 0x1C, 0x1C,
    0x03, 0x80, 0x70, 0x7F, 0xFF, 0xFF, 0xC1, 0xFF, 0xFF, 0xFF, 0x07, 0x00, 0xE0, 0x1C, 0x1C, 0x03,
    0x80, 0x70, 0x70, 0x0E, 0x01, 0xC1, 0xFF, 0xFF, 0xFF, 0x07, 0xFF, 0xFF, 0xFC, 0x00, 0x7C, 0x08,
    0x00, 0x03, 0xE0, 0xF8, 0x00, 0x3E, 0x0F, 0xE0, 0x03, 0xFF, 0xFE, 0x00, 0x0F, 0xFF, 0xE7, 0x00,
    0x3E, 0xFE, 0x1F, 0x00, 0x0F, 0xC0, 0x1E, 0x00, 0xFF, 0xFF, 0xFC, 0x3F, 0xFF, 0xFF, 0xF8, 0xFF,
    0xFF, 0x80, 0xE3, 0xFF, 0x38, 0x01, 0x00, 0x78, 0xE3, 0x80, 0x03, 0xE3, 0x8F, 0x80, 0x3E, 0x0E,
    0x1F, 0x83, 0xF0, 0x38, 0x1F, 0x9F, 0x8F, 0xE0, 0x1F, 0x78, 0x3F, 0x80, 0x3C, 0x80, 0xFE, 0x00,
    0x40, 0x00, 0x00, 0x00, 0x00, 0x07, 0x00, 0x00, 0x00, 0x1E, 0x0F, 0xFF, 0xF0, 0x38, 0x1F, 0xFF,
    0xE0, 0xF0, 0x3F, 0xFF, 0xC1, 0xC0, 0x71, 0xC3, 0x87, 0x98, 0xE3, 0x87, 0x0E, 0x79, 0xC7, 0x0E,
    0x38, 0xE3, 0x8E, 0x1C, 0xF3, 0x87, 0x1C, 0x39, 0xFF, 0x0E, 0x38, 0x77, 0xFC, 0x1C, 0x70, 0xEF,
    0xF8, 0x38, 0xE1, 0xCC, 0xE4, 0x71, 0xC3, 0x83, 0xB8, 0xE3, 0x87, 0x0F, 0x39, 0xFF, 0xFE, 0x1C,
    0x73, 0xFF, 0xFC, 0x71, 0xE7, 0xFF, 0xFB, 0xFF, 0xEE, 0x38, 0x77, 0xFF, 0xDC, 0x70, 0xE7, 0xC3,
    0xB8, 0xE1, 0xC0, 0x04, 0x71, 0xC3, 0x88, 0x98, 0xE3, 0x87, 0x3B, 0xB9, 0xC7, 0x0E, 0x77, 0x73,
    0x8E, 0x1C, 0xEE, 0x67, 0x1C, 0x39, 0x9C, 0xEE, 0x38, 0x73, 0x39, 0xDF, 0xFF, 0xEE, 0x33, 0xBF,
    0xFF, 0xDC, 0x60, 0x7F, 0xFF, 0xB8, 0x00, 0xE0, 0x07, 0x00, 0x01, 0xC0, 0x06, 0x07, 0x00, 0x00,
    0x00, 0x07, 0x07, 0xFF, 0xF8, 0x07, 0x07, 0xFF, 0xFC, 0x0E, 0x07, 0xFF, 0xFC, 0x0E, 0x00, 0x38,
    0x1C, 0x1C, 0x40, 0x38, 0x3C, 0x1C, 0xE0, 0x78, 0x38, 0x38, 0xE0, 0xF0, 0x38, 0x39, 0xC1, 0xE3,
    0xF8, 0x77, 0xC7, 0xC3, 0xF0, 0xFF, 0x8F, 0x80, 0x00, 0xFF, 0x8F, 0xFF, 0xFC, 0xE7, 0x07, 0xFF,
    0xFC, 0x0E, 0xC3, 0xFF, 0xFC, 0x0E, 0xE3, 0x86, 0x1C, 0x1C, 0xE3, 0x86, 0x1C, 0x38, 0xE3, 0x86,
    0x1C, 0x7F, 0xF3, 0x86, 0x1C, 0xFF, 0xF3, 0xFF, 0xFC, 0xFE, 0x33, 0xFF, 0xFC, 0x40, 0x23, 0xFF,
    0xFC, 0x00, 0xE3, 0x80, 0x1C, 0x36, 0xE3, 0x80, 0x0C, 0x77, 0x63, 0x80, 0x00, 0x77, 0x73, 0x80,
    0x04, 0x77, 0x73, 0x80, 0x0E, 0x67, 0x33, 0x80, 0x0E, 0x63, 0x33, 0x80, 0x0E, 0xE3, 0x03, 0xFF,
    0xFE, 0xE2, 0x03, 0xFF, 0xFC, 0x00, 0x01, 0xFF, 0xFC, 0x00, 0x00, 0x00, 0x00, 0x03, 0x80, 0x1C,
    0x00, 0x03, 0x80, 0x3C, 0x00, 0x07, 0x80, 0x38, 0x00, 0x07, 0x00, 0x7F, 0xF0, 0x0E, 0x00, 0x7F,
    0xFC, 0x0E, 0x60, 0xFF, 0xF8, 0x1C, 0x71, 0xE0, 0x38, 0x3C, 0xF3, 0xF0, 0x70, 0x39, 0xE7, 0xF0,
    0xF0, 0x71, 0xCF, 0xF9, 0xE0, 0xFF, 0xCF, 0x3D, 0xE0, 0xFF, 0x86, 0x1F, 0xC0, 0xFF, 0x80, 0x0F,
    0x80, 0x0F, 0xE0, 0x1F, 0x80, 0x1E, 0xE0, 0x3F, 0xC0, 0x1C, 0xE0, 0x7D, 0xF0, 0x38, 0x71, 0xF8,
    0xFC, 0x7F, 0xF7, 0xE0, 0x7E, 0xFF, 0xFF, 0xFF, 0xFE, 0x7E, 0x37, 0xFF, 0xFE, 0x40, 0x31, 0xFF,
    0xF8, 0x00, 0x61, 0xC0, 0x38, 0x77, 0x71, 0xC0, 0x38, 0x77, 0x71, 0xC0, 0x38, 0x77, 0x71, 0xC0,
    0x38, 0x73, 0x31, 0xC0, 0x38, 0x73, 0x39, 0xC0, 0x38, 0xE3, 0xB9, 0xFF, 0xF8, 0xE3, 0x81, 0xFF,
    0xF8, 0xE3, 0x01, 0xFF, 0xF8, 0x60, 0x01, 0xC0, 0x38, 0x00, 0x00, 0x00, 0x00, 0x00, 0x00, 0x00,
    0x00, 0x07, 0x00, 0x70, 0x00, 0x1E, 0x00, 0xF0, 0x00, 0x38, 0x00, 0xE0, 0x00, 0x70, 0x01, 0xE0,
    0x01, 0xC0, 0xFF, 0xFF, 0x83, 0x93, 0xFF, 0xFF, 0x8E, 0x3F, 0xFF, 0xFF, 0x3C, 0xF0, 0x3C, 0x00,
    0x71, 0xC0, 0xF1, 0x81, 0xCF, 0x01, 0xC3, 0x87, 0xFE, 0x07, 0x87, 0x8F, 0xF8, 0x1E, 0x07, 0x9F,
    0xF0, 0x7F, 0xFF, 0x03, 0xF9, 0xFF, 0xFF, 0x07, 0x73, 0xFF, 0xFE, 0x1C, 0x77, 0xC0, 0x0E, 0x71,
    0xE1, 0xC7, 0x11, 0xFF, 0xC3, 0x8E, 0x07, 0xFF, 0xC7, 0x1C, 0x07, 0xE3, 0x8E, 0x38, 0x08, 0x06,
    0x1C, 0x70, 0x00, 0xB8, 0x38, 0xE0, 0x3B, 0xF0, 0xF1, 0xC0, 0x77, 0x61, 0xC3, 0x84, 0xEE, 0xE3,
    0x87, 0x1D, 0xDD, 0xCF, 0x0E, 0x3B, 0x39, 0x9C, 0x1C, 0x7E, 0x30, 0x78, 0x38, 0xFC, 0x63, 0xE0,
    0x7F, 0xF8, 0xCF, 0x80, 0x7F, 0x20, 0x0E, 0x00, 0x7C, 0x00, 0x00, 0x00, 0x00, 0x00, 0x00, 0x00,
    0x00, 0x07, 0x00, 0xEE, 0x00, 0x0E, 0x01, 0xDC, 0x00, 0x38, 0x07, 0xBC, 0x00, 0x70, 0x0E, 0x38,
    0x01, 0xC0, 0x1C, 0x78, 0x03, 0x98, 0x78, 0x60, 0x0E, 0x78, 0xFF, 0xFF, 0x3C, 0xE3, 0xFF, 0xFE,
    0x73, 0xC7, 0xFF, 0xF9, 0xFF, 0x1F, 0x0E, 0x07, 0xFC, 0x7E, 0x1C, 0x0F, 0xF8, 0xFC, 0x38, 0x0E,
    0xE5, 0xFF, 0xFF, 0x83, 0xDB, 0x7F, 0xFF, 0x07, 0x38, 0xFF, 0xFE, 0x1C, 0x71, 0xC3, 0x80, 0x73,
    0xF3, 0x87, 0x01, 0xFF, 0xE7, 0x0E, 0x07, 0xFF, 0xCE, 0x1C, 0x07, 0x81, 0x9F, 0xFF, 0xC0, 0x0C,
    0x3F, 0xFF, 0x8D, 0xDC, 0x7F, 0xFF, 0x3B, 0xB8, 0xE1, 0xC0, 0x77, 0x31, 0xC3, 0x80, 0xEE, 0x73,
    0x87, 0x01, 0xCC, 0xE7, 0x0E, 0x03, 0x99, 0xCF, 0xFF, 0xF6, 0x31, 0x9F, 0xFF, 0xFC, 0x70, 0x3F,
    0xFF, 0xF8, 0xC0, 0x70, 0x00, 0x30, 0x00, 0xE0, 0x00, 0x00, 0x01, 0x80, 0x00, 0x00, 0x00, 0x00,
    0x00, 0x06, 0x00, 0x00, 0x00, 0x1E, 0x1F, 0xFF, 0xF0, 0x38, 0x3F, 0xFF, 0xF0, 0x70, 0x7F, 0xFF,
    0xE1, 0xC0, 0xE0, 0x01, 0xC7, 0x99, 0xDC, 0x33, 0x8E, 0x7B, 0xB8, 0xE7, 0x38, 0xE7, 0x31, 0xCE,
    0xF3, 0xCE, 0x73, 0x1F, 0xFF, 0x1C, 0x6E, 0x3F, 0xFC, 0x3F, 0xFF, 0x7F, 0xF8, 0x7F, 0xFE, 0xE0,
    0xEC, 0xE1, 0x81, 0xC3, 0xB9, 0xC3, 0x83, 0x8F, 0x33, 0x87, 0x07, 0x3C, 0x77, 0x06, 0x0E, 0x73,
    0xEF, 0xFF, 0xDD, 0xFF, 0xDF, 0xFF, 0xBF, 0xFF, 0xBB, 0x80, 0x77, 0xE3, 0xF7, 0x00, 0xE8, 0x07,
    0xEE, 0x01, 0xC0, 0x31, 0xDC, 0x03, 0xBB, 0x73, 0xB8, 0x07, 0x77, 0xE7, 0x7F, 0xEE, 0xEE, 0xCE,
    0xFF, 0xDD, 0xDD, 0xDC, 0x00, 0x3B, 0x3B, 0xB8, 0x00, 0x7E, 0x73, 0x70, 0x00, 0xFC, 0xE0, 0xE0,
    0x1F, 0xF8, 0xC1, 0xC0, 0x3F, 0x20, 0x03, 0x80, 0x7E, 0x00, 0x06, 0x00, 0x00, 0x7F, 0xFE, 0x00,
    0x23, 0xFF, 0xFF, 0xFF, 0xEF, 0x1C, 0x1F, 0xFF, 0xBC, 0x70, 0x38, 0x1C, 0xFF, 0xFC, 0x70, 0xF3,
    0xFF, 0xF1, 0xE3, 0x8F, 0x01, 0xC3, 0x9E, 0x3C, 0x07, 0x07, 0xF0, 0xFF, 0xFC, 0x1F, 0x83, 0xFF,
    0xF0, 0x3E, 0x0F, 0x1C, 0x01, 0xFC, 0x3C, 0x70, 0x1F, 0xF8, 0xFF, 0xFF, 0xF9, 0xFD, 0xFF, 0xFF,
    0xC1, 0xF0, 0x03, 0xCC, 0x01, 0x80, 0x3F, 0x0E, 0x00, 0x03, 0xF0, 0xF8, 0x00, 0x3F, 0xFF, 0xC0,
    0x00, 0xFF, 0xFC, 0xF0, 0x00, 0x1F, 0x81, 0xE0, 0x03, 0xF8, 0x1F, 0xC0, 0xFF, 0xFF, 0xFF, 0xC7,
    0xFF, 0xFF, 0xFF, 0x9F, 0xFC, 0xE0, 0x0C, 0x01, 0xC3, 0x9E, 0x00, 0x1F, 0x0E, 0x7E, 0x01, 0xF0,
    0x38, 0x7E, 0x3F, 0x80, 0xE0, 0x7E, 0xF8, 0x7F, 0x80, 0x78, 0x81, 0xFC, 0x00, 0x00, 0x00, 0x00,
    0x08, 0x00, 0x03, 0x80, 0x0E, 0x00, 0x07, 0x80, 0x1E, 0x00, 0x07, 0x00, 0x1C, 0x00, 0x0F, 0x03,
    0xFF, 0xFC, 0x0E, 0x03, 0xFF, 0xFC, 0x1E, 0x63, 0x80, 0x1C, 0x1C, 0xF3, 0x80, 0x1C, 0x38, 0xE3,
    0x80, 0x1C, 0x79, 0xE3, 0xFF, 0xFC, 0x7F, 0xC3, 0xFF, 0xFC, 0xFF, 0xC3, 0x80, 0x1C, 0xFF, 0x83,
    0x80, 0x1C, 0x67, 0x03, 0x80, 0x1C, 0x0F, 0xE3, 0xFF, 0xFC, 0x1E, 0xE3, 0xFF, 0xFC, 0x3C, 0xE0,
    0x0E, 0x00, 0x38, 0xE0, 0x0F, 0x08, 0xFF, 0xF0, 0x0F, 0x1C, 0xFF, 0xFF, 0xFF, 0x3C, 0x7E, 0x7F,
    0xFF, 0xF8, 0x00, 0x60, 0xFF, 0xF0, 0x36, 0xE0, 0xEF, 0xE0, 0x76, 0xE0, 0xEF, 0xC0, 0x77, 0x61,
    0xCF, 0xE0, 0x77, 0x63, 0xCE, 0xF0, 0x77, 0x77, 0x8E, 0x78, 0x67, 0x7F, 0x8E, 0x3C, 0xE7, 0x1F,
    0x0E, 0x3E, 0xE7, 0x1E, 0x0E, 0x1E, 0xE3, 0x08, 0x7E, 0x04, 0x60, 0x00, 0x7E, 0x00, 0x00, 0x00,
    0x78, 0x00, 0x00, 0x00, 0x00, 0x00, 0x03, 0x00, 0x01, 0xF8, 0x07, 0x03, 0xFF, 0xFC, 0x07, 0x0F,
    0xFF, 0xF0, 0x0E, 0x0F, 0xFC, 0x38, 0x0E, 0x03, 0x1C, 0x38, 0x1C, 0x63, 0x9C, 0x78, 0x1C, 0xE3,
    0x8E, 0x70, 0x39, 0xE1, 0xCE, 0xE0, 0x71, 0xC1, 0x8C, 0xE0, 0xFF, 0xC7, 0xFF, 0xFC, 0xFF, 0x87,
    0xFF, 0xFC, 0xFF, 0x00, 0x70, 0x00, 0x0F, 0xE0, 0x70, 0x00, 0x0E, 0xE0, 0x70, 0x00, 0x1C, 0x6F,
    0xFF, 0xFE, 0x3C, 0x7F, 0xFF, 0xFE, 0x7B, 0xF0, 0xF0, 0x00, 0xFF, 0xF0, 0xF0, 0x00, 0xFF, 0xF8,
    0xE0, 0x00, 0xFC, 0x38, 0xFF, 0xF8, 0x40, 0x00, 0xFF, 0xF8, 0x02, 0x61, 0xF0, 0x70, 0x76, 0x61,
    0xF8, 0xF0, 0x77, 0x71, 0xFC, 0xE0, 0x77, 0x73, 0x9F, 0xE0, 0x67, 0x37, 0x8F, 0xC0, 0x67, 0x3F,
    0x0F, 0xC0, 0xE3, 0x3F, 0x3F, 0xF0, 0xE3, 0x1E, 0xFD, 0xFE, 0xE2, 0x1F, 0xF8, 0x7E, 0x40, 0x09,
    0xE0, 0x1E, 0x00, 0x00, 0x00, 0x00, 0x00, 0x00, 0x08, 0x00, 0x06, 0x00, 0x38, 0x00, 0x1C, 0x00,
    0x78, 0x00, 0x38, 0x00, 0x70, 0x00, 0xE0, 0xFF, 0xFF, 0xE1, 0xC1, 0xFF, 0xFF, 0xC7, 0x3B, 0x80,
    0x03, 0x8E, 0x77, 0x00, 0x07, 0x39, 0xEF, 0x80, 0x0E, 0xE3, 0x9B, 0x80, 0x19, 0xFE, 0x07, 0xFF,
    0xFF, 0xFC, 0x0F, 0xFF, 0xFF, 0xF0, 0x38, 0x3C, 0x08, 0xE8, 0x70, 0x70, 0x03, 0xB0, 0xE0, 0xE0,
    0x0F, 0x73, 0x81, 0xC0, 0x1C, 0xE7, 0x3F, 0xFC, 0x70, 0xDE, 0x7F, 0xF9, 0xFF, 0xFC, 0xE0, 0x77,
    0xFF, 0xF9, 0xC0, 0xEF, 0xE7, 0xF3, 0x81, 0xC8, 0x03, 0x67, 0x03, 0x80, 0xB8, 0xCF, 0xFF, 0x3B,
    0x31, 0x9F, 0xFE, 0x77, 0x73, 0x38, 0x1C, 0xCE, 0xE6, 0x70, 0x39, 0x9C, 0xCC, 0xE0, 0x77, 0x39,
    0x99, 0xC0, 0xEE, 0x73, 0x33, 0xFF, 0xDC, 0x60, 0x67, 0xFF, 0xB0, 0x00, 0xCE, 0x07, 0x00, 0x01,
    0x9C, 0x0E, 0x00, 0x00, 0x08, 0x00, 0x07, 0x00, 0x1E, 0x00, 0x07, 0x00, 0x1C, 0x00, 0x07, 0x00,
    0x1C, 0x00, 0x0E, 0x03, 0xFF, 0xFC, 0x0E, 0x03, 0xFF, 0xFC, 0x1C, 0x63, 0x0C, 0x1C, 0x1C, 0xF3,
    0x1C, 0x1C, 0x38, 0xE3, 0x3F, 0xFC, 0x39, 0xC3, 0x3F, 0xDC, 0x77, 0xC3, 0x71, 0xDC, 0xFF, 0x83,
    0xFF, 0x9C, 0xFF, 0x83, 0x5F, 0x9C, 0x77, 0x03, 0x0F, 0x1C, 0x0E, 0xC3, 0x1F, 0xDC, 0x0E, 0xE3,
    0x7D, 0xDC, 0x1C, 0xE3, 0x78, 0xDC, 0x38, 0xF3, 0x60, 0x1C, 0x7F, 0xF3, 0xFF, 0xFC, 0xFF, 0xF3,
    0xFF, 0xFC, 0xFE, 0x30, 0x0C, 0x00, 0x40, 0x20, 0x0E, 0x10, 0x02, 0xE3, 0x6F, 0x30, 0x37, 0xE7,
    0x67, 0xB8, 0x37, 0x67, 0x63, 0x9C, 0x77, 0x77, 0x63, 0x1C, 0x77, 0x7E, 0x60, 0x7E, 0x73, 0x7E,
    0x60, 0x7E, 0x63, 0x0E, 0x70, 0x76, 0xE3, 0x04, 0x7F, 0xE0, 0xE0, 0x00, 0x7F, 0xE0, 0x00, 0x00,
    0x00, 0x00, 0x08, 0x00, 0x00, 0x00, 0x0E, 0x00, 0x1C, 0x00, 0x1F, 0xFF, 0x9C, 0x00, 0x3F, 0xFF,
    0x9C, 0x00, 0x78, 0x00, 0x3F, 0xFE, 0x7F, 0xFE, 0x3F, 0xFE, 0xFF, 0xFE, 0x78, 0x70, 0x7D, 0xCE,
    0xFC, 0x70, 0x1D, 0xEE, 0xFC, 0xE0, 0x1C, 0x6E, 0x4F, 0xE0, 0xFF, 0xFF, 0x8F, 0xC0, 0xFF, 0xFF,
    0x87, 0x80, 0x19, 0xCE, 0x0F, 0xC0, 0x38, 0xEE, 0x1F, 0xF0, 0x3F, 0xFF, 0xFC, 0xFC, 0x3F, 0xFF,
    0xF8, 0x3E, 0x00, 0x1C, 0x60, 0x1E, 0x00, 0x7C, 0x1C, 0x00, 0x01, 0xF8, 0x7C, 0x00, 0x07, 0xFF,
    0xF8, 0x00, 0x07, 0xFF, 0xE7, 0x00, 0x06, 0x3F, 0x87, 0xC0, 0x01, 0xFC, 0x1F, 0xE0, 0x1F, 0xFF,
    0xFF, 0xF8, 0x3F, 0xFF, 0xFF, 0xFC, 0x1F, 0xFB, 0xC0, 0x38, 0x00, 0xE1, 0xC7, 0x00, 0x03, 0xE1,
    0xCF, 0xC0, 0x1F, 0xC1, 0xC3, 0xF0, 0x7F, 0x03, 0xC0, 0xFC, 0x7C, 0x3F, 0xC0, 0x3C, 0x30, 0x1F,
    0x80, 0x08, 0x00, 0x00, 0x00, 0x00, 0x00, 0x00, 0x00, 0x00, 0x07, 0x00, 0x70, 0xE0, 0x07, 0x1C,
    0x70, 0xE0, 0x0E, 0x1C, 0xE0, 0xC0, 0x0E, 0x1C, 0xF9, 0xD8, 0x0E, 0x1D, 0xDD, 0xB8, 0x1C, 0xDF,
    0xFB, 0xF8, 0x1D, 0xFF, 0xF7, 0xF0, 0x39, 0xDD, 0xF3, 0xE8, 0x39, 0xDC, 0xF8, 0xF8, 0x73, 0x9D,
    0xFD, 0xFC, 0xFF, 0x9F, 0xFF, 0xFC, 0xFF, 0x1D, 0xFF, 0xFC, 0x7F, 0x1C, 0x0C, 0x0C, 0x0F, 0x9F,
    0xFF, 0xFE, 0x1D, 0xDF, 0xFF, 0xFE, 0x3D, 0xDC, 0x60, 0x60, 0x38, 0xDC, 0x60, 0xE0, 0x7F, 0xDC,
    0xE0, 0xC0, 0xFF, 0xFC, 0xD9, 0xD8, 0x7E, 0xFD, 0xDD, 0x98, 0x40, 0xFF, 0xFB, 0xF8, 0x01, 0xDF,
    0xF3, 0xF0, 0x7F, 0xDC, 0x70, 0x78, 0x76, 0xDC, 0xF8, 0xFC, 0x76, 0xFD, 0xFD, 0xFC, 0x76, 0xFF,
    0xFF, 0xFC, 0x66, 0x7D, 0xEF, 0xEC, 0x67, 0x7C, 0x0C, 0x08, 0xE7, 0x1F, 0xFF, 0xFE, 0xE7, 0x1F,
    0xFF, 0xFE, 0xC0, 0x00, 0x00, 0x00, 0x00, 0x00, 0x00, 0x00, 0x0E, 0x00, 0x3C, 0x00, 0x1C, 0x00,
    0x78, 0x00, 0x38, 0xFF, 0xFF, 0xF0, 0xE1, 0xFF, 0xFF, 0xE1, 0xC0, 0x03, 0xC0, 0x07, 0x3B, 0xFF,
    0xFE, 0x0E, 0x77, 0xFF, 0xFC, 0x39, 0xE0, 0x00, 0x00, 0xF3, 0xBF, 0xFF, 0xFD, 0xFF, 0x7F, 0xFF,
    0xFF, 0xFC, 0xE3, 0x9C, 0x7F, 0xF1, 0xC7, 0x38, 0xE9, 0xE3, 0x8E, 0x71, 0xC3, 0xB7, 0xFF, 0xFF,
    0x8E, 0x7F, 0xFF, 0xFF, 0x3C, 0xE0, 0x00, 0x00, 0x73, 0xDF, 0xFF, 0xF3, 0xFF, 0xBF, 0xFF, 0xE7,
    0xFF, 0xF0, 0x01, 0xC7, 0x87, 0xFF, 0xFF, 0x80, 0x0D, 0xFF, 0xFF, 0x01, 0xB3, 0x80, 0x0E, 0x3B,
    0x77, 0xFF, 0xFC, 0x76, 0xEF, 0xFF, 0xF8, 0xEE, 0xDF, 0xFF, 0xF1, 0xDD, 0xBF, 0xFF, 0xE3, 0x3B,
    0x87, 0x0E, 0x0E, 0x76, 0x3F, 0x1F, 0x1C, 0xE1, 0xFC, 0x1F, 0xB9, 0xCF, 0xC0, 0x0F, 0xF0, 0x0E,
    0x00, 0x06, 0x00, 0x00, 0x00, 0x00, 0x00, 0x00, 0x00, 0x00, 0x03, 0x80, 0x00, 0x00, 0x03, 0x80,
    0x00, 0x00, 0x07, 0x8F, 0xFF, 0xE0, 0x07, 0x0F, 0xFF, 0xE0, 0x0F, 0x0F, 0xFF, 0xE0, 0x0E, 0x00,
    0xE1, 0xC0, 0x1E, 0x00, 0xE1, 0xC0, 0x1C, 0x71, 0xE1, 0xC0, 0x38, 0x71, 0xE3, 0xC0, 0x78, 0xF1,
    0xE3, 0x80, 0x7F, 0xE1, 0xC3, 0x80, 0xFF, 0xC1, 0xE7, 0xFC, 0xFF, 0xC1, 0xE7, 0xFC, 0xE7, 0x81,
    0xE7, 0xFC, 0x07, 0x01, 0xF0, 0x38, 0x0E, 0x01, 0xF0, 0x38, 0x1E, 0x71, 0xF8, 0x78, 0x3F, 0xF3,
    0xF8, 0x70, 0x7F, 0xF3, 0xBC, 0x70, 0xFF, 0xC3, 0x9C, 0xF0, 0xFC, 0x03, 0x9E, 0xE0, 0xE0, 0x03,
    0x8F, 0xE0, 0x00, 0x37, 0x0F, 0xC0, 0x01, 0xF7, 0x07, 0x80, 0x07, 0xFF, 0x0F, 0xC0, 0x3F, 0xEF,
    0x1F, 0xE0, 0xFF, 0x0E, 0x3F, 0xF0, 0xFC, 0x1E, 0x7C, 0xFC, 0x60, 0x3D, 0xF8, 0x7E, 0x00, 0x3D,
    0xF0, 0x1E, 0x00, 0x19, 0xC0, 0x0C, 0x00, 0x00, 0x00, 0x00, 0x00, 0x00, 0x00, 0x00, 0x0E, 0x00,
    0x38, 0x00, 0x38, 0x00, 0xE0, 0x01, 0xC0, 0x03, 0x80, 0x07, 0x00, 0x0E, 0x00, 0x38, 0x00, 0x38,
    0x00, 0xE0, 0x00, 0xE0, 0x07, 0x80, 0x03, 0x80, 0x1C, 0x77, 0xFF, 0xFC, 0xE1, 0xFF, 0xFF, 0xF3,
    0x8E, 0xFF, 0xFF, 0xDC, 0xFB, 0x87, 0x87, 0xFF, 0xCE, 0x1E, 0x1F, 0xFF, 0x38, 0x70, 0x7F, 0xF8,
    0xE1, 0xC1, 0xC1, 0xC3, 0x87, 0x87, 0x07, 0x0E, 0x3F, 0x1C, 0x38, 0x38, 0xFC, 0x71, 0xC0, 0xE3,
    0xF9, 0xCF, 0xFF, 0x9E, 0xF7, 0x7F, 0xFE, 0x71, 0xDF, 0xFF, 0xBB, 0xC7, 0xF7, 0xC0, 0xFE, 0x0F,
    0xD0, 0x03, 0xF8, 0x3F, 0x00, 0x0F, 0xC0, 0x5C, 0x01, 0xF8, 0x00, 0x70, 0xFF, 0xE0, 0x01, 0xFF,
    0xFF, 0x80, 0x07, 0xFF, 0x8E, 0x00, 0x1F, 0xE0, 0x38, 0x0F, 0xF0, 0x00, 0xE0, 0x3F, 0xC0, 0x03,
    0x80, 0x7E, 0x00, 0x06, 0x00, 0x00, 0x00, 0x00, 0x00, 0x00, 0x03, 0x80, 0x00, 0x78, 0x03, 0x80,
    0x0F, 0xFC, 0x03, 0x83, 0xFF, 0xFC, 0x07, 0x07, 0xFF, 0xC0, 0x07, 0x07, 0xFF, 0x80, 0x0E, 0x07,
    0x07, 0x80, 0x0E, 0x07, 0x07, 0x80, 0x1C, 0x27, 0x07, 0x80, 0x1C, 0x7F, 0x07, 0x80, 0x38, 0x77,
    0x07, 0x80, 0x79, 0xE7, 0x03, 0x80, 0xFF, 0xE7, 0x03, 0x80, 0xFF, 0xC7, 0x03, 0x80, 0x7B, 0x87,
    0xFF, 0xFE, 0x07, 0x87, 0xFF, 0xFE, 0x07, 0x07, 0xFF, 0xFC, 0x0E, 0x07, 0x03, 0x80, 0x1C, 0x3F,
    0x03, 0x80, 0x3F, 0xFF, 0x03, 0x80, 0x7F, 0xFF, 0x03, 0x80, 0xFF, 0xC7, 0x03, 0x80, 0x78, 0x07,
    0x03, 0xC0, 0x00, 0x07, 0x01, 0xC0, 0x00, 0x07, 0x01, 0xC4, 0x00, 0x7F, 0x01, 0xC6, 0x07, 0xFF,
    0x01, 0xC6, 0xFF, 0xFF, 0x1C, 0xE6, 0xFF, 0x87, 0xFC, 0xEE, 0xFC, 0x07, 0xFC, 0xFE, 0x40, 0x0F,
    0xE0, 0x7E, 0x00, 0x07, 0x00, 0x3C, 0x00, 0x00, 0x00, 0x00, 0x00, 0x00, 0x18, 0x00, 0x03, 0x80,
    0x39, 0x80, 0x03, 0x80, 0x3B, 0xE0, 0x03, 0x80, 0x39, 0xF0, 0x07, 0x80, 0x38, 0x78, 0x07, 0x00,
    0x38, 0x30, 0x0F, 0x00, 0x38, 0x08, 0x0E, 0x00, 0x3F, 0xFC, 0x1E, 0x31, 0xFF, 0xFC, 0x1C, 0x7F,
    0xFF, 0xF0, 0x38, 0xF7, 0xFC, 0x00, 0x79, 0xE2, 0x1C, 0x00, 0xFF, 0xE0, 0x1C, 0x00, 0x7F, 0xC0,
    0x1C, 0x3C, 0x7F, 0xC0, 0x1F, 0xFE, 0x07, 0x81, 0xFF, 0xFE, 0x07, 0x0F, 0xFF, 0xC0, 0x0E, 0x07,
    0xFC, 0x08, 0x1E, 0x37, 0x1E, 0x1E, 0x3F, 0xF0, 0x0E, 0x1C, 0x7F, 0xF0, 0x0E, 0x3C, 0x7F, 0xC0,
    0x0E, 0x78, 0x78, 0x00, 0x0E, 0xF0, 0x00, 0x00, 0x0F, 0xE0, 0x00, 0x10, 0x07, 0xC0, 0x01, 0xF0,
    0x1F, 0x80, 0x0F, 0xF8, 0x3F, 0x86, 0x7F, 0xE0, 0xFF, 0x86, 0x7F, 0x07, 0xF3, 0xCE, 0x70, 0x0F,
    0xE1, 0xFE, 0x00, 0x0F, 0x80, 0xFE, 0x00, 0x04, 0x00, 0x7C, 0x01, 0x00, 0x00, 0x00, 0x07, 0x00,
    0x00, 0x00, 0x3C, 0x7F, 0xFF, 0xC0, 0xE1, 0xFF, 0xFF, 0x07, 0x87, 0xFF, 0xFC, 0x1C, 0x1C, 0x38,
    0x70, 0xF0, 0x70, 0xE1, 0xC3, 0x81, 0xC3, 0x87, 0x1C, 0x37, 0x0E, 0x1C, 0xF0, 0xFC, 0x38, 0x73,
    0x87, 0xF0, 0xE1, 0xDE, 0xFD, 0xC3, 0x87, 0xFF, 0xE7, 0x0E, 0x1F, 0xFF, 0x9C, 0x38, 0x7F, 0xFC,
    0x70, 0xE1, 0xC1, 0xE1, 0xFF, 0xFF, 0x07, 0x07, 0xFF, 0xFC, 0x38, 0x1F, 0xFF, 0xF1, 0xE1, 0x70,
    0xE1, 0xCF, 0xFF, 0xC3, 0x87, 0xFF, 0xFF, 0x0E, 0x1F, 0xFF, 0x9C, 0x38, 0x77, 0x80, 0x70, 0xE1,
    0xC0, 0x01, 0xC3, 0x87, 0x00, 0x07, 0x0E, 0x1C, 0x00, 0xFC, 0x38, 0x70, 0xFF, 0xF0, 0xE1, 0xFF,
    0xFF, 0xFF, 0xFF, 0xFF, 0xC7, 0xFF, 0xFF, 0xE0, 0x1F, 0xFF, 0xF0, 0x00, 0x70, 0x01, 0xC0, 0x01,
    0xC0, 0x07, 0x00, 0x00, 0x00, 0x00, 0x03, 0x80, 0x38, 0x00, 0x03, 0x80, 0x78, 0x00, 0x07, 0x80,
    0x70, 0x00, 0x07, 0x00, 0xFF, 0xF0, 0x0F, 0x00, 0xFF, 0xF8, 0x0E, 0x01, 0xFF, 0xF8, 0x1E, 0x03,
    0xE0, 0x70, 0x1C, 0x67, 0xE0, 0xF0, 0x3C, 0x7F, 0xF0, 0xE0, 0x38, 0xFF, 0x79, 0xE0, 0x78, 0xFE,
    0x3F, 0xC0, 0xFF, 0xE4, 0x1F, 0x80, 0xFF, 0xC0, 0x1F, 0x00, 0xFF, 0x80, 0x3F, 0x80, 0x07, 0x80,
    0x7F, 0xE0, 0x0F, 0x01, 0xF9, 0xF0, 0x0E, 0x07, 0xE0, 0xFE, 0x1C, 0x0F, 0xC0, 0x7F, 0x3B, 0xFF,
    0x38, 0x1E, 0xFF, 0xF4, 0x3E, 0x04, 0xFF, 0xF0, 0x1F, 0x80, 0xFC, 0x00, 0x07, 0xC0, 0x00, 0x00,
    0x01, 0xC0, 0x00, 0x00, 0x00, 0x80, 0x00, 0x31, 0xC0, 0x00, 0x07, 0xFB, 0xF8, 0x00, 0xFF, 0xF9,
    0xFF, 0x00, 0xFF, 0xC0, 0x3F, 0xC0, 0xFC, 0x00, 0x07, 0xF0, 0x00, 0x00, 0x01, 0xF8, 0x00, 0x00,
    0x00, 0x70, 0x00, 0x00, 0x00, 0x00, 0x00, 0x00, 0x00, 0x00, 0x03, 0x80, 0x00, 0x00, 0x03, 0x87,
    0xFF, 0xF0, 0x07, 0x87, 0xFF, 0xF8, 0x07, 0x07, 0xFF, 0xF8, 0x0F, 0x00, 0x00, 0xF0, 0x0E, 0x00,
    0x01, 0xE0, 0x1E, 0x00, 0x03, 0xE0, 0x1C, 0x30, 0x07, 0xC0, 0x3C, 0x78, 0x0F, 0x80, 0x38, 0xF0,
    0x1F, 0x00, 0x73, 0xE0, 0x7F, 0xC0, 0xFF, 0xE1, 0xFF, 0xF0, 0xFF, 0xC7, 0xF1, 0xFC, 0xFB, 0x9F,
    0xC0, 0x7E, 0x07, 0x9F, 0x00, 0x1E, 0x0F, 0x0C, 0x00, 0x04, 0x1E, 0x00, 0x00, 0x00, 0x3C, 0x77,
    0xFF, 0xFC, 0x7F, 0xF7, 0xFF, 0xFC, 0xFF, 0xF7, 0xFF, 0xFC, 0xFF, 0x80, 0x0E, 0x00, 0x70, 0x00,
    0x0E, 0x00, 0x00, 0x00, 0x0E, 0x00, 0x00, 0x10, 0x0E, 0x00, 0x01, 0xF0, 0x0E, 0x00, 0x3F, 0xF0,
    0x0E, 0x00, 0xFF, 0xE0, 0x0E, 0x00, 0xFE, 0x1F, 0xFF, 0xFE, 0xF0, 0x1F, 0xFF, 0xFE, 0x00, 0x1F,
    0xFF, 0xFE, 0x00, 0x00, 0x30, 0x00, 0x03, 0x80, 0x70, 0x00, 0x03, 0x80, 0x70, 0x00, 0x07, 0x80,
    0xF0, 0x00, 0x07, 0x00, 0xFF, 0xFC, 0x0F, 0x01, 0xFF, 0xFC, 0x0E, 0x03, 0xFF, 0xF8, 0x1E, 0x07,
    0xC0, 0x78, 0x1C, 0x67, 0xE0, 0xF0, 0x3C, 0x7F, 0xF0, 0xE0, 0x78, 0xFE, 0x7B, 0xE0, 0x7F, 0xEC,
    0x3F, 0xC0, 0xFF, 0xC0, 0x1F, 0x80, 0xFF, 0xC0, 0x3F, 0x00, 0x77, 0x80, 0x7F, 0xC0, 0x07, 0x03,
    0xFB, 0xF0, 0x0F, 0x0F, 0xE0, 0xFE, 0x1E, 0x1F, 0xC0, 0x7E, 0x3F, 0xFE, 0x00, 0x0E, 0x7F, 0xF3,
    0xFF, 0xF8, 0xFF, 0xE3, 0xFF, 0xF8, 0xFE, 0x03, 0xFF, 0xF8, 0x60, 0x03, 0x80, 0x38, 0x00, 0x03,
    0x80, 0x38, 0x00, 0x33, 0x80, 0x38, 0x03, 0xF3, 0x80, 0x38, 0x1F, 0xF3, 0x80, 0x38, 0xFF, 0xC3,
    0xFF, 0xF8, 0xFE, 0x03, 0xFF, 0xF8, 0xF0, 0x03, 0xFF, 0xF8, 0x00, 0x03, 0x80, 0x38, 0x00, 0x03,
    0x80, 0x38, 0x01, 0x00, 0x60, 0x00, 0x07, 0x00, 0xE0, 0x00, 0x0E, 0x03, 0xC0, 0x00, 0x3C, 0x07,
    0x00, 0x00, 0x70, 0x1F, 0xFE, 0x01, 0xE0, 0x3F, 0xFC, 0x03, 0x80, 0xFF, 0xF8, 0x0F, 0x01, 0xC0,
    0xE0, 0x1C, 0x67, 0x83, 0x80, 0x78, 0xFE, 0x07, 0x00, 0xE3, 0xFF, 0xFF, 0xE3, 0xC7, 0xFF, 0xFF,
    0xCF, 0xFE, 0xFF, 0xFF, 0x9F, 0xF8, 0xE1, 0xC7, 0x3F, 0xE1, 0xC3, 0x8E, 0x03, 0xC3, 0x87, 0x1C,
    0x0F, 0x07, 0x0E, 0x38, 0x1C, 0x0E, 0x1C, 0x70, 0x70, 0xDC, 0x38, 0xE1, 0xFF, 0xFF, 0xFF, 0xCF,
    0xFF, 0x7F, 0xFF, 0x9F, 0xF8, 0xFF, 0xFF, 0x3E, 0x01, 0xC0, 0x00, 0x00, 0x03, 0x80, 0x00, 0x00,
    0x07, 0x00, 0x00, 0x03, 0xFE, 0x00, 0x1C, 0x7F, 0xFC, 0x00, 0x3F, 0xFF, 0x38, 0x00, 0x7F, 0xE0,
    0x78, 0x01, 0xFC, 0x00, 0x7F, 0xFF, 0x80, 0x00, 0xFF, 0xFF, 0x00, 0x00, 0x3F, 0xF0, 0x00, 0x00,
    0x00, 0x00, 0x07, 0x00, 0x38, 0x00, 0x0E, 0x00, 0x70, 0x00, 0x3C, 0x00, 0xF0, 0x00, 0x70, 0x00,
    0xE0, 0x01, 0xE0, 0xFF, 0xFF, 0xC3, 0x83, 0xFF, 0xFF, 0x8F, 0x07, 0xFF, 0xFF, 0x1C, 0x70, 0x3C,
    0x00, 0x78, 0xE0, 0xF0, 0x81, 0xE3, 0xC3, 0xC3, 0x83, 0xFF, 0x07, 0x07, 0x8F, 0xFC, 0x1E, 0x07,
    0x1F, 0xF8, 0x78, 0x1F, 0x3F, 0xE3, 0xFF, 0xFF, 0x03, 0x87, 0xFF, 0xFE, 0x0F, 0x0F, 0xFE, 0x1E,
    0x3C, 0x19, 0xC7, 0x18, 0xF3, 0xC3, 0x8E, 0x03, 0xFF, 0x87, 0x1C, 0x0F, 0xFF, 0x1E, 0x38, 0x1F,
    0xE0, 0x3C, 0x70, 0x1C, 0x00, 0x70, 0xE0, 0x00, 0x00, 0xE1, 0xC0, 0x00, 0x71, 0xC3, 0x8C, 0x07,
    0xE7, 0x87, 0x1C, 0xFF, 0xCE, 0x0E, 0x3F, 0xFE, 0x3C, 0x1C, 0x7F, 0xC1, 0xF0, 0x38, 0xFC, 0x0F,
    0xC0, 0x7F, 0xC0, 0x0F, 0x00, 0xFF, 0x00, 0x1C, 0x00, 0x78, 0x00, 0x00, 0x00, 0x00, 0x06, 0x00,
    0x07, 0x00, 0x1E, 0x38, 0x0E, 0x00, 0x38, 0x73, 0x1C, 0xE0, 0x70, 0xE6, 0x39, 0xC1, 0xC1, 0xCE,
    0x73, 0x83, 0x83, 0x9C, 0xEE, 0x0F, 0x07, 0x19, 0xDC, 0x1C, 0x6E, 0x3B, 0xB0, 0x78, 0xFC, 0x77,
    0xE0, 0xE3, 0xF8, 0xCE, 0x83, 0x87, 0x77, 0xFF, 0xEF, 0xFC, 0xEF, 0xFF, 0xFF, 0xF9, 0xDF, 0xFF,
    0xFF, 0xE3, 0x81, 0xE0, 0x03, 0x87, 0x07, 0xE0, 0x0F, 0x0E, 0x0F, 0xE0, 0x3C, 0x1C, 0x3F, 0xE0,
    0x70, 0xB8, 0x6F, 0xE1, 0xFF, 0xF1, 0xDD, 0xC7, 0xFF, 0xE7, 0x39, 0xDF, 0xF9, 0xDE, 0x73, 0xDE,
    0x03, 0xB8, 0xE3, 0x00, 0x07, 0x61, 0xC0, 0x00, 0x0E, 0x03, 0x80, 0x03, 0xFC, 0x07, 0x00, 0x7F,
    0xF8, 0x0E, 0x07, 0xFF, 0x70, 0x00, 0x0F, 0xF0, 0xFF, 0xFF, 0xFE, 0x01, 0xFF, 0xFF, 0xC0, 0x01,
    0xFF, 0xFF, 0x80, 0x00, 0x00, 0x0C, 0x00, 0x07, 0x00, 0x38, 0x00, 0x0E, 0x00, 0x70, 0x00, 0x3C,
    0x00, 0xE0, 0x00, 0x70, 0x7F, 0xFF, 0x81, 0xE0, 0xFF, 0xFF, 0x03, 0x80, 0xFF, 0xFC, 0x07, 0x00,
    0x0E, 0x00, 0x1C, 0x60, 0x1C, 0x00, 0x79, 0xFF, 0xFF, 0xF8, 0xE3, 0xBF, 0xFF, 0xF3, 0x8F, 0x3F,
    0xFF, 0xEF, 0xFC, 0x08, 0x01, 0xDF, 0xF0, 0x39, 0xC7, 0x3F, 0xE0, 0x7B, 0x8E, 0x03, 0x80, 0x7F,
    0x18, 0x0E, 0x0E, 0x3E, 0x00, 0x3C, 0x1F, 0x1C, 0x00, 0x73, 0x8F, 0x38, 0x01, 0xFF, 0x0E, 0x70,
    0x07, 0xFE, 0x08, 0xE0, 0x1F, 0xE3, 0xFF, 0xFF, 0xDC, 0x07, 0xFF, 0xFF, 0x80, 0x07, 0xFF, 0xFE,
    0x00, 0xE0, 0x3D, 0x00, 0x0F, 0xC0, 0xF7, 0x00, 0xFF, 0x81, 0xEF, 0x87, 0xF8, 0x0F, 0x8F, 0x8F,
    0xC0, 0x3E, 0x07, 0x8C, 0x01, 0xF8, 0x07, 0x80, 0x07, 0xC0, 0x07, 0x80, 0x07, 0x00, 0x07, 0x00,
    0x00, 0x00, 0x00, 0x00, 0x00, 0x00, 0x00, 0x07, 0x00, 0xEE, 0x00, 0x0E, 0x03, 0xDC, 0x00, 0x38,
    0x07, 0x3C, 0x00, 0x70, 0x0E, 0x38, 0x01, 0xE0, 0x38, 0x78, 0x03, 0x80, 0x70, 0x60, 0x0F, 0x01,
    0xFF, 0xFF, 0x1C, 0x73, 0xFF, 0xFE, 0x70, 0xEF, 0xFF, 0xF8, 0xE3, 0xFE, 0x0E, 0x03, 0x87, 0x7C,
    0x1C, 0x0F, 0xFD, 0xF8, 0x38, 0x1F, 0xFB, 0xFF, 0xFF, 0xBF, 0xE6, 0xFF, 0xFF, 0x03, 0x81, 0xFF,
    0xFE, 0x0F, 0x03, 0x83, 0x80, 0x3C, 0x07, 0x07, 0x00, 0x71, 0x8E, 0x0E, 0x01, 0xFF, 0x9C, 0x1C,
    0x0F, 0xFE, 0x3F, 0xFF, 0xDF, 0xE0, 0x7F, 0xFF, 0x9C, 0x00, 0xFF, 0xFF, 0x00, 0x01, 0xC1, 0xC0,
    0x00, 0x03, 0x83, 0x80, 0x00, 0xE7, 0x07, 0x00, 0x1F, 0xCE, 0x0E, 0x03, 0xFF, 0x9F, 0xFF, 0xFF,
    0xFC, 0x3F, 0xFF, 0xFF, 0x80, 0x7F, 0xFF, 0xD0, 0x00, 0xE0, 0x00, 0x00, 0x01, 0xC0, 0x00, 0x00,
    0x03, 0x80, 0x00, 0x06, 0x00, 0x00, 0x00, 0x07, 0x00, 0x00, 0x00, 0x07, 0x3F, 0xFF, 0xFC, 0x0E,
    0x3F, 0xFF, 0xFC, 0x0E, 0x00, 0xE0, 0x1C, 0x1E, 0x00, 0xE0, 0x38, 0x1C, 0x1C, 0xE6, 0x38, 0x1C,
    0x9F, 0xCF, 0xF8, 0x38, 0xEF, 0xC7, 0xF0, 0x39, 0xC7, 0xC1, 0xF0, 0x71, 0xC7, 0xE1, 0xF8, 0xFF,
    0x8F, 0xF3, 0xFC, 0xFF, 0x9E, 0x77, 0xBC, 0xFF, 0x3C, 0x1F, 0x0C, 0x47, 0x38, 0x0E, 0x00, 0x0E,
    0x30, 0x08, 0x00, 0x1C, 0x00, 0x20, 0x00, 0x1C, 0x7F, 0xFF, 0xFE, 0x3F, 0xFF, 0xFF, 0xFC, 0x7F,
    0xC0, 0xEE, 0x1C, 0xFF, 0x80, 0xE6, 0x1C, 0xF8, 0x19, 0xE7, 0x38, 0x40, 0x3D, 0xC7, 0x38, 0x00,
    0xDF, 0xC3, 0xF0, 0x07, 0xE7, 0x83, 0xF0, 0x1F, 0xC7, 0xE1, 0xE0, 0xFF, 0x0F, 0xF3, 0xF0, 0xFC,
    0x3E, 0xE7, 0xF8, 0xE0, 0x7C, 0x5F, 0x7C, 0x00, 0xF8, 0x3E, 0x3E, 0x00, 0xE0, 0x38, 0x0E, 0x00,
    0x00, 0x00, 0x00, 0x03, 0x80, 0x00, 0x78, 0x07, 0x87, 0xFF, 0xFC, 0x07, 0x9F, 0xFF, 0xFC, 0x07,
    0x0F, 0xFF, 0x10, 0x0F, 0x06, 0x18, 0x38, 0x0E, 0x07, 0x1C, 0x38, 0x1E, 0x07, 0x1C, 0x70, 0x1C,
    0x63, 0x9C, 0xF0, 0x38, 0x73, 0x8C, 0xE0, 0x78, 0xFF, 0xFF, 0xFE, 0x73, 0xEF, 0xFF, 0xFE, 0xFF,
    0xC0, 0xE0, 0x00, 0xFF, 0xC0, 0xE0, 0x00, 0xFF, 0x81, 0xE0, 0x00, 0x07, 0x3F, 0xFF, 0xFE, 0x0F,
    0x3F, 0xFF, 0xFE, 0x1E, 0x01, 0xC0, 0x00, 0x3C, 0xE1, 0xC0, 0x00, 0x7F, 0xF1, 0xFF, 0xF8, 0xFF,
    0xE3, 0xFF, 0xF8, 0xFF, 0x03, 0xC0, 0x70, 0x70, 0x03, 0xE0, 0xF0, 0x00, 0x07, 0xF0, 0xE0, 0x00,
    0x67, 0x79, 0xE0, 0x07, 0xFF, 0x3F, 0xC0, 0x3F, 0xFE, 0x1F, 0x80, 0xFF, 0x9E, 0x1F, 0x80, 0xFC,
    0x3C, 0x7F, 0xE0, 0xE0, 0x7B, 0xFF, 0xFE, 0x00, 0xF7, 0xF0, 0xFE, 0x00, 0x63, 0xC0, 0x3E, 0x00,
    0x00, 0x00, 0x00, 0x00, 0x00, 0x00, 0x00, 0x0E, 0x00, 0x70, 0x00, 0x78, 0x01, 0xE0, 0x01, 0xC0,
    0x03, 0x80, 0x07, 0x00, 0x0F, 0x00, 0x38, 0x3F, 0xFF, 0xF0, 0xE0, 0xFF, 0xFF, 0xC7, 0x03, 0x80,
    0x07, 0x1C, 0xEE, 0x00, 0x1C, 0xE3, 0xB8, 0x00, 0x77, 0x9E, 0xFF, 0xFF, 0xDF, 0xF3, 0xFF, 0xFF,
    0xFF, 0xCF, 0x00, 0x03, 0xFE, 0x38, 0x00, 0x06, 0x70, 0xE0, 0x00, 0x03, 0xC3, 0xFF, 0xFF, 0x0E,
    0x0F, 0xFF, 0xFC, 0x70, 0x3E, 0x77, 0x33, 0xCC, 0xF9, 0xDC, 0xCF, 0xFB, 0xE7, 0x73, 0x7F, 0xEF,
    0x9D, 0xCF, 0xFE, 0x3E, 0x77, 0x37, 0xC0, 0xF9, 0xDC, 0xD8, 0x07, 0x7F, 0xFF, 0x00, 0x5D, 0xFF,
    0xFC, 0x0F, 0xF6, 0x77, 0x31, 0xFF, 0xD9, 0xDC, 0xFF, 0xCF, 0x67, 0x73, 0xFC, 0x39, 0x9D, 0xCF,
    0x81, 0xE6, 0x77, 0x30, 0x07, 0x19, 0xDF, 0xC0, 0x04, 0x60, 0x0F, 0x00, 0x00, 0x00, 0x00, 0x01,
    0x81, 0xC0, 0x00, 0x03, 0x81, 0xC0, 0x00, 0x03, 0x81, 0xFF, 0xF0, 0x07, 0x03, 0xFF, 0xE0, 0x07,
    0x03, 0x80, 0xE0, 0x0E, 0x03, 0x80, 0xE0, 0x0E, 0x03, 0xFF, 0xE0, 0x1C, 0x67, 0xFF, 0xE0, 0x1C,
    0xF0, 0x01, 0xE0, 0x38, 0xE0, 0x01, 0xC0, 0x78, 0xE0, 0x01, 0xC0, 0x7F, 0xDF, 0xFF, 0xFE, 0xFF,
    0xDF, 0xFF, 0xFE, 0x7F, 0x80, 0x7C, 0x00, 0x47, 0x01, 0xF0, 0x08, 0x0F, 0x07, 0xF0, 0x1C, 0x0E,
    0x1F, 0xB8, 0x7C, 0x1C, 0x7E, 0x1D, 0xF8, 0x3F, 0xE8, 0x3F, 0xE0, 0x7F, 0xE0, 0xFF, 0xE0, 0xFF,
    0x03, 0xEE, 0x70, 0x78, 0x1F, 0xC7, 0x70, 0x40, 0x0F, 0x1F, 0x70, 0x00, 0xEC, 0x3F, 0x38, 0x07,
    0xF0, 0x7F, 0x38, 0x1F, 0xC1, 0xF7, 0x3C, 0xFF, 0x07, 0xE7, 0x1E, 0xFC, 0x1F, 0x87, 0x1E, 0x60,
    0x1E, 0x0F, 0x0E, 0x00, 0x08, 0x7E, 0x04, 0x00, 0x00, 0x7C, 0x00, 0x00, 0x00, 0x00, 0x00, 0x00,
    0x00, 0x08, 0x00, 0x07, 0x00, 0x78, 0x00, 0x0E, 0x00, 0x70, 0x00, 0x38, 0x00, 0xF0, 0x00, 0x71,
    0xFF, 0xFF, 0xE1, 0xE3, 0xFF, 0xFF, 0xC3, 0x87, 0x00, 0x03, 0x8F, 0x0E, 0x00, 0x07, 0x1C, 0xDF,
    0x00, 0x0E, 0x71, 0xFF, 0x00, 0x00, 0xE7, 0x8F, 0xFF, 0xFB, 0x8E, 0x3B, 0xFF, 0xFF, 0xFC, 0x70,
    0x38, 0x1F, 0xF0, 0xE0, 0xF0, 0x1F, 0xE3, 0x81, 0xC0, 0x03, 0x87, 0x03, 0x80, 0x0E, 0x1E, 0x7F,
    0xFC, 0x1C, 0x3C, 0xFF, 0xF8, 0x70, 0xF9, 0xC0, 0x71, 0xFF, 0xF3, 0x80, 0xE7, 0xFF, 0x67, 0x01,
    0xDF, 0xF0, 0xCE, 0x03, 0x9E, 0x01, 0x9F, 0xFF, 0x00, 0x03, 0x3F, 0xFE, 0x00, 0xE6, 0x70, 0x1C,
    0x0F, 0xCC, 0xE0, 0x38, 0xFF, 0x19, 0xC0, 0x77, 0xF8, 0x33, 0x80, 0xEF, 0x80, 0x67, 0xFF, 0xC8,
    0x00, 0xCF, 0xFF, 0x80, 0x01, 0x9C, 0x07, 0x00, 0x03, 0x38, 0x0E, 0x00, 0x00, 0x00, 0x00, 0x07,
    0x00, 0x03, 0x80, 0x03, 0x80, 0x01, 0xC0, 0x03, 0x80, 0x00, 0xE0, 0x01, 0xC0, 0x00, 0x70, 0x00,
    0xFF, 0xF0, 0x38, 0x00, 0x7F, 0xFB, 0xFF, 0xF0, 0x7F, 0xF9, 0xFF, 0xF8, 0x39, 0xC0, 0xFF, 0xFC,
    0x3C, 0xE0, 0x03, 0x8E, 0x1C, 0x70, 0x01, 0xC7, 0x0E, 0x38, 0x00, 0xE3, 0x80, 0x1C, 0x00, 0x71,
    0xC3, 0xFF, 0xF0, 0x38, 0xE1, 0xFF, 0xF8, 0x1C, 0x70, 0xFF, 0xFC, 0x0E, 0x38, 0x01, 0xC0, 0xFF,
    0xFF, 0x00, 0xE0, 0xFF, 0xFF, 0x8E, 0x73, 0xFF, 0xFF, 0xC7, 0x39, 0xC1, 0xF8, 0x03, 0x9C, 0xE0,
    0xFC, 0x01, 0xCE, 0x70, 0x7E, 0x00, 0xE7, 0x38, 0x3F, 0x80, 0x73, 0x9C, 0x3D, 0xC0, 0x39, 0xCE,
    0x1C, 0xF0, 0x1C, 0xE7, 0x1E, 0x38, 0x0F, 0xFF, 0x8F, 0x1E, 0x07, 0xFF, 0xCF, 0x07, 0x83, 0xF8,
    0xEF, 0x01, 0xE0, 0x00, 0x7F, 0x80, 0xF8, 0x00, 0x07, 0x80, 0x3C, 0x00, 0x01, 0x80, 0x0C, 0x00,
    0x00, 0x00, 0x00, 0x00, 0x7F, 0xFF, 0xFF, 0xFB, 0xFF, 0xFF, 0xFF, 0xDF, 0xFF, 0xFF, 0xFE, 0xE0,
    0x00, 0x00, 0x77, 0x01, 0x80, 0x43, 0xB8, 0x0E, 0x07, 0x1D, 0xC0, 0x70, 0x38, 0xEE, 0xC7, 0xF1,
    0xC7, 0x7F, 0x3B, 0x8E, 0x3B, 0xBD, 0xCE, 0x71, 0xDC, 0xEE, 0x7F, 0x0E, 0xE3, 0xF1, 0xF8, 0x77,
    0x1F, 0x07, 0xC3, 0xB8, 0x78, 0x3E, 0x1D, 0xC1, 0xC0, 0xF0, 0xEE, 0x1F, 0x07, 0x87, 0x70, 0xF8,
    0x7E, 0x3B, 0x8F, 0xE3, 0xF1, 0xDC, 0x77, 0x9D, 0xCE, 0xE7, 0x9D, 0xCE, 0x77, 0x38, 0xDE, 0x3B,
    0xBB, 0xC0, 0xE1, 0x9D, 0xFC, 0x0F, 0x00, 0xEF, 0xC0, 0xF0, 0x07, 0x74, 0x03, 0x00, 0x3B, 0x80,
    0x00, 0x01, 0xDC, 0x00, 0x03, 0xFE, 0xE0, 0x00, 0x1F, 0xF7, 0x00, 0x00, 0xFF, 0x00, 0x00, 0x00,
    0x00, 0x1F, 0xFF, 0xFF, 0xF8, 0x3F, 0xFF, 0xFF, 0xF0, 0x70, 0xE0, 0xE0, 0xE0, 0xE1, 0xC1, 0xC1,
    0xC1, 0xC3, 0x83, 0x83, 0x83, 0xFF, 0xFF, 0xFF, 0x07, 0xFF, 0xFF, 0xFE, 0x00, 0x01, 0xC0, 0x00,
    0x00, 0x03, 0x80, 0x00, 0xFF, 0xFF, 0xFF, 0xF9, 0xFF, 0xFF, 0xFF, 0xF0, 0x00, 0x38, 0x00, 0x00,
    0x00, 0x70, 0x00, 0x00, 0xFF, 0xFF, 0xF8, 0x01, 0xFF, 0xFF, 0xF0, 0x03, 0x80, 0x00, 0xE0, 0x07,
    0xFF, 0xFF, 0xC0, 0x0F, 0xFF, 0xFF, 0x80, 0x1C, 0x00, 0x07, 0x00, 0x38, 0x00, 0x0E, 0x00, 0x7F,
    0xFF, 0xFC, 0x00, 0xFF, 0xFF, 0xF8, 0x01, 0xC0, 0x00, 0x70, 0x03, 0xFF, 0xFF, 0xE0, 0x07, 0xFF,
    0xFF, 0xC0, 0x0E, 0x00, 0x03, 0x80, 0x1C, 0x00, 0x07, 0x03, 0xFF, 0xFF, 0xFF, 0xF7, 0xFF, 0xFF,
    0xFF, 0xE0, 0x00, 0x00, 0x04, 0x00, 0x01, 0xE0, 0x07, 0x00, 0x00, 0xE0, 0x0F, 0x00, 0x00, 0xF0,
    0x1E, 0x00, 0x3F, 0xFF, 0xFF, 0xF8, 0x3F, 0xFF, 0xFF, 0xF8, 0x00, 0x03, 0x80, 0x00, 0x00, 0x03,
    0x80, 0x00, 0x00, 0x03, 0x80, 0x00, 0x0F, 0xFF, 0xFF, 0xF0, 0x0F, 0xFF, 0xFF, 0xF0, 0x00, 0x03,
    0x80, 0x00, 0x00, 0x03, 0x80, 0x00, 0xFF, 0xFF, 0xFF, 0xFE, 0xFF, 0xFF, 0xFF, 0xFE, 0x00, 0x7E,
    0x73, 0x80, 0x7F, 0xFF, 0x73, 0xE0, 0x7F, 0xE0, 0x71, 0xF8, 0x0D, 0xE0, 0x70, 0x78, 0x00, 0xE0,
    0x70, 0x30, 0xFF, 0xFF, 0xFF, 0xFE, 0xFF, 0xFF, 0xFF, 0xFE, 0x00, 0xE0, 0x38, 0x60, 0x00, 0xE0,
    0x3C, 0xF0, 0x1F, 0xFF, 0x9D, 0xE0, 0xFF, 0xFF, 0x9F, 0xC0, 0xFF, 0xF0, 0x0F, 0x84, 0x00, 0xE0,
    0x3F, 0x06, 0x00, 0xE0, 0xFF, 0x8E, 0x01, 0xE7, 0xFB, 0xFE, 0x1F, 0xE7, 0xE1, 0xFE, 0x1F, 0xC7,
    0x00, 0xFC, 0x7F, 0xFC, 0x00, 0x07, 0xFF, 0xDF, 0xFF, 0x3F, 0xFD, 0xFF, 0xF0, 0x01, 0xC0, 0x07,
    0x18, 0x1C, 0x60, 0x73, 0xF1, 0xCF, 0xC7, 0x1F, 0x9C, 0x7E, 0x70, 0x37, 0xC0, 0xEF, 0x01, 0xFC,
    0x07, 0xF0, 0x7F, 0xC1, 0xFF, 0x3F, 0x9C, 0x7E, 0x77, 0xE1, 0xDF, 0x87, 0x78, 0x1D, 0xE0, 0x76,
    0x01, 0xF8, 0x07, 0x00, 0x0F, 0x00, 0x70, 0x00, 0xE0, 0x00, 0x0F, 0xFF, 0xFF, 0xC0, 0xFF, 0xFF,
    0xFC, 0x0E, 0x00, 0x01, 0xC0, 0xE0, 0x00, 0x1C, 0x0E, 0x00, 0x01, 0xC0, 0xFF, 0xFF, 0xFC, 0x0F,
    0xFF, 0xFF, 0xC0, 0xE0, 0x00, 0x1C, 0x0E, 0x00, 0x01, 0xC0, 0xE0, 0x00, 0x1C, 0x0E, 0x00, 0x01,
    0xC0, 0xFF, 0xFF, 0xFC, 0x0F, 0xFF, 0xFF, 0xC0, 0xE0, 0x00, 0x1C, 0x0E, 0x00, 0x01, 0xC0, 0x00,
    0x1C, 0x00, 0x00, 0x7F, 0xFC, 0x00, 0x01, 0xFF, 0xF3, 0xFF, 0xF3, 0xEE, 0x47, 0xFF, 0xE3, 0x9C,
    0xE0, 0xE0, 0xC7, 0x3B, 0x81, 0xC1, 0x86, 0x77, 0x03, 0x83, 0x0E, 0xFC, 0x67, 0xE6, 0xFF, 0xFE,
    0xEF, 0xCD, 0xFF, 0xFD, 0xDD, 0x98, 0x0F, 0x81, 0xBB, 0xB0, 0x3F, 0x83, 0xF3, 0x60, 0xFF, 0xC7,
    0xE7, 0xC3, 0xFB, 0xC7, 0xCF, 0x8F, 0x73, 0xCB, 0x93, 0x7C, 0xE3, 0x07, 0x06, 0xF1, 0xC2, 0x0E,
    0x1D, 0xC3, 0x80, 0x3C, 0x79, 0xFF, 0xF8, 0xF9, 0xF3, 0xFF, 0xF3, 0xF3, 0xE7, 0x1C, 0xEF, 0xFE,
    0xCE, 0x39, 0xFD, 0xF9, 0x9F, 0xFF, 0xB3, 0xE3, 0x3F, 0xFF, 0x07, 0x06, 0x71, 0xCE, 0x0E, 0x0C,
    0xE3, 0x9C, 0x1C, 0x19, 0xC7, 0x38, 0x38, 0x33, 0xFF, 0xF0, 0x70, 0x67, 0xFF, 0xE3, 0xE7, 0xCE,
    0x01, 0xCF, 0xDF, 0x9C, 0x03, 0x9F, 0x1F, 0x00, 0x00, 0x00, 0x00, 0x00, 0x00, 0x00, 0x00, 0x00,
    0x1C, 0x00, 0x00, 0x00, 0x38, 0x00, 0xC0, 0x00, 0x70, 0x03, 0xC0, 0x00, 0xE0, 0x07, 0x81, 0xFF,
    0xFF, 0xDE, 0x07, 0xFF, 0xFF, 0xF8, 0x0F, 0xFF, 0xFF, 0xE0, 0x00, 0x0E, 0x07, 0xC0, 0x00, 0x1C,
    0x1F, 0x00, 0x00, 0x38, 0x7C, 0x00, 0x00, 0x71, 0xF0, 0x07, 0xFF, 0xFF, 0xFF, 0xFF, 0xFF, 0xFF,
    0xFF, 0xFF, 0xFF, 0xFF, 0xFF, 0x80, 0x07, 0xE0, 0x00, 0x00, 0x1F, 0x80, 0x00, 0x00, 0xFC, 0x00,
    0x00, 0x07, 0xF0, 0x06, 0x00, 0x3F, 0xC0, 0x7E, 0x01, 0xFF, 0x87, 0xFC, 0x0F, 0xEF, 0x7F, 0xE0,
    0x3F, 0x1F, 0xFE, 0x00, 0x38, 0x3F, 0xC0, 0x00, 0x00, 0x7C, 0x00, 0x10, 0x00, 0xF0, 0x00, 0x38,
    0x01, 0xE0, 0x00, 0x70, 0x03, 0xC0, 0x01, 0xE0, 0x07, 0x80, 0x07, 0x80, 0x07, 0xFF, 0xFF, 0x00,
    0x0F, 0xFF, 0xFC, 0x00, 0x03, 0xFF, 0xE0, 0x00, 0x0E, 0x00, 0x00, 0x00, 0x1C, 0x00, 0x70, 0x00,
    0x38, 0x01, 0xE0, 0x00, 0x70, 0x07, 0x81, 0xFF, 0xFF, 0xFE, 0x03, 0xFF, 0xFF, 0xFC, 0x03, 0xFF,
    0xFF, 0xF0, 0x00, 0x07, 0x07, 0xC0, 0x00, 0x0E, 0x1F, 0x00, 0x00, 0x1C, 0x7C, 0x01, 0xFF, 0xFF,
    0xFF, 0xFF, 0xFF, 0xFF, 0xFF, 0xFF, 0xFF, 0xFF, 0xFF, 0xE0, 0x01, 0xF8, 0x00, 0x00, 0x07, 0xC0,
    0x00, 0x00, 0x3F, 0x00, 0x00, 0x01, 0xFC, 0x00, 0x00, 0x0F, 0xFF, 0xFF, 0xC0, 0x7F, 0xFF, 0xFF,
    0x87, 0xFF, 0x00, 0x0F, 0x0F, 0xDE, 0x00, 0x1E, 0x0C, 0x3C, 0x00, 0x3C, 0x00, 0x7F, 0xFF, 0xF8,
    0x00, 0xFF, 0xFF, 0xF0, 0x01, 0xE0, 0x01, 0xE0, 0x03, 0xC0, 0x03, 0xC0, 0x07, 0x80, 0x07, 0x80,
    0x0F, 0xFF, 0xFF, 0x00, 0x1F, 0xFF, 0xFE, 0x00, 0x3F, 0xFF, 0xFC, 0x00, 0x78, 0x00, 0x78, 0x00,
    0x60, 0x00, 0x00, 0x7F, 0xFF, 0xFF, 0xFF, 0xFF, 0xFF, 0xFF, 0xFF, 0xFF, 0xFF, 0xFF, 0xF8, 0x00,
    0x3C, 0x00, 0x00, 0x00, 0x78, 0x00, 0x00, 0x00, 0xE0, 0x00, 0x00, 0x01, 0xC0, 0x00, 0x00, 0x07,
    0x80, 0x00, 0x3F, 0xFF, 0xFF, 0xF8, 0x7F, 0xFF, 0xFF, 0xF0, 0xFF, 0xFF, 0xFF, 0xE1, 0xC1, 0xC1,
    0xC1, 0xC3, 0x83, 0x83, 0x83, 0x87, 0x07, 0x07, 0x07, 0x0E, 0x0E, 0x0E, 0x0E, 0x1C, 0x1C, 0x1C,
    0x1C, 0x38, 0x38, 0x38, 0x38, 0x70, 0x70, 0x70, 0x70, 0xE0, 0xE0, 0xE0, 0xE1, 0xC1, 0xC1, 0xC1,
    0xC3, 0x83, 0x83, 0x83, 0x87, 0x07, 0x07, 0x07, 0x0E, 0x0E, 0x0E, 0x0E, 0x1C, 0x1C, 0x1C, 0x1C,
    0x38, 0x38, 0x38, 0x38, 0x70, 0x70, 0x70, 0x70, 0xE0, 0xE0, 0xE0, 0xE1, 0xC1, 0xC1, 0xDF, 0xC3,
    0x83, 0x83, 0xBF, 0x87, 0x00, 0x00, 0x7E, 0x06, 0x00, 0x00, 0x00, 0x00, 0x03, 0x80, 0x00, 0x70,
    0x03, 0x80, 0x00, 0xF8, 0x03, 0x80, 0x07, 0xF0, 0x7F, 0xF8, 0x1F, 0xE0, 0x7F, 0xF8, 0xFF, 0x00,
    0x7F, 0xFF, 0xFE, 0x00, 0x03, 0x83, 0xFE, 0x00, 0x03, 0x80, 0x1E, 0x00, 0x03, 0x80, 0x1E, 0x00,
    0x7F, 0xF8, 0x1E, 0x7C, 0x7F, 0xF8, 0x3F, 0xFC, 0x3F, 0xF3, 0xFF, 0xFC, 0x03, 0x83, 0xFF, 0x80,
    0x03, 0x83, 0xFE, 0x00, 0x7F, 0xFC, 0x1E, 0x00, 0xFF, 0xFC, 0x1E, 0x00, 0xFF, 0xFC, 0x1E, 0x02,
    0x07, 0xC0, 0x1F, 0xFE, 0x0F, 0xE0, 0x7F, 0xFE, 0x0F, 0xE7, 0xFF, 0xFE, 0x1F, 0xF7, 0xFF, 0x80,
    0x1F, 0xFB, 0xDE, 0x00, 0x3B, 0xBC, 0x1E, 0x00, 0x7B, 0x98, 0x1E, 0x00, 0xF3, 0x98, 0x1E, 0x06,
    0xE3, 0x80, 0x1E, 0x07, 0x63, 0x80, 0x1E, 0x06, 0x03, 0x80, 0x0E, 0x0E, 0x03, 0x80, 0x0F, 0x1E,
    0x03, 0x80, 0x0F, 0xFE, 0x03, 0x80, 0x0F, 0xFC, 0x03, 0x80, 0x00, 0x00, 0x00, 0x00, 0x03, 0x80,
    0xFF, 0xFE, 0x03, 0x80, 0xFF, 0xFE, 0x03, 0x80, 0xFF, 0xFE, 0x03, 0x80, 0x38, 0x38, 0x03, 0x80,
    0x38, 0x38, 0x03, 0x80, 0x38, 0x38, 0x03, 0x80, 0x38, 0x38, 0x03, 0x80, 0x3C, 0x78, 0xE3, 0x80,
    0x3F, 0xF8, 0xE3, 0x80, 0x3F, 0xF8, 0xE3, 0x80, 0x38, 0x38, 0xE3, 0x80, 0x38, 0x38, 0xE3, 0xFE,
    0x38, 0x38, 0xE3, 0xFE, 0x38, 0x38, 0xE3, 0xFE, 0x3C, 0x78, 0xE3, 0x80, 0x3F, 0xF8, 0xE3, 0x80,
    0x3F, 0xF8, 0xE3, 0x80, 0x38, 0x38, 0xE3, 0x80, 0x38, 0x38, 0xE3, 0x80, 0x38, 0x38, 0xE3, 0x80,
    0x38, 0x3E, 0xE3, 0x80, 0x38, 0xFE, 0xE3, 0x80, 0xFF, 0xFE, 0xE3, 0x80, 0xFF, 0xF8, 0xE3, 0x80,
    0xFE, 0x38, 0xE3, 0x80, 0x00, 0x38, 0xE3, 0x80, 0x00, 0x3F, 0xFF, 0xFE, 0x00, 0x3F, 0xFF, 0xFE,
    0x00, 0x3F, 0xFF, 0xFE, 0x00, 0x38, 0x00, 0x00, 0x00, 0x00, 0x00, 0x00, 0x00, 0x00, 0x00, 0x00,
    0x00, 0x70, 0xE0, 0x00, 0x00, 0xE1, 0xC0, 0x40, 0x01, 0xC3, 0x87, 0xC7, 0xFF, 0x87, 0x7F, 0x8F,
    0xFF, 0x0F, 0xFC, 0x00, 0x0E, 0x1F, 0xC0, 0x00, 0x1C, 0x38, 0x00, 0x00, 0x38, 0x70, 0x0C, 0x0F,
    0xF0, 0xE0, 0x1D, 0xFF, 0xE1, 0xC0, 0x7B, 0xFD, 0xC3, 0xFF, 0xE7, 0x03, 0x83, 0xFF, 0xC0, 0x07,
    0x00, 0xFC, 0x00, 0x00, 0x00, 0x00, 0x03, 0xFF, 0xFF, 0xE0, 0x07, 0xFF, 0xFF, 0xC0, 0x0E, 0x00,
    0x03, 0x80, 0x1C, 0x00, 0x07, 0x00, 0x3F, 0xFF, 0xFE, 0x00, 0x7F, 0xFF, 0xFC, 0x00, 0xE0, 0x00,
    0x38, 0x01, 0xC0, 0x00, 0x70, 0x03, 0x80, 0x00, 0xE0, 0x07, 0xFF, 0xFF, 0xC0, 0x0F, 0xFF, 0xFF,
    0x80, 0x1C, 0x00, 0x07, 0x00, 0x38, 0x00, 0x0E, 0x00, 0x70, 0x00, 0x1C, 0x00, 0xE0, 0x00, 0x38,
    0x01, 0xC0, 0x0F, 0xF0, 0x03, 0x80, 0x0F, 0xE0, 0x03, 0x00, 0x1C, 0x00, 0x00, 0x00, 0x00, 0x00,
    0x00, 0x00, 0x38, 0x00, 0xFF, 0x80, 0x78, 0x01, 0xFF, 0x80, 0x70, 0x03, 0xFF, 0x00, 0xF0, 0x07,
    0x1E, 0x00, 0xE0, 0x0E, 0x3F, 0xFF, 0xFF, 0x1C, 0x7F, 0xFF, 0xFE, 0x38, 0xF7, 0xFF, 0xFC, 0x71,
    0xE1, 0x81, 0x80, 0xFF, 0xC3, 0x87, 0x81, 0xFF, 0x8F, 0x07, 0x83, 0xFF, 0x3C, 0x07, 0x87, 0x1E,
    0x70, 0x0F, 0x0E, 0x3D, 0xE0, 0x0F, 0x1C, 0x7F, 0xE0, 0x7F, 0x38, 0xFF, 0xC0, 0xEE, 0x71, 0xFB,
    0x81, 0xD8, 0xFF, 0xC3, 0x87, 0x81, 0xFF, 0x87, 0x0E, 0x03, 0xFF, 0x07, 0x3C, 0x07, 0x1E, 0x0F,
    0x70, 0x0E, 0x3C, 0x0F, 0xE0, 0x18, 0x78, 0x1F, 0x80, 0x70, 0xF0, 0x1E, 0x00, 0xE1, 0xE0, 0x7E,
    0x01, 0xC3, 0xC1, 0xFF, 0x03, 0x87, 0x87, 0xDF, 0x07, 0x0F, 0x3E, 0x1F, 0x9C, 0x7F, 0xF8, 0x1F,
    0xF8, 0xFF, 0xE0, 0x1F, 0xF1, 0xF7, 0x00, 0x0E, 0x00, 0x00, 0x00, 0x00, 0x00, 0x00, 0x00, 0x00,
    0x07, 0x80, 0x70, 0x00, 0x07, 0x00, 0x70, 0x00, 0x0F, 0x70, 0x70, 0x10, 0x0E, 0x78, 0x70, 0xF8,
    0x1E, 0x3C, 0x73, 0xF8, 0x3C, 0x1C, 0x7F, 0xF0, 0x79, 0xFE, 0x7F, 0x80, 0x7F, 0xFE, 0x7C, 0x00,
    0x7F, 0xFF, 0x70, 0x00, 0x7C, 0x07, 0x70, 0x0E, 0x00, 0x04, 0x70, 0x0E, 0x00, 0x00, 0x70, 0x0E,
    0x3F, 0xFE, 0x7F, 0xFE, 0x3F, 0xFE, 0x7F, 0xFC, 0x3F, 0xFE, 0x3F, 0xFC, 0x38, 0x1E, 0x00, 0x00,
    0x38, 0x1E, 0x70, 0x00, 0x3F, 0xFE, 0x70, 0x00, 0x3F, 0xFE, 0x70, 0x38, 0x38, 0x1E, 0x70, 0xFC,
    0x38, 0x1E, 0x77, 0xF8, 0x38, 0x1E, 0x7F, 0xE0, 0x3F, 0xFE, 0x7F, 0x00, 0x3F, 0xFE, 0x78, 0x00,
    0x38, 0x1E, 0x70, 0x04, 0x38, 0x1E, 0x70, 0x0E, 0x38, 0x1E, 0x70, 0x0E, 0x38, 0x1E, 0x70, 0x0E,
    0x38, 0xFE, 0x7F, 0xFE, 0x38, 0xFC, 0x7F, 0xFE, 0x38, 0xFC, 0x3F, 0xFC, 0x38, 0x00, 0x00, 0x00,
    0x00, 0x00, 0x00, 0x00, 0x00, 0x00, 0xC0, 0x00, 0x3F, 0xE0, 0xC0, 0x00, 0x3F, 0xE0, 0xC1, 0xFE,
    0x3F, 0xE0, 0xC1, 0xFE, 0x38, 0xE0, 0xC1, 0xFE, 0x38, 0xEF, 0xFD, 0xCE, 0x38, 0xEF, 0xFD, 0xCE,
    0x38, 0xEF, 0xFD, 0xCE, 0x38, 0xE0, 0xC1, 0xCE, 0x3F, 0xE0, 0xC1, 0xCE, 0x3F, 0xE0, 0xC1, 0xCE,
    0x3F, 0xE0, 0xC1, 0xCE, 0x38, 0xE0, 0xC1, 0xCE, 0x38, 0xFF, 0xFD, 0xCE, 0x38, 0xFF, 0xFD, 0xCE,
    0x38, 0xEF, 0xFD, 0xCE, 0x38, 0xE1, 0xC1, 0xCE, 0x3F, 0xE3, 0x81, 0xCE, 0x3F, 0xE3, 0xB1, 0xCE,
    0x3F, 0xE3, 0xB9, 0xCE, 0x38, 0xE3, 0x39, 0xCE, 0x38, 0xE7, 0x19, 0xCE, 0x38, 0xE7, 0x19, 0xCE,
    0x38, 0xE6, 0x1D, 0xFE, 0x38, 0xEF, 0xFD, 0xFE, 0x30, 0xEF, 0xFD, 0xF8, 0x30, 0xEF, 0xCD, 0xC0,
    0x70, 0xEC, 0x0D, 0xC0, 0x73, 0xE0, 0x01, 0xC0, 0x77, 0xE0, 0x01, 0xC0, 0x63, 0xC0, 0x01, 0xC0,
    0x00, 0x00, 0x01, 0x80, 0x1F, 0xEF, 0xFB, 0xFE, 0x0F, 0xF7, 0xFD, 0xFF, 0x07, 0xF8, 0x0E, 0x03,
    0x83, 0x1C, 0xC7, 0x31, 0xC1, 0x8E, 0x7B, 0xBC, 0xE0, 0xC7, 0x1D, 0xCF, 0x70, 0x63, 0x86, 0xE3,
    0xF8, 0x31, 0xC1, 0xF0, 0xFC, 0x1F, 0xE3, 0xF9, 0xFE, 0x0F, 0xF7, 0xDD, 0xE7, 0x07, 0xF9, 0x8F,
    0xC3, 0x83, 0x1C, 0x83, 0xE1, 0xC1, 0x8E, 0x01, 0xF0, 0x00, 0xC7, 0x01, 0xFE, 0x00, 0x63, 0x83,
    0xE7, 0xC0, 0x31, 0xC7, 0xC1, 0xF8, 0x1F, 0xEF, 0xC7, 0x7F, 0x0F, 0xFF, 0xCF, 0x0F, 0x87, 0xFB,
    0x8F, 0x01, 0xC7, 0x1C, 0x3F, 0x38, 0x03, 0x8E, 0x1E, 0x3C, 0x01, 0xC7, 0x04, 0x7C, 0x80, 0xE3,
    0x80, 0xFC, 0xF0, 0x71, 0xC1, 0xF8, 0xF0, 0x38, 0xE1, 0xF0, 0xF0, 0x18, 0x70, 0x61, 0xF0, 0x1C,
    0x38, 0x03, 0xF0, 0x0E, 0xFC, 0x0F, 0xE0, 0x07, 0x7E, 0x7F, 0xC0, 0x03, 0x3E, 0x3F, 0x00, 0x00,
    0x00, 0x08, 0x00, 0x00, 0x00, 0x00, 0x00, 0x00, 0x38, 0x00, 0x00, 0x78, 0x00, 0x00, 0x78, 0x00,
    0x00, 0x70, 0x00, 0xFF, 0xFF, 0xFF, 0xFF, 0xFF, 0xFF, 0xFF, 0xFF, 0xFF, 0xE0, 0x00, 0x0F, 0xE0,
    0x00, 0x0F, 0xE0, 0x00, 0x0F, 0xE0, 0x00, 0x0F, 0xE0, 0x00, 0x0F, 0xFF, 0xFF, 0xFF, 0xFF, 0xFF,
    0xFF, 0xFF, 0xFF, 0xFF, 0xE0, 0x00, 0x0F, 0xE0, 0x00, 0x0F, 0xE0, 0x00, 0x0F, 0xE0, 0x00, 0x0F,
    0xFF, 0xFF, 0xFF, 0xFF, 0xFF, 0xFF, 0xFF, 0xFF, 0xFF, 0xE0, 0x00, 0x0F, 0xE0, 0x00, 0x0F, 0xE0,
    0x00, 0x0F, 0xE0, 0x00, 0x0F, 0xE0, 0x00, 0x0F, 0xFF, 0xFF, 0xFF, 0xFF, 0xFF, 0xFF, 0xFF, 0xFF,
    0xFF, 0xE0, 0x00, 0x0F, 0xE0, 0x00, 0x00, 0x7F, 0xFF, 0xFF, 0xFC, 0xFF, 0xFF, 0xFF, 0xF9, 0xFF,
    0xFF, 0xFF, 0xF0, 0x01, 0xE0, 0x00, 0x00, 0x07, 0x80, 0x80, 0x00, 0x1E, 0x03, 0xC0, 0x00, 0x78,
    0x07, 0xC0, 0x01, 0xE0, 0x07, 0xC0, 0x07, 0x80, 0x07, 0xC0, 0x1F, 0x0F, 0xFF, 0xC0, 0x7F, 0xFF,
    0xFF, 0xC0, 0xFF, 0xFF, 0xFF, 0xC1, 0xFF, 0xC0, 0x07, 0x80, 0x00, 0x70, 0x07, 0x00, 0x00, 0xE0,
    0x00, 0x00, 0x01, 0xC0, 0x00, 0x00, 0x03, 0x80, 0x00, 0x1F, 0xFF, 0xFF, 0xE0, 0x7F, 0xFF, 0xFF,
    0xC0, 0xFF, 0xFF, 0xFF, 0x80, 0x00, 0x38, 0x00, 0x00, 0x00, 0x70, 0x00, 0x00, 0x00, 0xE0, 0x00,
    0x00, 0x01, 0xC0, 0x00, 0x00, 0x03, 0x80, 0x00, 0x00, 0x07, 0x00, 0x01, 0xFF, 0xFF, 0xFF, 0xFF,
    0xFF, 0xFF, 0xFF, 0xFF, 0xFF, 0xFF, 0xFF, 0xE0, 0x00, 0x00, 0x00, 0x00, 0x00, 0x00, 0x1C, 0x00,
    0x00, 0x00, 0x1C, 0x00, 0xFF, 0xFF, 0x3C, 0x00, 0xFF, 0xFF, 0x38, 0x00, 0x7F, 0xFF, 0x38, 0x00,
    0x0F, 0x00, 0x38, 0x00, 0x0E, 0x70, 0x7F, 0xFE, 0x1E, 0x78, 0x7F, 0xFE, 0x3C, 0x38, 0x7F, 0xFE,
    0x38, 0x1C, 0xF0, 0x78, 0x7F, 0xFE, 0xF0, 0x70, 0x7F, 0xFF, 0xF0, 0x70, 0x7F, 0xEF, 0xF8, 0x70,
    0x00, 0x07, 0xF8, 0x70, 0x01, 0xC3, 0xB8, 0xF0, 0x01, 0xC3, 0xBC, 0xE0, 0x01, 0xC1, 0x1C, 0xE0,
    0x7F, 0xFE, 0x1D, 0xE0, 0x7F, 0xFF, 0x1F, 0xC0, 0x7F, 0xFF, 0x0F, 0xC0, 0x01, 0xC0, 0x0F, 0xC0,
    0x01, 0xC0, 0x07, 0x80, 0x01, 0xC0, 0x07, 0x80, 0x01, 0xC0, 0x0F, 0xC0, 0x01, 0xDF, 0x1F, 0xC0,
    0x07, 0xFF, 0x3F, 0xE0, 0xFF, 0xFF, 0x7C, 0xF0, 0xFF, 0xF1, 0xF8, 0x7C, 0xFE, 0x03, 0xF0, 0x3E,
    0x40, 0x03, 0xE0, 0x1E, 0x00, 0x03, 0x80, 0x0C, 0x00, 0x00, 0x00, 0x00, 0x00, 0x00, 0x00, 0x00,
    0x00, 0x03, 0xC0, 0x00, 0x00, 0x07, 0xC0, 0x00, 0x00, 0x0F, 0xE0, 0x00, 0x00, 0x1F, 0xF0, 0x00,
    0x00, 0x3E, 0xFC, 0x00, 0x00, 0xFC, 0x3E, 0x00, 0x01, 0xF8, 0x1F, 0x80, 0x07, 0xE0, 0x0F, 0xE0,
    0x1F, 0xFF, 0xFF, 0xF8, 0x7F, 0xFF, 0xFF, 0xFE, 0xFD, 0xFF, 0xFF, 0x3E, 0x70, 0x03, 0x80, 0x0C,
    0x00, 0x03, 0x80, 0x00, 0x00, 0x03, 0x80, 0x00, 0x3F, 0xFF, 0xFF, 0xF8, 0x3F, 0xFF, 0xFF, 0xF8,
    0x3F, 0xFF, 0xFF, 0xF8, 0x00, 0x03, 0x80, 0x00, 0x00, 0x03, 0x80, 0x00, 0x00, 0x03, 0x80, 0x00,
    0x07, 0xFF, 0xFF, 0xE0, 0x07, 0xFF, 0xFF, 0xE0, 0x07, 0xFF, 0xFF, 0xE0, 0x07, 0x00, 0x01, 0xE0,
    0x07, 0x00, 0x01, 0xE0, 0x07, 0x00, 0x01, 0xE0, 0x07, 0x00, 0x01, 0xE0, 0x07, 0xFF, 0xFF, 0xE0,
    0x07, 0xFF, 0xFF, 0xE0, 0x07, 0xFF, 0xFF, 0xE0, 0x07, 0x00, 0x01, 0xE0, 0x00, 0x00, 0x00, 0x00,
    0x00, 0x38, 0x00, 0x00, 0x00, 0x78, 0x00, 0x00, 0x00, 0x7F, 0xFC, 0x00, 0x00, 0xFF, 0xFE, 0x00,
    0x01, 0xFF, 0xFE, 0x00, 0x03, 0xC0, 0x3C, 0x00, 0x07, 0x80, 0x78, 0x00, 0x0F, 0x00, 0xF0, 0x00,
    0x1F, 0x01, 0xE0, 0x00, 0x7F, 0xFF, 0xFF, 0xF0, 0xFF, 0xFF, 0xFF, 0xF0, 0xFF, 0xFF, 0xFF, 0xF0,
    0x6E, 0x03, 0xC0, 0x70, 0x0E, 0x03, 0xC0, 0x70, 0x0E, 0x03, 0xC0, 0x70, 0x0E, 0x03, 0xC0, 0x70,
    0x0E, 0x03, 0xC0, 0x70, 0x0F, 0xFF, 0xFF, 0xF0, 0x0F, 0xFF, 0xFF, 0xF0, 0x0F, 0xFF, 0xFF, 0xF0,
    0x0E, 0x00, 0x00, 0x70, 0x0E, 0x00, 0x00, 0x70, 0x0E, 0x00, 0x00, 0x00, 0x0E, 0x00, 0x00, 0x0E,
    0x0E, 0x00, 0x00, 0x0E, 0x0E, 0x00, 0x00, 0x0E, 0x0F, 0x00, 0x00, 0x1E, 0x07, 0x80, 0x00, 0x3E,
    0x07, 0xFF, 0xFF, 0xFC, 0x03, 0xFF, 0xFF, 0xF8, 0x00, 0xFF, 0xFF, 0xE0, 0x00, 0xF0, 0x0E, 0x00,
    0x01, 0xE0, 0x1C, 0x00, 0x03, 0xC0, 0x38, 0x03, 0xFF, 0xFF, 0xFF, 0xFF, 0xFF, 0xFF, 0xFF, 0xFF,
    0xFF, 0xFF, 0xFF, 0xC0, 0x3C, 0x03, 0x80, 0x00, 0x78, 0x07, 0x00, 0x00, 0xF0, 0x0E, 0x00, 0x01,
    0xE0, 0x1C, 0x00, 0x00, 0x00, 0x00, 0x00, 0x00, 0x00, 0x00, 0x03, 0xFF, 0xFF, 0xFF, 0x07, 0xFF,
    0xFF, 0xFE, 0x0F, 0xFF, 0xFF, 0xFC, 0x00, 0x0E, 0x00, 0x78, 0x00, 0x1C, 0x00, 0xF0, 0x00, 0x38,
    0x01, 0xE0, 0x00, 0x70, 0x03, 0xC0, 0x00, 0xE0, 0x07, 0x80, 0x01, 0xC0, 0x0F, 0x00, 0x03, 0x80,
    0x1E, 0x00, 0x07, 0x00, 0x3C, 0x00, 0x0E, 0x00, 0x78, 0x00, 0x1C, 0x3F, 0xF0, 0x00, 0x38, 0x3F,
    0xC0, 0x00, 0x70, 0x7F, 0x00, 0x00, 0xE0, 0x00, 0x00, 0x01, 0xC0, 0x00, 0x00, 0x03, 0x80, 0x00,
    0x00, 0x07, 0x00, 0x00, 0x00, 0x00, 0x00, 0x00, 0x00, 0x00, 0x00, 0x00, 0x01, 0xC0, 0x1C, 0x00,
    0x03, 0x80, 0x38, 0x00, 0x07, 0x00, 0x70, 0x07, 0xFF, 0xFF, 0xFF, 0xEF, 0xFF, 0xFF, 0xFF, 0xDF,
    0xFF, 0xFF, 0xFF, 0x80, 0x70, 0x07, 0x00, 0x00, 0xE0, 0x0E, 0x00, 0x01, 0xC0, 0x1C, 0x00, 0x70,
    0x00, 0x00, 0x00, 0xF8, 0x7F, 0xFF, 0x80, 0xFC, 0xFF, 0xFF, 0x00, 0x7D, 0xFF, 0xFE, 0x00, 0x73,
    0xC0, 0x1C, 0x00, 0x07, 0x80, 0x38, 0x70, 0x0F, 0x00, 0x70, 0xF8, 0x1E, 0x00, 0xE0, 0xFC, 0x3C,
    0x01, 0xC0, 0x7C, 0x78, 0x03, 0x80, 0x70, 0xF0, 0xFF, 0x00, 0x09, 0xE1, 0xFE, 0x00, 0x3B, 0xC3,
    0xF0, 0x00, 0xF7, 0x80, 0x00, 0x03, 0xCF, 0x00, 0x0C, 0x0F, 0x1E, 0x00, 0x1C, 0x3E, 0x3C, 0x00,
    0x38, 0xF8, 0x78, 0x00, 0x73, 0xE0, 0xF0, 0x01, 0xEF, 0x80, 0xFF, 0xFF, 0xCE, 0x01, 0xFF, 0xFF,
    0x18, 0x00, 0xFF, 0xF8, 0x00, 0x00, 0x00, 0x00, 0x01, 0xC0, 0x1C, 0x00, 0x03, 0x80, 0x38, 0x00,
    0x07, 0x00, 0x70, 0x07, 0xFF, 0xFF, 0xFF, 0xEF, 0xFF, 0xFF, 0xFF, 0xDF, 0xFF, 0xFF, 0xFF, 0x00,
    0x70, 0x07, 0x00, 0x00, 0xE0, 0x0E, 0x00, 0x0F, 0xC0, 0x1C, 0x00, 0x1E, 0x00, 0x00, 0x00, 0x38,
    0x00, 0x00, 0x00, 0x70, 0x07, 0xFF, 0xCF, 0xFF, 0xCF, 0xFF, 0x9F, 0xFF, 0xDF, 0xFF, 0x3F, 0xFF,
    0xB8, 0x1E, 0x07, 0x0F, 0x70, 0x3C, 0x0E, 0x1C, 0xE0, 0x78, 0x1C, 0x39, 0xC0, 0xF0, 0x38, 0x73,
    0x81, 0xE0, 0x70, 0xE7, 0x03, 0xC1, 0xE1, 0xCE, 0x07, 0x83, 0x83, 0x9C, 0x0F, 0x07, 0x07, 0x38,
    0x1E, 0x0E, 0x0E, 0x70, 0x3C, 0x3C, 0x1C, 0xE0, 0x78, 0x70, 0x39, 0xC0, 0xF1, 0xE0, 0x73, 0xFF,
    0xE7, 0x81, 0xE7, 0xFF, 0xDF, 0x3F, 0xCF, 0xFF, 0xBC, 0x7F, 0x1C, 0x0F, 0x30, 0xFC, 0x38, 0x0C,
    0x00, 0x00, 0x00, 0x00, 0x00, 0x00, 0x00, 0x00, 0x00, 0x70, 0x07, 0x00, 0x00, 0x70, 0x07, 0x00,
    0x3F, 0xFF, 0xFF, 0xFF, 0x7F, 0xFF, 0xFF, 0xFF, 0x7F, 0xFF, 0xFF, 0xFF, 0x00, 0x70, 0x07, 0x00,
    0x00, 0x7E, 0x07, 0x00, 0x00, 0x7E, 0x07, 0x00, 0x00, 0x1E, 0x00, 0x00, 0x3F, 0xFF, 0xFF, 0xFF,
    0x3F, 0xFF, 0xFF, 0xFF, 0x3F, 0xFF, 0xFF, 0xFE, 0x00, 0x70, 0x00, 0x00, 0x00, 0xF0, 0x00, 0x00,
    0x01, 0xE7, 0xFF, 0xF8, 0x03, 0xC7, 0xFF, 0xF8, 0x07, 0x80, 0x01, 0xF0, 0x0F, 0x80, 0x03, 0xE0,
    0x1F, 0x80, 0x0F, 0x80, 0x3F, 0x80, 0x0F, 0x00, 0x7F, 0x80, 0x0E, 0x00, 0x73, 0x9F, 0xFF, 0xFF,
    0x23, 0x9F, 0xFF, 0xFF, 0x03, 0x8F, 0xFF, 0xFE, 0x03, 0x80, 0x0E, 0x00, 0x03, 0x80, 0x0E, 0x00,
    0x03, 0x80, 0x0E, 0x00, 0x03, 0x80, 0x0E, 0x00, 0x03, 0x80, 0x0E, 0x00, 0x03, 0x80, 0xFE, 0x00,
    0x03, 0x80, 0xFE, 0x00, 0x01, 0x80, 0x00, 0x00, 0x00, 0x00, 0x00, 0x00, 0x00, 0xE0, 0x1C, 0x00,
    0x01, 0xC0, 0x38, 0x03, 0xFF, 0xFF, 0xFF, 0xE7, 0xFF, 0xFF, 0xFF, 0xEF, 0xFF, 0xFF, 0xFF, 0xC0,
    0x1C, 0x03, 0x80, 0x00, 0x38, 0x07, 0x00, 0x00, 0x70, 0x0E, 0x00, 0x30, 0x80, 0x39, 0x00, 0xF3,
    0xC0, 0x77, 0x00, 0xFF, 0x80, 0xEF, 0x00, 0xFE, 0x01, 0xCF, 0x00, 0xF8, 0x03, 0x8F, 0x07, 0xE0,
    0x07, 0x0E, 0x3F, 0xEF, 0xFF, 0xFF, 0xF9, 0xDF, 0xFF, 0xFE, 0xC3, 0xBF, 0xFF, 0xFC, 0x07, 0x80,
    0x70, 0x00, 0x1F, 0x01, 0xF0, 0x00, 0x7E, 0x03, 0xE0, 0x01, 0xFC, 0x07, 0xC0, 0x07, 0xB8, 0x1F,
    0xC0, 0x3E, 0x70, 0x3B, 0x80, 0xF8, 0xE0, 0xF3, 0x80, 0xC1, 0xC1, 0xC7, 0x80, 0x03, 0x87, 0x87,
    0x80, 0x0F, 0x1E, 0x0F, 0x00, 0x1C, 0x78, 0x0F, 0x83, 0xF9, 0xE0, 0x0F, 0x87, 0xEF, 0x80, 0x0F,
    0x8F, 0xCE, 0x00, 0x06, 0x00, 0x00, 0x00, 0x00, 0x00, 0x60, 0x0C, 0x00, 0x00, 0xF0, 0x0E, 0x00,
    0x00, 0xF0, 0x0E, 0x00, 0x7F, 0xFF, 0xFF, 0xFE, 0x7F, 0xFF, 0xFF, 0xFE, 0x7F, 0xFF, 0xFF, 0xFC,
    0x00, 0xF0, 0x0E, 0x00, 0x00, 0xF0, 0x0E, 0xE0, 0x00, 0x00, 0x7F, 0xF0, 0x3F, 0xFF, 0xFF, 0xF0,
    0x3F, 0xFF, 0xFF, 0x80, 0x3F, 0xFF, 0xC0, 0x60, 0x00, 0x07, 0x00, 0x78, 0x0C, 0x07, 0x00, 0xF0,
    0x0E, 0x07, 0x80, 0xE0, 0x0F, 0x03, 0x81, 0xE0, 0x07, 0x03, 0x81, 0xC0, 0x07, 0x83, 0x03, 0xC0,
    0x03, 0x83, 0x83, 0x80, 0x00, 0x03, 0x80, 0x00, 0x7F, 0xFF, 0xFF, 0xFE, 0x7F, 0xFF, 0xFF, 0xFE,
    0x7F, 0xFF, 0xFF, 0xFE, 0x00, 0x1F, 0xF0, 0x00, 0x00, 0x3F, 0xF8, 0x00, 0x00, 0xFB, 0xBE, 0x00,
    0x03, 0xF3, 0x9F, 0x80, 0x0F, 0xC3, 0x87, 0xE0, 0x3F, 0x83, 0x83, 0xFC, 0xFE, 0x03, 0x80, 0xFE,
    0x78, 0x03, 0x80, 0x3C, 0x60, 0x03, 0x80, 0x04, 0x00, 0x01, 0x80, 0x00, 0x00, 0x00, 0x00, 0x00,
    0x07, 0x00, 0x70, 0x00, 0x1C, 0x01, 0xC0, 0x3F, 0xFF, 0xFF, 0xFE, 0xFF, 0xFF, 0xFF, 0xFB, 0xFF,
    0xFF, 0xFF, 0xE0, 0x1C, 0x01, 0xC0, 0x00, 0x70, 0x07, 0x00, 0x1F, 0xFF, 0xFF, 0xC0, 0x7F, 0xFF,
    0xFF, 0x01, 0xE0, 0x70, 0x1C, 0x07, 0x81, 0xC0, 0x70, 0x1F, 0xFF, 0xFF, 0xC0, 0x7F, 0xFF, 0xFF,
    0x01, 0xE0, 0x70, 0x1C, 0x07, 0x81, 0xC0, 0x70, 0x1F, 0xFF, 0xFF, 0xC0, 0x7F, 0xFF, 0xFF, 0x00,
    0x00, 0x70, 0x00, 0x00, 0x01, 0xC0, 0x00, 0x7F, 0xFF, 0xFF, 0xF1, 0xFF, 0xFF, 0xFF, 0xC7, 0xFF,
    0xFF, 0xFF, 0x1C, 0x01, 0xCE, 0x1C, 0x70, 0x07, 0x1C, 0x71, 0xC0, 0x1C, 0x71, 0xC7, 0x3F, 0xFF,
    0xE7, 0x1C, 0xFF, 0xFF, 0xDC, 0x73, 0xFF, 0x07, 0x71, 0xC0, 0x00, 0x1D, 0xC7, 0x00, 0x00, 0x3F,
    0x1C, 0x00, 0x00, 0xFC, 0x00, 0x00, 0x00, 0x00, 0x00, 0x60, 0x0C, 0x00, 0x00, 0xE0, 0x0E, 0x00,
    0x00, 0xE0, 0x0E, 0x00, 0x7F, 0xFF, 0xFF, 0xFE, 0x7F, 0xFF, 0xFF, 0xFE, 0x7F, 0xFF, 0xFF, 0xFC,
    0x00, 0xE0, 0x0E, 0x00, 0x00, 0xE0, 0xEE, 0x00, 0x1C, 0xE1, 0xEE, 0x00, 0x1E, 0x03, 0xC0, 0x00,
    0x1F, 0x83, 0xFF, 0xF8, 0x07, 0xC7, 0xFF, 0xF8, 0x03, 0x8F, 0x80, 0xF0, 0x00, 0x9F, 0xC1, 0xE0,
    0x00, 0x3D, 0xE3, 0xC0, 0x70, 0x78, 0xFF, 0x80, 0xFC, 0x70, 0x7F, 0x00, 0x3F, 0x00, 0x7F, 0x00,
    0x1F, 0x01, 0xFF, 0xE0, 0x06, 0x0F, 0xF3, 0xF8, 0x00, 0x7F, 0xC0, 0xFF, 0x01, 0x7E, 0x00, 0x3E,
    0x01, 0xBF, 0xFF, 0xF4, 0x03, 0x8F, 0xFF, 0xF0, 0x07, 0x8E, 0x00, 0x70, 0x0F, 0x0E, 0x00, 0x70,
    0x0F, 0x0E, 0x00, 0x70, 0x1E, 0x0E, 0x00, 0x70, 0x3C, 0x0E, 0x00, 0x70, 0x78, 0x0F, 0xFF, 0xF0,
    0x78, 0x0F, 0xFF, 0xF0, 0x30, 0x0E, 0x00, 0x70, 0x00, 0x0E, 0x00, 0x70, 0x00, 0x60, 0x0E, 0x00,
    0x01, 0xC0, 0x1C, 0x00, 0x03, 0x80, 0x38, 0x03, 0xFF, 0xFF, 0xFF, 0xF7, 0xFF, 0xFF, 0xFF, 0xEF,
    0xFF, 0xFF, 0xFF, 0x80, 0x38, 0x03, 0x80, 0x00, 0x70, 0x17, 0x00, 0x00, 0x70, 0x38, 0x00, 0x00,
    0xE0, 0xF0, 0x00, 0x71, 0xC1, 0xE0, 0x00, 0xE3, 0x83, 0xFF, 0xE1, 0xC7, 0x0F, 0xFF, 0xC3, 0x8E,
    0x1C, 0x40, 0x07, 0x1C, 0x79, 0xC0, 0x0E, 0x38, 0xE3, 0xC0, 0x1C, 0x73, 0xC3, 0x80, 0x38, 0xE7,
    0x03, 0x80, 0x71, 0xC0, 0x07, 0x80, 0xE3, 0x80, 0x06, 0x00, 0x00, 0x00, 0x00, 0x01, 0xFF, 0xFF,
    0xFE, 0x03, 0xFF, 0xFF, 0xFC, 0x07, 0x0E, 0x1C, 0x78, 0x0E, 0x1C, 0x38, 0x70, 0x1C, 0x38, 0x70,
    0xE0, 0x38, 0x70, 0xE1, 0xC0, 0x70, 0xE1, 0xC3, 0x80, 0xE1, 0xC3, 0x87, 0x1F, 0xFF, 0xFF, 0xFF,
    0xFF, 0xFF, 0xFF, 0xFF, 0xBF, 0xFF, 0xFF, 0xFF, 0x00, 0x60, 0x06, 0x00, 0x01, 0xC0, 0x1C, 0x00,
    0x03, 0x80, 0x38, 0x03, 0xFF, 0xFF, 0xFF, 0xF7, 0xFF, 0xFF, 0xFF, 0xE0, 0x1C, 0x61, 0xC0, 0x00,
    0x39, 0xE3, 0x80, 0x00, 0x71, 0xE7, 0x00, 0x1F, 0xFF, 0xFF, 0xFC, 0x3F, 0xFF, 0xFF, 0xF8, 0x70,
    0xE0, 0xE0, 0x00, 0xE1, 0xC1, 0xC0, 0x01, 0xFF, 0xFF, 0xFF, 0x83, 0xFF, 0xFF, 0xFF, 0x07, 0x0E,
    0x0E, 0x0E, 0x0E, 0x1C, 0x1C, 0x1C, 0x1F, 0xFF, 0xFF, 0xF8, 0x7F, 0xFF, 0xFF, 0xF0, 0xF7, 0x00,
    0x00, 0x01, 0xCF, 0xFF, 0xFF, 0xC3, 0x9F, 0xFF, 0xFF, 0x87, 0x38, 0x00, 0x00, 0x0E, 0x70, 0x00,
    0x00, 0x1C, 0xFF, 0xFF, 0xFE, 0x39, 0xFF, 0xFF, 0xFC, 0x70, 0x00, 0x18, 0x39, 0xE6, 0x67, 0x38,
    0x73, 0x9C, 0xEE, 0x38, 0xE7, 0x39, 0xCE, 0x73, 0x9E, 0xF3, 0x9C, 0x47, 0x39, 0xC7, 0x18, 0xFE,
    0x31, 0x0E, 0x00, 0xF8, 0x00, 0x00, 0x00, 0x00, 0x00, 0x60, 0x0C, 0x00, 0x00, 0xE0, 0x0E, 0x00,
    0x00, 0xE0, 0x0E, 0x00, 0x7F, 0xFF, 0xFF, 0xFE, 0x7F, 0xFF, 0xFF, 0xFE, 0x7F, 0xFF, 0xFF, 0xFC,
    0x00, 0xE0, 0x0E, 0x00, 0x00, 0xE0, 0x1E, 0x00, 0x3F, 0xFF, 0x1C, 0x00, 0x3F, 0xFF, 0x1C, 0x00,
    0x38, 0xE0, 0x1C, 0x00, 0x3F, 0xFE, 0x3F, 0xF8, 0x3F, 0xFF, 0x3F, 0xF8, 0x38, 0x07, 0x78, 0x00,
    0x38, 0x07, 0x77, 0x00, 0x3F, 0xFF, 0xF3, 0x80, 0x3F, 0xFF, 0xE3, 0x80, 0x38, 0xE1, 0xC1, 0xC0,
    0x38, 0xE0, 0x41, 0xC0, 0x3F, 0xFF, 0x80, 0xE0, 0x3F, 0xFF, 0x80, 0xC0, 0x00, 0x00, 0x00, 0x00,
    0x0F, 0xFF, 0xFF, 0xF0, 0x0F, 0xFF, 0xFF, 0xF0, 0x0E, 0x1C, 0x38, 0xF0, 0x0E, 0x1C, 0x38, 0xF0,
    0x0E, 0x1C, 0x38, 0xF0, 0x0E, 0x1C, 0x38, 0xF0, 0x0E, 0x1C, 0x38, 0xF0, 0xFF, 0xFF, 0xFF, 0xFE,
    0xFF, 0xFF, 0xFF, 0xFE, 0x00, 0x00, 0x00, 0x00, 0x00, 0x60, 0x0C, 0x00, 0x00, 0x70, 0x1E, 0x00,
    0x00, 0x70, 0x1E, 0x00, 0x7F, 0xFF, 0xFF, 0xFE, 0x7F, 0xFF, 0xFF, 0xFE, 0x7F, 0xFF, 0xFF, 0xFC,
    0x00, 0x70, 0x1E, 0x70, 0x00, 0x70, 0x1F, 0x78, 0x00, 0x00, 0x07, 0x3C, 0x33, 0xFF, 0xFF, 0xFE,
    0x73, 0xFF, 0xFF, 0xFE, 0x73, 0xFF, 0xFF, 0xFC, 0x73, 0x80, 0x07, 0x00, 0x73, 0xBF, 0xFF, 0x38,
    0x73, 0xBF, 0xFF, 0x38, 0x7F, 0xB9, 0x87, 0x38, 0x7F, 0xB9, 0x87, 0x38, 0x73, 0xBF, 0xFF, 0x70,
    0x03, 0xBF, 0xFF, 0x70, 0x03, 0xB8, 0x3F, 0x70, 0xFF, 0xB8, 0x3B, 0xE0, 0xFF, 0xB8, 0x3B, 0xE0,
    0x7F, 0xBF, 0xFB, 0xE0, 0x33, 0xBF, 0xFB, 0xC0, 0x33, 0xB9, 0x83, 0xC0, 0x33, 0xB9, 0x83, 0xC4,
    0x33, 0x3F, 0xFF, 0xC6, 0x77, 0x3F, 0xFF, 0xC6, 0x77, 0x38, 0x1E, 0xE6, 0x67, 0x38, 0x3C, 0xFE,
    0xEE, 0x00, 0x78, 0x7E, 0xC6, 0x00, 0x30, 0x3C, 0x00, 0x00, 0x00, 0x08, 0x00, 0x03, 0x80, 0x00,
    0x00, 0x07, 0x00, 0x00, 0x00, 0x0E, 0x00, 0x00, 0x00, 0x1F, 0xFF, 0x80, 0x00, 0x3F, 0xFF, 0x00,
    0x00, 0x70, 0x00, 0x00, 0x00, 0xE0, 0x06, 0x0F, 0xFF, 0xFF, 0xFE, 0x1F, 0xFF, 0xFF, 0xFC, 0x38,
    0x07, 0x00, 0x78, 0x70, 0x0E, 0x1E, 0xE0, 0xE3, 0xFF, 0xFD, 0xC1, 0xDF, 0xFF, 0xF9, 0x83, 0xBF,
    0xF0, 0x01, 0x87, 0x00, 0xE0, 0x07, 0x0E, 0x01, 0xFF, 0xFE, 0x1C, 0x01, 0xFF, 0xF8, 0x38, 0x00,
    0x00, 0x00, 0x70, 0x3C, 0x70, 0x00, 0xE4, 0x78, 0xE3, 0x01, 0xDC, 0xF1, 0xC7, 0x03, 0xB9, 0xE3,
    0x9E, 0x0F, 0x3B, 0xC7, 0x38, 0x1C, 0x77, 0x8E, 0xF0, 0x38, 0xFF, 0x1D, 0xC0, 0x70, 0xFE, 0x3F,
    0x01, 0xE1, 0xBC, 0x74, 0x03, 0x80, 0x78, 0xE0, 0x0F, 0x7F, 0xFF, 0xFF, 0xDE, 0xFF, 0xFF, 0xFF,
    0x99, 0xFF, 0xFF, 0xFF, 0x00, 0x00, 0x03, 0x80, 0x00, 0x00, 0x07, 0x00, 0x00, 0x00, 0x0E, 0x00,
    0x00, 0x00, 0x1F, 0xFF, 0xC0, 0x00, 0x3F, 0xFF, 0x80, 0x00, 0x70, 0x00, 0x00, 0x00, 0xE0, 0x00,
    0x00, 0x01, 0xC0, 0x00, 0x1F, 0xFF, 0xFF, 0xFC, 0x3F, 0xFF, 0xFF, 0xF8, 0x70, 0x0E, 0x00, 0x70,
    0xE0, 0x1C, 0x3D, 0xE1, 0xC3, 0xFF, 0xFB, 0x83, 0xBF, 0xFF, 0xF0, 0x07, 0x7F, 0xE0, 0x07, 0x0E,
    0x01, 0xC0, 0x0E, 0x1C, 0x03, 0xFF, 0xFC, 0x38, 0x03, 0xFF, 0xF0, 0x70, 0x00, 0x00, 0x00, 0xE0,
    0x38, 0xE0, 0x01, 0xCE, 0x71, 0xC7, 0x03, 0x9C, 0xE3, 0x8E, 0x07, 0x39, 0xC7, 0x1C, 0x1E, 0x73,
    0x8E, 0x38, 0x38, 0xFF, 0x1F, 0xF0, 0x71, 0xFE, 0x3F, 0xE0, 0xE0, 0x1C, 0x70, 0x03, 0xC0, 0x38,
    0xE0, 0x07, 0x00, 0x71, 0xC0, 0x1E, 0xFF, 0xFF, 0xFF, 0xF9, 0xFF, 0xFF, 0xFF, 0xB1, 0xFF, 0xFF,
    0xFE, 0x00, 0x00, 0x06, 0x00, 0x00, 0x00, 0x0E, 0x00, 0x3F, 0xF0, 0x0E, 0x00, 0x3F, 0xF0, 0x0F,
    0xFC, 0x30, 0x70, 0x0F, 0xFC, 0x30, 0x70, 0x0E, 0x00, 0x30, 0x70, 0x0E, 0x00, 0x30, 0x70, 0x0E,
    0x00, 0x30, 0x77, 0xFF, 0xFE, 0x3F, 0xF7, 0xFF, 0xFE, 0x3F, 0xF7, 0x0E, 0x0E, 0x00, 0x07, 0x0E,
    0x0E, 0x00, 0x07, 0x0F, 0xEE, 0x00, 0x07, 0xFF, 0xEC, 0xFF, 0xFF, 0xFF, 0x00, 0xFF, 0xFF, 0x0E,
    0x1C, 0xFF, 0xF7, 0x0E, 0x1C, 0x1C, 0x07, 0x0F, 0xFC, 0x38, 0x07, 0x07, 0xF8, 0x38, 0x07, 0x00,
    0x00, 0x3F, 0xE7, 0x00, 0x00, 0x3F, 0xE7, 0x3F, 0xC0, 0x00, 0xE7, 0x3F, 0xC0, 0x00, 0xE7, 0x39,
    0xC0, 0x00, 0xE7, 0x39, 0xC0, 0x00, 0xE7, 0x39, 0xC6, 0x00, 0xEE, 0x71, 0xC7, 0x00, 0xEE, 0x71,
    0xC6, 0x00, 0xEE, 0xF1, 0xCE, 0x01, 0xDD, 0xE1, 0xFE, 0x1F, 0xDD, 0xC0, 0xFE, 0x1F, 0x99, 0x80,
    0x38, 0x00, 0x08, 0x00, 0x00, 0x00, 0x00, 0x00, 0x00, 0x00, 0xE0, 0x00, 0x00, 0x01, 0xE0, 0x00,
    0x00, 0x03, 0xC3, 0xFF, 0xFE, 0x07, 0xC3, 0xFF, 0xFE, 0x0F, 0x83, 0xFF, 0xFE, 0x1F, 0x00, 0x00,
    0x00, 0x3E, 0x00, 0x00, 0x00, 0x7C, 0x30, 0x00, 0x00, 0x30, 0x78, 0x00, 0x00, 0x20, 0xF0, 0x00,
    0x00, 0x00, 0xE0, 0x00, 0x00, 0x01, 0xE7, 0xFF, 0xFF, 0x03, 0xC7, 0xFF, 0xFF, 0x07, 0x87, 0xFF,
    0xFF, 0x0F, 0x80, 0x00, 0xE0, 0x1F, 0x80, 0x00, 0xE0, 0x3F, 0x80, 0x00, 0xE0, 0x7F, 0x80, 0x00,
    0xE0, 0x7B, 0x80, 0x00, 0xE0, 0x23, 0x80, 0x00, 0xE0, 0x03, 0x80, 0x00, 0xE0, 0x03, 0x80, 0x00,
    0xE0, 0x03, 0x80, 0x00, 0xE0, 0x03, 0x80, 0x00, 0xE0, 0x03, 0x80, 0x00, 0xE0, 0x03, 0x80, 0x00,
    0xE0, 0x03, 0x80, 0x00, 0xE0, 0x03, 0x80, 0x00, 0xE0, 0x03, 0x80, 0x3F, 0xE0, 0x03, 0x80, 0x3F,
    0xE0, 0x03, 0x80, 0x3F, 0xC0, 0x03, 0x80, 0x00, 0x00, 0x00, 0x01, 0x80, 0x00, 0x00, 0x03, 0x80,
    0x00, 0x00, 0x03, 0x80, 0x00, 0x1F, 0xFF, 0xFF, 0xF8, 0x3F, 0xFF, 0xFF, 0xF8, 0x3F, 0xFF, 0xFF,
    0xF8, 0x00, 0x03, 0x80, 0x00, 0x00, 0x03, 0x80, 0x00, 0x00, 0x03, 0x80, 0x00, 0x0F, 0xFF, 0xFF,
    0xF0, 0x0F, 0xFF, 0xFF, 0xF0, 0x00, 0x03, 0x80, 0x00, 0x00, 0x03, 0x80, 0x00, 0x00, 0x03, 0x80,
    0x00, 0x7F, 0xFF, 0xFF, 0xFC, 0x7F, 0xFF, 0xFF, 0xFC, 0x7F, 0xFF, 0xFF, 0xFC, 0x00, 0x3E, 0xE0,
    0x10, 0x00, 0x7C, 0xE0, 0x38, 0x01, 0xF0, 0x70, 0xF8, 0x07, 0xE0, 0x79, 0xF0, 0x1F, 0xE0, 0x3B,
    0xE0, 0x7F, 0xE0, 0x3F, 0x80, 0xFD, 0xE0, 0x1F, 0x00, 0x71, 0xE0, 0x0F, 0x00, 0x01, 0xE0, 0x07,
    0xC0, 0x01, 0xE1, 0xE3, 0xE0, 0x01, 0xEF, 0xE1, 0xF8, 0x01, 0xFF, 0xE0, 0xFE, 0x03, 0xFF, 0x00,
    0x3E, 0x03, 0xF8, 0x00, 0x1C, 0x01, 0xC0, 0x00, 0x00, 0x00, 0x00, 0x00, 0x00, 0x00, 0x00, 0x00,
    0x00, 0x03, 0x00, 0x03, 0x80, 0x01, 0xC0, 0x01, 0xC0, 0x00, 0xE0, 0x00, 0xE0, 0x00, 0x38, 0x00,
    0x70, 0x00, 0x1C, 0x00, 0x38, 0x00, 0x06, 0x0F, 0xFF, 0xFC, 0xFF, 0xE7, 0xFF, 0xFE, 0x7F, 0xF3,
    0xFF, 0xFF, 0x3F, 0xF9, 0xC3, 0x87, 0x00, 0x38, 0xE1, 0xC3, 0x80, 0x1C, 0x70, 0xE3, 0xC0, 0x1C,
    0x38, 0x71, 0xC0, 0x1E, 0xDC, 0x38, 0x00, 0x0E, 0xFF, 0xFF, 0xF8, 0x0F, 0x77, 0xFF, 0xF8, 0x0F,
    0xF3, 0xFF, 0xFC, 0x0F, 0xF1, 0xF8, 0x0E, 0x0F, 0xF8, 0xFC, 0x0E, 0x0F, 0xFE, 0xF7, 0x07, 0x07,
    0xBF, 0xF3, 0x87, 0x83, 0x9D, 0xF9, 0xE7, 0x80, 0x8E, 0x5C, 0x7B, 0xC0, 0x07, 0x0E, 0x1F, 0xC0,
    0x03, 0x87, 0x0F, 0xC0, 0x01, 0xC7, 0x03, 0xE0, 0x00, 0xE3, 0x83, 0xF8, 0x00, 0x73, 0xC3, 0xFE,
    0x00, 0x39, 0xC7, 0xCF, 0xC0, 0x1D, 0xEF, 0xC3, 0xF8, 0x0E, 0xEF, 0xC0, 0x7C, 0x07, 0x33, 0x80,
    0x0C, 0x00, 0x00, 0x00, 0x00, 0x00, 0x00, 0x60, 0x18, 0x00, 0x00, 0xE0, 0x1C, 0x00, 0x00, 0xE0,
    0x1D, 0xC0, 0x00, 0xE0, 0x1D, 0xE0, 0x3F, 0xFF, 0x9C, 0xF0, 0x3F, 0xFF, 0x9C, 0x78, 0x3F, 0xFF,
    0x9C, 0x3C, 0x00, 0xE0, 0x1C, 0x18, 0x00, 0xE0, 0x1C, 0x00, 0x00, 0xE0, 0x1C, 0x00, 0xFF, 0xFF,
    0xFF, 0xFE, 0xFF, 0xFF, 0xFF, 0xFE, 0x7F, 0xFF, 0xFF, 0xFE, 0x00, 0xE0, 0x1C, 0x00, 0x00, 0xF0,
    0x1E, 0x38, 0x00, 0x70, 0x0E, 0x38, 0x7F, 0xFF, 0xCE, 0x38, 0x7F, 0xFF, 0xCE, 0x70, 0x3F, 0xFF,
    0xCE, 0x70, 0x03, 0xC1, 0x0E, 0xF0, 0x07, 0xE3, 0xCF, 0xE0, 0x1F, 0x7F, 0x8F, 0xC0, 0x3F, 0x7F,
    0x07, 0xC0, 0xFF, 0x3E, 0x07, 0x80, 0xFF, 0x0F, 0x07, 0x86, 0x67, 0x07, 0x8F, 0x86, 0x07, 0x13,
    0xDF, 0x8E, 0x07, 0xF9, 0xBF, 0xCE, 0x0F, 0xF8, 0xF9, 0xCE, 0x0F, 0xE1, 0xF1, 0xFE, 0x0F, 0x03,
    0xE0, 0xFC, 0x00, 0x01, 0xC0, 0x7C, 0x00, 0x00, 0x00, 0x00, 0x00, 0x00, 0x00, 0x00, 0x00, 0xE0,
    0x1E, 0x00, 0x00, 0xE0, 0x1E, 0x00, 0x30, 0xE0, 0x1E, 0x00, 0x78, 0xE0, 0x1E, 0x00, 0x3E, 0xEF,
    0xFF, 0xFC, 0x1E, 0xFF, 0xFF, 0xFE, 0x0C, 0xFF, 0xFF, 0xFE, 0x00, 0xE0, 0x1E, 0x00, 0x01, 0xE0,
    0x1E, 0x00, 0x07, 0xE0, 0x1E, 0x00, 0x3F, 0xE0, 0x1E, 0x00, 0xFE, 0xE0, 0x1E, 0x00, 0xF8, 0xEF,
    0xFF, 0xFC, 0x60, 0xEF, 0xFF, 0xFC, 0x00, 0xE7, 0xFF, 0xF8, 0x00, 0xE7, 0x80, 0x00, 0x00, 0x03,
    0x80, 0x00, 0x00, 0x03, 0xC0, 0x00, 0xFF, 0xFF, 0xFF, 0xFE, 0xFF, 0xFF, 0xFF, 0xFE, 0x00, 0x1F,
    0xE0, 0x20, 0x00, 0x7C, 0xE0, 0x78, 0x01, 0xF8, 0x71, 0xF8, 0x0F, 0xE0, 0x7B, 0xE0, 0x7F, 0xC0,
    0x3F, 0x80, 0xFF, 0xC0, 0x1F, 0x00, 0x71, 0xC0, 0xEF, 0xC0, 0x01, 0xDF, 0xE7, 0xF0, 0x01, 0xFF,
    0xC1, 0xFE, 0x03, 0xFE, 0x00, 0x7E, 0x03, 0xE0, 0x00, 0x1C, 0x00, 0x00, 0x00, 0x00, 0x00, 0x00,
    0x00, 0x00, 0x38, 0x70, 0x0E, 0x00, 0x38, 0x70, 0x0E, 0x00, 0x38, 0x70, 0x0E, 0x00, 0x38, 0x70,
    0x0E, 0x00, 0x38, 0x77, 0xFF, 0xFC, 0x3F, 0xF7, 0xFF, 0xFE, 0x3F, 0xF7, 0xFF, 0xFE, 0x00, 0x70,
    0x0E, 0x00, 0x00, 0x70, 0x0E, 0x00, 0xFF, 0xF0, 0x0E, 0x00, 0xFF, 0xF0, 0x0E, 0x00, 0x1C, 0x70,
    0x0E, 0x00, 0x1C, 0x73, 0xFF, 0xF8, 0x38, 0x77, 0xFF, 0xFC, 0x78, 0x77, 0xFF, 0xFC, 0xF0, 0x73,
    0x00, 0x00, 0xE0, 0x77, 0x80, 0x00, 0x40, 0x03, 0xC0, 0x00, 0xFF, 0xFF, 0xFF, 0xFE, 0xFF, 0xFF,
    0xFF, 0xFE, 0x00, 0x3F, 0xE0, 0x20, 0x00, 0xFC, 0xE0, 0x78, 0x03, 0xF0, 0x71, 0xF8, 0x3F, 0xE0,
    0x7B, 0xE0, 0xFF, 0xE0, 0x3F, 0x80, 0x7D, 0xE0, 0x1F, 0x00, 0x01, 0xE0, 0xCF, 0xC0, 0x01, 0xFF,
    0xC7, 0xF0, 0x01, 0xFF, 0xC1, 0xFE, 0x03, 0xFE, 0x00, 0x7E, 0x03, 0xE0, 0x00, 0x1C, 0x01, 0x00,
    0x00, 0x00, 0x00, 0x00, 0x00, 0x00, 0x07, 0x00, 0x00, 0x00, 0x03, 0xC1, 0x07, 0xFF, 0x80, 0xE1,
    0xC3, 0xFF, 0xC0, 0x78, 0xE1, 0xC0, 0xE0, 0x1C, 0x38, 0xE0, 0x70, 0x0C, 0x1C, 0x70, 0x38, 0xFF,
    0xC7, 0x38, 0x1C, 0x7F, 0xE3, 0x9F, 0xFE, 0x1F, 0xF1, 0xCF, 0xFF, 0x00, 0x70, 0x07, 0x03, 0x80,
    0x38, 0x03, 0x81, 0xC0, 0x3C, 0x01, 0xC0, 0xE0, 0x1C, 0xFC, 0xFF, 0xF0, 0x1F, 0xFE, 0x7F, 0xF8,
    0x0E, 0xE7, 0x38, 0x00, 0x0F, 0xE3, 0x9C, 0x86, 0x0F, 0xE1, 0xCF, 0xE7, 0x07, 0xF0, 0xE7, 0x77,
    0x87, 0xFC, 0x73, 0x9F, 0x87, 0xFE, 0x39, 0xC7, 0x83, 0xBB, 0x1C, 0xE3, 0xC0, 0x9D, 0x8E, 0x77,
    0xF0, 0x0E, 0x07, 0x7F, 0xB8, 0x07, 0x03, 0xBF, 0xCE, 0x03, 0x81, 0xFF, 0x07, 0x01, 0xC1, 0xEC,
    0x01, 0x00, 0xE1, 0xFC, 0x00, 0x00, 0x71, 0xEF, 0xE0, 0x70, 0x39, 0xE3, 0xFF, 0xF8, 0x1C, 0xE0,
    0x7F, 0xFC, 0x0E, 0x20, 0x07, 0xF0, 0x06, 0x00, 0x00, 0x00, 0x00, 0x7F, 0xFF, 0xFF, 0xFC, 0xFF,
    0xFF, 0xFF, 0xF9, 0xFF, 0xFF, 0xFF, 0xF0, 0x01, 0xC1, 0xC0, 0x00, 0x03, 0x83, 0x80, 0x00, 0x07,
    0x07, 0x00, 0x07, 0xFF, 0xFF, 0xFE, 0x0F, 0xFF, 0xFF, 0xFC, 0x1C, 0x38, 0x38, 0x38, 0x38, 0x70,
    0x70, 0x70, 0x70, 0xE0, 0xE0, 0xE0, 0xE1, 0xC1, 0xC1, 0xC1, 0xFF, 0xFF, 0xFF, 0x83, 0xFF, 0xFF,
    0xFF, 0x00, 0x07, 0x80, 0x00, 0x00, 0x0E, 0x00, 0x00, 0x00, 0x3C, 0x00, 0x01, 0xFF, 0xFF, 0xFF,
    0xFF, 0xFF, 0xFF, 0xFF, 0xFB, 0xFF, 0xFF, 0xFF, 0xE0, 0x1E, 0x00, 0xF0, 0x00, 0x38, 0x03, 0xC0,
    0x00, 0xF8, 0x0F, 0x80, 0x03, 0xFF, 0xBE, 0x00, 0x01, 0xFF, 0xF8, 0x00, 0x00, 0x3F, 0xFC, 0x00,
    0x01, 0xFF, 0xFF, 0x03, 0xFF, 0xF8, 0xFF, 0xC7, 0xFF, 0x80, 0x3F, 0xCF, 0xF0, 0x00, 0x0F, 0x00,
    0x00, 0x00, 0x00, 0x00, 0x7F, 0xFF, 0xFF, 0xFE, 0x7F, 0xFF, 0xFF, 0xFE, 0x00, 0x38, 0x38, 0x00,
    0x00, 0x38, 0x38, 0x00, 0x3F, 0xFF, 0xFF, 0xF8, 0x3F, 0xFF, 0xFF, 0xF8, 0x38, 0x38, 0x38, 0x38,
    0x3F, 0xFF, 0xFF, 0xF8, 0x3F, 0xFF, 0xFF, 0xF8, 0x03, 0x07, 0x00, 0x00, 0x07, 0x87, 0x00, 0x00,
    0x0F, 0x0F, 0xFF, 0xFC, 0x1E, 0x1F, 0xFF, 0xFC, 0x3D, 0x3C, 0x00, 0x00, 0x79, 0xFF, 0xFF, 0xF0,
    0xF3, 0xFF, 0xFF, 0xF0, 0x67, 0xFF, 0xFF, 0xF0, 0x0F, 0x2F, 0xFF, 0xF0, 0x1E, 0x0E, 0x00, 0x70,
    0x3E, 0x0F, 0xFF, 0xF0, 0x7E, 0x0F, 0xFF, 0xF0, 0xFE, 0x01, 0xE0, 0x00, 0x6E, 0x07, 0xFF, 0xE0,
    0x0E, 0x1F, 0xFF, 0xF0, 0x0E, 0x7F, 0x81, 0xE0, 0x0E, 0x7B, 0xE7, 0xC0, 0x0E, 0x20, 0xFF, 0x00,
    0x0E, 0x07, 0xFF, 0xF0, 0x0E, 0x7F, 0xE7, 0xFE, 0x0E, 0x7F, 0x00, 0xFE, 0x00, 0x00, 0x00, 0x00,
    0x00, 0x00, 0x70, 0x00, 0xFF, 0xFC, 0xE0, 0x01, 0xFF, 0xFB, 0xFF, 0xF3, 0x8E, 0x0F, 0xFF, 0xE7,
    0xFF, 0xFC, 0xF0, 0x0F, 0xFF, 0xF0, 0xF0, 0x1C, 0x07, 0xC0, 0xF0, 0x38, 0x0E, 0x7F, 0xFC, 0x7F,
    0xFC, 0xFF, 0xF8, 0xFF, 0xF9, 0xBB, 0x71, 0xC7, 0x03, 0x76, 0xE3, 0xFF, 0xF7, 0xFF, 0xC7, 0xFF,
    0xEF, 0xFF, 0x80, 0x00, 0x00, 0x00, 0x03, 0xFF, 0xFF, 0xE0, 0x07, 0xFF, 0xFF, 0xC0, 0x0E, 0x00,
    0x03, 0x80, 0x1F, 0xFF, 0xFF, 0x00, 0x3F, 0xFF, 0xFE, 0x00, 0x70, 0x00, 0x1C, 0x00, 0xFF, 0xFF,
    0xF8, 0x01, 0xFF, 0xFF, 0xF0, 0x03, 0x80, 0x00, 0xE0, 0x07, 0x00, 0x01, 0xC0, 0x0F, 0xFF, 0xFF,
    0x80, 0x1F, 0xFF, 0xFF, 0x00, 0x03, 0xC3, 0x80, 0x70, 0x0F, 0x07, 0x00, 0xE1, 0xFC, 0x0F, 0x01,
    0xFF, 0xF0, 0x1F, 0xFF, 0xBF, 0x00, 0x1F, 0xFE, 0x00, 0x00, 0x00, 0x00, 0x00, 0x00, 0x00, 0x00,
    0x03, 0xC1, 0xC0, 0x00, 0x0F, 0x07, 0x00, 0x1E, 0x3C, 0x3C, 0x00, 0x78, 0xF0, 0xFF, 0xFD, 0xE3,
    0xC3, 0xFF, 0xF7, 0x8F, 0x1F, 0xFF, 0x9E, 0x3C, 0x73, 0x80, 0x78, 0xF3, 0xCE, 0x01, 0xE3, 0xCE,
    0x3C, 0x07, 0x8F, 0x78, 0x78, 0x1E, 0x3D, 0xC0, 0xF0, 0x30, 0xF0, 0x01, 0xC0, 0x01, 0x80, 0x06,
    0x00, 0x7F, 0xFF, 0xF8, 0x03, 0xFF, 0xFF, 0xF0, 0x0F, 0xFF, 0xFF, 0xC0, 0x38, 0x00, 0x0F, 0x00,
    0xE0, 0x70, 0x3C, 0x03, 0x81, 0xC0, 0xF0, 0x0E, 0x07, 0x03, 0xC0, 0x38, 0x1C, 0x0F, 0x00, 0xE0,
    0x70, 0x3C, 0x03, 0x83, 0xF0, 0xF0, 0x0E, 0x0F, 0xC3, 0xC0, 0x38, 0x7F, 0x06, 0x00, 0x03, 0xDC,
    0x01, 0x00, 0x3E, 0x70, 0x07, 0x07, 0xF1, 0xC0, 0x38, 0xFF, 0x07, 0xC1, 0xEF, 0xF0, 0x1F, 0xFF,
    0x9F, 0x00, 0x3F, 0xFC, 0x00, 0x00, 0x00, 0x00, 0x00, 0x20, 0x00, 0x00, 0x03, 0xC0, 0x00, 0x00,
    0x1E, 0x00, 0x00, 0x01, 0xFF, 0xFC, 0x00, 0x1F, 0xFF, 0xF0, 0x00, 0xFF, 0xFF, 0x00, 0x0F, 0x00,
    0xF0, 0x00, 0xF0, 0x07, 0x80, 0x0F, 0xFF, 0xFF, 0xF0, 0xFF, 0xFF, 0xFF, 0xDF, 0xFF, 0xFF, 0xFE,
    0xFE, 0x03, 0x80, 0xF3, 0x70, 0x1C, 0x07, 0x83, 0x80, 0xE0, 0x3C, 0x1C, 0x07, 0x01, 0xE0, 0xFF,
    0xFF, 0xFF, 0x07, 0xFF, 0xFF, 0xF8, 0x3F, 0xFF, 0xFF, 0xC1, 0xC0, 0x70, 0x1E, 0x0E, 0x03, 0x80,
    0xF0, 0x70, 0x1C, 0x07, 0x83, 0x80, 0xE0, 0x3C, 0x1F, 0xFF, 0xFF, 0xE1, 0xFF, 0xFF, 0xFF, 0x0F,
    0xFF, 0xFF, 0xF8, 0x70, 0x0E, 0x03, 0xC7, 0x80, 0x70, 0x1E, 0x3C, 0x03, 0x80, 0xF3, 0xC0, 0x1C,
    0x07, 0x9E, 0x00, 0xE7, 0xF9, 0xE0, 0x07, 0x3F, 0xC6, 0x00, 0x00, 0xFC, 0x00, 0x00, 0x00, 0x00,
    0x00, 0x00, 0x00, 0x00, 0x0E, 0x00, 0x00, 0x00, 0x3C, 0x00, 0x00, 0x00, 0x70, 0x07, 0xFF, 0xE0,
    0xFF, 0x8F, 0xFF, 0xC3, 0xFF, 0x01, 0xC3, 0x87, 0x0E, 0x03, 0x87, 0x1E, 0x38, 0x0F, 0x0E, 0x38,
    0x70, 0x1C, 0x1C, 0xFF, 0xFC, 0x78, 0x3B, 0xFF, 0xF9, 0xE0, 0x77, 0xCE, 0x77, 0x8F, 0xE7, 0x9C,
    0xFF, 0x1F, 0x87, 0x39, 0xD8, 0x38, 0x0E, 0x73, 0x8E, 0xF0, 0x1C, 0xE7, 0x1D, 0xE0, 0x3F, 0xFE,
    0x73, 0xC0, 0x7F, 0xFC, 0xFF, 0xF8, 0xE7, 0x39, 0xFF, 0xF1, 0xCE, 0x77, 0xFF, 0xE3, 0x9C, 0xEE,
    0x3C, 0x07, 0x39, 0xF8, 0x78, 0x0F, 0xFF, 0x80, 0xF0, 0x1F, 0xFF, 0x7F, 0xFF, 0x39, 0xCE, 0xFF,
    0xFE, 0x73, 0x9D, 0xFF, 0xFD, 0xC7, 0x38, 0x0F, 0x03, 0x8E, 0x70, 0x1E, 0x07, 0x1C, 0xE0, 0x3C,
    0x1E, 0x3F, 0xC0, 0x78, 0x38, 0x0F, 0x80, 0xF0, 0x30, 0x1E, 0x01, 0xE0, 0x00, 0x00, 0x00, 0x00,
    0x00, 0x00, 0x00, 0x00, 0x00, 0x0E, 0x00, 0x00, 0x00, 0x1E, 0x00, 0x00, 0x00, 0x1E, 0x00, 0x00,
    0x00, 0x3C, 0x00, 0x00, 0x00, 0x3C, 0x00, 0x3F, 0xFF, 0xFF, 0xFF, 0xFF, 0xFF, 0xFF, 0xFF, 0x7F,
    0xFF, 0xFF, 0xFE, 0x00, 0x00, 0x00, 0x00, 0x00, 0x00, 0x00, 0x00, 0x3F, 0xFF, 0xFE, 0x00, 0x7F,
    0xFF, 0xFC, 0x00, 0x00, 0x00, 0x00, 0x00, 0x00, 0x00, 0x00, 0x00, 0x00, 0x00, 0x00, 0x07, 0xFF,
    0xFF, 0xC0, 0x0F, 0xFF, 0xFF, 0x80, 0x00, 0x00, 0x00, 0x00, 0x00, 0x00, 0x00, 0x00, 0x00, 0x00,
    0x00, 0x00, 0x00, 0x00, 0x00, 0x01, 0xFF, 0xFF, 0xF0, 0x03, 0xFF, 0xFF, 0xE0, 0x07, 0x00, 0x01,
    0xC0, 0x0E, 0x00, 0x03, 0x80, 0x1C, 0x00, 0x07, 0x00, 0x38, 0x00, 0x0E, 0x00, 0x70, 0x00, 0x1C,
    0x00, 0xFF, 0xFF, 0xF8, 0x01, 0xFF, 0xFF, 0xF0, 0x03, 0x80, 0x00, 0xE0, 0x07, 0x00, 0x00, 0xC0,
    0x00, 0x00, 0x00, 0x00, 0x38, 0x00, 0x38, 0x00, 0xF0, 0x00, 0xE0, 0x01, 0xC0, 0x03, 0x80, 0x07,
    0x80, 0x0E, 0x00, 0x0E, 0x00, 0x38, 0x00, 0x30, 0x00, 0xE0, 0x3F, 0xFF, 0x03, 0x80, 0xFF, 0xFC,
    0x0E, 0x00, 0x00, 0x00, 0x38, 0x00, 0x00, 0x00, 0xE0, 0x1F, 0xFE, 0x03, 0x80, 0x7F, 0xFB, 0xFF,
    0xFC, 0x00, 0x1F, 0xFF, 0xF0, 0x00, 0x7F, 0xFF, 0xC0, 0x00, 0x03, 0x80, 0x7F, 0xF8, 0x0E, 0x01,
    0xFF, 0xE0, 0x38, 0x00, 0x00, 0x00, 0xE0, 0x00, 0x00, 0x03, 0x80, 0x7F, 0xF8, 0x0E, 0x01, 0xFF,
    0xE0, 0x38, 0x07, 0x83, 0x80, 0xE0, 0x1C, 0x0E, 0x03, 0x80, 0x70, 0x38, 0x0E, 0x01, 0xC0, 0xE0,
    0x38, 0x07, 0x03, 0x80, 0xE0, 0x1C, 0x0E, 0x03, 0x80, 0x7F, 0xF8, 0x0E, 0x01, 0xFF, 0xE0, 0x38,
    0x07, 0x00, 0x00, 0xE0, 0x0C, 0x00, 0x03, 0x80, 0x00, 0x00, 0x06, 0x00, 0x00, 0x00, 0x00, 0x00,
    0x0E, 0x00, 0x00, 0x00, 0x0F, 0x01, 0xFF, 0xF8, 0x07, 0x81, 0xFF, 0xF8, 0x03, 0x81, 0xFF, 0xF8,
    0x03, 0x00, 0x00, 0x38, 0xFF, 0xFC, 0x00, 0x38, 0xFF, 0xFC, 0x00, 0x38, 0x00, 0x00, 0x00, 0x38,
    0x00, 0x00, 0x00, 0x38, 0x00, 0x00, 0x00, 0x38, 0x3F, 0xF0, 0x00, 0x38, 0x3F, 0xF0, 0x00, 0x38,
    0x00, 0x00, 0x00, 0x38, 0x00, 0x01, 0xFF, 0xF8, 0x00, 0x01, 0xFF, 0xF8, 0x7F, 0xF9, 0xFF, 0xF8,
    0x7F, 0xF9, 0xC0, 0x38, 0x00, 0x01, 0xC0, 0x00, 0x00, 0x01, 0xC0, 0x00, 0x7F, 0xF9, 0xC0, 0x00,
    0x7F, 0xF9, 0xC0, 0x00, 0x70, 0x79, 0xC0, 0x00, 0x70, 0x39, 0xC0, 0x0C, 0x70, 0x39, 0xC0, 0x0E,
    0x70, 0x39, 0xC0, 0x0E, 0x70, 0x39, 0xC0, 0x0E, 0x70, 0x39, 0xC0, 0x0E, 0x7F, 0xF9, 0xE0, 0x1E,
    0x7F, 0xF8, 0xFF, 0xFE, 0x70, 0x00, 0xFF, 0xFC, 0x70, 0x00, 0x3F, 0xF0, 0x00, 0x00, 0x00, 0x00,
    0x1C, 0x00, 0x18, 0x00, 0x38, 0x00, 0x38, 0x00, 0x78, 0x00, 0x70, 0x00, 0x70, 0x00, 0xF0, 0x00,
    0xE0, 0x00, 0xE0, 0x00, 0x81, 0xFF, 0xFF, 0xFF, 0xFF, 0xFF, 0xFF, 0xFF, 0xFF, 0xFF, 0xFE, 0x00,
    0x00, 0xF0, 0x00, 0x00, 0x01, 0xE0, 0x03, 0xFF, 0x03, 0xC0, 0x07, 0xFE, 0x07, 0x00, 0x00, 0x00,
    0x0E, 0x00, 0x00, 0x00, 0x1F, 0xFE, 0x00, 0x00, 0x3F, 0xFE, 0x7F, 0xF0, 0x7F, 0xF8, 0xFF, 0xE0,
    0xE0, 0x70, 0x00, 0x01, 0xC0, 0xE0, 0x00, 0x03, 0x81, 0xC7, 0xFF, 0x0F, 0x03, 0x8F, 0xFE, 0x1C,
    0x07, 0x1C, 0x1C, 0x38, 0x0E, 0x38, 0x38, 0x70, 0x1C, 0x70, 0x71, 0xC0, 0x38, 0xE0, 0xE3, 0x80,
    0x71, 0xC1, 0xCF, 0x00, 0xE3, 0x83, 0xBC, 0x03, 0xC7, 0xFF, 0x78, 0x07, 0x8F, 0xFF, 0xE1, 0xFE,
    0x1C, 0x07, 0x83, 0xFC, 0x18, 0x0E, 0x07, 0xF0, 0x00, 0x00, 0x00, 0x00, 0x00, 0x00, 0x00, 0x00,
    0x0E, 0x00, 0x00, 0x00, 0x0F, 0x00, 0xFF, 0xE0, 0x07, 0x00, 0xFF, 0xE0, 0x07, 0x80, 0xFF, 0xE0,
    0x03, 0x80, 0xE0, 0xE0, 0x03, 0x00, 0xE0, 0xE0, 0xFF, 0xFC, 0xE0, 0xE0, 0xFF, 0xFD, 0xE0, 0xE0,
    0x00, 0x01, 0xC0, 0xE0, 0x00, 0x03, 0xC0, 0xE0, 0x3F, 0xF7, 0x80, 0xFE, 0x3F, 0xFF, 0x80, 0xFE,
    0x00, 0x0F, 0x00, 0x38, 0x00, 0x06, 0x00, 0x00, 0x00, 0x00, 0x00, 0x00, 0x3F, 0xF7, 0xFF, 0xF8,
    0x3F, 0xF7, 0xFF, 0xF8, 0x00, 0x07, 0xFF, 0xF8, 0x00, 0x03, 0xC0, 0x70, 0x3F, 0xF1, 0xC0, 0xF0,
    0x3F, 0xF1, 0xE0, 0xE0, 0x38, 0x70, 0xF1, 0xE0, 0x38, 0x70, 0x7B, 0xC0, 0x38, 0x70, 0x7F, 0x80,
    0x38, 0x70, 0x3F, 0x00, 0x38, 0x70, 0x3F, 0x00, 0x38, 0x70, 0x7F, 0xC0, 0x3F, 0xF3, 0xFF, 0xF8,
    0x3F, 0xFF, 0xF1, 0xFE, 0x38, 0x0F, 0xC0, 0x7E, 0x30, 0x0F, 0x00, 0x1C, 0x00, 0x00, 0x00, 0x00,
    0x00, 0x00, 0x00, 0x00, 0x0C, 0x00, 0x70, 0x00, 0x1C, 0x00, 0xF0, 0x00, 0x3C, 0x00, 0xF0, 0x00,
    0x38, 0x00, 0xE0, 0x00, 0x60, 0x01, 0xE0, 0x3F, 0xFE, 0x01, 0x80, 0x7F, 0xFD, 0xFF, 0xFE, 0x00,
    0x07, 0xFF, 0xFE, 0x00, 0x0F, 0xFF, 0xFC, 0x00, 0x00, 0x38, 0x01, 0xFF, 0x80, 0x70, 0x03, 0xFF,
    0x00, 0xE0, 0x00, 0x00, 0x01, 0xC0, 0x00, 0x00, 0x03, 0x80, 0x00, 0x00, 0x07, 0x00, 0x7F, 0xF0,
    0x0E, 0x00, 0xFF, 0xE7, 0xFF, 0xF8, 0x00, 0x0F, 0xFF, 0xF0, 0x00, 0x1F, 0xFF, 0xE0, 0x00, 0x00,
    0xE0, 0x07, 0xFE, 0x01, 0xC0, 0x0F, 0xFC, 0x03, 0x80, 0x1C, 0x38, 0x07, 0x00, 0x38, 0x70, 0x0E,
    0x00, 0x70, 0xE0, 0x1C, 0x00, 0xE1, 0xC0, 0x38, 0x01, 0xC3, 0x80, 0x70, 0x03, 0xFF, 0x7F, 0xFF,
    0xE7, 0xFE, 0xFF, 0xFF, 0xCE, 0x01, 0xFF, 0xFF, 0x9C, 0x00, 0x00, 0x00, 0x00, 0x00, 0x00, 0x00,
    0x0C, 0x00, 0x03, 0x80, 0x0E, 0x00, 0x03, 0xF0, 0x0F, 0x00, 0x03, 0xF8, 0x07, 0x00, 0x03, 0xBC,
    0x07, 0x00, 0x03, 0x9C, 0x02, 0x00, 0x03, 0x9C, 0xFF, 0xFF, 0xFF, 0xFE, 0xFF, 0xFF, 0xFF, 0xFE,
    0x00, 0x0F, 0xFF, 0xFE, 0x00, 0x00, 0x03, 0x80, 0x3F, 0xE0, 0x03, 0x80, 0x3F, 0xE0, 0x03, 0x80,
    0x00, 0x00, 0x03, 0x80, 0x00, 0x0F, 0xFF, 0x80, 0x00, 0x0F, 0xFF, 0x80, 0x3F, 0xEF, 0xFF, 0x80,
    0x3F, 0xE1, 0xC3, 0xC0, 0x00, 0x01, 0xC3, 0xC0, 0x00, 0x01, 0xC1, 0xC0, 0x3F, 0xE1, 0xC1, 0xC0,
    0x3F, 0xE1, 0xC1, 0xC0, 0x38, 0xE1, 0xC1, 0xC0, 0x30, 0xE1, 0xC1, 0xC0, 0x30, 0xE1, 0xCF, 0xE4,
    0x30, 0xE1, 0xFE, 0xE7, 0x30, 0xEF, 0xFE, 0xE7, 0x38, 0xFF, 0xF0, 0xE6, 0x3F, 0xEF, 0x80, 0xF6,
    0x3F, 0xEC, 0x00, 0x7E, 0x30, 0x00, 0x00, 0x7E, 0x30, 0x00, 0x00, 0x3C, 0x00, 0x00, 0x00, 0x00,
    0x1C, 0x03, 0x00, 0x70, 0x38, 0x07, 0x00, 0xE0, 0x38, 0x0F, 0x03, 0xC0, 0x78, 0x0E, 0x07, 0x00,
    0x70, 0x1E, 0x1E, 0x00, 0xC0, 0x1C, 0x38, 0x7F, 0xFD, 0xFF, 0xFE, 0xFF, 0xFF, 0xFF, 0xFE, 0x00,
    0x0F, 0xFF, 0xFC, 0x00, 0x00, 0x38, 0x03, 0xFF, 0x80, 0x70, 0x07, 0xFF, 0x00, 0xE0, 0x00, 0x00,
    0x01, 0xC0, 0x00, 0x00, 0xFF, 0xFF, 0x00, 0x01, 0xFF, 0xFE, 0x7F, 0xF3, 0xFF, 0xFC, 0xFF, 0xE0,
    0x1C, 0x00, 0x00, 0x00, 0x38, 0x00, 0x00, 0x00, 0x70, 0x07, 0xFF, 0x00, 0xE0, 0x0F, 0xFE, 0x01,
    0xC0, 0x1C, 0x1D, 0xFF, 0xFF, 0xB8, 0x3B, 0xFF, 0xFF, 0x70, 0x77, 0xFF, 0xFE, 0xE0, 0xE0, 0x1C,
    0x01, 0xC1, 0xC0, 0x38, 0x03, 0x83, 0x80, 0x70, 0x07, 0xFF, 0x00, 0xE0, 0x0F, 0xFE, 0x01, 0xC0,
    0x1C, 0x00, 0x03, 0x80, 0x38, 0x00, 0x07, 0x00, 0x00, 0x00, 0x06, 0x00, 0x04, 0x00, 0x00, 0x00,
    0x1E, 0x00, 0x00, 0x00, 0x0E, 0x03, 0xFF, 0xFC, 0x0F, 0x03, 0xFF, 0xFC, 0x07, 0x03, 0xFF, 0xFC,
    0x07, 0x01, 0x8E, 0x1C, 0x02, 0x01, 0xCE, 0x1C, 0xFF, 0xFB, 0x8E, 0x1C, 0xFF, 0xFB, 0x9E, 0x1C,
    0x00, 0x07, 0x9C, 0x1C, 0x00, 0x07, 0x1C, 0x1C, 0x7F, 0xF6, 0x38, 0x1C, 0x7F, 0xF0, 0x78, 0x1C,
    0x00, 0x00, 0xF0, 0x3C, 0x00, 0x01, 0xE3, 0xF8, 0x00, 0x07, 0xE3, 0xF8, 0x7F, 0xF7, 0x80, 0x00,
    0x7F, 0xF3, 0x18, 0x00, 0x00, 0x00, 0x1C, 0x00, 0x00, 0x00, 0x1E, 0x00, 0x7F, 0xF3, 0xEE, 0x30,
    0x7F, 0xF7, 0xE7, 0x38, 0x70, 0x77, 0xE7, 0x38, 0x70, 0x77, 0xE3, 0x1C, 0x70, 0x76, 0xE2, 0x1C,
    0x70, 0x7E, 0xE0, 0x6E, 0x70, 0x7E, 0xE0, 0x7E, 0x70, 0x7E, 0xE0, 0x7E, 0x7F, 0xFC, 0xE0, 0x76,
    0x7F, 0xFC, 0xFF, 0xF0, 0x70, 0x00, 0x7F, 0xE0, 0x70, 0x00, 0x7F, 0xE0, 0x00, 0x00, 0x00, 0x00,
    0x0E, 0x00, 0x00, 0x00, 0x0F, 0x07, 0xFF, 0xFE, 0x07, 0x07, 0xFF, 0xFE, 0x07, 0x83, 0xFF, 0xFC,
    0x03, 0x80, 0x38, 0x00, 0x03, 0x00, 0x38, 0x00, 0xFF, 0xF8, 0x38, 0x00, 0xFF, 0xFB, 0xFF, 0xF0,
    0x00, 0x03, 0xFF, 0xF0, 0x00, 0x03, 0xFF, 0xF0, 0x7F, 0xF0, 0x70, 0x70, 0x7F, 0xF0, 0x70, 0x70,
    0x00, 0x00, 0x70, 0x70, 0x00, 0x00, 0x70, 0x70, 0x00, 0x0F, 0xFF, 0xFE, 0x7F, 0xFF, 0xFF, 0xFE,
    0x7F, 0xF7, 0xFF, 0xFE, 0x00, 0x00, 0x00, 0x00, 0x00, 0x03, 0xFF, 0xF8, 0x7F, 0xF3, 0xFF, 0xF8,
    0x7F, 0xF3, 0xFF, 0xF8, 0x78, 0x73, 0x80, 0x38, 0x70, 0x73, 0x80, 0x38, 0x70, 0x73, 0x80, 0x38,
    0x70, 0x73, 0x80, 0x38, 0x70, 0x73, 0x80, 0x38, 0x70, 0x73, 0x80, 0x38, 0x7F, 0xF3, 0xFF, 0xF8,
    0x7F, 0xF3, 0xFF, 0xF8, 0x70, 0x03, 0xFF, 0xF8, 0x30, 0x03, 0x80, 0x38, 0x00, 0x03, 0x80, 0x18,
    0x00, 0x00, 0x00, 0x00, 0x0E, 0x00, 0x00, 0x00, 0x0E, 0x01, 0xFF, 0xF8, 0x0F, 0x03, 0xFF, 0xF8,
    0x07, 0x03, 0xFF, 0xF8, 0x07, 0x83, 0x80, 0x38, 0x02, 0x03, 0x80, 0x38, 0xFF, 0xFB, 0x80, 0x38,
    0xFF, 0xFB, 0x80, 0x38, 0x00, 0x03, 0x80, 0x38, 0x00, 0x03, 0xFF, 0xF8, 0x7F, 0xE3, 0xFF, 0xF8,
    0x7F, 0xE1, 0xFF, 0xF8, 0x00, 0x00, 0x00, 0x00, 0x00, 0x03, 0xFF, 0xFC, 0x00, 0x07, 0xFF, 0xFC,
    0x7F, 0xE7, 0xFF, 0xFC, 0x7F, 0xE0, 0x0E, 0x00, 0x00, 0x00, 0x0E, 0x00, 0x00, 0x00, 0x0E, 0x00,
    0x7F, 0xF7, 0xFF, 0xFE, 0x7F, 0xFF, 0xFF, 0xFE, 0x70, 0x7F, 0xFF, 0xFE, 0x70, 0x70, 0x1F, 0x00,
    0x70, 0x70, 0x1F, 0x00, 0x70, 0x70, 0x3F, 0x80, 0x70, 0x70, 0x7B, 0xC0, 0x70, 0x70, 0xF1, 0xE0,
    0x7F, 0xF1, 0xF0, 0xF0, 0x7F, 0xFF, 0xE0, 0xFE, 0x70, 0x0F, 0x80, 0x3E, 0x70, 0x06, 0x00, 0x1C,
    0x00, 0x00, 0x00, 0x00, 0x00, 0x00, 0x00, 0x00, 0x0E, 0x00, 0xE0, 0x00, 0x0E, 0x00, 0xE0, 0x00,
    0x0F, 0x01, 0xC0, 0x00, 0x07, 0x01, 0xFF, 0xFE, 0x07, 0x03, 0xFF, 0xFE, 0x02, 0x03, 0xFF, 0xFC,
    0xFF, 0xF7, 0x80, 0x00, 0xFF, 0xFF, 0x00, 0x00, 0x00, 0x0E, 0x00, 0x00, 0x00, 0x1E, 0xFF, 0xF8,
    0x7F, 0xED, 0xFF, 0xF8, 0x7F, 0xE1, 0xC8, 0x38, 0x00, 0x01, 0xDC, 0x38, 0x00, 0x01, 0xCF, 0x38,
    0x00, 0x01, 0xC7, 0x38, 0x7F, 0xE1, 0xC3, 0x38, 0x7F, 0xEF, 0xFF, 0xFF, 0x00, 0x0F, 0xFF, 0xFF,
    0x00, 0x03, 0xD8, 0x38, 0x7F, 0xF3, 0xB8, 0x38, 0x7F, 0xF3, 0x9E, 0x38, 0x70, 0x73, 0x8F, 0x38,
    0x70, 0x73, 0x87, 0x38, 0x70, 0x73, 0x82, 0x38, 0x70, 0x73, 0xFF, 0xFE, 0x70, 0x77, 0xFF, 0xFE,
    0x70, 0x70, 0x00, 0x78, 0x7F, 0xF0, 0x00, 0x70, 0x7F, 0xF0, 0x00, 0x70, 0x70, 0x00, 0x0F, 0xF0,
    0x70, 0x00, 0x0F, 0xE0, 0x00, 0x00, 0x00, 0x00, 0x00, 0x00, 0x00, 0x00, 0x0E, 0x00, 0x61, 0x80,
    0x0E, 0x00, 0xE1, 0xC0, 0x0F, 0x00, 0xE1, 0xC0, 0x07, 0x01, 0xE0, 0xE0, 0x07, 0x01, 0xC0, 0xF0,
    0x02, 0x03, 0xC0, 0x70, 0xFF, 0xF7, 0x80, 0x38, 0xFF, 0xFF, 0x00, 0x3C, 0x00, 0x1F, 0x00, 0x1E,
    0x00, 0x1F, 0xFF, 0xFE, 0x7F, 0xEF, 0xFF, 0xFC, 0x7F, 0xE3, 0xFF, 0xF8, 0x00, 0x03, 0x80, 0x38,
    0x00, 0x03, 0x80, 0x38, 0x00, 0x03, 0x80, 0x38, 0x7F, 0xE3, 0x80, 0x38, 0x7F, 0xE3, 0xFF, 0xF8,
    0x00, 0x03, 0xFF, 0xF8, 0x00, 0x03, 0xFF, 0xF8, 0x7F, 0xE0, 0x73, 0x80, 0x7F, 0xE0, 0x73, 0x80,
    0x70, 0x60, 0x73, 0x80, 0x70, 0x60, 0xF3, 0x80, 0x70, 0x60, 0xE3, 0x80, 0x70, 0x60, 0xE3, 0x8C,
    0x70, 0x61, 0xE3, 0x8E, 0x70, 0x61, 0xC3, 0x8E, 0x7F, 0xE3, 0xC3, 0x8E, 0x7F, 0xFF, 0x83, 0xFE,
    0x70, 0x1F, 0x03, 0xFE, 0x70, 0x0E, 0x01, 0xFC, 0x00, 0x00, 0x00, 0x00, 0x00, 0x00, 0x06, 0x00,
    0x1C, 0x00, 0x1C, 0x00, 0x38, 0x00, 0x38, 0x00, 0x38, 0x3F, 0xFF, 0xF0, 0x78, 0x7F, 0xFF, 0xE0,
    0x60, 0x01, 0xC0, 0x00, 0x80, 0x03, 0x80, 0x7F, 0xFD, 0xFF, 0xFE, 0xFF, 0xFB, 0xFF, 0xFC, 0x00,
    0x00, 0x1C, 0x00, 0x00, 0x00, 0x38, 0x03, 0xFF, 0xFF, 0xFF, 0xF7, 0xFF, 0xFF, 0xFF, 0xE0, 0x00,
    0x00, 0x00, 0x00, 0x00, 0x00, 0x00, 0x00, 0x00, 0xFF, 0xFC, 0x7F, 0xF1, 0xFF, 0xF8, 0xFF, 0xE3,
    0x80, 0x70, 0x00, 0x07, 0x00, 0xE0, 0x00, 0x0E, 0x01, 0xC7, 0xFF, 0x1F, 0xFF, 0x8F, 0xFE, 0x3F,
    0xFF, 0x1C, 0x1C, 0x70, 0x0E, 0x38, 0x38, 0xE0, 0x1C, 0x70, 0x71, 0xFF, 0xF8, 0xE0, 0xE3, 0xFF,
    0xF1, 0xC1, 0xC7, 0x00, 0xE3, 0x83, 0x8E, 0x01, 0xC7, 0xFF, 0x1C, 0x03, 0x8F, 0xFE, 0x38, 0x07,
    0x1C, 0x00, 0x70, 0x7E, 0x38, 0x00, 0xE0, 0xFC, 0x00, 0x00, 0x00, 0x00, 0x04, 0x00, 0x00, 0x00,
    0x0C, 0x00, 0x07, 0x00, 0x0E, 0x07, 0xFB, 0xB8, 0x0F, 0x07, 0xFB, 0xF8, 0x07, 0x00, 0x73, 0xF0,
    0x07, 0x04, 0x73, 0xC0, 0x02, 0x0F, 0xF1, 0xCE, 0xFF, 0xFF, 0xF1, 0xFE, 0xFF, 0xF3, 0xE0, 0xF8,
    0x00, 0x01, 0xE0, 0xF0, 0x00, 0x03, 0xC0, 0x78, 0x7F, 0xE7, 0xFF, 0xFC, 0x7F, 0xEF, 0x7F, 0xFE,
    0x00, 0x1E, 0x00, 0x1F, 0x00, 0x0C, 0x00, 0x0E, 0x00, 0x03, 0xFF, 0xF0, 0x7F, 0xE3, 0xFF, 0xF0,
    0x7F, 0xE3, 0x80, 0x70, 0x00, 0x03, 0x80, 0x70, 0x00, 0x03, 0x80, 0x70, 0x7F, 0xE3, 0x80, 0x70,
    0x7F, 0xE3, 0xFF, 0xF0, 0x70, 0xE3, 0xFF, 0xF0, 0x70, 0xE0, 0xC0, 0xE0, 0x70, 0xE0, 0xE0, 0xE0,
    0x70, 0xE0, 0xE1, 0xE0, 0x70, 0xE0, 0x71, 0xC0, 0x70, 0xE0, 0x73, 0xC0, 0x7F, 0xE0, 0x73, 0x80,
    0x7F, 0xFF, 0xFF, 0xFE, 0x70, 0x1F, 0xFF, 0xFE, 0x70, 0x00, 0x00, 0x00, 0x00, 0x00, 0x00, 0x00,
    0x0C, 0x00, 0x1E, 0x00, 0x1E, 0x00, 0x1E, 0x00, 0x0E, 0x0F, 0xFF, 0xFE, 0x0F, 0x0F, 0xFF, 0xFE,
    0x07, 0x00, 0x1E, 0x00, 0x07, 0x07, 0xFF, 0xFC, 0xFF, 0xE7, 0xFF, 0xFC, 0xFF, 0xE0, 0x00, 0x00,
    0x00, 0x0F, 0xFF, 0xFE, 0x00, 0x0F, 0xFF, 0xFE, 0x7F, 0xEE, 0x71, 0x8E, 0x7F, 0xEE, 0x71, 0x8E,
    0x00, 0x0E, 0x71, 0x8E, 0x00, 0x0F, 0xFF, 0xFE, 0x00, 0x0F, 0xFF, 0xFE, 0x7F, 0xE0, 0x00, 0x00,
    0x7F, 0xE7, 0xFF, 0xFC, 0x00, 0x07, 0xFF, 0xFC, 0x00, 0x07, 0x00, 0x1C, 0x7F, 0xE7, 0xFF, 0xFC,
    0x7F, 0xE7, 0xFF, 0xFC, 0x70, 0xE7, 0x00, 0x1C, 0x70, 0xE7, 0xFF, 0xFC, 0x70, 0xE7, 0xFF, 0xFC,
    0x70, 0xE7, 0xFF, 0xFC, 0x70, 0xE7, 0xFF, 0xFC, 0x70, 0xE0, 0xE1, 0xC0, 0x7F, 0xE3, 0xF1, 0xF0,
    0x7F, 0xEF, 0xC0, 0xFC, 0x70, 0x3F, 0x80, 0x3E, 0x70, 0x1C, 0x00, 0x0E, 0x00, 0x00, 0x00, 0x00,
    0x00, 0x00, 0x00, 0x00, 0x08, 0x00, 0x3C, 0x00, 0x38, 0x00, 0x78, 0x00, 0x78, 0x00, 0xF0, 0x00,
    0x78, 0x01, 0xE0, 0x00, 0x78, 0x03, 0xC0, 0x00, 0x78, 0x07, 0x80, 0x00, 0x60, 0x0F, 0x00, 0x00,
    0x00, 0x1E, 0x00, 0x00, 0x00, 0x3C, 0x00, 0x00, 0x00, 0x78, 0x07, 0xFC, 0x00, 0xF0, 0x0F, 0xF9,
    0xFF, 0xFF, 0xFF, 0xF3, 0xFF, 0xFF, 0xC1, 0xE7, 0xFF, 0xFF, 0x83, 0xC0, 0x0F, 0x00, 0x07, 0x80,
    0x1E, 0x00, 0x0F, 0x00, 0x3C, 0x00, 0x1E, 0x00, 0x78, 0x00, 0x3C, 0x00, 0xF0, 0x00, 0x78, 0x01,
    0xE0, 0x00, 0xF0, 0x03, 0xC0, 0x01, 0xE0, 0x07, 0x80, 0x03, 0xCC, 0x0F, 0x00, 0x07, 0xB8, 0x1E,
    0x00, 0x0F, 0xF0, 0x3C, 0x00, 0x1F, 0xC0, 0x78, 0x00, 0x3F, 0x00, 0xF0, 0x00, 0xFC, 0x01, 0xE0,
    0x01, 0xE0, 0x03, 0xC0, 0x01, 0x80, 0x07, 0x80, 0x02, 0x00, 0x0F, 0x00, 0x00, 0x00, 0x0C, 0x00,
    0x00, 0x00, 0x00, 0x00, 0x04, 0x00, 0x1E, 0x00, 0x0E, 0x00, 0x1E, 0x00, 0x0F, 0x00, 0x1E, 0x00,
    0x07, 0x80, 0x1E, 0x00, 0x03, 0xC0, 0x1E, 0x00, 0x01, 0xE0, 0x1C, 0x00, 0x00, 0xC0, 0x1C, 0x00,
    0x00, 0x00, 0x1C, 0x00, 0x00, 0x00, 0x1C, 0x00, 0x00, 0x00, 0x1C, 0x00, 0xFF, 0x80, 0x1C, 0x00,
    0xFF, 0x80, 0x1E, 0x00, 0xFF, 0x80, 0x1E, 0x00, 0x03, 0x80, 0x1E, 0x00, 0x03, 0x80, 0x1E, 0x00,
    0x03, 0x80, 0x3E, 0x00, 0x03, 0x80, 0x3F, 0x00, 0x03, 0x80, 0x3F, 0x00, 0x03, 0x80, 0x3F, 0x00,
    0x03, 0x80, 0x3F, 0x80, 0x03, 0x80, 0x7B, 0x80, 0x03, 0x80, 0x73, 0x80, 0x03, 0x98, 0xF1, 0xC0,
    0x03, 0xBC, 0xF1, 0xC0, 0x03, 0xF9, 0xE1, 0xE0, 0x03, 0xF1, 0xE0, 0xF0, 0x07, 0xC3, 0xC0, 0x78,
    0x0F, 0x87, 0x80, 0x7C, 0x0F, 0x0F, 0x80, 0x3E, 0x04, 0x1F, 0x00, 0x1E, 0x00, 0x0C, 0x00, 0x0C,
    0x00, 0x00, 0x00, 0x00, 0x00, 0x00, 0x00, 0x00, 0x0C, 0x00, 0x00, 0x00, 0x1E, 0x07, 0xFF, 0xF8,
    0x0F, 0x07, 0xFF, 0xF8, 0x07, 0x87, 0xFF, 0xF8, 0x03, 0xC0, 0x00, 0x38, 0x01, 0xC0, 0x00, 0x38,
    0x00, 0x80, 0x00, 0x38, 0x00, 0x00, 0x00, 0x38, 0x00, 0x00, 0x00, 0x38, 0xFF, 0x80, 0x00, 0x38,
    0xFF, 0x80, 0x00, 0x38, 0xFF, 0x80, 0x00, 0x38, 0x07, 0x87, 0xFF, 0xF8, 0x07, 0x87, 0xFF, 0xF8,
    0x07, 0x87, 0xFF, 0xF8, 0x07, 0x87, 0x80, 0x38, 0x07, 0x87, 0x80, 0x38, 0x07, 0x87, 0x80, 0x00,
    0x07, 0x87, 0x80, 0x00, 0x07, 0x87, 0x80, 0x00, 0x07, 0x87, 0x80, 0x00, 0x07, 0x87, 0x80, 0x08,
    0x07, 0xB7, 0x80, 0x0E, 0x07, 0xFF, 0x80, 0x0E, 0x07, 0xF7, 0x80, 0x0E, 0x07, 0xE7, 0x80, 0x0E,
    0x07, 0xC7, 0x80, 0x1E, 0x0F, 0x03, 0xFF, 0xFC, 0x06, 0x03, 0xFF, 0xFC, 0x00, 0x00, 0xFF, 0xF0,
    0x00, 0x00, 0x00, 0x00, 0x00, 0x03, 0x80, 0x00, 0x30, 0x07, 0x00, 0x00, 0xF0, 0x1E, 0x00, 0x01,
    0xF0, 0x38, 0x00, 0x01, 0xF0, 0x70, 0x00, 0x01, 0xF1, 0xFF, 0xFF, 0x01, 0xE3, 0xFF, 0xFE, 0x01,
    0x87, 0xFF, 0xFC, 0x00, 0x1E, 0x1C, 0x00, 0x00, 0x38, 0x38, 0x07, 0xF8, 0xF0, 0x70, 0x0F, 0xF9,
    0xC0, 0xE0, 0x1F, 0xF3, 0x81, 0xC0, 0x01, 0xE0, 0x03, 0x80, 0x03, 0xC0, 0x07, 0x00, 0x07, 0x80,
    0x0E, 0x00, 0x0F, 0x7F, 0xFF, 0xFC, 0x1E, 0xFF, 0xFF, 0xF8, 0x3C, 0xFF, 0xFF, 0xF0, 0x78, 0x00,
    0xE0, 0x00, 0xF0, 0x01, 0xC0, 0x01, 0xE0, 0x03, 0x80, 0x03, 0xC0, 0x07, 0x00, 0x07, 0xB0, 0x0E,
    0x00, 0x0F, 0xF0, 0x1C, 0x00, 0x1F, 0xC0, 0x38, 0x00, 0x3F, 0x00, 0x70, 0x00, 0xFC, 0x00, 0xE0,
    0x00, 0xE0, 0x01, 0xC0, 0x01, 0x80, 0x03, 0x80, 0x00, 0x00, 0x07, 0x00, 0x00, 0x00, 0x00, 0x00,
    0x08, 0x00, 0x00, 0x00, 0x1C, 0x01, 0xFF, 0xC0, 0x1F, 0x01, 0xFF, 0xC0, 0x0F, 0x81, 0xFF, 0xC0,
    0x07, 0x81, 0xC1, 0xC0, 0x03, 0xC1, 0xC1, 0xC0, 0x01, 0x81, 0xC1, 0xC0, 0x00, 0x01, 0xC1, 0xC0,
    0x00, 0x03, 0x81, 0xC0, 0x00, 0x07, 0x81, 0xC0, 0xFF, 0x0F, 0x81, 0xFE, 0xFF, 0x1F, 0x00, 0xFE,
    0xFF, 0x3E, 0x00, 0x3C, 0x07, 0x1C, 0x00, 0x00, 0x07, 0x00, 0x00, 0x00, 0x07, 0x1F, 0xFF, 0xF8,
    0x07, 0x1F, 0xFF, 0xF8, 0x07, 0x0F, 0xFF, 0xF8, 0x07, 0x07, 0x80, 0x70, 0x07, 0x03, 0x80, 0xF0,
    0x07, 0x03, 0xC0, 0xE0, 0x07, 0x01, 0xE1, 0xE0, 0x07, 0x10, 0xF3, 0xC0, 0x07, 0x70, 0xFF, 0x80,
    0x07, 0xF0, 0x7F, 0x00, 0x07, 0xF0, 0x3E, 0x00, 0x0F, 0xC0, 0xFF, 0x80, 0x0F, 0x83, 0xFF, 0xE0,
    0x1F, 0x1F, 0xE3, 0xFE, 0x0C, 0x3F, 0x80, 0xFE, 0x00, 0x1E, 0x00, 0x3C, 0x00, 0x00, 0x00, 0x00,
    0x00, 0x00, 0x00, 0x00, 0x10, 0x00, 0x38, 0x00, 0x70, 0x00, 0x70, 0x00, 0xF0, 0x00, 0xE0, 0x00,
    0xF0, 0x01, 0xE0, 0x00, 0xF0, 0x01, 0xC0, 0x00, 0xF0, 0x03, 0x80, 0x00, 0xCF, 0xFF, 0xFF, 0x00,
    0x1F, 0xFF, 0xFE, 0x00, 0x3F, 0xFF, 0xFC, 0x00, 0x03, 0x80, 0x07, 0xF8, 0x07, 0x00, 0x0F, 0xF8,
    0x0E, 0x00, 0x1F, 0xF0, 0x1C, 0x00, 0x01, 0xE0, 0x3F, 0xFC, 0x03, 0xC0, 0x7F, 0xFC, 0x07, 0x80,
    0xFF, 0xF8, 0x0F, 0x03, 0xC0, 0xF0, 0x1E, 0x07, 0x81, 0xE0, 0x3C, 0x0E, 0x03, 0xC0, 0x78, 0x1C,
    0x07, 0x00, 0xF0, 0x38, 0x0E, 0x01, 0xE0, 0x70, 0x1C, 0x03, 0xDD, 0xE0, 0x38, 0x07, 0xFB, 0x80,
    0x70, 0x0F, 0xE7, 0x00, 0xE0, 0x1F, 0x9E, 0x01, 0xC0, 0x3E, 0x38, 0x03, 0x80, 0xF0, 0xF0, 0x0F,
    0x01, 0xC3, 0xC3, 0xFC, 0x01, 0x0F, 0x07, 0xF8, 0x00, 0x0C, 0x0F, 0xE0, 0x00, 0x00, 0x00, 0x00,
    0x00, 0x00, 0x00, 0x00, 0x18, 0x00, 0x00, 0x00, 0x3C, 0x0F, 0xFF, 0xFC, 0x1F, 0x1F, 0xFF, 0xFE,
    0x0F, 0x9F, 0xFF, 0xFE, 0x07, 0x80, 0x0E, 0x00, 0x03, 0x80, 0x0E, 0x00, 0x01, 0x00, 0x0E, 0x00,
    0x00, 0x00, 0x0E, 0x00, 0x00, 0x00, 0x0E, 0x00, 0xFF, 0x00, 0x0E, 0x00, 0xFF, 0x07, 0x0E, 0x00,
    0xFF, 0x07, 0x0E, 0x00, 0x07, 0x07, 0x0F, 0xFC, 0x07, 0x07, 0x0F, 0xFC, 0x07, 0x07, 0x0F, 0xFC,
    0x07, 0x07, 0x0E, 0x00, 0x07, 0x07, 0x0E, 0x00, 0x07, 0x07, 0x0E, 0x00, 0x07, 0x07, 0x0E, 0x00,
    0x07, 0x07, 0x0E, 0x00, 0x07, 0x07, 0x0E, 0x00, 0x07, 0x37, 0x0E, 0x00, 0x07, 0x77, 0x0E, 0x00,
    0x07, 0xF7, 0x0E, 0x00, 0x07, 0xE7, 0x0E, 0x00, 0x07, 0xC7, 0x0E, 0x00, 0x0F, 0x9F, 0xFF, 0xFE,
    0x1F, 0x3F, 0xFF, 0xFE, 0x0C, 0x3F, 0xFF, 0xFE, 0x00, 0x00, 0x00, 0x00, 0x18, 0x1F, 0xFF, 0xFC,
    0xF0, 0x7F, 0xFF, 0xF1, 0xE1, 0xFF, 0xFF, 0xC3, 0xE0, 0x00, 0x07, 0x07, 0x80, 0x00, 0x1C, 0x0E,
    0x00, 0x00, 0x70, 0x10, 0xFF, 0xF9, 0xC0, 0x03, 0xFF, 0xE7, 0x00, 0x0F, 0xFF, 0x9F, 0xFC, 0x00,
    0x00, 0x7F, 0xF0, 0x00, 0x01, 0xFF, 0xC0, 0x00, 0x07, 0x07, 0x07, 0xFF, 0x1C, 0x1C, 0x1F, 0xFC,
    0x70, 0x70, 0x7F, 0xF1, 0xC1, 0xC1, 0xC1, 0xC7, 0x07, 0x07, 0x07, 0x1C, 0x1C, 0x1C, 0x1C, 0x70,
    0x70, 0x70, 0x71, 0xC1, 0xC1, 0xC1, 0xC7, 0x07, 0x07, 0xFF, 0x1C, 0x1C, 0x5F, 0xFC, 0x70, 0x77,
    0x7F, 0xF1, 0xC1, 0xFD, 0xC0, 0x07, 0x07, 0xE7, 0x00, 0x1C, 0x1F, 0x1C, 0x00, 0x70, 0xF8, 0x00,
    0x01, 0xC3, 0x80, 0x00, 0xFF, 0x0C, 0x00, 0x03, 0xFC, 0x00, 0x00, 0x0F, 0xE0, 0x08, 0x00, 0x07,
    0x20, 0x1C, 0x00, 0x07, 0x70, 0x1E, 0x00, 0x07, 0x78, 0x0F, 0x00, 0x07, 0x3C, 0x07, 0x80, 0x07,
    0x1C, 0x03, 0xC0, 0x07, 0x0C, 0x01, 0x80, 0x07, 0x08, 0x00, 0x3F, 0xFF, 0xFE, 0x00, 0x3F, 0xFF,
    0xFE, 0x00, 0x3F, 0xFF, 0xFE, 0xFF, 0x00, 0x07, 0x80, 0xFF, 0x00, 0x07, 0x80, 0xFF, 0x00, 0x07,
    0x80, 0x07, 0x00, 0x03, 0x80, 0x07, 0x1F, 0xFB, 0x80, 0x07, 0x1F, 0xFB, 0x80, 0x07, 0x1F, 0xFB,
    0x80, 0x07, 0x01, 0xC3, 0x80, 0x07, 0x01, 0xC3, 0x80, 0x07, 0x01, 0xC3, 0x80, 0x07, 0x01, 0xC3,
    0xC0, 0x07, 0x01, 0xC3, 0xC0, 0x07, 0x01, 0xC1, 0xC0, 0x07, 0x31, 0xC1, 0xC6, 0x07, 0x71, 0xFD,
    0xC7, 0x07, 0xF7, 0xFD, 0xE6, 0x07, 0xFF, 0xF8, 0xEE, 0x0F, 0x9F, 0x80, 0xFE, 0x0F, 0x1C, 0x00,
    0xFE, 0x0C, 0x00, 0x00, 0x7C, 0x00, 0x00, 0x00, 0x3C, 0x00, 0x00, 0x00, 0x00, 0x10, 0x00, 0x78,
    0x00, 0x70, 0x00, 0x70, 0x00, 0xF0, 0x00, 0xF0, 0x00, 0xF0, 0x00, 0xE0, 0x00, 0xF3, 0xFF, 0xFF,
    0xC1, 0xE7, 0xFF, 0xFF, 0x81, 0xCF, 0xFF, 0xFF, 0x01, 0x00, 0x78, 0x00, 0x00, 0x00, 0xE0, 0x00,
    0x00, 0x03, 0xC0, 0x07, 0xF8, 0x0F, 0x07, 0x8F, 0xF8, 0x3C, 0x1E, 0x1F, 0xF0, 0xF8, 0xF8, 0x01,
    0xE7, 0xFF, 0xF0, 0x03, 0xC7, 0xFF, 0xC0, 0x07, 0x8F, 0xEF, 0x10, 0x0F, 0x00, 0x3C, 0x38, 0x1E,
    0x00, 0xF0, 0xF0, 0x3C, 0x07, 0xC3, 0xC0, 0x78, 0x1F, 0x0F, 0x80, 0xF0, 0xFC, 0x3E, 0x01, 0xE7,
    0xE0, 0xF8, 0x03, 0xCF, 0x83, 0xE0, 0x07, 0x9C, 0x0F, 0x80, 0x0F, 0xE0, 0x7F, 0x80, 0x1F, 0xC1,
    0xFF, 0x80, 0x3F, 0x0F, 0xCF, 0x80, 0x7C, 0x7E, 0x0F, 0x81, 0xF7, 0xF8, 0x07, 0x83, 0xCF, 0xC0,
    0x07, 0x82, 0x1E, 0x00, 0x04, 0x00, 0x00, 0x00, 0x00, 0x00, 0x00, 0x00, 0x00, 0x00, 0x07, 0x00,
    0x70, 0x70, 0x0F, 0x01, 0xE1, 0xF0, 0x0E, 0x03, 0xC1, 0xF0, 0x1E, 0x07, 0x01, 0xF0, 0x1C, 0x1E,
    0x01, 0xE0, 0x38, 0x38, 0x01, 0xC7, 0xFF, 0xFE, 0x01, 0x0F, 0xFF, 0xFC, 0x00, 0x1F, 0xFF, 0xF8,
    0x00, 0x00, 0x38, 0x07, 0xF8, 0x00, 0x70, 0x0F, 0xF0, 0x00, 0xE0, 0x1F, 0xE0, 0x01, 0xC0, 0x01,
    0xC1, 0xFF, 0xFE, 0x03, 0x83, 0xFF, 0xFC, 0x07, 0x07, 0xFF, 0xF8, 0x0E, 0x00, 0x1C, 0x00, 0x1C,
    0x00, 0x38, 0x00, 0x38, 0x00, 0x70, 0x00, 0x70, 0x00, 0xE0, 0x00, 0xE3, 0xFF, 0xFF, 0xC1, 0xC7,
    0xFF, 0xFF, 0x83, 0x8F, 0xFF, 0xFF, 0x07, 0x70, 0x0E, 0x00, 0x0F, 0xE0, 0x1C, 0x00, 0x1F, 0xC0,
    0x38, 0x00, 0x3E, 0x00, 0x70, 0x00, 0xF8, 0x00, 0xE0, 0x01, 0xE0, 0x01, 0xC0, 0x03, 0x80, 0x03,
    0x80, 0x02, 0x00, 0x07, 0x00, 0x00, 0x00, 0x00, 0x00, 0x00, 0x00, 0x00, 0x00, 0x30, 0x7F, 0xFF,
    0xF8, 0xF0, 0xFF, 0xFF, 0xF0, 0xF0, 0xFF, 0xFF, 0xE0, 0xF0, 0x07, 0x00, 0x00, 0xF0, 0x0E, 0x00,
    0x00, 0xE0, 0x1C, 0x00, 0x00, 0x87, 0xFF, 0xF8, 0x00, 0x0F, 0xFF, 0xF0, 0x00, 0x1F, 0xFF, 0xE3,
    0xFC, 0x03, 0x81, 0xC7, 0xF8, 0x0F, 0x07, 0x8F, 0xF0, 0x1C, 0x0F, 0x00, 0xE0, 0x38, 0x1C, 0x01,
    0xDF, 0xFF, 0xFF, 0x83, 0xBF, 0xFF, 0xFF, 0x07, 0x3F, 0xFF, 0xFE, 0x0E, 0x00, 0x00, 0x00, 0x1C,
    0x00, 0x00, 0x00, 0x38, 0x7F, 0xFF, 0xC0, 0x70, 0xFF, 0xFF, 0x80, 0xE1, 0xFF, 0xFF, 0x01, 0xC7,
    0x80, 0x0E, 0x03, 0x9F, 0x00, 0x1C, 0x07, 0xFE, 0x00, 0x38, 0x0F, 0xFC, 0x00, 0x70, 0x3F, 0xB8,
    0x00, 0xE0, 0x7C, 0x7F, 0xFF, 0xC0, 0xF0, 0xFF, 0xFF, 0x81, 0xC1, 0xFF, 0xFF, 0x00, 0x03, 0x80,
    0x0E, 0x00, 0x07, 0x00, 0x08, 0x18, 0x07, 0xFF, 0xF8, 0x3C, 0x07, 0xFF, 0xF8, 0x1E, 0x07, 0xFF,
    0xF8, 0x0F, 0x07, 0x00, 0x38, 0x07, 0x87, 0x00, 0x38, 0x03, 0x87, 0x00, 0x38, 0x01, 0x07, 0x00,
    0x38, 0x00, 0x07, 0xFF, 0xF8, 0x00, 0x07, 0xFF, 0xF8, 0xFF, 0x07, 0xFF, 0xF8, 0xFF, 0x00, 0x00,
    0x00, 0xFF, 0x00, 0x00, 0x00, 0x07, 0x0F, 0xFF, 0xFC, 0x07, 0x0F, 0xFF, 0xFC, 0x07, 0x0F, 0xFF,
    0xFC, 0x07, 0x00, 0x1C, 0x00, 0x07, 0x00, 0x1C, 0x00, 0x07, 0x00, 0x1C, 0x00, 0x07, 0x1F, 0xFF,
    0xFE, 0x07, 0x1F, 0xFF, 0xFE, 0x07, 0x1F, 0xFF, 0xFE, 0x07, 0x00, 0x3E, 0x00, 0x07, 0x30, 0x3F,
    0x00, 0x07, 0xF0, 0x7F, 0x00, 0x07, 0xF0, 0xF7, 0x80, 0x0F, 0xE1, 0xF3, 0xE0, 0x0F, 0x87, 0xE1,
    0xF0, 0x0F, 0x1F, 0xC0, 0xFE, 0x04, 0x3F, 0x00, 0x7E, 0x00, 0x1C, 0x00, 0x1C, 0x00, 0x00, 0x00,
    0x00, 0x00, 0x00, 0x00, 0x00, 0x00, 0x03, 0x80, 0x00, 0x70, 0x0F, 0x00, 0x01, 0xF0, 0x1C, 0x00,
    0x01, 0xF0, 0x3F, 0xFF, 0xC1, 0xF0, 0xFF, 0xFF, 0xC1, 0xF1, 0xFF, 0xFF, 0x81, 0xC7, 0x80, 0x00,
    0x01, 0x0E, 0x00, 0x00, 0x00, 0x3C, 0x00, 0x00, 0x00, 0xFF, 0xFF, 0xE7, 0xF8, 0xDF, 0xFF, 0xCF,
    0xF0, 0x39, 0x83, 0x9F, 0xE0, 0x77, 0x87, 0x01, 0xC0, 0xEF, 0x8E, 0x03, 0x83, 0x87, 0x9C, 0x07,
    0x07, 0x07, 0x38, 0x0E, 0x3F, 0xFF, 0xFC, 0x1C, 0xFF, 0xFF, 0xF8, 0x39, 0xFF, 0xFF, 0xF0, 0x70,
    0x73, 0x03, 0x80, 0xE0, 0xE7, 0x87, 0x01, 0xC1, 0xC7, 0x8E, 0x03, 0x9F, 0x07, 0x9C, 0x07, 0x7E,
    0x02, 0x38, 0x0F, 0xFF, 0xFF, 0xFC, 0x1F, 0xBF, 0xFF, 0xF8, 0x3E, 0x00, 0x03, 0x80, 0xF8, 0x00,
    0x07, 0x01, 0xC0, 0x00, 0x9E, 0x03, 0x00, 0x01, 0xFC, 0x00, 0x00, 0x03, 0xF0, 0x00, 0x00, 0x00,
    0x00, 0x00, 0x00, 0x00, 0x00, 0x10, 0x0E, 0x01, 0xC0, 0x70, 0x1E, 0x03, 0x80, 0xF0, 0x1C, 0x0F,
    0x00, 0xF0, 0x3C, 0x1E, 0x00, 0xF0, 0x38, 0x38, 0x01, 0xF0, 0x78, 0xF0, 0x01, 0xC7, 0xFF, 0xF8,
    0x01, 0x1F, 0xFF, 0xF0, 0x00, 0x3F, 0xFF, 0xE0, 0x00, 0x78, 0x01, 0xC7, 0xF8, 0xF0, 0x03, 0x8F,
    0xF1, 0xE0, 0x07, 0x1F, 0xE3, 0xC0, 0x0E, 0x01, 0xC7, 0x80, 0x1C, 0x03, 0x8F, 0x00, 0x38, 0x07,
    0x1F, 0xFF, 0xF0, 0x0E, 0x3F, 0xFF, 0xE0, 0x1C, 0x3F, 0xFF, 0xC0, 0x38, 0x0F, 0x38, 0x00, 0x70,
    0x1E, 0x70, 0x00, 0xE0, 0x38, 0xE0, 0x01, 0xC4, 0x71, 0xC0, 0x03, 0xB8, 0xE3, 0x80, 0x07, 0xFB,
    0xC7, 0x00, 0x0F, 0xE7, 0x0E, 0x1C, 0x1F, 0x1E, 0x1C, 0x38, 0x7C, 0x78, 0x38, 0x71, 0xF1, 0xF0,
    0x78, 0xE1, 0x8F, 0xC0, 0xFF, 0xC2, 0x1F, 0x00, 0xFF, 0x00, 0x18, 0x00, 0xFC, 0x00, 0x00, 0x1C,
    0x00, 0x30, 0x00, 0x38, 0x00, 0xF0, 0x00, 0x70, 0x00, 0xF0, 0xFF, 0xFF, 0xE0, 0xF1, 0xFF, 0xFF,
    0xC0, 0xF0, 0x03, 0x80, 0x00, 0xE0, 0x07, 0x00, 0x00, 0x87, 0xFF, 0xFC, 0x00, 0x0F, 0xFF, 0xF8,
    0x00, 0x00, 0x38, 0x03, 0xFC, 0x00, 0x70, 0x07, 0xF9, 0xFF, 0xFF, 0xFF, 0xF3, 0xFF, 0xFF, 0xE0,
    0xE0, 0x00, 0x00, 0x01, 0xC0, 0x00, 0x00, 0x03, 0x83, 0xFF, 0xFC, 0x07, 0x07, 0xFF, 0xF8, 0x0E,
    0x0E, 0x00, 0x70, 0x1C, 0x1C, 0x00, 0xE0, 0x38, 0x3F, 0xFF, 0xC0, 0x70, 0x7F, 0xFF, 0x80, 0xE0,
    0xE0, 0x07, 0x01, 0xC5, 0xC0, 0x0E, 0x03, 0xBB, 0x80, 0x1C, 0x07, 0xF7, 0xFF, 0xF8, 0x0F, 0xEF,
    0xFF, 0xF0, 0x1F, 0x1C, 0x00, 0xE0, 0x7C, 0x38, 0x01, 0xC0, 0xF0, 0x70, 0x27, 0x81, 0xC0, 0xE0,
    0xFE, 0x01, 0x01, 0xC0, 0xFC, 0x00, 0x00, 0x00, 0x00, 0x00, 0x00, 0x08, 0x00, 0x00, 0x00, 0x38,
    0x00, 0x70, 0x00, 0x70, 0x01, 0xF0, 0x00, 0xE0, 0x01, 0xF0, 0xFF, 0xFF, 0x81, 0xF1, 0xFF, 0xFF,
    0x01, 0xE1, 0xFF, 0xFC, 0x01, 0xC0, 0x0E, 0x00, 0x00, 0x00, 0x1C, 0x00, 0x00, 0x3F, 0xFF, 0xF8,
    0x00, 0x7F, 0xFF, 0xF7, 0xF8, 0xFF, 0xFF, 0xEF, 0xF0, 0x30, 0x41, 0xDF, 0xE0, 0x71, 0xC7, 0x01,
    0xC0, 0xFB, 0x8E, 0x03, 0x80, 0x7F, 0x18, 0x07, 0x1C, 0x7E, 0x00, 0x0E, 0x3E, 0x5C, 0x00, 0x1C,
    0x1E, 0x38, 0x00, 0x38, 0x1E, 0x70, 0x00, 0x70, 0x18, 0xE0, 0x00, 0xE7, 0xFF, 0xFF, 0xC1, 0xCF,
    0xFF, 0xFF, 0x83, 0x9F, 0xFF, 0xFE, 0x07, 0x60, 0x39, 0x00, 0x0F, 0xE0, 0xF7, 0x00, 0x1F, 0x83,
    0xCF, 0x80, 0x3E, 0x0F, 0x0F, 0x80, 0xF8, 0x7C, 0x07, 0x81, 0xE3, 0xF0, 0x07, 0x83, 0x0F, 0xC0,
    0x07, 0x80, 0x0E, 0x00, 0x07, 0x00, 0x10, 0x00, 0x00, 0x3F, 0xFF, 0x00, 0x00, 0x7F, 0xFF, 0xFF,
    0xF8, 0xE3, 0x03, 0xFF, 0xF1, 0xC6, 0x03, 0x81, 0xC3, 0xFF, 0xE3, 0x87, 0x87, 0xFF, 0xC7, 0x8E,
    0x0E, 0x03, 0x87, 0x3C, 0x1C, 0x07, 0x0F, 0xF0, 0x3F, 0xFE, 0x0F, 0xC0, 0x7F, 0xFC, 0x0F, 0x80,
    0xE3, 0x00, 0x3F, 0x01, 0xC6, 0x01, 0xFF, 0x83, 0xFF, 0xFF, 0xCF, 0xE7, 0xFF, 0xFE, 0x0F, 0xC0,
    0x00, 0x30, 0x07, 0x1F, 0xFF, 0xFF, 0xFE, 0x3F, 0xFF, 0xFF, 0xFC, 0x00, 0x00, 0x00, 0x00, 0x1F,
    0xFF, 0xFF, 0x00, 0x3F, 0xFF, 0xFE, 0x00, 0x70, 0x00, 0x1C, 0x00, 0xE0, 0x00, 0x38, 0x01, 0xC0,
    0x00, 0x70, 0x03, 0xFF, 0xFF, 0xE0, 0x07, 0xFF, 0xFF, 0xC0, 0x00, 0xE0, 0x3C, 0x00, 0x01, 0xE0,
    0x70, 0x07, 0xFF, 0xFF, 0xFF, 0xFF, 0xFF, 0xFF, 0xFF, 0xE0, 0x07, 0xFF, 0xFF, 0xE0, 0x0F, 0xFF,
    0xFF, 0xC0, 0x1F, 0xFF, 0xFF, 0x80, 0x38, 0x00, 0x07, 0x00, 0x70, 0x00, 0x0E, 0x00, 0xE0, 0x00,
    0x1C, 0x01, 0xFF, 0xFF, 0xF8, 0x03, 0xFF, 0xFF, 0xF0, 0x07, 0xFF, 0xFF, 0xE0, 0x0E, 0x00, 0x01,
    0xC0, 0x1C, 0x00, 0x03, 0x80, 0x38, 0x00, 0x07, 0x00, 0x70, 0x00, 0x0E, 0x00, 0xFF, 0xFF, 0xFC,
    0x01, 0xFF, 0xFF, 0xF8, 0x03, 0xFF, 0xFF, 0xF0, 0x07, 0x00, 0x00, 0xE0, 0x0E, 0x00, 0x01, 0xC0,
    0x1C, 0x00, 0x03, 0x80, 0x3F, 0xFF, 0xFF, 0x00, 0x7F, 0xFF, 0xFE, 0x00, 0xFF, 0xFF, 0xFC, 0x00,
    0x00, 0x00, 0x00, 0x00, 0x38, 0x0E, 0x00, 0x00, 0xF8, 0x3F, 0x00, 0x07, 0xE0, 0x3F, 0x80, 0x3F,
    0x80, 0x1F, 0xC1, 0xFC, 0x00, 0x0F, 0xC7, 0xE0, 0x00, 0x07, 0xC7, 0x00, 0x00, 0x07, 0x80, 0x00,
    0x00, 0x00, 0x00, 0x00, 0x00, 0x00, 0x00, 0x01, 0xF8, 0x03, 0xE0, 0x7F, 0xF9, 0xFF, 0xE0, 0xFF,
    0x87, 0xFE, 0x01, 0xC0, 0x0E, 0x00, 0x03, 0x80, 0x1C, 0x00, 0x07, 0xFF, 0xFF, 0xFF, 0x8F, 0xFF,
    0xFF, 0xFF, 0x38, 0x70, 0xE1, 0xC0, 0x70, 0xE3, 0xC3, 0x81, 0xE1, 0xC7, 0x07, 0x07, 0x83, 0x9E,
    0x0E, 0x06, 0x00, 0x08, 0x00, 0x00, 0xFF, 0xFF, 0xF8, 0x01, 0xFF, 0xFF, 0xF0, 0x03, 0x80, 0x00,
    0xE0, 0x07, 0x00, 0x01, 0xC0, 0x0F, 0xFF, 0xFF, 0x80, 0x1F, 0xFF, 0xFF, 0x00, 0x38, 0x00, 0x0E,
    0x00, 0x70, 0x00, 0x1C, 0x00, 0xFF, 0xFF, 0xF8, 0x01, 0xFF, 0xFF, 0xF0, 0x03, 0x80, 0x00, 0xE0,
    0x07, 0x00, 0x01, 0xC0, 0x0F, 0xFF, 0xFF, 0x80, 0x1F, 0xFF, 0xFF, 0x00, 0x07, 0x80, 0xF0, 0x00,
    0x7F, 0x01, 0xFC, 0x07, 0xFC, 0x00, 0xFF, 0x1F, 0xC0, 0x00, 0x3F, 0x3E, 0x00, 0x00, 0x1E, 0x20,
    0x00, 0x00, 0x00, 0x00, 0x01, 0xFF, 0xFC, 0x7F, 0xE1, 0xFF, 0xFC, 0x7F, 0xE1, 0xC0, 0x00, 0x70,
    0xE1, 0xC0, 0x00, 0x70, 0xE1, 0xC0, 0x00, 0x70, 0xE1, 0xFF, 0xF0, 0x70, 0xE1, 0xFF, 0xF0, 0x7F,
    0xE1, 0xC0, 0x00, 0x7F, 0xE1, 0xC0, 0x00, 0x70, 0xE1, 0xC0, 0x00, 0x70, 0xE1, 0xFF, 0xF8, 0x70,
    0xE1, 0xFF, 0xF8, 0x70, 0xE1, 0xC0, 0x00, 0x7F, 0xE1, 0xC0, 0x00, 0x7F, 0xEF, 0xFF, 0xFE, 0x70,
    0xEF, 0xFF, 0xFE, 0x70, 0xEF, 0xFF, 0xFE, 0x70, 0xE3, 0x9C, 0x10, 0x70, 0xE3, 0x9E, 0x38, 0x7F,
    0xE3, 0x8E, 0x7C, 0x7F, 0xE3, 0x8F, 0xF8, 0x00, 0x03, 0x87, 0xE0, 0x19, 0x83, 0x83, 0xC0, 0x39,
    0xC3, 0x83, 0xC0, 0x39, 0xE3, 0x81, 0xE0, 0x70, 0xE3, 0x9C, 0xF0, 0x70, 0x73, 0xFC, 0x7C, 0xE0,
    0x77, 0xFC, 0x3E, 0xE0, 0x27, 0xE0, 0x1E, 0x40, 0x07, 0x80, 0x04, 0x00, 0x00, 0x00, 0x00, 0x07,
    0xFF, 0xFF, 0xE0, 0x1F, 0xFF, 0xFF, 0x80, 0x7F, 0xFF, 0xFE, 0x01, 0xC0, 0x00, 0x38, 0x07, 0x00,
    0x00, 0xE0, 0x1C, 0x0E, 0x03, 0x80, 0x70, 0x38, 0x0E, 0x01, 0xC0, 0xE0, 0x38, 0x07, 0x03, 0x80,
    0xE0, 0x1C, 0x0E, 0x03, 0x80, 0x70, 0x38, 0x0E, 0x01, 0xC0, 0xE0, 0x38, 0x07, 0x03, 0x80, 0xE0,
    0x1C, 0x0E, 0x03, 0x80, 0x70, 0x38, 0x0E, 0x01, 0xC0, 0xE0, 0x38, 0x07, 0x03, 0x80, 0xE0, 0x1C,
    0x1E, 0x03, 0x80, 0x70, 0x78, 0x0E, 0x01, 0xC1, 0xC0, 0x38, 0x07, 0x0F, 0x00, 0xE0, 0x00, 0x78,
    0x00, 0x00, 0x03, 0xE7, 0x00, 0x00, 0x1F, 0x1F, 0x00, 0x00, 0xF8, 0x7F, 0x00, 0x0F, 0xC0, 0x7F,
    0x00, 0xFE, 0x00, 0x7F, 0x1F, 0xE0, 0x00, 0x7E, 0x7E, 0x00, 0x00, 0x7C, 0xE0, 0x00, 0x00, 0x60,
    0x00, 0x00, 0x00, 0x00, 0x00, 0x00, 0x1C, 0x00, 0x3F, 0xFC, 0x1C, 0x00, 0x3F, 0xFC, 0x1C, 0x00,
    0x3F, 0xFC, 0x3C, 0x00, 0x30, 0x1C, 0x38, 0x00, 0x30, 0x1C, 0x38, 0x00, 0x33, 0x9C, 0x3F, 0xFE,
    0x33, 0x9C, 0x7F, 0xFE, 0x33, 0x9C, 0x7F, 0xFE, 0x33, 0x9C, 0xF0, 0x70, 0x33, 0x9C, 0xE0, 0x70,
    0x33, 0x9D, 0xE0, 0x70, 0x33, 0x9D, 0xE0, 0x70, 0x33, 0x9F, 0xF0, 0x70, 0x33, 0x9F, 0xF0, 0x60,
    0x33, 0x9D, 0xF0, 0xE0, 0x33, 0x9C, 0x38, 0xE0, 0x33, 0x9C, 0x38, 0xE0, 0x33, 0x9C, 0x1D, 0xC0,
    0x33, 0x9C, 0x1D, 0xC0, 0x33, 0x9C, 0x0F, 0xC0, 0x33, 0x9C, 0x0F, 0x80, 0x37, 0x8C, 0x07, 0x80,
    0x07, 0x60, 0x07, 0x80, 0x07, 0xF0, 0x0F, 0xC0, 0x0E, 0x78, 0x1F, 0xE0, 0x1E, 0x38, 0x3C, 0xF0,
    0x3C, 0x1C, 0x78, 0xF8, 0x78, 0x1F, 0xF0, 0x7E, 0xF0, 0x0F, 0xE0, 0x1E, 0x60, 0x01, 0xC0, 0x0E,
    0x00, 0x00, 0x00, 0x00, 0x00, 0x00, 0x00, 0x00, 0x00, 0x00, 0xE0, 0x00, 0x7F, 0xF8, 0xE0, 0x38,
    0x7F, 0xF8, 0xE0, 0x38, 0x70, 0x38, 0xE0, 0x78, 0x70, 0x38, 0xE0, 0xF0, 0x73, 0x38, 0xE1, 0xE0,
    0x73, 0x38, 0xE3, 0xC0, 0x73, 0x38, 0xE7, 0xC0, 0x73, 0x38, 0xEF, 0x80, 0x73, 0x38, 0xFF, 0x00,
    0x73, 0x38, 0xEE, 0x00, 0x73, 0x38, 0xE0, 0x00, 0x73, 0x3F, 0xFF, 0xFE, 0x73, 0x3F, 0xFF, 0xFE,
    0x73, 0x3F, 0xFF, 0xFE, 0x73, 0x38, 0xE7, 0x00, 0x73, 0x38, 0xE7, 0x80, 0x73, 0x38, 0xE3, 0x80,
    0x77, 0x38, 0xE3, 0x80, 0x77, 0x38, 0xE3, 0xC0, 0x77, 0x38, 0xE1, 0xC0, 0x37, 0x30, 0xE1, 0xE0,
    0x07, 0xC0, 0xE0, 0xE0, 0x0F, 0xE0, 0xE0, 0xF0, 0x0E, 0xE0, 0xE3, 0x78, 0x1C, 0x70, 0xEF, 0x7C,
    0x3C, 0x78, 0xFF, 0x3E, 0x78, 0x39, 0xFE, 0x1E, 0xF0, 0x1B, 0xF0, 0x0E, 0x60, 0x01, 0xC0, 0x04,
    0x00, 0x00, 0x00, 0x00, 0x00, 0x00, 0x00, 0x00, 0x00, 0x00, 0x1F, 0xE0, 0x0F, 0xFF, 0xFF, 0xE0,
    0xFF, 0xFF, 0xFE, 0x01, 0xFF, 0xFF, 0x00, 0x03, 0xC0, 0x1E, 0x00, 0x07, 0x00, 0x3C, 0x00, 0x0E,
    0x00, 0x78, 0x00, 0x1F, 0xFF, 0xFF, 0xFE, 0x3F, 0xFF, 0xFF, 0xFC, 0x7F, 0xFF, 0xFF, 0xF8, 0xE0,
    0x07, 0x00, 0x01, 0xC0, 0x0E, 0x00, 0x03, 0x8F, 0xFF, 0xFE, 0x07, 0x3F, 0xFF, 0xFC, 0x0E, 0x7F,
    0xFF, 0xF8, 0x1C, 0xF0, 0x00, 0x70, 0x39, 0xE0, 0xE0, 0xE0, 0x73, 0xC1, 0xC1, 0xC0, 0xE7, 0x83,
    0x83, 0x81, 0xCF, 0x07, 0x07, 0x03, 0x9E, 0x0E, 0x0E, 0x07, 0x3C, 0x3C, 0x1C, 0x1E, 0x78, 0x78,
    0x38, 0x38, 0xF0, 0xE0, 0x70, 0x71, 0xC3, 0xD8, 0xE0, 0xE0, 0x0F, 0x7C, 0x03, 0xC0, 0x7C, 0xFE,
    0x07, 0x03, 0xF0, 0x7F, 0x1E, 0x3F, 0xC0, 0x3F, 0xB8, 0xFE, 0x00, 0x1F, 0xB0, 0xE0, 0x00, 0x0E,
    0x00, 0x00, 0x00, 0x00, 0x00, 0x00, 0x00, 0x00, 0x00, 0x00, 0x1C, 0x00, 0xFF, 0xE0, 0x38, 0x03,
    0xFF, 0xE0, 0x70, 0x07, 0xFF, 0xC0, 0xE0, 0x0E, 0x03, 0x81, 0xC0, 0x1C, 0x07, 0x03, 0x80, 0x39,
    0xCE, 0x07, 0xFF, 0x73, 0x9C, 0x0F, 0xFE, 0xE7, 0x38, 0x1F, 0xFD, 0xCE, 0x70, 0x38, 0x03, 0x9C,
    0xE0, 0x70, 0x07, 0x39, 0xC0, 0xE0, 0x0E, 0x73, 0x81, 0xC0, 0x1C, 0xE7, 0x03, 0x80, 0x39, 0xCE,
    0x07, 0x00, 0x73, 0x9C, 0x0E, 0x00, 0xE7, 0x3B, 0xFF, 0xF9, 0xCE, 0x77, 0xFF, 0xF3, 0x9C, 0xEF,
    0xFF, 0xE7, 0x39, 0xDC, 0x01, 0xCE, 0x73, 0xB8, 0x03, 0x9D, 0xC7, 0x70, 0x07, 0x1B, 0x8C, 0xE0,
    0x0E, 0x07, 0xE1, 0xC0, 0x1C, 0x1F, 0xC3, 0x80, 0x38, 0x3B, 0xC7, 0x00, 0x70, 0xF3, 0xCE, 0x00,
    0xE3, 0xC3, 0x9F, 0xFF, 0xCF, 0x07, 0xBF, 0xFF, 0xBC, 0x06, 0x7F, 0xFF, 0x30, 0x00, 0xE0, 0x0E,
    0x00, 0x00, 0x00, 0x00, 0x00, 0x01, 0x80, 0x00, 0x00, 0x03, 0x80, 0x00, 0x00, 0x03, 0xC0, 0x00,
    0x7F, 0xFF, 0xFF, 0xFC, 0x7F, 0xFF, 0xFF, 0xFC, 0x70, 0x00, 0x00, 0x1C, 0x70, 0x70, 0x1C, 0x1C,
    0x7F, 0xFF, 0xFF, 0xFC, 0x7F, 0xFF, 0xFF, 0xFC, 0x00, 0x70, 0x1C, 0x00, 0x00, 0x70, 0x1C, 0x00,
    0x07, 0xFF, 0xFF, 0xE0, 0x07, 0xFF, 0xFF, 0xE0, 0x00, 0x70, 0x1C, 0x00, 0x00, 0x70, 0x1C, 0x00,
    0x7F, 0xFF, 0xFF, 0xFE, 0x7F, 0xFF, 0xFF, 0xFE, 0x01, 0xE0, 0x07, 0x80, 0x07, 0xC0, 0x03, 0xC0,
    0x1F, 0xFF, 0xFF, 0xF0, 0xFF, 0xFF, 0xFF, 0xFC, 0xFB, 0x81, 0x83, 0xFE, 0x63, 0x83, 0x83, 0xDC,
    0x03, 0x83, 0x83, 0xC0, 0x03, 0x87, 0x83, 0xC0, 0x03, 0x87, 0x03, 0xC0, 0x03, 0x8F, 0x7B, 0xC0,
    0x03, 0x1E, 0xFF, 0x00, 0x00, 0xFC, 0x3F, 0xE0, 0x3F, 0xF8, 0x07, 0xFC, 0x7F, 0xE0, 0x00, 0xFC,
    0x3F, 0x00, 0x00, 0x1C, 0x00, 0x00, 0x00, 0x00, 0x00, 0xC0, 0x00, 0x00, 0x00, 0xE0, 0x00, 0x00,
    0x00, 0x70, 0x3F, 0xFF, 0x80, 0x38, 0x1F, 0xFF, 0xC0, 0x1C, 0x07, 0xFF, 0xE1, 0xFF, 0xF8, 0x70,
    0x70, 0xFF, 0xFC, 0x38, 0x38, 0x7F, 0xFC, 0x1C, 0x1C, 0x01, 0xC0, 0x1E, 0x0E, 0x00, 0xE0, 0x0E,
    0x07, 0x00, 0x70, 0x0F, 0x03, 0x87, 0xFF, 0xE7, 0x03, 0xC7, 0xFF, 0xFF, 0x9F, 0xC3, 0xFF, 0xFF,
    0x87, 0xE0, 0x03, 0x83, 0x80, 0x00, 0x01, 0xC0, 0x80, 0x00, 0x18, 0xE0, 0x7F, 0xFE, 0x0E, 0x70,
    0x3F, 0xFF, 0x07, 0x3F, 0xDC, 0x07, 0x83, 0x9F, 0xEE, 0x03, 0xC1, 0xCF, 0xF7, 0x01, 0xE0, 0xE7,
    0x03, 0x80, 0xF0, 0x73, 0x81, 0xC0, 0x78, 0x7D, 0xC0, 0xE0, 0x3C, 0x3E, 0xE0, 0x7F, 0xFE, 0x1F,
    0xF0, 0x3F, 0xFF, 0x0F, 0xF8, 0x00, 0x00, 0x07, 0x7C, 0x00, 0x00, 0x03, 0x9F, 0xE0, 0x00, 0x03,
    0x87, 0xFF, 0xFF, 0xF9, 0xC0, 0xFF, 0xFF, 0xFC, 0xE0, 0x07, 0xFF, 0xFE, 0x00, 0x00, 0x00, 0x00,
    0x00, 0x00, 0xC0, 0x00, 0x00, 0x00, 0xE0, 0x00, 0xEC, 0x00, 0x70, 0x00, 0x7F, 0x00, 0x38, 0x00,
    0x3B, 0x80, 0x1C, 0x00, 0x1C, 0xE1, 0xFF, 0xF8, 0x0E, 0x70, 0xFF, 0xFC, 0x07, 0x18, 0x3F, 0xFD,
    0xFF, 0xFE, 0x01, 0xC0, 0xFF, 0xFF, 0x00, 0xE0, 0x70, 0xE0, 0x00, 0x70, 0x38, 0x70, 0x07, 0xFF,
    0xFC, 0x38, 0xC7, 0xFF, 0xFE, 0x1C, 0xE3, 0xFF, 0xFF, 0x0E, 0x70, 0x03, 0x83, 0x87, 0x38, 0x01,
    0xC1, 0xC3, 0xB8, 0x1C, 0xE0, 0xE0, 0xFC, 0x0E, 0x70, 0x70, 0x7C, 0x07, 0x3F, 0xB9, 0xBE, 0x03,
    0x9F, 0xFD, 0xDE, 0x01, 0xCF, 0xFF, 0xEF, 0x30, 0xE7, 0x07, 0xE7, 0x98, 0x73, 0x87, 0xC7, 0xCC,
    0x3D, 0xC3, 0x87, 0xE6, 0x3F, 0xE0, 0x8F, 0xBF, 0x1F, 0xF0, 0x0F, 0x9F, 0x8F, 0xF8, 0x07, 0x87,
    0x87, 0x7C, 0x03, 0x80, 0x07, 0x9F, 0xF0, 0x00, 0x03, 0x87, 0xFF, 0xFF, 0xF9, 0xC0, 0xFF, 0xFF,
    0xFC, 0xC0, 0x07, 0xFF, 0xFE, 0x00, 0x00, 0x00, 0x00, 0x00, 0x0F, 0xFF, 0xFF, 0xF0, 0x0F, 0xFF,
    0xFF, 0xF0, 0x0F, 0xFF, 0xFF, 0xF0, 0x0E, 0x00, 0x00, 0xF0, 0x0E, 0x00, 0x00, 0xF0, 0x0E, 0x00,
    0x00, 0xF0, 0x0E, 0x00, 0x00, 0xF0, 0x0E, 0x00, 0x00, 0xF0, 0x0E, 0x00, 0x00, 0xF0, 0x0F, 0xFF,
    0xFF, 0xF0, 0x0F, 0xFF, 0xFF, 0xF0, 0x0F, 0xFF, 0xFF, 0xF0, 0x00, 0x03, 0x80, 0x00, 0x00, 0x03,
    0x80, 0x00, 0x01, 0x03, 0x80, 0x00, 0x03, 0x83, 0x80, 0x00, 0x03, 0x83, 0x80, 0x00, 0x03, 0x83,
    0xFF, 0xF8, 0x03, 0x83, 0xFF, 0xF8, 0x07, 0x83, 0xFF, 0xF8, 0x07, 0x83, 0x80, 0x00, 0x07, 0xC3,
    0x80, 0x00, 0x0F, 0xE3, 0x80, 0x00, 0x0E, 0xE3, 0x80, 0x00, 0x1E, 0xFB, 0x80, 0x00, 0x1C, 0x7F,
    0x80, 0x00, 0x3C, 0x3F, 0xF0, 0x00, 0x78, 0x0F, 0xFF, 0xFE, 0xF0, 0x03, 0xFF, 0xFE, 0x60, 0x00,
    0x3F, 0xFC, 0x7F, 0xF9, 0xFF, 0xFE, 0xFF, 0xF7, 0xFF, 0xFD, 0xFF, 0xEF, 0xFF, 0xFB, 0x81, 0xDE,
    0x00, 0x07, 0x03, 0xBC, 0x00, 0x0E, 0x07, 0x78, 0x00, 0x1C, 0x0E, 0xF0, 0x00, 0x38, 0x1D, 0xE0,
    0x00, 0x7F, 0xFB, 0xFF, 0xF8, 0xFF, 0xF7, 0xFF, 0xF1, 0xFF, 0xEF, 0xFF, 0xE0, 0x1C, 0x1E, 0x01,
    0xC0, 0x38, 0x3C, 0x03, 0x80, 0x70, 0x78, 0x07, 0x0C, 0xE0, 0xF0, 0x0E, 0x19, 0xFD, 0xE0, 0x1C,
    0x33, 0xFF, 0xC0, 0x38, 0x67, 0xFF, 0xFF, 0xF0, 0xCE, 0x0F, 0xFF, 0xE1, 0x9C, 0x1F, 0xFF, 0xC3,
    0x38, 0x3C, 0x00, 0x06, 0x70, 0x78, 0x00, 0x0C, 0xE0, 0xF0, 0x00, 0x19, 0xFF, 0xE0, 0x00, 0x33,
    0xFF, 0xC0, 0x00, 0x7F, 0xF7, 0x80, 0x03, 0xFF, 0x0F, 0xFF, 0xFF, 0xF0, 0x1F, 0xFF, 0xFE, 0x00,
    0x3F, 0xFF, 0xE0, 0x00, 0x00, 0x00, 0x00, 0x00, 0x00, 0x38, 0x00, 0x3F, 0xF8, 0x38, 0x00, 0x3F,
    0xF8, 0x78, 0x00, 0x3F, 0xF8, 0x7F, 0xF8, 0x38, 0x38, 0xFF, 0xF8, 0x38, 0x38, 0xFF, 0xF0, 0x38,
    0x39, 0xF0, 0x70, 0x38, 0x39, 0xF0, 0xE0, 0x38, 0x3B, 0xF9, 0xE0, 0x3F, 0xFF, 0xB9, 0xC0, 0x3F,
    0xFF, 0x9F, 0xC0, 0x3F, 0xFF, 0x1F, 0x80, 0x03, 0x82, 0x0F, 0x80, 0x03, 0x80, 0x0F, 0x80, 0x03,
    0x80, 0x1F, 0xC0, 0x33, 0x80, 0x7D, 0xE0, 0x33, 0xF8, 0xF8, 0xF8, 0x33, 0xFF, 0xF0, 0x7E, 0x33,
    0xFF, 0xFF, 0xFF, 0x33, 0x8F, 0xFF, 0xFE, 0x33, 0x87, 0xFF, 0xFC, 0x33, 0x81, 0xC0, 0x38, 0x33,
    0x81, 0xC0, 0x38, 0x33, 0x81, 0xC0, 0x38, 0x33, 0xBD, 0xC0, 0x38, 0x33, 0xFD, 0xC0, 0x38, 0x7F,
    0xFD, 0xC0, 0x38, 0xFF, 0xC1, 0xFF, 0xF8, 0xFC, 0x01, 0xFF, 0xF8, 0xC0, 0x01, 0xFF, 0xF8, 0x00,
    0x01, 0xC0, 0x38, 0x00, 0x00, 0xC0, 0x00, 0x00, 0x00, 0x01, 0x00, 0x00, 0x00, 0x73, 0x80, 0x00,
    0x00, 0x73, 0x80, 0x3F, 0xF0, 0x73, 0x80, 0x3F, 0xF0, 0x73, 0x80, 0x30, 0x74, 0x73, 0x8C, 0x30,
    0x7E, 0x73, 0x9E, 0x30, 0x7E, 0x73, 0x9C, 0x30, 0x77, 0x73, 0x9C, 0x30, 0x77, 0x73, 0xB8, 0x30,
    0x73, 0xF3, 0xB8, 0x3F, 0xF3, 0xF3, 0xF0, 0x3F, 0xF3, 0xF3, 0xF0, 0x03, 0x01, 0x73, 0xE0, 0x03,
    0x00, 0x73, 0x80, 0x33, 0x00, 0x73, 0x80, 0x33, 0x00, 0x73, 0xC0, 0x33, 0xF0, 0xF3, 0xF0, 0x33,
    0xF1, 0xF3, 0xF8, 0x33, 0xF7, 0xF3, 0xFC, 0x33, 0x1F, 0xF3, 0xBE, 0x33, 0x1E, 0xE3, 0x8E, 0x33,
    0x1C, 0xE3, 0x86, 0x33, 0x08, 0xE3, 0x80, 0x33, 0x31, 0xE3, 0x80, 0x33, 0xF9, 0xC3, 0x86, 0x3F,
    0xFB, 0xC3, 0x87, 0xFF, 0xC3, 0xC3, 0x87, 0xFE, 0x07, 0x83, 0x8E, 0xE0, 0x1F, 0x03, 0xFE, 0x00,
    0x1E, 0x01, 0xFE, 0x00, 0x1C, 0x00, 0xF8, 0x00, 0x00, 0x00, 0x00, 0x00, 0x00, 0x00, 0x00, 0x00,
    0xE0, 0x38, 0x40, 0x00, 0xE0, 0x3D, 0xE0, 0x00, 0xE0, 0x3D, 0xF0, 0x3F, 0xFF, 0xBC, 0x78, 0x3F,
    0xFF, 0xBC, 0x3C, 0x00, 0xE0, 0x3C, 0x1C, 0x00, 0xE0, 0x3C, 0x00, 0xFF, 0xFF, 0xFF, 0xFE, 0xFF,
    0xFF, 0xFF, 0xFE, 0x7F, 0xFF, 0xFF, 0xFC, 0x00, 0xE0, 0x1C, 0x00, 0x00, 0xE0, 0x1C, 0x10, 0x7F,
    0xFF, 0xDC, 0x38, 0x7F, 0xFF, 0xDC, 0x38, 0x00, 0xE0, 0x1C, 0x78, 0x3F, 0xFF, 0x9C, 0x70, 0x3F,
    0xFF, 0x9C, 0x70, 0x38, 0xE3, 0x9E, 0xE0, 0x38, 0xE3, 0x8E, 0xE0, 0x3F, 0xFF, 0x8F, 0xE0, 0x3F,
    0xFF, 0x8F, 0xC0, 0x38, 0xE3, 0x8F, 0x80, 0x3F, 0xFF, 0x8F, 0x80, 0x3F, 0xFF, 0x8F, 0x04, 0x00,
    0xE0, 0x0F, 0x06, 0x00, 0xE0, 0x1F, 0x8E, 0x7F, 0xFF, 0xFF, 0x8E, 0x7F, 0xFF, 0xFB, 0xCE, 0x00,
    0xE1, 0xF1, 0xFE, 0x00, 0xE3, 0xE0, 0xFC, 0x00, 0xE1, 0xC0, 0x7C, 0x00, 0xE0, 0x00, 0x00, 0x00,
    0x00, 0x00, 0x00, 0x07, 0x00, 0x07, 0x00, 0x07, 0x00, 0x0F, 0x00, 0x07, 0x00, 0x1F, 0x80, 0x7F,
    0xF8, 0x3F, 0xC0, 0xFF, 0xF8, 0x79, 0xE0, 0xFF, 0xF9, 0xF0, 0xF8, 0x07, 0x03, 0xE0, 0x7E, 0x07,
    0x0F, 0x80, 0x1F, 0x7F, 0xFF, 0xFF, 0xFE, 0x7F, 0xF9, 0xFF, 0xF0, 0x73, 0x38, 0x00, 0x00, 0x73,
    0x38, 0x00, 0x0C, 0x73, 0x3B, 0xFC, 0x8C, 0x7F, 0xFB, 0xFD, 0xCC, 0x7F, 0xFB, 0x0D, 0xCC, 0x73,
    0x3B, 0x0D, 0xCC, 0x73, 0x3B, 0x0D, 0xCC, 0x73, 0x3B, 0xFD, 0xCC, 0x73, 0x3B, 0xFD, 0xCC, 0x7F,
    0xFB, 0x0D, 0xCC, 0x7F, 0xFB, 0x0D, 0xCC, 0x07, 0x03, 0x0D, 0xCC, 0x07, 0x03, 0xFD, 0xCC, 0xFF,
    0xFB, 0xFD, 0xCC, 0xFF, 0xFB, 0x0D, 0xCC, 0x7F, 0xFB, 0x0D, 0xCC, 0x07, 0x03, 0x0C, 0x0C, 0x07,
    0x03, 0x0C, 0x0C, 0x07, 0x03, 0x1C, 0x0C, 0x07, 0x03, 0x3C, 0xFC, 0x07, 0x03, 0x3C, 0x7C, 0x03,
    0x00, 0x00, 0x00, 0x00, 0x00, 0x06, 0x00, 0x03, 0x80, 0x07, 0x00, 0x03, 0x80, 0x07, 0x00, 0x03,
    0x83, 0xFF, 0xFE, 0x7F, 0xFF, 0xFF, 0xFE, 0xFF, 0xFC, 0x07, 0x00, 0xFF, 0xFC, 0x07, 0x00, 0x03,
    0x81, 0xFF, 0xFC, 0x03, 0x81, 0xFF, 0xFC, 0x7F, 0xFD, 0xC7, 0x1C, 0x7F, 0xFD, 0xC7, 0x1C, 0x73,
    0x9D, 0xFF, 0xFC, 0x73, 0x9D, 0xFF, 0xFC, 0x73, 0x9D, 0xC7, 0x1C, 0x7F, 0xFD, 0xFF, 0xFC, 0x7F,
    0xFD, 0xFF, 0xFC, 0x73, 0x9C, 0x07, 0x70, 0x73, 0x9C, 0x07, 0x38, 0x73, 0x9F, 0xFF, 0xFC, 0x7F,
    0xFF, 0xFF, 0xFE, 0x7F, 0xFF, 0xFF, 0xEE, 0x03, 0x80, 0x00, 0xE4, 0x03, 0x83, 0xFF, 0xFE, 0x03,
    0x83, 0xFF, 0xFE, 0xFF, 0xFF, 0xFF, 0xE0, 0xFF, 0xFC, 0xE0, 0xE0, 0xFF, 0xFC, 0xF0, 0xE0, 0x03,
    0x80, 0x78, 0xE0, 0x03, 0x80, 0x38, 0xE0, 0x03, 0x80, 0x30, 0xE0, 0x03, 0x80, 0x0F, 0xE0, 0x03,
    0x80, 0x07, 0xE0, 0x03, 0x00, 0x00, 0x00, 0x00, 0x00, 0x00, 0x00, 0x0F, 0x00, 0x0E, 0x00, 0x1C,
    0x00, 0x1C, 0x00, 0x38, 0x00, 0x78, 0x00, 0x70, 0x00, 0xF0, 0x1F, 0xFF, 0x7F, 0xFF, 0xBF, 0xFE,
    0xFF, 0xFF, 0x7F, 0xFD, 0xFF, 0xFE, 0x0E, 0x00, 0x1C, 0x00, 0x38, 0x00, 0x38, 0x00, 0x77, 0x00,
    0x70, 0x00, 0xEE, 0x3F, 0xFF, 0xF3, 0x9C, 0x7F, 0xFF, 0xE7, 0x38, 0xFF, 0xFF, 0xCE, 0x70, 0x1E,
    0x00, 0x3F, 0xFC, 0x38, 0x00, 0x7F, 0xF8, 0x70, 0x00, 0xFF, 0xF0, 0xFF, 0xF1, 0x87, 0x03, 0xFF,
    0xF0, 0x0E, 0x07, 0xFF, 0xC0, 0x1C, 0x00, 0x07, 0x80, 0x38, 0x80, 0x1E, 0x00, 0x7F, 0x00, 0x78,
    0x3F, 0xFE, 0x10, 0xF0, 0xFF, 0xF0, 0x7B, 0xC1, 0xFF, 0x80, 0xFF, 0x01, 0x07, 0x00, 0xFC, 0x00,
    0x0E, 0x00, 0x7C, 0x00, 0x1C, 0x00, 0x7C, 0x00, 0x38, 0x00, 0x7C, 0x00, 0x70, 0x00, 0x3C, 0x00,
    0xE0, 0x00, 0x30, 0x00, 0x00, 0x00, 0x00, 0x00, 0x00, 0x00, 0x00, 0x00, 0xF0, 0x1C, 0x00, 0x00,
    0xF0, 0x1C, 0xE0, 0x00, 0xF0, 0x1D, 0xF0, 0x3F, 0xFF, 0xDC, 0xF8, 0x3F, 0xFF, 0xDC, 0x78, 0x00,
    0xF0, 0x1C, 0x3C, 0x00, 0xF0, 0x1C, 0x10, 0x00, 0xF0, 0x1C, 0x00, 0xFF, 0xFF, 0xFF, 0xFE, 0xFF,
    0xFF, 0xFF, 0xFE, 0x01, 0xC0, 0x1C, 0x00, 0x03, 0xC0, 0x1C, 0x10, 0x03, 0x80, 0x1E, 0x38, 0x7F,
    0xFF, 0xEE, 0x38, 0x7F, 0xFF, 0xEE, 0x38, 0x0F, 0x00, 0x0E, 0x70, 0x0E, 0x38, 0x0E, 0x70, 0x1E,
    0x38, 0x0E, 0xF0, 0x1C, 0x38, 0x0E, 0xE0, 0x3F, 0xFF, 0xCF, 0xE0, 0x3F, 0xFF, 0xCF, 0xC0, 0x1F,
    0xFF, 0x87, 0xC0, 0x00, 0x38, 0x07, 0x80, 0x00, 0x38, 0x07, 0x84, 0x00, 0xFF, 0xEF, 0x86, 0x7F,
    0xFF, 0xEF, 0x86, 0x7F, 0xFF, 0x9F, 0xCE, 0x7F, 0x38, 0x3D, 0xCE, 0x00, 0x38, 0x79, 0xFE, 0x00,
    0x38, 0xF0, 0xFC, 0x00, 0x38, 0xE0, 0x7C, 0x00, 0x00, 0x00, 0x00, 0x00, 0x00, 0x04, 0x00, 0x07,
    0x00, 0x1E, 0x00, 0x07, 0x00, 0x0E, 0x00, 0x07, 0x00, 0x0F, 0x00, 0x07, 0x00, 0x07, 0x00, 0xFF,
    0xFB, 0xFF, 0xFC, 0xFF, 0xFF, 0xFF, 0xFE, 0xFF, 0xF7, 0xFF, 0xFE, 0x0E, 0x00, 0x00, 0x00, 0x1C,
    0x00, 0x70, 0x60, 0x1D, 0xC0, 0x70, 0xF0, 0x1D, 0xC0, 0xF0, 0x70, 0x39, 0xC0, 0xE0, 0x38, 0x39,
    0xC1, 0xE0, 0x3C, 0x39, 0xC3, 0xC0, 0x1C, 0x7F, 0xF3, 0xE0, 0x5E, 0x7F, 0xFF, 0xF0, 0xFE, 0x7F,
    0xFB, 0x70, 0xE4, 0x61, 0xC0, 0x70, 0xE0, 0x01, 0xC0, 0x39, 0xE0, 0x01, 0xC0, 0x39, 0xC0, 0x01,
    0xC0, 0x3F, 0xC0, 0x01, 0xF8, 0x1F, 0x80, 0x7F, 0xF8, 0x0F, 0x80, 0xFF, 0xF8, 0x0F, 0x00, 0xFF,
    0xC0, 0x1F, 0x80, 0x41, 0xC0, 0x3F, 0xC0, 0x01, 0xC0, 0x79, 0xE0, 0x01, 0xC1, 0xF0, 0xF8, 0x01,
    0xC3, 0xE0, 0x7E, 0x01, 0xC7, 0xC0, 0x3E, 0x01, 0xC7, 0x00, 0x0C, 0x00, 0x00, 0x00, 0x00, 0x00,
    0x00, 0x00, 0x00, 0x0E, 0x00, 0x00, 0x00, 0x1C, 0x07, 0xFF, 0xE0, 0x38, 0x0F, 0xFF, 0xC0, 0x70,
    0x1C, 0x03, 0x9F, 0xFF, 0x38, 0x07, 0x3F, 0xFE, 0x70, 0x0E, 0x7F, 0xFC, 0xFF, 0xFC, 0x0E, 0x01,
    0xFF, 0xF8, 0x38, 0x00, 0x00, 0x00, 0x77, 0x00, 0x00, 0x00, 0xEE, 0x3F, 0xFF, 0xF3, 0x9C, 0x7F,
    0xFF, 0xE7, 0x38, 0x38, 0x07, 0x0E, 0x70, 0x70, 0x0E, 0x3F, 0xFC, 0xE0, 0x1C, 0x7F, 0xF9, 0xFF,
    0xF8, 0xFF, 0xF3, 0xFF, 0xF1, 0x87, 0x07, 0x00, 0xE0, 0x0E, 0x0E, 0x01, 0xC0, 0x1C, 0x1C, 0x03,
    0x80, 0x39, 0x3F, 0xFF, 0x00, 0x7F, 0x7F, 0xFE, 0x3F, 0xFE, 0xE0, 0x1C, 0xFF, 0xF1, 0xC0, 0x39,
    0xFF, 0x83, 0x80, 0x75, 0x07, 0x17, 0xFF, 0xF8, 0x0E, 0x7F, 0xFF, 0xF0, 0x1C, 0xFF, 0xFB, 0x80,
    0x38, 0x00, 0x07, 0x00, 0x70, 0x00, 0x0E, 0x00, 0xE0, 0x00, 0x1C, 0x00, 0x00, 0x00, 0x00, 0x00,
    0x00, 0x00, 0x00, 0x0E, 0x00, 0x0E, 0x00, 0x0E, 0x00, 0x1E, 0x00, 0x0E, 0x00, 0x3F, 0x00, 0x0E,
    0x00, 0x7F, 0x80, 0xFF, 0xF0, 0xF3, 0xC0, 0xFF, 0xF1, 0xE1, 0xF0, 0x7F, 0xE3, 0xC0, 0xF8, 0x1C,
    0x0F, 0x80, 0x7E, 0x1C, 0x3F, 0xFF, 0xFE, 0x3B, 0x9F, 0xFF, 0xFE, 0x3B, 0x88, 0x00, 0x00, 0x3B,
    0x80, 0x00, 0x00, 0x33, 0x80, 0x00, 0x1C, 0x73, 0x8F, 0xFD, 0xDC, 0x7F, 0xEF, 0xFD, 0xDC, 0xFF,
    0xFE, 0x1D, 0xDC, 0x7F, 0xFE, 0x1D, 0xDC, 0x43, 0x8F, 0xFD, 0xDC, 0x03, 0x8F, 0xFD, 0xDC, 0x03,
    0x8E, 0x1D, 0xDC, 0x03, 0xAE, 0x1D, 0xDC, 0x07, 0xFE, 0x1D, 0xDC, 0x7F, 0xFF, 0xFD, 0xDC, 0xFF,
    0x8F, 0xFD, 0xDC, 0xFF, 0x8E, 0x1D, 0xDC, 0x43, 0x8E, 0x1D, 0xDC, 0x03, 0x8E, 0x1C, 0x1C, 0x03,
    0x8E, 0x1C, 0x1C, 0x03, 0x8E, 0x1C, 0x1C, 0x03, 0x8E, 0x7C, 0xFC, 0x03, 0x8E, 0x78, 0xF8, 0x01,
    0x00, 0x00, 0x00, 0x08, 0x00, 0x38, 0x00, 0x0E, 0x00, 0x1C, 0x00, 0x07, 0x80, 0x0E, 0x00, 0x01,
    0xE0, 0x07, 0x00, 0x00, 0x78, 0x03, 0x80, 0x00, 0x1E, 0x01, 0xC0, 0x00, 0x07, 0x7F, 0xFF, 0xF8,
    0x03, 0x3F, 0xFF, 0xFC, 0x00, 0x1F, 0xFF, 0xFE, 0x00, 0x00, 0x1C, 0x07, 0x00, 0x00, 0x1E, 0x03,
    0x8F, 0xE0, 0x0F, 0x01, 0xC7, 0xF8, 0x07, 0x01, 0xE3, 0xFC, 0x03, 0x80, 0xF0, 0x1E, 0x01, 0xC0,
    0x78, 0x0F, 0x01, 0xE0, 0x3C, 0x07, 0x80, 0xE0, 0x1E, 0x03, 0xC0, 0x70, 0x0E, 0x01, 0xE0, 0x78,
    0x07, 0x00, 0xF0, 0x78, 0x03, 0x80, 0x78, 0x3C, 0x01, 0xC0, 0x3C, 0x3C, 0x01, 0xE0, 0x1E, 0x7C,
    0x00, 0xF0, 0x0F, 0x7C, 0x1F, 0xF0, 0x07, 0x9C, 0x07, 0xF8, 0x0F, 0xE4, 0x03, 0xF0, 0x0F, 0xFC,
    0x00, 0x00, 0x0F, 0x9F, 0xE0, 0x1F, 0xF7, 0x87, 0xFF, 0xFF, 0xF3, 0x80, 0xFF, 0xFF, 0xF8, 0x80,
    0x0F, 0xFF, 0xF8, 0x00, 0x00, 0x00, 0x00, 0x00, 0x00, 0x00, 0x00, 0x00, 0x00, 0x01, 0xC0, 0x38,
    0x00, 0x01, 0xC0, 0x3C, 0x00, 0x01, 0xC0, 0x3E, 0x00, 0x01, 0xC0, 0x1F, 0x00, 0x01, 0xC0, 0x0F,
    0x00, 0x01, 0xC0, 0x07, 0xBF, 0xFF, 0xFE, 0x03, 0x3F, 0xFF, 0xFE, 0x00, 0x3F, 0xFF, 0xFC, 0x00,
    0x00, 0x01, 0xC0, 0x00, 0x00, 0x01, 0xC0, 0x00, 0x0C, 0x01, 0xC0, 0x7F, 0x0E, 0x01, 0xC0, 0xFF,
    0x0F, 0x01, 0xC0, 0xFF, 0x07, 0x81, 0xC0, 0x07, 0x03, 0x81, 0xC0, 0x07, 0x03, 0xC1, 0xC0, 0x07,
    0x01, 0xE1, 0xC0, 0x07, 0x00, 0xC1, 0xC0, 0x07, 0x00, 0x01, 0xC0, 0x07, 0x00, 0x01, 0xC0, 0x07,
    0x00, 0x01, 0xC0, 0x07, 0x00, 0xFF, 0xC0, 0x07, 0x00, 0x7F, 0xC0, 0x1F, 0x80, 0x7F, 0x80, 0x3F,
    0xE0, 0x00, 0x00, 0x7D, 0xF8, 0x00, 0x00, 0xF8, 0xFF, 0xFF, 0xFE, 0xF0, 0x7F, 0xFF, 0xFE, 0x60,
    0x0F, 0xFF, 0xFE, 0x00, 0x00, 0x00, 0x00, 0x00, 0x00, 0x00, 0x00, 0x38, 0x1F, 0xFF, 0xF8, 0x7C,
    0x1F, 0xFF, 0xF8, 0x3F, 0x1F, 0xFF, 0xF8, 0x0F, 0x80, 0x00, 0x00, 0x07, 0x80, 0x00, 0x00, 0x03,
    0x00, 0x00, 0x00, 0x00, 0x00, 0x00, 0x00, 0x00, 0x7F, 0xFF, 0xFE, 0x00, 0x7F, 0xFF, 0xFE, 0xFF,
    0x7F, 0xFF, 0xFE, 0xFF, 0x00, 0xE0, 0x00, 0xFF, 0x01, 0xE1, 0x00, 0x07, 0x01, 0xC3, 0x80, 0x07,
    0x03, 0xC3, 0xC0, 0x07, 0x03, 0x81, 0xC0, 0x07, 0x07, 0x81, 0xE0, 0x07, 0x07, 0x00, 0xE0, 0x07,
    0x0F, 0x00, 0xF0, 0x07, 0x0E, 0x07, 0xF0, 0x07, 0x1F, 0xFF, 0xF8, 0x07, 0x3F, 0xFF, 0xFC, 0x07,
    0x1F, 0xFE, 0x3C, 0x07, 0x18, 0x00, 0x1C, 0x0F, 0x80, 0x00, 0x00, 0x3F, 0xC0, 0x00, 0x00, 0x7F,
    0xF0, 0x00, 0x00, 0xF8, 0xFF, 0xFF, 0xFE, 0xF0, 0x3F, 0xFF, 0xFE, 0x60, 0x0F, 0xFF, 0xFE, 0x00,
    0x00, 0x00, 0x00, 0x00, 0x00, 0x00, 0x00, 0x10, 0x00, 0x01, 0xF8, 0x38, 0x03, 0xFF, 0xFC, 0x3C,
    0x0F, 0xFF, 0xF8, 0x1E, 0x0F, 0xFF, 0x00, 0x0F, 0x0F, 0x00, 0x00, 0x0F, 0x0F, 0x00, 0x00, 0x07,
    0x8F, 0x00, 0x00, 0x03, 0x0F, 0x00, 0x00, 0x00, 0x0F, 0x00, 0x00, 0x00, 0x0F, 0x00, 0x00, 0x00,
    0x0F, 0xFF, 0xFE, 0x00, 0x0F, 0xFF, 0xFE, 0xFF, 0x0F, 0xFF, 0xFE, 0xFF, 0x0F, 0x03, 0x80, 0xFF,
    0x0E, 0x03, 0x80, 0x07, 0x0E, 0x03, 0x80, 0x07, 0x0E, 0x03, 0x80, 0x07, 0x0E, 0x03, 0x80, 0x07,
    0x0E, 0x03, 0x80, 0x07, 0x1E, 0x03, 0x80, 0x07, 0x1C, 0x03, 0x80, 0x07, 0x1C, 0x03, 0x80, 0x07,
    0x3C, 0x03, 0x80, 0x07, 0x38, 0x03, 0x80, 0x0F, 0xF8, 0x03, 0x80, 0x3F, 0xD0, 0x03, 0x80, 0x7F,
    0xF0, 0x00, 0x00, 0xF8, 0xFF, 0xFF, 0xFE, 0xF0, 0x3F, 0xFF, 0xFE, 0x60, 0x0F, 0xFF, 0xFE, 0x00,
    0x00, 0x00, 0x00, 0x00, 0x00, 0x00, 0x78, 0x30, 0x03, 0xFF, 0xFC, 0x78, 0x1F, 0xFF, 0xFC, 0x3C,
    0x1F, 0xFF, 0x80, 0x1E, 0x1E, 0x00, 0x00, 0x0F, 0x1E, 0x00, 0x00, 0x0F, 0x1E, 0x00, 0x00, 0x06,
    0x1E, 0x00, 0x00, 0x00, 0x1F, 0xFF, 0xF0, 0x00, 0x1F, 0xFF, 0xF8, 0x00, 0x1F, 0xFF, 0xF8, 0x00,
    0x1E, 0x00, 0x70, 0xFE, 0x1E, 0x00, 0x70, 0xFF, 0x1C, 0xC0, 0xF0, 0xFF, 0x1D, 0xE0, 0xE0, 0x0F,
    0x1C, 0xF1, 0xE0, 0x0F, 0x1C, 0x7F, 0xC0, 0x0F, 0x1C, 0x3F, 0x80, 0x0F, 0x3C, 0x1F, 0x80, 0x0F,
    0x38, 0x1F, 0x80, 0x0F, 0x38, 0x3F, 0xC0, 0x0F, 0x78, 0xFD, 0xE0, 0x0F, 0xF3, 0xF0, 0xF0, 0x0F,
    0xF7, 0xE0, 0x78, 0x0F, 0x67, 0x80, 0x38, 0x3F, 0x82, 0x00, 0x10, 0x7F, 0xE0, 0x00, 0x00, 0xF9,
    0xFF, 0xFF, 0xFE, 0xF0, 0x7F, 0xFF, 0xFE, 0x60, 0x1F, 0xFF, 0xFE, 0x40, 0x00, 0x00, 0x00, 0x08,
    0x00, 0x00, 0x00, 0x0E, 0x00, 0x00, 0x00, 0x07, 0x8F, 0xFF, 0xFF, 0x81, 0xE7, 0xFF, 0xFF, 0xC0,
    0x79, 0xFF, 0xFF, 0xE0, 0x1E, 0x00, 0x78, 0x00, 0x07, 0x00, 0x78, 0x00, 0x02, 0x00, 0x3C, 0x00,
    0x00, 0x00, 0x3C, 0x00, 0x00, 0x00, 0x1E, 0x00, 0x00, 0x00, 0x1F, 0x20, 0x0F, 0xE0, 0x1F, 0xB8,
    0x07, 0xF8, 0x1F, 0xDE, 0x03, 0xFC, 0x1F, 0xE7, 0x80, 0x1E, 0x1F, 0x73, 0xE0, 0x0F, 0x1F, 0x38,
    0xF8, 0x07, 0x9F, 0x1C, 0x3E, 0x03, 0xFF, 0x0E, 0x0F, 0x81, 0xEE, 0x07, 0x03, 0x80, 0xF2, 0x03,
    0x80, 0x80, 0x78, 0x01, 0xC0, 0x00, 0x3C, 0x00, 0xE0, 0x00, 0x1E, 0x00, 0x70, 0x00, 0x0F, 0x00,
    0x38, 0x00, 0x07, 0x80, 0x1C, 0x00, 0x0F, 0xE0, 0x0E, 0x00, 0x0F, 0xFC, 0x00, 0x00, 0x0F, 0x9F,
    0xE0, 0x1F, 0xF7, 0x87, 0xFF, 0xFF, 0xF3, 0x80, 0xFF, 0xFF, 0xF8, 0x80, 0x0F, 0xFF, 0xF8, 0x00,
    0x00, 0x00, 0x00, 0x00, 0x00, 0x20, 0x00, 0x00, 0x00, 0xF0, 0x00, 0x30, 0x00, 0x70, 0x00, 0x78,
    0x00, 0x78, 0x00, 0x7C, 0x00, 0x38, 0x00, 0x3E, 0x00, 0x38, 0x00, 0x1F, 0xFF, 0xFF, 0xFE, 0x0F,
    0xFF, 0xFF, 0xFE, 0x06, 0x7F, 0xFF, 0xFE, 0x00, 0x00, 0x01, 0xC0, 0x00, 0x10, 0x03, 0xC0, 0x00,
    0x3C, 0x03, 0x80, 0x00, 0x3E, 0x03, 0x80, 0x7E, 0x1F, 0x07, 0x80, 0xFF, 0x07, 0xCF, 0x00, 0xFF,
    0x03, 0xEF, 0x00, 0x07, 0x01, 0xFE, 0x00, 0x07, 0x00, 0x7C, 0x00, 0x07, 0x00, 0x7E, 0x00, 0x07,
    0x00, 0xFF, 0x00, 0x07, 0x01, 0xFF, 0x80, 0x07, 0x03, 0xE3, 0xE0, 0x07, 0x0F, 0xC1, 0xF0, 0x07,
    0x7F, 0x00, 0xF8, 0x07, 0x7E, 0x00, 0x78, 0x07, 0x78, 0x00, 0x38, 0x1F, 0xA0, 0x00, 0x10, 0x3F,
    0xE0, 0x00, 0x00, 0x7F, 0xFE, 0x00, 0xFE, 0xF8, 0xFF, 0xFF, 0xFE, 0xF0, 0x3F, 0xFF, 0xFE, 0x60,
    0x07, 0xFF, 0xFC, 0x10, 0x01, 0xC1, 0xC0, 0x38, 0x01, 0xC1, 0xC0, 0x3C, 0x01, 0xC1, 0xC0, 0x1E,
    0x01, 0xC1, 0xC0, 0x0F, 0x01, 0xC1, 0xC0, 0x07, 0x81, 0xC1, 0xC0, 0x07, 0xBF, 0xFF, 0xFC, 0x03,
    0x3F, 0xFF, 0xFC, 0x00, 0x3F, 0xFF, 0xFC, 0x00, 0x01, 0xC1, 0xC0, 0x00, 0x01, 0xC1, 0xC0, 0x00,
    0x01, 0xC1, 0xC0, 0xFF, 0x01, 0xC1, 0xC0, 0xFF, 0x01, 0xC1, 0xC0, 0x7F, 0x3F, 0xFF, 0xFE, 0x07,
    0x3F, 0xFF, 0xFE, 0x07, 0x3F, 0xFF, 0xFE, 0x07, 0x03, 0x81, 0xC0, 0x07, 0x03, 0x81, 0xC0, 0x07,
    0x03, 0x81, 0xC0, 0x07, 0x07, 0x81, 0xC0, 0x07, 0x07, 0x01, 0xC0, 0x07, 0x0F, 0x01, 0xC0, 0x07,
    0x1E, 0x01, 0xC0, 0x0F, 0x1C, 0x01, 0xC0, 0x1F, 0xC8, 0x01, 0xC0, 0x3F, 0xE0, 0x00, 0x00, 0x78,
    0xFF, 0x01, 0xFE, 0xF0, 0x7F, 0xFF, 0xFE, 0x60, 0x1F, 0xFF, 0xFE, 0x60, 0x01, 0xFF, 0xE0, 0x00,
    0x00, 0x00, 0x00, 0x78, 0x1F, 0xFF, 0xF8, 0x7C, 0x1F, 0xFF, 0xF8, 0x3E, 0x0F, 0xFF, 0xF0, 0x1F,
    0x80, 0x00, 0x00, 0x07, 0x80, 0x00, 0x00, 0x03, 0x00, 0x00, 0x00, 0x00, 0x00, 0x00, 0x00, 0x00,
    0x7F, 0xFF, 0xFC, 0x00, 0x7F, 0xFF, 0xFE, 0xFF, 0x7F, 0xFF, 0xFE, 0xFF, 0x01, 0xC7, 0x00, 0xFF,
    0x01, 0xC7, 0x00, 0x07, 0x03, 0xC7, 0x00, 0x07, 0x03, 0xC7, 0x00, 0x07, 0x03, 0x87, 0x00, 0x07,
    0x03, 0x87, 0x00, 0x07, 0x03, 0x87, 0x00, 0x07, 0x07, 0x87, 0x0E, 0x07, 0x07, 0x07, 0x0E, 0x07,
    0x0F, 0x07, 0x0E, 0x07, 0x3E, 0x07, 0x0E, 0x07, 0x7C, 0x07, 0xFC, 0x07, 0x78, 0x03, 0xFC, 0x0F,
    0xF0, 0x01, 0xF0, 0x3F, 0xC0, 0x00, 0x00, 0x7F, 0xF0, 0x00, 0x00, 0x78, 0xFF, 0xFF, 0xFE, 0xF0,
    0x3F, 0xFF, 0xFE, 0x60, 0x0F, 0xFF, 0xFE, 0x00, 0x00, 0x00, 0x00, 0x00, 0x00, 0x00, 0x00, 0x04,
    0x00, 0x38, 0x00, 0x07, 0x00, 0x1C, 0x00, 0x03, 0xC0, 0x1E, 0x00, 0x00, 0xF1, 0xFF, 0xFF, 0xE0,
    0x79, 0xFF, 0xFF, 0xF0, 0x1E, 0xFF, 0xFF, 0xF8, 0x07, 0x83, 0x80, 0x00, 0x01, 0x83, 0xC6, 0x00,
    0x00, 0x01, 0xC7, 0x80, 0x00, 0x01, 0xE3, 0xC0, 0x00, 0x00, 0xE1, 0xE0, 0x07, 0xF0, 0xFF, 0xFF,
    0xC3, 0xFC, 0xFF, 0xFF, 0xE1, 0xFE, 0x3F, 0xFF, 0xF0, 0x0F, 0x18, 0x1E, 0x00, 0x07, 0x80, 0x0F,
    0x00, 0x03, 0xC0, 0x07, 0x80, 0x01, 0xE0, 0x03, 0xC0, 0x00, 0xF7, 0xFF, 0xFF, 0xC0, 0x7B, 0xFF,
    0xFF, 0xF0, 0x3D, 0xFF, 0xFF, 0xF8, 0x1E, 0x00, 0x3C, 0x00, 0x0F, 0x00, 0x1E, 0x00, 0x07, 0x80,
    0x0F, 0x00, 0x03, 0xC0, 0x07, 0x80, 0x07, 0xF0, 0x03, 0xC0, 0x07, 0xFE, 0x01, 0xE0, 0x07, 0xCF,
    0xF0, 0x7F, 0xFB, 0xC3, 0xFF, 0xFF, 0xF9, 0xC0, 0x7F, 0xFF, 0xFC, 0x60, 0x07, 0xFF, 0xFC, 0x00,
    0x00, 0x00, 0x00, 0x00, 0x00, 0x00, 0x00, 0x00, 0x38, 0x0F, 0xFF, 0xF0, 0x3C, 0x0F, 0xFF, 0xF0,
    0x3E, 0x0E, 0x00, 0x70, 0x1E, 0x0E, 0x00, 0x70, 0x0F, 0x0E, 0x00, 0x70, 0x07, 0x8E, 0x00, 0x70,
    0x03, 0x0F, 0xFF, 0xF0, 0x02, 0x0F, 0xFF, 0xF0, 0x00, 0x0E, 0x00, 0x70, 0x00, 0x0E, 0x00, 0x70,
    0x00, 0x0E, 0x00, 0x70, 0xFF, 0x0F, 0xFF, 0xF0, 0xFF, 0x0F, 0xFF, 0xF0, 0x7F, 0x0E, 0x00, 0x18,
    0x07, 0x0E, 0x30, 0x3C, 0x07, 0x0E, 0x3C, 0xF8, 0x07, 0x0E, 0x3F, 0xF0, 0x07, 0x0E, 0x0F, 0xE0,
    0x07, 0x0E, 0x07, 0x80, 0x07, 0x0E, 0x13, 0xC0, 0x07, 0x0E, 0xF9, 0xE0, 0x07, 0x1F, 0xF8, 0xF0,
    0x07, 0x3F, 0xE0, 0x78, 0x07, 0x1F, 0x00, 0x38, 0x1F, 0x98, 0x00, 0x10, 0x3F, 0xE0, 0x00, 0x00,
    0x7D, 0xFF, 0x00, 0xFE, 0xF0, 0x7F, 0xFF, 0xFE, 0x60, 0x1F, 0xFF, 0xFE, 0x40, 0x00, 0xFF, 0x80,
    0x00, 0x00, 0x00, 0x70, 0x30, 0x00, 0x0F, 0xF8, 0x78, 0x0F, 0xFF, 0xF8, 0x3C, 0x3F, 0xFF, 0xE0,
    0x1E, 0x1F, 0xFC, 0x00, 0x0F, 0x00, 0x1C, 0x00, 0x0F, 0x00, 0x1C, 0x00, 0x06, 0x00, 0x1C, 0x00,
    0x00, 0x7F, 0xFF, 0xFE, 0x00, 0x7F, 0xFF, 0xFE, 0x00, 0x7F, 0xFF, 0xFE, 0x00, 0x00, 0x1C, 0x00,
    0xFF, 0x00, 0x1C, 0x00, 0xFF, 0x00, 0x1C, 0x00, 0xFF, 0x00, 0x3C, 0x00, 0x0F, 0x0F, 0xFF, 0xF8,
    0x0F, 0x0F, 0xFF, 0xF8, 0x0F, 0x0E, 0x00, 0x38, 0x0F, 0x0E, 0x00, 0x38, 0x0F, 0x0E, 0x00, 0x38,
    0x0F, 0x0E, 0x00, 0x38, 0x0F, 0x0E, 0x00, 0x38, 0x0F, 0x0E, 0x00, 0x78, 0x0F, 0x0F, 0xFF, 0xF8,
    0x0F, 0x0F, 0xFF, 0xF8, 0x0F, 0x80, 0x00, 0x00, 0x3F, 0xE0, 0x00, 0x00, 0x7D, 0xFE, 0x00, 0x7E,
    0xF0, 0x7F, 0xFF, 0xFE, 0x60, 0x1F, 0xFF, 0xFE, 0x40, 0x00, 0xFF, 0x80, 0x00, 0x00, 0x1C, 0x00,
    0x30, 0x07, 0x1C, 0x00, 0x78, 0x07, 0x1C, 0x00, 0x7C, 0x07, 0x1C, 0x00, 0x3E, 0x0F, 0xFF, 0xF8,
    0x1F, 0x0F, 0xFF, 0xFC, 0x0F, 0x1F, 0xFF, 0xFC, 0x07, 0x1C, 0x1C, 0x00, 0x00, 0x3C, 0x1C, 0x00,
    0x00, 0x38, 0x1C, 0x00, 0x00, 0x00, 0x1C, 0x00, 0x00, 0x3F, 0xFF, 0xFE, 0x00, 0x7F, 0xFF, 0xFE,
    0xFF, 0x7F, 0xFF, 0xFE, 0xFF, 0x01, 0xC7, 0x00, 0x7F, 0x01, 0xC7, 0x00, 0x07, 0x01, 0xC7, 0x00,
    0x07, 0x01, 0xC7, 0x00, 0x07, 0x03, 0xC7, 0x00, 0x07, 0x03, 0x87, 0x0E, 0x07, 0x07, 0x87, 0x0E,
    0x07, 0x0F, 0x07, 0x0E, 0x07, 0x3E, 0x07, 0x8E, 0x07, 0x7E, 0x07, 0xFE, 0x07, 0x78, 0x03, 0xFC,
    0x0F, 0xB0, 0x01, 0xF8, 0x1F, 0xE0, 0x00, 0x00, 0x3F, 0xF8, 0x00, 0x00, 0x78, 0xFF, 0xFF, 0xFE,
    0xF0, 0x3F, 0xFF, 0xFE, 0x60, 0x0F, 0xFF, 0xFE, 0x00, 0x00, 0x00, 0x00, 0x00, 0x00, 0x00, 0x70,
    0x30, 0x01, 0xFF, 0xF8, 0x78, 0x3F, 0xFF, 0xF8, 0x3C, 0x3F, 0xFE, 0x00, 0x1E, 0x00, 0x3C, 0x00,
    0x0F, 0x00, 0x3C, 0x00, 0x07, 0x7F, 0xFF, 0xFE, 0x06, 0x7F, 0xFF, 0xFE, 0x00, 0x00, 0xFF, 0x00,
    0x00, 0x01, 0xFF, 0x80, 0x00, 0x03, 0xFF, 0xC0, 0x00, 0x0F, 0xBD, 0xE0, 0x00, 0x1F, 0x3C, 0xF8,
    0xFF, 0xFE, 0x3C, 0x7E, 0xFF, 0xF8, 0x00, 0x1E, 0x7F, 0x6F, 0xFF, 0x84, 0x07, 0x0F, 0xFF, 0x80,
    0x07, 0x01, 0xE3, 0x80, 0x07, 0x01, 0xC7, 0xFC, 0x07, 0x01, 0xC7, 0xFC, 0x07, 0x03, 0xC0, 0x1C,
    0x07, 0x03, 0x80, 0x1C, 0x07, 0x07, 0x80, 0x38, 0x07, 0x1F, 0x00, 0x38, 0x07, 0x7E, 0x07, 0xF8,
    0x0F, 0xFC, 0x07, 0xF0, 0x1F, 0xF0, 0x00, 0x80, 0x3F, 0xF8, 0x00, 0x00, 0x78, 0xFF, 0xFF, 0xFE,
    0xF0, 0x3F, 0xFF, 0xFE, 0x60, 0x0F, 0xFF, 0xFE, 0x00, 0x00, 0x00, 0x00, 0x00, 0x00, 0x10, 0x00,
    0x00, 0x00, 0x78, 0x00, 0x00, 0x00, 0x78, 0x00, 0x38, 0x00, 0x3C, 0x00, 0x7C, 0x00, 0x1C, 0x00,
    0x3E, 0x7F, 0xFF, 0xFE, 0x0F, 0xFF, 0xFF, 0xFE, 0x07, 0x80, 0x00, 0x00, 0x03, 0x00, 0x00, 0x00,
    0x00, 0x0F, 0xFF, 0xF0, 0x00, 0x0F, 0xFF, 0xF0, 0x00, 0x00, 0x00, 0x00, 0x7F, 0x00, 0x00, 0x00,
    0xFF, 0x00, 0x00, 0x00, 0xFF, 0x0F, 0xFF, 0xF0, 0x07, 0x0F, 0xFF, 0xF0, 0x07, 0x00, 0x00, 0x00,
    0x07, 0x00, 0x00, 0x00, 0x07, 0x0F, 0xFF, 0xF0, 0x07, 0x0F, 0xFF, 0xF0, 0x07, 0x0E, 0x00, 0x70,
    0x07, 0x0E, 0x00, 0x70, 0x07, 0x0E, 0x00, 0x70, 0x07, 0x0E, 0x00, 0x70, 0x07, 0x0F, 0xFF, 0xF0,
    0x07, 0x0F, 0xFF, 0xF0, 0x0F, 0x80, 0x00, 0x00, 0x1F, 0xC0, 0x00, 0x00, 0x3F, 0xF0, 0x00, 0x00,
    0x78, 0xFF, 0xFF, 0xFE, 0xF0, 0x3F, 0xFF, 0xFE, 0x60, 0x0F, 0xFF, 0xFE, 0x00, 0x00, 0x00, 0x00,
    0x00, 0x00, 0x00, 0x00, 0x30, 0x1F, 0xFF, 0xF8, 0x78, 0x1F, 0xFF, 0xFC, 0x3C, 0x00, 0x00, 0xF0,
    0x1E, 0x03, 0xC3, 0xE0, 0x0F, 0x03, 0xFF, 0xC0, 0x07, 0x80, 0xFF, 0x00, 0x03, 0x00, 0x3F, 0x80,
    0x00, 0x1F, 0xFF, 0xFC, 0x00, 0x1F, 0xFF, 0xFC, 0x00, 0x1C, 0x1C, 0x1C, 0x00, 0x1C, 0x1C, 0x1C,
    0xFF, 0x1C, 0x1C, 0x1C, 0xFF, 0x1F, 0xFF, 0xFC, 0xFF, 0x1F, 0xFF, 0xFC, 0x07, 0x1C, 0x1C, 0x1C,
    0x07, 0x1C, 0x1C, 0x1C, 0x07, 0x1C, 0x1C, 0x1C, 0x07, 0x1F, 0xFF, 0xFC, 0x07, 0x1F, 0xFF, 0xFC,
    0x07, 0x1C, 0x1C, 0x1C, 0x07, 0x1C, 0x1C, 0x1C, 0x07, 0x1C, 0x1C, 0x1C, 0x07, 0x1C, 0x1C, 0x1C,
    0x07, 0x1C, 0x1D, 0xFC, 0x1F, 0x9C, 0x1D, 0xF8, 0x3F, 0xE0, 0x00, 0x00, 0x78, 0xFE, 0x00, 0xFE,
    0xF0, 0x7F, 0xFF, 0xFE, 0x60, 0x1F, 0xFF, 0xFE, 0x40, 0x00, 0x7E, 0x00, 0x00, 0x00, 0x38, 0x00,
    0x10, 0x00, 0x38, 0x00, 0x78, 0x00, 0x38, 0x00, 0x7C, 0x3F, 0xFF, 0xFC, 0x3E, 0x7F, 0xFF, 0xFE,
    0x1F, 0x7F, 0xFF, 0xFE, 0x0F, 0x00, 0x38, 0x00, 0x07, 0x00, 0x38, 0x00, 0x00, 0x1F, 0xFF, 0xF8,
    0x00, 0x1F, 0xFF, 0xF8, 0x00, 0x1C, 0x38, 0x38, 0x00, 0x1C, 0x38, 0x38, 0xFF, 0x1C, 0x38, 0x38,
    0xFF, 0x1C, 0x38, 0x38, 0xFF, 0x1C, 0x38, 0x38, 0x07, 0x1F, 0xFF, 0xF8, 0x07, 0x1F, 0xFF, 0xF8,
    0x07, 0x00, 0x7E, 0x00, 0x07, 0x00, 0xFF, 0x00, 0x07, 0x01, 0xFF, 0xC0, 0x07, 0x03, 0xFB, 0xE0,
    0x07, 0x0F, 0xB8, 0xF0, 0x07, 0x1F, 0x38, 0x78, 0x07, 0x7E, 0x38, 0x3C, 0x07, 0x78, 0x38, 0x18,
    0x0F, 0xB0, 0x38, 0x00, 0x3F, 0xE0, 0x38, 0x00, 0x7C, 0xFF, 0x00, 0xFE, 0xF0, 0x7F, 0xFF, 0xFE,
    0x60, 0x1F, 0xFF, 0xFE, 0x60, 0x00, 0xFF, 0xC0, 0x00, 0x00, 0x08, 0x00, 0x04, 0x00, 0x0E, 0x00,
    0x07, 0x00, 0x07, 0x00, 0x03, 0xC0, 0x03, 0x80, 0x00, 0xF3, 0xFF, 0xFF, 0xE0, 0x3D, 0xFF, 0xFF,
    0xF0, 0x0E, 0x00, 0x70, 0x00, 0x07, 0x00, 0x38, 0x00, 0x01, 0x1F, 0xFF, 0xFC, 0x00, 0x0F, 0xFF,
    0xFE, 0x00, 0x07, 0x07, 0x07, 0x00, 0x03, 0x83, 0x83, 0x87, 0xF1, 0xC1, 0xC1, 0xC3, 0xFC, 0xFF,
    0xFF, 0xE1, 0xFE, 0x7F, 0xFF, 0xF0, 0x0F, 0x38, 0x38, 0x38, 0x07, 0x9C, 0x1C, 0x1C, 0x03, 0xCF,
    0xFF, 0xFE, 0x01, 0xE7, 0xFF, 0xFF, 0x00, 0xF0, 0x03, 0x80, 0x00, 0x78, 0x01, 0xC0, 0x00, 0x3C,
    0x00, 0xE0, 0x00, 0x1F, 0xFF, 0xFF, 0xFC, 0x0F, 0xFF, 0xFF, 0xFE, 0x07, 0x80, 0x1C, 0x00, 0x03,
    0xC0, 0x0E, 0x00, 0x03, 0xE0, 0x07, 0x00, 0x03, 0xFC, 0x03, 0x80, 0x03, 0xDF, 0x80, 0x00, 0x03,
    0xC7, 0xFF, 0xFF, 0xFD, 0xC0, 0xFF, 0xFF, 0xFC, 0x60, 0x1F, 0xFF, 0xFE, 0x00, 0x00, 0x00, 0x00,
    0x00, 0x00, 0x03, 0x00, 0x00, 0x70, 0x03, 0x9C, 0x00, 0x78, 0x07, 0x1E, 0x00, 0x3C, 0x07, 0x0E,
    0x00, 0x1E, 0x0F, 0x0F, 0x00, 0x0F, 0x0F, 0x0F, 0x00, 0x0F, 0x1F, 0xFF, 0xFC, 0x07, 0x3F, 0xFF,
    0xFC, 0x00, 0x3E, 0x0E, 0x00, 0x00, 0x7E, 0x0E, 0x00, 0x00, 0xFE, 0x0E, 0x00, 0x01, 0xFF, 0xFF,
    0xF8, 0x00, 0xDF, 0xFF, 0xF8, 0x7F, 0x1E, 0x0E, 0x00, 0x7F, 0x1E, 0x0E, 0x00, 0x7F, 0x1E, 0x0E,
    0x00, 0x07, 0x1E, 0x0E, 0x00, 0x07, 0x1F, 0xFF, 0xF8, 0x07, 0x1F, 0xFF, 0xF8, 0x07, 0x1E, 0x0E,
    0x00, 0x07, 0x1E, 0x0E, 0x00, 0x07, 0x1E, 0x0E, 0x00, 0x07, 0x1F, 0xFF, 0xFE, 0x07, 0x1F, 0xFF,
    0xFE, 0x07, 0x0F, 0xFF, 0xFC, 0x0F, 0x80, 0x00, 0x00, 0x3F, 0xE0, 0x00, 0x00, 0x7F, 0xFF, 0x00,
    0x7E, 0xF8, 0xFF, 0xFF, 0xFE, 0x70, 0x3F, 0xFF, 0xFE, 0x20, 0x03, 0xFF, 0xFC, 0x00, 0x00, 0x00,
    0x00, 0x0E, 0x0F, 0xFF, 0xFF, 0x07, 0x87, 0xFF, 0xFF, 0x83, 0xE3, 0x8E, 0x31, 0xC0, 0xF9, 0xC7,
    0x18, 0xE0, 0x3C, 0xE3, 0x8C, 0x70, 0x0F, 0x71, 0xC6, 0x38, 0x03, 0x38, 0xE3, 0x1C, 0x00, 0x1F,
    0xFF, 0xFE, 0x00, 0x0F, 0xFF, 0xFF, 0x00, 0x00, 0x1E, 0x00, 0x0F, 0xF0, 0x0E, 0x00, 0x07, 0xF8,
    0x0F, 0x00, 0x03, 0xFC, 0x0F, 0xFF, 0xE0, 0x0E, 0x0F, 0xFF, 0xF0, 0x07, 0x0F, 0x80, 0x70, 0x03,
    0x8F, 0x80, 0x78, 0x01, 0xCF, 0xF0, 0x78, 0x00, 0xE7, 0x3C, 0x78, 0x00, 0x70, 0x0F, 0xFC, 0x00,
    0x38, 0x03, 0xFC, 0x00, 0x1C, 0x00, 0xFC, 0x00, 0x0E, 0x01, 0xF8, 0x00, 0x07, 0x03, 0xF8, 0x00,
    0x07, 0x8F, 0xF0, 0x00, 0x07, 0xEF, 0xE0, 0x00, 0x0F, 0xFF, 0x80, 0x00, 0x0F, 0x9F, 0xF0, 0x0F,
    0xF7, 0x83, 0xFF, 0xFF, 0xF3, 0x80, 0x7F, 0xFF, 0xF8, 0x80, 0x07, 0xFF, 0xF8, 0x08, 0x00, 0x00,
    0x00, 0x0E, 0x01, 0xFF, 0xF8, 0x07, 0x80, 0xFF, 0xFC, 0x01, 0xE0, 0x70, 0x0E, 0x00, 0x78, 0x38,
    0x07, 0x00, 0x1E, 0x1C, 0x03, 0x80, 0x07, 0x0F, 0xF1, 0xC0, 0x02, 0x07, 0xF8, 0xE0, 0x00, 0x03,
    0x8C, 0x70, 0x00, 0x01, 0xC6, 0x38, 0x00, 0x00, 0xE3, 0x1C, 0x0F, 0xE0, 0x71, 0x8E, 0x07, 0xF9,
    0xFF, 0xFF, 0xE3, 0xFC, 0xFF, 0xFF, 0xF0, 0x1E, 0x70, 0x00, 0x38, 0x0F, 0x38, 0x00, 0x1C, 0x07,
    0x9C, 0xFF, 0x8E, 0x03, 0xCE, 0x7F, 0xC7, 0x01, 0xE7, 0x38, 0x63, 0x80, 0xF3, 0x9C, 0x31, 0xC0,
    0x79, 0xCE, 0x18, 0xE0, 0x3C, 0xE7, 0xFC, 0x70, 0x1E, 0x73, 0xFE, 0x38, 0x0F, 0x39, 0xC0, 0x1C,
    0x07, 0x9C, 0xE0, 0xFE, 0x07, 0xCE, 0x00, 0x3E, 0x07, 0xF8, 0x00, 0x00, 0x07, 0xBF, 0x00, 0x00,
    0x07, 0x8F, 0xFF, 0xFF, 0xFB, 0x81, 0xFF, 0xFF, 0xF9, 0xC0, 0x3F, 0xFF, 0xFC, 0x00, 0x00, 0x00,
    0x00, 0x00, 0x02, 0x00, 0x00, 0x00, 0x07, 0x00, 0xE0, 0x30, 0x07, 0x81, 0xC0, 0x78, 0x03, 0x83,
    0xC0, 0x3C, 0x03, 0x83, 0x80, 0x1E, 0x7F, 0xFF, 0xFE, 0x0F, 0x7F, 0xFF, 0xFE, 0x07, 0x00, 0x38,
    0x00, 0x06, 0x00, 0x78, 0x00, 0x00, 0x00, 0x70, 0x00, 0x00, 0x1F, 0xFF, 0xF0, 0x00, 0x1F, 0xFF,
    0xF0, 0x00, 0x1E, 0x00, 0x70, 0xFF, 0x1E, 0x00, 0x70, 0xFF, 0x1E, 0x00, 0x70, 0x7F, 0x1F, 0xFF,
    0xF0, 0x07, 0x1F, 0xFF, 0xF0, 0x07, 0x1E, 0x00, 0x70, 0x07, 0x1E, 0x00, 0x70, 0x07, 0x1E, 0x00,
    0x70, 0x07, 0x1F, 0xFF, 0xF0, 0x07, 0x1F, 0xFF, 0xF0, 0x07, 0x1E, 0x00, 0x70, 0x07, 0x1E, 0x00,
    0x70, 0x07, 0x1F, 0xFF, 0xF0, 0x07, 0x1F, 0xFF, 0xF0, 0x1F, 0x80, 0x00, 0x00, 0x3F, 0xE0, 0x00,
    0x00, 0x7D, 0xFF, 0x00, 0xFE, 0xF0, 0x7F, 0xFF, 0xFE, 0x60, 0x1F, 0xFF, 0xFE, 0x60, 0x00, 0xFF,
    0x80, 0x00, 0x00, 0x38, 0x00, 0x00, 0x00, 0x38, 0x00, 0x30, 0x00, 0x38, 0x00, 0x78, 0x3F, 0xFF,
    0xF8, 0x7E, 0x3F, 0xFF, 0xF8, 0x1F, 0x00, 0x38, 0x00, 0x0F, 0x80, 0x38, 0x00, 0x07, 0x80, 0x38,
    0x00, 0x03, 0xFF, 0xFF, 0xFE, 0x00, 0xFF, 0xFF, 0xFE, 0x00, 0x00, 0x00, 0x00, 0x00, 0x00, 0x00,
    0x00, 0x7F, 0x1F, 0xFF, 0xF0, 0xFF, 0x1F, 0xFF, 0xF0, 0xFF, 0x1C, 0x00, 0x70, 0x07, 0x1C, 0x00,
    0x70, 0x07, 0x1C, 0x00, 0x70, 0x07, 0x1F, 0xFF, 0xF0, 0x07, 0x1F, 0xFF, 0xF8, 0x07, 0x00, 0xF8,
    0x3C, 0x07, 0x01, 0xFE, 0xF8, 0x07, 0x07, 0xFF, 0xE0, 0x07, 0x1F, 0xBF, 0xC0, 0x07, 0x7E, 0x39,
    0xF0, 0x07, 0x7C, 0x38, 0x78, 0x07, 0x70, 0x38, 0x3C, 0x0F, 0x80, 0x38, 0x18, 0x1F, 0xC0, 0x38,
    0x00, 0x3F, 0xF0, 0x00, 0x00, 0x78, 0xFF, 0xFF, 0xFE, 0xF0, 0x3F, 0xFF, 0xFE, 0x60, 0x0F, 0xFF,
    0xFE, 0x00, 0x00, 0x00, 0x00, 0x30, 0x7F, 0xEF, 0xFC, 0x78, 0x7F, 0xEF, 0xFC, 0x3C, 0x70, 0xEE,
    0x1C, 0x1E, 0x70, 0xEE, 0x1C, 0x0F, 0x7F, 0xEF, 0xFC, 0x07, 0x7F, 0xEF, 0xFC, 0x06, 0x70, 0x0E,
    0x04, 0x00, 0x70, 0x7E, 0x0E, 0x00, 0x7F, 0xFF, 0xFE, 0x00, 0x3F, 0xE7, 0xFC, 0x00, 0x03, 0x83,
    0x80, 0x00, 0x03, 0x83, 0x80, 0xFF, 0x03, 0x83, 0x80, 0xFF, 0x3F, 0xFF, 0xFC, 0x7F, 0x3F, 0xFF,
    0xFC, 0x07, 0x03, 0x83, 0x80, 0x07, 0x03, 0x83, 0x80, 0x07, 0x03, 0x83, 0x80, 0x07, 0xFF, 0xFF,
    0xFE, 0x07, 0xFF, 0xFF, 0xFE, 0x07, 0x01, 0xC3, 0x00, 0x07, 0x03, 0xC7, 0xC0, 0x07, 0x0F, 0x83,
    0xF0, 0x07, 0x3F, 0x00, 0xF8, 0x0F, 0xFC, 0x00, 0x3C, 0x3F, 0xF0, 0x00, 0x18, 0x7D, 0xFF, 0x00,
    0x7E, 0xF8, 0x7F, 0xFF, 0xFE, 0x70, 0x1F, 0xFF, 0xFE, 0x20, 0x00, 0xFF, 0x80, 0x18, 0x00, 0x00,
    0x00, 0x1E, 0x0F, 0xFF, 0xFE, 0x07, 0x87, 0xFF, 0xFF, 0x01, 0xE3, 0x9C, 0x63, 0x80, 0x79, 0xCE,
    0x31, 0xC0, 0x3C, 0xE7, 0x18, 0xE0, 0x0F, 0x7F, 0xFF, 0xF0, 0x02, 0x3F, 0xFF, 0xF8, 0x00, 0x00,
    0x00, 0x00, 0x00, 0x3F, 0xFF, 0xFF, 0x80, 0x1F, 0xFF, 0xFF, 0xCF, 0xE0, 0x00, 0x00, 0x07, 0xF8,
    0xFF, 0xFF, 0x83, 0xFC, 0x7F, 0xFF, 0xC0, 0x1E, 0x38, 0x00, 0xE0, 0x0F, 0x1C, 0x00, 0x70, 0x07,
    0x8E, 0x00, 0x38, 0x03, 0xC7, 0xFF, 0xFC, 0x01, 0xE3, 0xFF, 0xFE, 0x00, 0xF0, 0x3E, 0xC7, 0x80,
    0x78, 0x7E, 0x77, 0x80, 0x3D, 0xFE, 0x3F, 0x80, 0x1F, 0xFF, 0x07, 0xC0, 0x0F, 0x73, 0x85, 0xF0,
    0x07, 0x81, 0xFE, 0x3C, 0x0F, 0xE1, 0xFF, 0x0F, 0x0F, 0xF8, 0xFC, 0x03, 0x0F, 0x9F, 0xF0, 0x1F,
    0xF7, 0x87, 0xFF, 0xFF, 0xF3, 0x80, 0xFF, 0xFF, 0xF8, 0x80, 0x0F, 0xFF, 0xE0, 0x00, 0x00, 0x00,
    0x00, 0x04, 0x00, 0x0E, 0x00, 0x07, 0x00, 0x0F, 0x00, 0x03, 0xC1, 0xFF, 0xFF, 0x00, 0xF0, 0xFF,
    0xFF, 0x80, 0x3C, 0x7F, 0xFF, 0xC0, 0x0F, 0x3F, 0xFF, 0xE0, 0x03, 0x9C, 0x00, 0x70, 0x00, 0x0F,
    0xFF, 0xF8, 0x00, 0x07, 0xFF, 0xFC, 0x00, 0x03, 0x80, 0x0E, 0x00, 0x01, 0xFF, 0xFF, 0x07, 0xF0,
    0xFF, 0xFF, 0x83, 0xFC, 0x00, 0xE0, 0x01, 0xFE, 0xFF, 0xFF, 0xF8, 0x0F, 0x7F, 0xFF, 0xFC, 0x07,
    0xB9, 0xC3, 0xCE, 0x03, 0xDF, 0xCC, 0xFB, 0x01, 0xE3, 0xC7, 0x1C, 0x00, 0xF7, 0xFF, 0xFF, 0xE0,
    0x7B, 0xFF, 0xFF, 0xF0, 0x3C, 0x07, 0x00, 0x00, 0x1E, 0x03, 0xFF, 0xC0, 0x0F, 0x03, 0xFF, 0xE0,
    0x07, 0x83, 0xC0, 0x70, 0x03, 0xC7, 0xC0, 0x38, 0x03, 0xFF, 0xC0, 0x38, 0x03, 0xFF, 0xC1, 0xFC,
    0x03, 0xDF, 0x80, 0xFC, 0x03, 0xC3, 0xFF, 0xFF, 0xFD, 0xC0, 0xFF, 0xFF, 0xFC, 0x60, 0x1F, 0xFF,
    0xFE, 0x00, 0x00, 0x00, 0x00, 0x00, 0x00, 0xE0, 0x00, 0x00, 0x00, 0x70, 0x70, 0x00, 0x00, 0x38,
    0x3B, 0xFF, 0xC3, 0xFF, 0xFD, 0xFF, 0xE1, 0xFF, 0xFC, 0xFF, 0xF0, 0xFF, 0xFE, 0x70, 0x70, 0x03,
    0x8E, 0x38, 0x78, 0x01, 0xCE, 0x1C, 0x38, 0x00, 0xEF, 0x0E, 0x1C, 0x00, 0x7F, 0x07, 0x1C, 0x1F,
    0xFF, 0xFB, 0x8E, 0x0F, 0xFF, 0xFD, 0xCE, 0x07, 0xFF, 0xFE, 0xE7, 0x00, 0x07, 0x80, 0x77, 0x80,
    0x07, 0x80, 0x39, 0xE0, 0x0F, 0x80, 0x1C, 0x78, 0x0F, 0xFF, 0xCE, 0x1C, 0x1F, 0xFF, 0xE7, 0x07,
    0x1F, 0xC0, 0xF3, 0x83, 0x8F, 0xE0, 0x79, 0xC0, 0xE2, 0x70, 0x3C, 0xE0, 0x70, 0x3F, 0xFE, 0x70,
    0x38, 0x1F, 0xFF, 0x38, 0x1C, 0x0E, 0x07, 0x9C, 0x3E, 0x07, 0x03, 0xCE, 0xFE, 0x03, 0x81, 0xE7,
    0x7F, 0x01, 0xC0, 0xF3, 0xBC, 0x00, 0xFF, 0xF9, 0xC0, 0x00, 0x7F, 0xFC, 0xE0, 0x00, 0x38, 0x1E,
    0x70, 0x00, 0x1C, 0x0E, 0x38, 0x00, 0x00, 0x00, 0x18, 0x00, 0x7F, 0xFF, 0x7F, 0xFC, 0x7F, 0xFF,
    0x7F, 0xFC, 0x7F, 0xFF, 0x7F, 0xFC, 0x07, 0x70, 0x00, 0x1C, 0x07, 0x70, 0x00, 0x1C, 0x07, 0x70,
    0x00, 0x1C, 0x3F, 0xFE, 0x00, 0x1C, 0x7F, 0xFE, 0x00, 0x1C, 0x7F, 0xFE, 0x00, 0x1C, 0x73, 0x66,
    0x00, 0x1C, 0x73, 0x66, 0x00, 0x1C, 0x73, 0x66, 0x7F, 0xFC, 0x73, 0x66, 0x7F, 0xFC, 0x77, 0x66,
    0x7F, 0xFC, 0x76, 0x66, 0x70, 0x1C, 0x76, 0x7E, 0x70, 0x1C, 0x7E, 0x7E, 0x70, 0x00, 0x7C, 0x06,
    0x70, 0x00, 0x70, 0x06, 0x70, 0x00, 0x70, 0x06, 0x70, 0x00, 0x7F, 0xFE, 0x70, 0x00, 0x7F, 0xFE,
    0x70, 0x00, 0x70, 0x06, 0x70, 0x06, 0x70, 0x06, 0x70, 0x0F, 0x70, 0x06, 0x70, 0x0F, 0x70, 0x06,
    0x70, 0x0E, 0x7F, 0xFE, 0x70, 0x0E, 0x7F, 0xFE, 0x7F, 0xFE, 0x70, 0x06, 0x3F, 0xFE, 0x70, 0x06,
    0x3F, 0xFC, 0x20, 0x00, 0x00, 0x00, 0x00, 0x00, 0xE0, 0x1F, 0xFF, 0xE3, 0x8C, 0x7F, 0xFF, 0x8E,
    0x31, 0xC3, 0x70, 0x38, 0xC7, 0x0D, 0x80, 0xE3, 0x1C, 0x36, 0x03, 0x8C, 0x70, 0xD8, 0x0E, 0x31,
    0xC3, 0x70, 0x38, 0xC7, 0x7F, 0xF8, 0xE3, 0x1D, 0xFF, 0xEF, 0xAD, 0x76, 0xDB, 0xBF, 0xBD, 0xDB,
    0x6E, 0xFE, 0xFF, 0x6D, 0xBB, 0xFB, 0xFD, 0xB6, 0xEF, 0xFD, 0xF6, 0xDB, 0xBF, 0xF7, 0xDB, 0x6F,
    0xFB, 0xDF, 0x7D, 0xFF, 0xEF, 0x7D, 0xE3, 0xFB, 0xBC, 0xF7, 0x83, 0xEE, 0x31, 0xDC, 0x0E, 0x38,
    0xC7, 0x60, 0x38, 0xE3, 0x1D, 0xFF, 0xE3, 0x8C, 0x77, 0xFF, 0x8E, 0x31, 0xD8, 0x0E, 0x70, 0xC7,
    0x60, 0x39, 0xC3, 0x1D, 0x80, 0xE7, 0x0C, 0x76, 0x03, 0x9C, 0x31, 0xDF, 0xFE, 0xE0, 0xC7, 0x7F,
    0xFF, 0x83, 0x1D, 0x80, 0xFC, 0x0C, 0x76, 0x03, 0xF0, 0x31, 0xC0, 0x00, 0x00, 0x00, 0x0F, 0xFF,
    0xFF, 0xF0, 0x1F, 0xFF, 0xFF, 0xE0, 0x3F, 0xFF, 0xFF, 0xC0, 0x70, 0x1C, 0x03, 0x80, 0xE0, 0x38,
    0x07, 0x01, 0xC0, 0x70, 0x0E, 0x03, 0x80, 0xE0, 0x1C, 0x07, 0xFF, 0xFF, 0xF8, 0x0F, 0xFF, 0xFF,
    0xF0, 0x1C, 0x07, 0x00, 0xE0, 0x38, 0x0E, 0x01, 0xC0, 0x70, 0x1C, 0x03, 0x80, 0xE0, 0x38, 0x07,
    0x01, 0xFF, 0xFF, 0xFE, 0x03, 0xFF, 0xFF, 0xFC, 0x07, 0xFF, 0xFF, 0xF8, 0x00, 0x03, 0x80, 0x00,
    0x00, 0x07, 0x00, 0x00, 0x00, 0x0E, 0x00, 0x00, 0xFF, 0xFF, 0xFF, 0xC1, 0xFF, 0xFF, 0xFF, 0x83,
    0xFF, 0xFF, 0xFF, 0x00, 0x00, 0xE0, 0x00, 0x00, 0x01, 0xC0, 0x00, 0x00, 0x03, 0x80, 0x00, 0x00,
    0x07, 0x00, 0x01, 0xFF, 0xFF, 0xFF, 0xFF, 0xFF, 0xFF, 0xFF, 0xFF, 0xFF, 0xFF, 0xFF, 0xE0, 0x00,
    0x00, 0x07, 0xE0, 0x03, 0xFF, 0xFF, 0xC0, 0x7F, 0xFF, 0xFF, 0x80, 0xFF, 0xFF, 0x00, 0x00, 0x00,
    0x38, 0x00, 0x00, 0x00, 0x70, 0x00, 0x1F, 0xFF, 0xFF, 0xFF, 0xBF, 0xFF, 0xFF, 0xFF, 0x00, 0x03,
    0x80, 0x00, 0x00, 0x07, 0x00, 0x00, 0x3F, 0xFF, 0xFF, 0xC0, 0x7F, 0xFF, 0xFF, 0x80, 0xE0, 0x38,
    0x0F, 0x01, 0xC0, 0x70, 0x1E, 0x03, 0xFF, 0xFF, 0xFC, 0x07, 0xFF, 0xFF, 0xF8, 0x0E, 0x03, 0x80,
    0xF0, 0x1C, 0x07, 0x01, 0xE0, 0x38, 0x0E, 0x03, 0xC0, 0x7F, 0xFF, 0xFF, 0x80, 0xFF, 0xFF, 0xFF,
    0x00, 0x00, 0x70, 0x00, 0x00, 0x00, 0xE0, 0x00, 0x0F, 0xFF, 0xFF, 0xFC, 0x1F, 0xFF, 0xFF, 0xF8,
    0x00, 0x07, 0x00, 0x00, 0x00, 0x0E, 0x00, 0x00, 0x00, 0x1C, 0x00, 0x0F, 0xFF, 0xFF, 0xFF, 0xFF,
    0xFF, 0xFF, 0xFF, 0xC0, 0x00, 0x00, 0x00, 0x00, 0x07, 0xFF, 0xFF, 0xE0, 0x0F, 0xFF, 0xFF, 0xC0,
    0x1C, 0x00, 0x03, 0x80, 0x3F, 0xFF, 0xFF, 0x00, 0x7F, 0xFF, 0xFE, 0x00, 0xE0, 0x00, 0x1C, 0x01,
    0xFF, 0xFF, 0xF8, 0x03, 0xFF, 0xFF, 0xF0, 0x00, 0x00, 0x00, 0x00, 0x00, 0x00, 0x00, 0x03, 0xFF,
    0xFF, 0xFF, 0xFF, 0xFF, 0xFF, 0xFF, 0xF0, 0x00, 0x00, 0x00, 0x01, 0xFF, 0xFF, 0xFE, 0x03, 0xFF,
    0xFF, 0xFC, 0x07, 0x01, 0xC0, 0x38, 0x0F, 0xFF, 0xFF, 0xF0, 0x1F, 0xFF, 0xFF, 0xE0, 0x38, 0x0E,
    0x01, 0xC0, 0x70, 0x1C, 0x03, 0x80, 0xFF, 0xFF, 0xFF, 0x01, 0xFF, 0xFF, 0xFE, 0x00, 0x00, 0xE0,
    0x00, 0x0F, 0xFF, 0xFF, 0xF8, 0x1F, 0xFF, 0xFF, 0xF0, 0x00, 0x07, 0x00, 0x00, 0x00, 0x0E, 0x00,
    0x07, 0xFF, 0xFF, 0xFF, 0xFF, 0xFF, 0xFF, 0xFF, 0xE0, 0x00, 0x00, 0x80, 0x00, 0x00, 0x00, 0x70,
    0x00, 0x00, 0x00, 0x78, 0x00, 0x00, 0x00, 0x7C, 0x00, 0x00, 0x00, 0x7F, 0x00, 0x00, 0x00, 0xFB,
    0xE0, 0x00, 0x00, 0xF8, 0xF8, 0x00, 0x00, 0xF8, 0x3F, 0x00, 0x01, 0xF8, 0x07, 0xC0, 0x03, 0xF8,
    0x01, 0xF8, 0x07, 0xF0, 0x00, 0x7F, 0x8F, 0xFF, 0xFF, 0xFF, 0xE7, 0xEF, 0xFF, 0xFD, 0xF1, 0xC7,
    0xFF, 0xFC, 0x30, 0x00, 0x07, 0x00, 0x00, 0x00, 0x03, 0x80, 0x00, 0x00, 0x01, 0xC0, 0x00, 0x00,
    0x00, 0xE0, 0x00, 0x07, 0xFF, 0xFF, 0xFF, 0x03, 0xFF, 0xFF, 0xFF, 0x80, 0xFF, 0xFF, 0xFF, 0xC0,
    0x0C, 0x0E, 0x06, 0x00, 0x07, 0x07, 0x07, 0x80, 0x03, 0xC3, 0x83, 0x80, 0x00, 0xE1, 0xC3, 0xC0,
    0x00, 0x78, 0xE1, 0xC0, 0x00, 0x1C, 0x71, 0xC0, 0x00, 0x0E, 0x38, 0xE0, 0x03, 0xFF, 0xFF, 0xFF,
    0xE1, 0xFF, 0xFF, 0xFF, 0xF0, 0xFF, 0xFF, 0xFF, 0xF8, 0x00, 0x00, 0x00, 0x00, 0x03, 0x80, 0x00,
    0x00, 0x07, 0x83, 0xFF, 0xF8, 0x07, 0x83, 0xFF, 0xF8, 0x0F, 0xE3, 0xFF, 0xF8, 0x1F, 0xF0, 0x1C,
    0x38, 0x3C, 0xF8, 0x3C, 0x38, 0x7C, 0x3C, 0x3C, 0x38, 0xF8, 0x18, 0x38, 0x38, 0xF8, 0x18, 0x38,
    0x38, 0xFF, 0xF0, 0x38, 0x78, 0x7F, 0xF0, 0x38, 0x78, 0x03, 0x00, 0x38, 0x78, 0x03, 0x00, 0x38,
    0x78, 0x03, 0x03, 0xFF, 0xF0, 0x7F, 0xF3, 0xFF, 0xF0, 0x7F, 0xFB, 0xFF, 0xF0, 0x7F, 0xF8, 0x70,
    0x70, 0x03, 0x00, 0x70, 0x70, 0x23, 0x30, 0x70, 0x70, 0x73, 0x30, 0x70, 0x70, 0x33, 0x30, 0x70,
    0x70, 0x33, 0x70, 0x70, 0x70, 0x33, 0x70, 0x70, 0xF0, 0x3B, 0x60, 0xF0, 0xF0, 0x3B, 0x60, 0xE0,
    0xF0, 0x13, 0x38, 0xE0, 0xE0, 0x07, 0xF8, 0xE0, 0xE0, 0xFF, 0xFF, 0xFF, 0xFE, 0xFF, 0x8F, 0xFF,
    0xFE, 0x78, 0x0F, 0xFF, 0xFE, 0x00, 0x00, 0x00, 0x00, 0x01, 0x00, 0x00, 0x00, 0x01, 0xC0, 0x00,
    0x00, 0x03, 0x81, 0xFF, 0xFE, 0x07, 0xC1, 0xFF, 0xFE, 0x07, 0xE1, 0xFF, 0xFE, 0x0F, 0xF1, 0xC0,
    0x0E, 0x1E, 0x79, 0xC0, 0x0E, 0x3C, 0x3D, 0xC0, 0x0E, 0x7C, 0x1D, 0xFF, 0xFE, 0x78, 0x09, 0xFF,
    0xFE, 0x7F, 0xF1, 0xFF, 0xFE, 0x3F, 0xF1, 0xC1, 0xC0, 0x03, 0x81, 0xC1, 0xC0, 0x03, 0x81, 0xC1,
    0xC0, 0x03, 0x81, 0xFF, 0xFF, 0x3F, 0xF9, 0xFF, 0xFF, 0x3F, 0xF9, 0xFF, 0xFF, 0x3F, 0xF9, 0xC1,
    0xC0, 0x03, 0x81, 0xC1, 0xC0, 0x03, 0x91, 0xC1, 0xC0, 0x3B, 0xBB, 0x81, 0xC0, 0x3B, 0xBB, 0xBF,
    0xFE, 0x1B, 0xB3, 0xFF, 0xFE, 0x1B, 0xB3, 0xFF, 0xFE, 0x1B, 0xF3, 0xF0, 0x0E, 0x1F, 0xF7, 0xF0,
    0x0E, 0x1B, 0xBF, 0x70, 0x0E, 0x03, 0xFF, 0x70, 0x0E, 0x3F, 0xFF, 0x7F, 0xFE, 0x7F, 0xCE, 0x7F,
    0xFE, 0x3C, 0x0E, 0x7F, 0xFE, 0x00, 0x0C, 0x70, 0x0E, 0x00, 0x00, 0x30, 0x06, 0x02, 0x00, 0x00,
    0x00, 0x03, 0x80, 0x70, 0x00, 0x07, 0x80, 0x70, 0x00, 0x07, 0x80, 0xFF, 0xF0, 0x0F, 0xC0, 0xFF,
    0xF0, 0x1F, 0xE0, 0xE0, 0x70, 0x3C, 0xF8, 0xE0, 0x70, 0x7C, 0x79, 0xC0, 0x70, 0xF8, 0x39, 0xC0,
    0x60, 0xF0, 0x19, 0xFF, 0xE0, 0xFF, 0xF3, 0xFF, 0xE0, 0x7F, 0xF0, 0x00, 0xE0, 0x07, 0x00, 0x00,
    0xE0, 0x07, 0x07, 0xFF, 0xFE, 0x07, 0x0F, 0xFF, 0xFE, 0x7F, 0xFF, 0xFF, 0xFE, 0x7F, 0xF8, 0x0E,
    0x00, 0x7F, 0xFB, 0x0F, 0x0C, 0x07, 0x03, 0x8F, 0x1C, 0x07, 0x31, 0xCF, 0x3C, 0x77, 0x31, 0xEF,
    0xF0, 0x77, 0x70, 0xEF, 0xE0, 0x37, 0x70, 0x5F, 0xC0, 0x37, 0x60, 0x3E, 0xE0, 0x3F, 0x60, 0xFE,
    0xF0, 0x3F, 0x63, 0xFE, 0x78, 0x07, 0x3F, 0xCE, 0x3C, 0x07, 0xFF, 0x0E, 0x1E, 0x7F, 0xFE, 0x0E,
    0x0E, 0xFF, 0x80, 0xFE, 0x04, 0x78, 0x00, 0xFE, 0x00, 0x00, 0x00, 0xFC, 0x00, 0x00, 0x00, 0x00,
    0x00, 0x00, 0x00, 0x60, 0x60, 0x07, 0x00, 0xE1, 0xC0, 0x1E, 0x01, 0xC3, 0x80, 0x3C, 0x03, 0x87,
    0x00, 0xFC, 0x07, 0x0E, 0x03, 0xFE, 0x7F, 0xFF, 0x8F, 0x3E, 0xFF, 0xFF, 0x3E, 0x3F, 0xFF, 0xFE,
    0xF8, 0x3C, 0x70, 0xE1, 0xF0, 0x30, 0xE1, 0xC3, 0xFF, 0xC1, 0xC3, 0x83, 0xFF, 0x83, 0x87, 0x00,
    0x30, 0x7F, 0xFF, 0xE0, 0x60, 0xFF, 0xFF, 0xC0, 0xC1, 0xFF, 0xFF, 0xBF, 0xF8, 0x00, 0x00, 0x7F,
    0xF8, 0x00, 0x00, 0xFF, 0xF3, 0xFF, 0xF0, 0x0C, 0x07, 0xFF, 0xE0, 0x19, 0x8E, 0x01, 0xC7, 0x33,
    0x1C, 0x03, 0x8E, 0x66, 0x38, 0x07, 0x0C, 0xDC, 0x70, 0x0E, 0x19, 0xB8, 0xFF, 0xFC, 0x3B, 0x61,
    0xFF, 0xF8, 0x76, 0xC3, 0x80, 0x70, 0xCC, 0xE7, 0x00, 0xE0, 0x3F, 0xCE, 0x01, 0xC7, 0xFF, 0x9C,
    0x03, 0x9F, 0xF0, 0x3F, 0xFF, 0x1E, 0x00, 0x7F, 0xFE, 0x00, 0x00, 0xE0, 0x1C, 0x00, 0x00, 0xC0,
    0x18, 0x00, 0x00, 0x00, 0x00, 0x03, 0x81, 0xC0, 0x00, 0x07, 0x81, 0xC3, 0xFC, 0x07, 0x81, 0xC7,
    0xFE, 0x0F, 0xCF, 0xFF, 0xFE, 0x1F, 0xEF, 0xF9, 0xCE, 0x3C, 0xF1, 0xC1, 0xCE, 0x7C, 0x79, 0xC1,
    0xCC, 0xF8, 0x3F, 0xF9, 0x8C, 0xF8, 0x1F, 0xFB, 0x8C, 0xFF, 0xE1, 0xC3, 0x8C, 0x7F, 0xE1, 0xC3,
    0x9C, 0x03, 0x01, 0xC3, 0x9C, 0x03, 0x0F, 0xFF, 0x1C, 0x03, 0x0F, 0xFF, 0x1C, 0x7F, 0xE1, 0xDE,
    0xFC, 0x7F, 0xF1, 0xDC, 0xF8, 0x7F, 0xF1, 0xC8, 0x00, 0x03, 0x01, 0xCE, 0x00, 0x23, 0x30, 0x1E,
    0x00, 0x73, 0x30, 0x1E, 0x00, 0x33, 0x3F, 0xFF, 0xFE, 0x33, 0x7F, 0xFF, 0xFE, 0x3B, 0x77, 0xFF,
    0xFE, 0x3B, 0x60, 0x3F, 0x00, 0x3B, 0x60, 0x3F, 0x80, 0x03, 0x38, 0x7B, 0xC0, 0x07, 0xF8, 0xF1,
    0xE0, 0x7F, 0xFB, 0xE1, 0xF0, 0xFF, 0x8F, 0xC0, 0xFE, 0x78, 0x1F, 0x80, 0x3E, 0x00, 0x0E, 0x00,
    0x1E, 0x00, 0x00, 0x00, 0x00, 0x00, 0x00, 0x03, 0x00, 0x07, 0x00, 0x03, 0x80, 0x07, 0x00, 0x83,
    0x80, 0x0F, 0x1F, 0xFF, 0xF8, 0x0F, 0xDF, 0xFF, 0xF8, 0x1F, 0xDF, 0x83, 0x98, 0x39, 0xE3, 0x83,
    0x98, 0x78, 0xF3, 0x83, 0x98, 0xF0, 0x67, 0x7F, 0xFF, 0xF0, 0x27, 0x7F, 0xFF, 0xFF, 0xEE, 0x03,
    0x98, 0xFF, 0xEE, 0x03, 0x98, 0x06, 0x1E, 0x03, 0x98, 0x06, 0x3F, 0xFF, 0xF8, 0x06, 0x3F, 0xFF,
    0xF8, 0xFF, 0xF1, 0xC3, 0x80, 0xFF, 0xE1, 0xC3, 0x80, 0x7F, 0xC1, 0xBF, 0xFC, 0x06, 0x19, 0xBF,
    0xFC, 0x66, 0xFF, 0x83, 0x80, 0x76, 0xFF, 0x83, 0x80, 0x36, 0xEF, 0x83, 0x80, 0x36, 0xCF, 0xFF,
    0xFE, 0x36, 0xCF, 0x7F, 0xFE, 0x37, 0xC7, 0x03, 0x80, 0x36, 0x87, 0x03, 0x80, 0x07, 0xEF, 0x83,
    0x80, 0x1F, 0xFF, 0xE3, 0x80, 0xFF, 0xFD, 0xF3, 0x00, 0xFE, 0x3C, 0xFF, 0xEE, 0xF0, 0x78, 0x3F,
    0xFE, 0x00, 0x70, 0x0F, 0xFE, 0x00, 0x20, 0x00, 0x00, 0x01, 0x00, 0x06, 0x00, 0x01, 0xC0, 0x0E,
    0x00, 0x03, 0x83, 0x0E, 0x1C, 0x07, 0xC3, 0x8E, 0x3C, 0x0F, 0xE3, 0xCE, 0x38, 0x0F, 0xF1, 0xCE,
    0x78, 0x1E, 0x79, 0xEE, 0x70, 0x3C, 0x3C, 0xEE, 0xF0, 0xF8, 0x1C, 0xCE, 0x60, 0xF8, 0x0F, 0xFF,
    0xF8, 0xFF, 0xFB, 0xFF, 0xF8, 0x5F, 0xFB, 0x80, 0x38, 0x03, 0x83, 0x80, 0x38, 0x03, 0x83, 0x80,
    0x38, 0x03, 0x83, 0xFF, 0xF8, 0x3F, 0xFB, 0xFF, 0xF8, 0x7F, 0xFF, 0x80, 0x38, 0x7F, 0xFF, 0x80,
    0x38, 0x03, 0x83, 0x80, 0x38, 0x03, 0x9B, 0xFF, 0xF8, 0x73, 0x9B, 0xFF, 0xF8, 0x33, 0xBB, 0x80,
    0x38, 0x3B, 0xBB, 0x80, 0x38, 0x3B, 0xB3, 0xFF, 0xF8, 0x3B, 0xF3, 0xFF, 0xF8, 0x1B, 0xA0, 0x20,
    0x80, 0x03, 0xBC, 0x79, 0xE0, 0x03, 0xFC, 0xF0, 0xF0, 0x7F, 0xFD, 0xF0, 0x78, 0x7F, 0xC7, 0xC0,
    0x3C, 0x78, 0x0F, 0x80, 0x1E, 0x00, 0x07, 0x00, 0x0E, 0x00, 0x00, 0x00, 0x00, 0x02, 0x00, 0x04,
    0x00, 0x06, 0x00, 0x1C, 0x00, 0x1C, 0x00, 0x38, 0x00, 0x7C, 0x1F, 0xFF, 0xC0, 0xFC, 0x3F, 0xFF,
    0x83, 0xBC, 0x71, 0xC7, 0x0F, 0x3F, 0xFF, 0xFF, 0xBC, 0x3F, 0xFF, 0xFF, 0xF0, 0x33, 0x8E, 0x39,
    0xE0, 0x47, 0x1C, 0x73, 0xFF, 0x8F, 0xFF, 0xE3, 0xFF, 0x1F, 0xFF, 0xC0, 0x70, 0x00, 0xE0, 0x00,
    0xE0, 0x01, 0xC0, 0x01, 0xC1, 0xFF, 0xFF, 0x3F, 0xF3, 0xFF, 0xFE, 0x7F, 0xF7, 0x0E, 0x1C, 0xFF,
    0xEF, 0xFF, 0xF8, 0x1C, 0x1F, 0xFF, 0xF0, 0x3B, 0x01, 0xE0, 0x07, 0x77, 0x03, 0x80, 0x0E, 0xED,
    0xFF, 0xFF, 0xCD, 0xDB, 0xFF, 0xFF, 0x9B, 0xF0, 0x70, 0x38, 0x37, 0xC1, 0xE0, 0xE0, 0x7F, 0x83,
    0xC3, 0xC0, 0xDC, 0xCF, 0xFF, 0x00, 0x3F, 0x87, 0xFE, 0x07, 0xFF, 0x01, 0xFF, 0x1F, 0xF0, 0x7F,
    0xFF, 0x9E, 0x03, 0xFE, 0x1F, 0x80, 0x07, 0xE0, 0x0E, 0x00, 0x00, 0x00, 0x00, 0x02, 0x00, 0x04,
    0x00, 0x03, 0x00, 0x1E, 0x00, 0x07, 0x00, 0x0E, 0x00, 0x0F, 0x80, 0x0F, 0x00, 0x0F, 0xC7, 0xFF,
    0xFE, 0x1F, 0xE7, 0xFF, 0xFE, 0x3C, 0xF0, 0xE0, 0x70, 0x78, 0x78, 0xE0, 0xF0, 0xF8, 0x38, 0xF0,
    0xE0, 0xF0, 0x30, 0x70, 0xE0, 0xFF, 0xEF, 0xFF, 0xFF, 0x7F, 0xEF, 0xFF, 0xFF, 0x07, 0x00, 0x00,
    0x00, 0x07, 0x03, 0xFF, 0xFC, 0x07, 0x03, 0xFF, 0xFC, 0x7F, 0xE3, 0x8E, 0x1C, 0xFF, 0xF3, 0x8E,
    0x1C, 0xFF, 0xF3, 0xFF, 0xFC, 0x07, 0x03, 0xFF, 0xFC, 0x27, 0x73, 0x8E, 0x1C, 0x77, 0x73, 0x8E,
    0x1C, 0x77, 0x63, 0xFF, 0xFC, 0x37, 0x63, 0xFF, 0xFC, 0x37, 0xE0, 0x0E, 0x00, 0x37, 0xE0, 0x0E,
    0x00, 0x3F, 0xC7, 0xFF, 0xFC, 0x07, 0x77, 0xFF, 0xFC, 0x07, 0xF0, 0x0E, 0x00, 0xFF, 0xF0, 0x0E,
    0x00, 0xFF, 0x8F, 0xFF, 0xFE, 0xF8, 0x0F, 0xFF, 0xFE, 0x00, 0x00, 0x00, 0x00, 0x00, 0x00, 0x00,
    0x00, 0x1C, 0x00, 0x1E, 0x00, 0x38, 0x00, 0x3C, 0x00, 0x70, 0x00, 0x78, 0x01, 0xFF, 0x80, 0xF0,
    0x03, 0xFF, 0x01, 0xE0, 0x0F, 0xFE, 0x03, 0xC0, 0x3C, 0x00, 0x07, 0x80, 0xF0, 0x03, 0xFF, 0xFF,
    0xE0, 0x07, 0xFF, 0xFF, 0x80, 0x0F, 0xFF, 0xFB, 0xFF, 0x9C, 0x78, 0xF3, 0xFF, 0x38, 0xF1, 0xE3,
    0xFE, 0x71, 0xE3, 0xC1, 0xE0, 0xE3, 0xC7, 0x83, 0xC1, 0xC7, 0x8F, 0x07, 0x83, 0x8F, 0x1E, 0xFF,
    0xF7, 0x1E, 0x3D, 0xFF, 0xEF, 0xFF, 0xFB, 0xFF, 0xDF, 0xFF, 0xF0, 0x78, 0x3F, 0xFF, 0xE0, 0xF0,
    0x71, 0xE3, 0xC1, 0xE0, 0xE3, 0xC7, 0x83, 0xC0, 0x07, 0x80, 0x07, 0x80, 0x0F, 0x00, 0x0F, 0x30,
    0x1E, 0x00, 0x1F, 0xE0, 0x3C, 0x00, 0x3F, 0xC0, 0x78, 0x00, 0x7F, 0x00, 0xF0, 0x01, 0xF8, 0x01,
    0xE0, 0x03, 0xC0, 0x03, 0xC0, 0x03, 0x00, 0x07, 0x80, 0x00, 0x00, 0x06, 0x00, 0x00, 0x00, 0x00,
    0x00, 0x38, 0x01, 0xC0, 0x00, 0xE0, 0x07, 0x00, 0x03, 0x80, 0x3C, 0x00, 0x1F, 0xF8, 0xE0, 0x00,
    0xFF, 0xE3, 0x80, 0x03, 0xFF, 0x9F, 0xFF, 0xDE, 0x00, 0x7F, 0xFF, 0xF0, 0x03, 0xFF, 0xFF, 0xC0,
    0x0E, 0x00, 0x7F, 0xFF, 0x78, 0x01, 0xDF, 0xFF, 0xCE, 0x07, 0x3F, 0xFF, 0x38, 0x1C, 0x1C, 0x19,
    0xE0, 0x70, 0x70, 0x07, 0x01, 0xC1, 0xC0, 0x1C, 0x87, 0x07, 0x00, 0xE7, 0x1D, 0xFF, 0xE3, 0x9C,
    0x77, 0xFF, 0x9E, 0x71, 0xDF, 0xFE, 0x70, 0xE7, 0x07, 0x01, 0xCF, 0x9C, 0x1C, 0x0F, 0xFE, 0x70,
    0x70, 0x7F, 0xFD, 0xC1, 0xC0, 0xFC, 0x7F, 0x07, 0x03, 0x01, 0xFC, 0x1C, 0x60, 0x00, 0xE0, 0x77,
    0x80, 0x03, 0x81, 0xFE, 0x00, 0x0E, 0x07, 0xF0, 0x00, 0x38, 0x3F, 0x00, 0x3F, 0xE0, 0x70, 0x00,
    0x7F, 0x01, 0x00, 0x01, 0xF8, 0x00, 0x00, 0x00, 0x00, 0x00, 0x00, 0x00, 0x00, 0x07, 0x00, 0x00,
    0x00, 0x0F, 0x03, 0xFF, 0xFE, 0x0E, 0x03, 0xFF, 0xFE, 0x0F, 0xFF, 0xFF, 0xFE, 0x1F, 0xFC, 0x0E,
    0x0E, 0x1F, 0xFC, 0x0E, 0x1E, 0x3C, 0x00, 0x1E, 0x1E, 0x78, 0x00, 0x1E, 0x1E, 0x70, 0x00, 0x1C,
    0x1C, 0x7F, 0xF8, 0x1C, 0x1C, 0x7F, 0xF8, 0x1C, 0x1C, 0x1F, 0xF8, 0x1C, 0x1C, 0x03, 0x80, 0x1C,
    0x1C, 0x03, 0x83, 0xFF, 0xFC, 0x03, 0x83, 0xFF, 0xFC, 0x03, 0x83, 0xFF, 0xFC, 0x3F, 0xFC, 0x3C,
    0x1C, 0x7F, 0xFC, 0x38, 0x1C, 0x7F, 0xFC, 0x38, 0x1C, 0x03, 0x80, 0x38, 0x3C, 0x03, 0x80, 0x38,
    0x3C, 0x03, 0x80, 0x38, 0x38, 0x03, 0x80, 0x38, 0x38, 0x03, 0x80, 0x78, 0x38, 0x03, 0x98, 0x78,
    0x38, 0x03, 0xFC, 0x70, 0x38, 0x03, 0xF8, 0x70, 0x38, 0x03, 0xEF, 0xFF, 0xFF, 0x07, 0xCF, 0xFF,
    0xFF, 0x07, 0x0F, 0xFF, 0xFF, 0x06, 0x00, 0x00, 0x00, 0x00, 0x00, 0x0E, 0x00, 0x0E, 0x00, 0x0E,
    0x00, 0x0E, 0x03, 0x0E, 0x1C, 0x0E, 0x03, 0x8E, 0x1C, 0x1F, 0xFB, 0xCE, 0x38, 0x3F, 0xF9, 0xCE,
    0x38, 0x3F, 0xF9, 0xEE, 0x70, 0x78, 0x00, 0xEE, 0xF0, 0xF0, 0x00, 0xEE, 0xE0, 0xF0, 0x00, 0x0E,
    0x00, 0xFF, 0xF3, 0xFF, 0xF8, 0x7F, 0xF3, 0xFF, 0xF8, 0x3F, 0xF3, 0xFF, 0xF8, 0x07, 0x03, 0x80,
    0x38, 0x07, 0x03, 0x8E, 0x38, 0x07, 0x03, 0x8E, 0x38, 0x07, 0x03, 0x8E, 0x38, 0x7F, 0xFB, 0x8E,
    0x38, 0x7F, 0xFB, 0x8E, 0x38, 0x7F, 0xFB, 0x8E, 0x38, 0x07, 0x03, 0x8E, 0x38, 0x07, 0x03, 0x8E,
    0x38, 0x07, 0x03, 0x8E, 0x38, 0x07, 0x03, 0x9E, 0x38, 0x07, 0x03, 0x9C, 0x38, 0x07, 0x1B, 0xBC,
    0x38, 0x07, 0x78, 0x7B, 0x80, 0x07, 0xF8, 0xFF, 0xE0, 0x07, 0xE1, 0xF1, 0xF8, 0x0F, 0xCF, 0xE0,
    0x7E, 0x0F, 0x1F, 0x80, 0x3E, 0x0C, 0x0E, 0x00, 0x0C, 0x00, 0x00, 0x00, 0x00, 0x00, 0x00, 0x60,
    0xC0, 0x1C, 0x00, 0xE1, 0xC0, 0x38, 0x01, 0xC3, 0x80, 0xF0, 0x03, 0x87, 0x01, 0xC0, 0x07, 0x0E,
    0x03, 0xFF, 0xFF, 0xFF, 0xCF, 0xFF, 0xFF, 0xFF, 0xBF, 0xFD, 0xFF, 0xFE, 0xF0, 0x00, 0x70, 0xE1,
    0xE0, 0x00, 0xE1, 0xC1, 0xFF, 0xC1, 0xC3, 0x83, 0xFF, 0x83, 0x87, 0x03, 0xFF, 0x7F, 0xFF, 0xE0,
    0xE0, 0xFF, 0xFF, 0xC1, 0xC1, 0xFF, 0xFF, 0x83, 0x80, 0x00, 0x00, 0x07, 0x00, 0x00, 0x00, 0xFF,
    0xF3, 0xFF, 0xF1, 0xFF, 0xE7, 0xFF, 0xE3, 0xFF, 0xCF, 0xFF, 0xC0, 0x70, 0x1C, 0x03, 0x80, 0xE0,
    0x38, 0x07, 0x01, 0xC0, 0x70, 0x0E, 0x03, 0x80, 0xFF, 0xFC, 0x07, 0x01, 0xFF, 0xF8, 0x0E, 0x63,
    0x80, 0x70, 0x1D, 0xC7, 0x00, 0xE0, 0x3F, 0xCE, 0x01, 0xC0, 0x7E, 0x1C, 0x03, 0x81, 0xF0, 0x3F,
    0xFF, 0x03, 0xC0, 0x7F, 0xFE, 0x02, 0x00, 0xE0, 0x1C, 0x00, 0x01, 0x80, 0x10, 0x04, 0x00, 0x01,
    0x80, 0x03, 0x80, 0x00, 0xE0, 0x03, 0x80, 0x10, 0x70, 0x01, 0xC3, 0xFF, 0xFF, 0x81, 0xFF, 0xFF,
    0xFF, 0xC0, 0xFF, 0x0E, 0x0E, 0x60, 0xFF, 0x87, 0x07, 0x30, 0x70, 0x07, 0x03, 0x98, 0x78, 0x03,
    0xBF, 0xFF, 0xB8, 0x01, 0xDF, 0xFF, 0xDF, 0xF9, 0xC0, 0x73, 0x07, 0xFC, 0xE0, 0x39, 0x81, 0xFE,
    0xF8, 0x1C, 0xC0, 0x38, 0xFF, 0xFF, 0xE0, 0x1C, 0x7F, 0xFF, 0xF0, 0x0E, 0x11, 0xC3, 0x80, 0x07,
    0x00, 0xC1, 0xC0, 0x1F, 0xF0, 0x6F, 0xFF, 0x1F, 0xFF, 0x77, 0xFF, 0x8F, 0xFF, 0xB8, 0x38, 0x00,
    0x70, 0xFC, 0x1C, 0x00, 0x38, 0x7E, 0x0E, 0x00, 0x1C, 0x1E, 0xFF, 0xFC, 0x0E, 0x0F, 0x7F, 0xFE,
    0x07, 0x03, 0x81, 0xC0, 0x03, 0xB3, 0xC0, 0xE0, 0x01, 0xFD, 0xF0, 0x70, 0x00, 0xFD, 0xFE, 0x38,
    0x00, 0x7C, 0xEF, 0x9C, 0x00, 0x7C, 0xE3, 0xFF, 0xB8, 0x3C, 0xF0, 0x7F, 0xFC, 0x18, 0x70, 0x0F,
    0xFE, 0x00, 0x30, 0x00, 0x00, 0x00, 0x00, 0x00, 0x00, 0x00, 0x1C, 0x00, 0x00, 0x00, 0x38, 0x1F,
    0xFF, 0xF0, 0x70, 0x3F, 0xFF, 0xE1, 0xFF, 0x7F, 0xFF, 0xC7, 0xFE, 0xE0, 0x03, 0x8F, 0xFD, 0xC0,
    0x07, 0x3C, 0x03, 0x80, 0x0E, 0xF0, 0x07, 0x80, 0x1D, 0xE0, 0x0F, 0xFF, 0xFB, 0xFF, 0x9F, 0xFF,
    0xF3, 0xFF, 0x38, 0x38, 0x03, 0xFE, 0x70, 0x70, 0x00, 0xE0, 0xE0, 0xE0, 0x01, 0xC1, 0xFF, 0xFF,
    0x03, 0x83, 0xFF, 0xFF, 0x07, 0x07, 0xFF, 0xFE, 0xFF, 0xEE, 0x0E, 0x01, 0xFF, 0xDC, 0x1C, 0x03,
    0xFF, 0xB8, 0x38, 0x00, 0x70, 0x70, 0x70, 0x00, 0xE0, 0xFF, 0xFF, 0x81, 0xC1, 0xFF, 0xFF, 0x03,
    0x87, 0xF0, 0x0E, 0x07, 0x1E, 0xE0, 0x1C, 0x0E, 0xFD, 0xC0, 0x38, 0x1F, 0xFB, 0x80, 0x70, 0x3F,
    0xF7, 0x00, 0xE0, 0x7D, 0xCE, 0x01, 0xC1, 0xF3, 0x9F, 0xFF, 0x83, 0x8E, 0x3F, 0xFF, 0x06, 0x0C,
    0x70, 0x0E, 0x00, 0x00, 0x40, 0x00, 0x00, 0x00, 0x00, 0x00, 0x0E, 0x01, 0xC0, 0x00, 0x0E, 0x01,
    0xC3, 0xFC, 0x1E, 0x01, 0xC7, 0xFC, 0x1C, 0x1F, 0xFF, 0xFC, 0x3F, 0xFF, 0xF9, 0xCC, 0x3F, 0xE1,
    0xC1, 0x8C, 0x78, 0x01, 0xC1, 0x8C, 0xF0, 0x0F, 0xFB, 0x9C, 0xE0, 0x0F, 0xFB, 0x9C, 0x7F, 0xC1,
    0xC3, 0x9C, 0x7F, 0xE1, 0xC3, 0x9C, 0x3F, 0xFF, 0xFF, 0x1C, 0x07, 0x1F, 0xFF, 0x1C, 0x07, 0x01,
    0xCF, 0x1C, 0x07, 0x01, 0xDE, 0xF8, 0x07, 0x01, 0xDC, 0xF8, 0x7F, 0xE1, 0xC8, 0x00, 0xFF, 0xF1,
    0x9E, 0x00, 0xFF, 0xF0, 0x1E, 0x00, 0x07, 0x00, 0x1C, 0x00, 0x07, 0x0F, 0xFF, 0xFE, 0x07, 0x0F,
    0xFF, 0xFE, 0x07, 0x0F, 0xFF, 0xFC, 0x07, 0x00, 0x3F, 0x00, 0x07, 0x30, 0x3F, 0x80, 0x07, 0xF0,
    0x7B, 0xC0, 0x07, 0xF0, 0xF3, 0xE0, 0x0F, 0xE3, 0xE1, 0xF0, 0x1F, 0x8F, 0xC0, 0xFE, 0x0E, 0x1F,
    0x80, 0x3E, 0x0C, 0x0E, 0x00, 0x1C, 0x00, 0x00, 0x00, 0x00, 0x00, 0x00, 0x00, 0x00, 0x07, 0x00,
    0x87, 0x08, 0x07, 0x03, 0x87, 0x1E, 0x0F, 0x01, 0xC7, 0x1C, 0x0F, 0xF1, 0xE7, 0x38, 0x1F, 0xF0,
    0xE7, 0x38, 0x1F, 0xF0, 0xE7, 0x30, 0x3C, 0x07, 0xFF, 0xFF, 0x78, 0x07, 0xFF, 0xFF, 0x70, 0x00,
    0x3F, 0xC0, 0x7F, 0xE0, 0x3F, 0xE0, 0x3F, 0xF0, 0xF7, 0xF0, 0x1F, 0xF1, 0xE7, 0x78, 0x03, 0x83,
    0xC7, 0x3E, 0x03, 0x8F, 0x87, 0x1F, 0x03, 0x87, 0x07, 0x06, 0x03, 0x80, 0x0E, 0x00, 0x3F, 0xF0,
    0x1C, 0x00, 0x7F, 0xF8, 0x1C, 0x00, 0x7F, 0xFF, 0xFF, 0xFF, 0x03, 0x8F, 0xFF, 0xFF, 0x03, 0x80,
    0x78, 0x78, 0x03, 0x80, 0xF0, 0x70, 0x03, 0x80, 0xE0, 0xF0, 0x03, 0x81, 0xF0, 0xE0, 0x03, 0xB9,
    0xFD, 0xE0, 0x03, 0xF8, 0x7F, 0xC0, 0x03, 0xF8, 0x0F, 0xE0, 0x07, 0xE0, 0x3F, 0xF8, 0x0F, 0xC3,
    0xFE, 0xFE, 0x0F, 0x07, 0xF8, 0x3E, 0x06, 0x07, 0xC0, 0x0C, 0x00, 0x00, 0x00, 0x00, 0x00, 0x00,
    0x04, 0x00, 0x0E, 0x00, 0x0E, 0x00, 0x0E, 0x00, 0x0F, 0x00, 0x1E, 0x07, 0xFF, 0xFC, 0x1F, 0xF7,
    0xFF, 0xFC, 0x3F, 0xF0, 0x00, 0x40, 0x3F, 0xF0, 0xE0, 0xF0, 0x78, 0x00, 0x70, 0xE0, 0xF0, 0x00,
    0x70, 0xE0, 0xE0, 0x00, 0x71, 0xE0, 0x7F, 0xEF, 0xFF, 0xFE, 0x3F, 0xFF, 0xFF, 0xFE, 0x3F, 0xF0,
    0x00, 0x00, 0x07, 0x03, 0xFF, 0xFC, 0x07, 0x03, 0xFF, 0xFC, 0x07, 0x03, 0x80, 0x1C, 0x07, 0x03,
    0x80, 0x1C, 0x7F, 0xF3, 0xFF, 0xFC, 0x7F, 0xF3, 0xFF, 0xFC, 0x7F, 0xF3, 0x80, 0x1C, 0x07, 0x03,
    0x80, 0x1C, 0x07, 0x03, 0xFF, 0xFC, 0x07, 0x03, 0xFF, 0xFC, 0x07, 0x00, 0x71, 0xC0, 0x07, 0x10,
    0x71, 0xC0, 0x07, 0x70, 0x71, 0xC0, 0x07, 0xF8, 0xF1, 0xC4, 0x07, 0xF0, 0xE1, 0xC7, 0x0F, 0xC1,
    0xE1, 0xC6, 0x1F, 0x87, 0xC1, 0xCE, 0x0E, 0x1F, 0x81, 0xFE, 0x0C, 0x1F, 0x01, 0xFC, 0x00, 0x08,
    0x00, 0x00, 0x03, 0xFF, 0xFF, 0xF0, 0x03, 0xFF, 0xFF, 0xF0, 0x03, 0xFF, 0xFF, 0xE0, 0x03, 0xC0,
    0x00, 0x00, 0x03, 0xC0, 0x00, 0x00, 0x03, 0xFF, 0xFF, 0xE0, 0x03, 0xFF, 0xFF, 0xE0, 0x03, 0xC0,
    0x00, 0x00, 0x03, 0xC0, 0x00, 0x00, 0x03, 0xC0, 0x00, 0x00, 0x03, 0xFF, 0xFF, 0xE0, 0x03, 0xFF,
    0xFF, 0xE0, 0x03, 0xC0, 0x00, 0x00, 0x03, 0xC0, 0x00, 0x00, 0x03, 0xC0, 0x00, 0x00, 0xFF, 0xFF,
    0xFF, 0xFE, 0xFF, 0xFF, 0xFF, 0xFE, 0x7F, 0xFF, 0xFF, 0xFE, 0x03, 0x83, 0xC0, 0x78, 0x03, 0x81,
    0xC0, 0xF8, 0x03, 0x81, 0xE3, 0xE0, 0x03, 0x80, 0xF7, 0xC0, 0x03, 0x80, 0x7F, 0x00, 0x03, 0x80,
    0x3E, 0x00, 0x03, 0x80, 0xDF, 0x00, 0x03, 0x8F, 0xCF, 0xC0, 0x07, 0xFF, 0xC7, 0xF8, 0x0F, 0xFF,
    0x01, 0xFE, 0x07, 0xF0, 0x00, 0x7E, 0x07, 0x00, 0x00, 0x0C, 0x00, 0x00, 0x00, 0x00, 0x01, 0xC0,
    0x00, 0x80, 0x01, 0xC0, 0x01, 0xE0, 0x01, 0xC0, 0x03, 0xE0, 0x01, 0xC0, 0x07, 0xC0, 0x01, 0xC0,
    0x0F, 0x80, 0x01, 0xC0, 0x3F, 0x00, 0x01, 0xC0, 0x7C, 0x00, 0x01, 0xC1, 0xF8, 0x00, 0x01, 0xC7,
    0xF0, 0x00, 0x01, 0xCF, 0xC0, 0x00, 0x01, 0xC7, 0x00, 0x00, 0x01, 0xC0, 0x00, 0x00, 0x01, 0xC0,
    0x00, 0x00, 0xFF, 0xFF, 0xFF, 0xFE, 0xFF, 0xFF, 0xFF, 0xFE, 0x7F, 0xFF, 0xFF, 0xFE, 0x01, 0xC1,
    0xE0, 0x00, 0x01, 0xC0, 0xE0, 0x00, 0x01, 0xC0, 0xF0, 0x00, 0x01, 0xC0, 0x70, 0x00, 0x01, 0xC0,
    0x78, 0x00, 0x01, 0xC0, 0x3C, 0x00, 0x01, 0xC0, 0x1E, 0x00, 0x01, 0xC0, 0x1F, 0x00, 0x01, 0xC0,
    0x0F, 0xC0, 0x01, 0xC1, 0xC7, 0xE0, 0x01, 0xDF, 0xC3, 0xF8, 0x01, 0xFF, 0xC0, 0xFE, 0x03, 0xFF,
    0x00, 0x7E, 0x03, 0xF0, 0x00, 0x1C, 0x03, 0x80, 0x00, 0x00, 0x7F, 0xF8, 0xFF, 0xFB, 0xFF, 0xC7,
    0xFF, 0xDC, 0x0E, 0x38, 0x0E, 0xE0, 0x71, 0xC0, 0x77, 0x03, 0x8E, 0x03, 0xBF, 0xFC, 0x7F, 0xFD,
    0xFF, 0xE3, 0xFF, 0xEE, 0x07, 0x1C, 0x07, 0x70, 0x38, 0xE0, 0x3B, 0x81, 0xC7, 0x01, 0xDF, 0xFE,
    0x3F, 0xFE, 0xFF, 0xF1, 0xFF, 0xF7, 0x00, 0x0C, 0x03, 0xB8, 0x00, 0xE0, 0x1D, 0xC0, 0x07, 0x00,
    0xEE, 0x00, 0x38, 0x07, 0x73, 0xFF, 0xFF, 0x3B, 0x9F, 0xFF, 0xF9, 0xDC, 0x00, 0xF0, 0x0E, 0xE0,
    0x0F, 0x80, 0x77, 0x00, 0xFC, 0x03, 0xB8, 0x0F, 0xE0, 0x1D, 0xC1, 0xF7, 0x00, 0xEE, 0x1F, 0x38,
    0x07, 0x73, 0xF1, 0xC0, 0x3B, 0xBE, 0x0E, 0x01, 0xDC, 0xE0, 0x70, 0x0E, 0xE0, 0x1F, 0x9F, 0xF7,
    0x00, 0xFC, 0xFF, 0xB8, 0x00, 0x03, 0xF8, 0x00, 0x00, 0x00, 0x00, 0x7F, 0xF8, 0xFF, 0xFB, 0xFF,
    0xC7, 0xFF, 0xDC, 0x0E, 0x38, 0x0E, 0xE0, 0x71, 0xC0, 0x77, 0x03, 0x8E, 0x03, 0xBF, 0xFC, 0x7F,
    0xFD, 0xFF, 0xE3, 0xFF, 0xEE, 0x07, 0x1C, 0x07, 0x70, 0x38, 0xE0, 0x3B, 0x81, 0xC7, 0x01, 0xDF,
    0xFE, 0x3F, 0xFE, 0xFF, 0xF1, 0xFF, 0xF7, 0x00, 0x00, 0x03, 0xB8, 0x00, 0x00, 0x1D, 0xCF, 0xFF,
    0xF8, 0xEE, 0x7F, 0xFF, 0xC7, 0x70, 0x38, 0xE0, 0x3B, 0x81, 0xC7, 0x01, 0xDC, 0x0E, 0x38, 0x0E,
    0xE0, 0xF1, 0xE0, 0x77, 0x7F, 0xFF, 0xF3, 0xBB, 0xFF, 0xFF, 0x9D, 0xC1, 0xC3, 0x80, 0xEE, 0x0E,
    0x1C, 0x07, 0x70, 0x70, 0xE0, 0x3B, 0x87, 0x87, 0x01, 0xDC, 0x38, 0x38, 0x0E, 0xE3, 0x81, 0xCF,
    0xF7, 0x3C, 0x0E, 0x7F, 0xB8, 0xC0, 0x31, 0xF8, 0x00, 0x00, 0x00, 0x00, 0x7F, 0xF8, 0xFF, 0xFB,
    0xFF, 0xC7, 0xFF, 0xDC, 0x0E, 0x38, 0x0E, 0xE0, 0x71, 0xC0, 0x77, 0x03, 0x8E, 0x03, 0xBF, 0xFC,
    0x7F, 0xFD, 0xFF, 0xE3, 0xFF, 0xEE, 0x07, 0x1C, 0x07, 0x70, 0x38, 0xE0, 0x3B, 0x81, 0xC7, 0x01,
    0xDF, 0xFE, 0x3F, 0xFE, 0xFF, 0xF1, 0xFF, 0xF7, 0x00, 0x00, 0x03, 0xB8, 0x00, 0x00, 0x1D, 0xC0,
    0x00, 0x00, 0xEE, 0x1F, 0xFF, 0x07, 0x70, 0xFF, 0xF8, 0x3B, 0x87, 0x01, 0xC1, 0xDC, 0x38, 0x0E,
    0x0E, 0xE1, 0xC0, 0x70, 0x77, 0x0F, 0xFF, 0x83, 0xB8, 0x7F, 0xFC, 0x1D, 0xC3, 0x80, 0xE0, 0xEE,
    0x1C, 0x07, 0x07, 0x70, 0xE0, 0x38, 0x3B, 0x87, 0xFF, 0xC1, 0xDC, 0x3F, 0xFE, 0x0E, 0xE1, 0xC0,
    0x1F, 0xF7, 0x0E, 0x00, 0x7F, 0xB8, 0x00, 0x03, 0xF8, 0x00, 0x00, 0x00, 0x00, 0xFF, 0xF1, 0xFF,
    0xEF, 0xFF, 0x1F, 0xFE, 0xE0, 0x71, 0xC0, 0xEE, 0x07, 0x1C, 0x0E, 0xE0, 0x71, 0xC0, 0xEF, 0xFF,
    0x1F, 0xFE, 0xFF, 0xF1, 0xFF, 0xEE, 0x07, 0x1C, 0x0E, 0xE0, 0x71, 0xC0, 0xEF, 0xFF, 0x1F, 0xFE,
    0xFF, 0xF1, 0xFF, 0xEE, 0x00, 0x00, 0x0E, 0xE0, 0x39, 0x80, 0xEE, 0x07, 0x1E, 0x0E, 0xE0, 0xE0,
    0xF0, 0xEE, 0x3C, 0x07, 0x8E, 0xE7, 0xFF, 0xFE, 0xEE, 0xFF, 0xFF, 0xEE, 0xE7, 0xC0, 0x74, 0xEE,
    0x1C, 0x07, 0x0E, 0xE1, 0xFF, 0xF0, 0xEE, 0x1F, 0xFF, 0x0E, 0xE0, 0x73, 0x80, 0xEE, 0x07, 0x38,
    0x0E, 0xE0, 0xF3, 0x8C, 0xEE, 0x1E, 0x38, 0xEE, 0xEF, 0xC3, 0x8E, 0xEE, 0xF8, 0x3F, 0xEE, 0xE6,
    0x01, 0xFF, 0xEE, 0x00, 0x00, 0x3E, 0x00, 0x00, 0x00, 0x00, 0x7F, 0xF8, 0xFF, 0xFB, 0xFF, 0xC7,
    0xFF, 0xDC, 0x0E, 0x38, 0x0E, 0xE0, 0x71, 0xC0, 0x77, 0x03, 0x8E, 0x03, 0xBF, 0xFC, 0x7F, 0xFD,
    0xFF, 0xE3, 0xFF, 0xEE, 0x07, 0x1C, 0x07, 0x70, 0x38, 0xE0, 0x3B, 0xFF, 0xC7, 0xFF, 0xDF, 0xFE,
    0x3F, 0xFE, 0xE1, 0xC0, 0xE0, 0x77, 0x1C, 0x07, 0x03, 0xB8, 0xEE, 0x77, 0x1D, 0xDF, 0xE7, 0xF0,
    0xEE, 0xFE, 0x3F, 0x87, 0x73, 0xF9, 0xFC, 0x3B, 0x8E, 0xE7, 0x71, 0xDD, 0xFF, 0xFF, 0x8E, 0xEF,
    0xFF, 0xFE, 0x77, 0x21, 0xDC, 0x23, 0xB9, 0xCE, 0xE7, 0x1D, 0xCE, 0x77, 0x38, 0xEE, 0x73, 0xB9,
    0xC7, 0x73, 0xFD, 0xFE, 0x3B, 0x9F, 0xEF, 0xF1, 0xDC, 0x0E, 0x73, 0x8E, 0xE0, 0xF3, 0x87, 0xF7,
    0x1F, 0x1C, 0x3F, 0xB8, 0x60, 0xE0, 0xF9, 0x80, 0x00, 0x00, 0x00, 0x30, 0x00, 0x00, 0x03, 0xC1,
    0xFF, 0xFF, 0xCF, 0x1F, 0xFF, 0xFE, 0x3C, 0xFF, 0xFF, 0xF0, 0xF0, 0x00, 0x03, 0x83, 0x80, 0x00,
    0x1C, 0x10, 0x03, 0xC0, 0xEE, 0x00, 0x1E, 0x07, 0x70, 0x00, 0xF0, 0x3B, 0x80, 0x07, 0x81, 0xDC,
    0x00, 0x3C, 0x0E, 0xE7, 0xFF, 0xFE, 0x77, 0x3F, 0xFF, 0xF3, 0xB9, 0xFF, 0xFF, 0x9D, 0xC0, 0x0F,
    0xC0, 0xEE, 0x00, 0xFE, 0x07, 0x70, 0x0F, 0xF0, 0x3B, 0x80, 0xFF, 0x81, 0xDC, 0x0F, 0xBC, 0x0E,
    0xE0, 0xF9, 0xE0, 0x77, 0x0F, 0x8F, 0x03, 0xB9, 0xF8, 0x78, 0x1D, 0xDF, 0x03, 0xC0, 0xEE, 0xF0,
    0x1E, 0x07, 0x72, 0x00, 0xF0, 0x3B, 0x80, 0x7F, 0x81, 0xDC, 0x03, 0xF8, 0x0E, 0xE0, 0x1F, 0xC0,
    0x77, 0x00, 0x00, 0x3F, 0xB8, 0x00, 0x01, 0xFD, 0xC0, 0x00, 0x0F, 0xC0, 0x00, 0x00, 0x00, 0x60,
    0x00, 0x00, 0x0F, 0x07, 0xFF, 0xFE, 0x78, 0xFF, 0xFF, 0xF3, 0xCF, 0xFF, 0xFF, 0x1E, 0x00, 0x00,
    0xF0, 0xE0, 0x00, 0x0F, 0x06, 0x00, 0x00, 0xFE, 0x00, 0x00, 0x0F, 0xE0, 0x00, 0x00, 0xFE, 0x00,
    0x00, 0x0F, 0xE1, 0xFF, 0xF0, 0xFE, 0x1F, 0xFF, 0x0F, 0xE1, 0xFF, 0xF0, 0xFE, 0x1C, 0x07, 0x0F,
    0xE1, 0xC0, 0x70, 0xFE, 0x1C, 0x07, 0x0F, 0xE1, 0xC0, 0x70, 0xFE, 0x1C, 0x07, 0x0F, 0xE1, 0xC0,
    0x70, 0xFE, 0x1C, 0x07, 0x0F, 0xE1, 0xFF, 0xF0, 0xFE, 0x1F, 0xFF, 0x0F, 0xE1, 0xFF, 0xF0, 0xFE,
    0x1C, 0x00, 0x0F, 0xE1, 0xC0, 0x00, 0xFE, 0x0C, 0x00, 0x0F, 0xE0, 0x00, 0x00, 0xFE, 0x00, 0x00,
    0x0F, 0xE0, 0x00, 0x1F, 0xFE, 0x00, 0x01, 0xFE, 0xE0, 0x00, 0x0F, 0xCE, 0x00, 0x00, 0x00, 0x60,
    0x00, 0x00, 0x0F, 0x07, 0xFF, 0xFF, 0x78, 0xFF, 0xFF, 0xF3, 0xCF, 0xFF, 0xFF, 0x1E, 0x00, 0x00,
    0xF1, 0xE0, 0x00, 0x0F, 0x08, 0x00, 0x00, 0xFE, 0x00, 0x00, 0x0F, 0xE0, 0x00, 0x00, 0xFE, 0x00,
    0x00, 0x0F, 0xE1, 0xFF, 0xF0, 0xFE, 0x1F, 0xFF, 0x0F, 0xE1, 0xC0, 0x70, 0xFE, 0x1C, 0x07, 0x0F,
    0xE1, 0xC0, 0x70, 0xFE, 0x1C, 0x07, 0x0F, 0xE1, 0xFF, 0xF0, 0xFE, 0x1F, 0xFF, 0x0F, 0xE1, 0xC0,
    0x70, 0xFE, 0x1C, 0x07, 0x0F, 0xE1, 0xC0, 0x70, 0xFE, 0x1C, 0x07, 0x0F, 0xE1, 0xC0, 0x70, 0xFE,
    0x1F, 0xFF, 0x0F, 0xE1, 0xFF, 0xF0, 0xFE, 0x00, 0x00, 0x0F, 0xE0, 0x00, 0x00, 0xFE, 0x00, 0x00,
    0x0F, 0xE0, 0x00, 0x07, 0xFE, 0x00, 0x00, 0x7F, 0xE0, 0x00, 0x07, 0xEC, 0x00, 0x00, 0x00, 0x60,
    0x00, 0x00, 0x0F, 0x07, 0xFF, 0xFE, 0x78, 0xFF, 0xFF, 0xF3, 0xCF, 0xFF, 0xFF, 0x1E, 0x00, 0x00,
    0x70, 0xC4, 0x06, 0x07, 0x01, 0xE0, 0x70, 0x7E, 0x0E, 0x0F, 0x07, 0xE0, 0xF0, 0xE0, 0x7E, 0x07,
    0x1C, 0x07, 0xE0, 0x33, 0xC0, 0x7E, 0x3F, 0xFF, 0x87, 0xE3, 0xFF, 0xF8, 0x7E, 0x38, 0x03, 0x87,
    0xE3, 0x80, 0x38, 0x7E, 0x38, 0x03, 0x87, 0xE3, 0x80, 0x38, 0x7E, 0x3F, 0xFF, 0x87, 0xE3, 0xFF,
    0xF8, 0x7E, 0x07, 0xB8, 0x07, 0xE0, 0x73, 0x80, 0x7E, 0x07, 0x38, 0x07, 0xE0, 0x73, 0x80, 0x7E,
    0x0E, 0x38, 0x67, 0xE1, 0xE3, 0x86, 0x7E, 0x3E, 0x38, 0xE7, 0xEF, 0xC3, 0xFE, 0x7E, 0xF8, 0x1F,
    0xE7, 0xE6, 0x00, 0x07, 0xFE, 0x00, 0x00, 0x7E, 0xE0, 0x00, 0x07, 0xEC, 0x00, 0x00, 0x00, 0x00,
    0x00, 0x00, 0x00, 0x00, 0x00, 0xE0, 0x0F, 0xFE, 0x03, 0x80, 0x3F, 0xF8, 0x0F, 0x00, 0xFF, 0xE0,
    0x1C, 0x03, 0x87, 0x00, 0x70, 0x0E, 0x1F, 0xFF, 0xFF, 0xF8, 0x7F, 0xFF, 0xFF, 0xE3, 0xBF, 0xFF,
    0xFF, 0x8E, 0x07, 0x80, 0x0E, 0x38, 0x1C, 0x00, 0x39, 0xC0, 0x70, 0x00, 0xE7, 0x01, 0xC0, 0x03,
    0x9E, 0x07, 0x00, 0x0E, 0x38, 0x1F, 0xFF, 0x38, 0x70, 0x7F, 0xFC, 0xE1, 0xC1, 0xFF, 0xF3, 0x83,
    0x87, 0x01, 0xCE, 0x0E, 0x1C, 0x07, 0x38, 0x38, 0xF0, 0x1C, 0xE0, 0xE3, 0x80, 0x73, 0x83, 0x8E,
    0x01, 0xCE, 0xFE, 0x78, 0x07, 0x3B, 0xF1, 0xC0, 0x3C, 0xE7, 0xC7, 0x00, 0xF3, 0x80, 0x3C, 0x03,
    0xCE, 0x01, 0xE0, 0x0E, 0x38, 0x0F, 0x80, 0x38, 0xE0, 0x7C, 0x00, 0xE3, 0x83, 0xE0, 0xFF, 0x8E,
    0x1F, 0x03, 0xFE, 0x38, 0x30, 0x07, 0xF0, 0x00, 0x00, 0x00, 0x00, 0x00, 0x00, 0x00, 0x03, 0xFF,
    0x80, 0x00, 0x1F, 0xFD, 0xFF, 0xFE, 0xFF, 0xCF, 0xFF, 0xF7, 0x0E, 0x7F, 0xFF, 0xB8, 0xE3, 0x80,
    0x3D, 0xC7, 0x1C, 0x01, 0xEE, 0x70, 0xE0, 0x0F, 0x73, 0x87, 0x00, 0x7B, 0xB8, 0x38, 0x03, 0xDD,
    0xC1, 0xC0, 0x1E, 0xEE, 0x0E, 0x00, 0xF7, 0x38, 0x70, 0x07, 0xB8, 0xE3, 0xFF, 0xFD, 0xC7, 0x9F,
    0xFF, 0xEE, 0x1C, 0xFF, 0xFF, 0x70, 0xE7, 0x00, 0x7B, 0x87, 0xB8, 0x03, 0xDC, 0x3D, 0xC0, 0x1E,
    0xE1, 0xCE, 0x00, 0xF7, 0xFE, 0x70, 0x07, 0xBF, 0xF3, 0x80, 0x3D, 0xFF, 0x1C, 0x01, 0xEE, 0x00,
    0xE0, 0x0F, 0x70, 0x07, 0x00, 0x7B, 0x80, 0x38, 0x03, 0xDC, 0x01, 0xFF, 0xFE, 0xE0, 0x0F, 0xFF,
    0xF7, 0x00, 0x7F, 0xFF, 0xB8, 0x03, 0x80, 0x3D, 0xC0, 0x1C, 0x01, 0xE0, 0x00, 0x00, 0x00, 0x00,
    0x00, 0x18, 0x00, 0x00, 0x00, 0x78, 0x03, 0xFF, 0x80, 0xE0, 0x07, 0xFF, 0x03, 0xE0, 0x0F, 0xFE,
    0x07, 0xE0, 0x1C, 0x38, 0x1F, 0xC0, 0x38, 0xF0, 0x3B, 0xC0, 0x71, 0xC0, 0xF3, 0xC0, 0xE3, 0x83,
    0xC3, 0xC1, 0xCE, 0x0F, 0x03, 0xC3, 0x9C, 0x3E, 0x03, 0xC7, 0x78, 0xF8, 0x03, 0xEE, 0xF3, 0xE0,
    0x03, 0xDC, 0xF7, 0x80, 0x03, 0xB8, 0xF4, 0xE0, 0xE0, 0x70, 0xE1, 0xC1, 0xC0, 0xE1, 0xE3, 0x83,
    0x81, 0xC1, 0xC7, 0x07, 0x03, 0x83, 0x8E, 0x0E, 0x07, 0x07, 0x1C, 0x1C, 0x0E, 0x0E, 0x38, 0x38,
    0x1F, 0xFC, 0x70, 0x70, 0x3F, 0xF0, 0xE0, 0xE0, 0x77, 0xC1, 0xC1, 0xC0, 0xE0, 0x03, 0x83, 0x81,
    0xC0, 0x0F, 0x07, 0x03, 0x80, 0x1C, 0x0E, 0x07, 0x00, 0x78, 0x1C, 0x0E, 0x00, 0xF0, 0x38, 0x1C,
    0x03, 0xC0, 0x70, 0x38, 0x0F, 0x00, 0xE0, 0x70, 0x0E, 0x01, 0xC0, 0x60, 0x00, 0x00, 0x00, 0x00,
    0x01, 0x00, 0x00, 0x00, 0x03, 0x81, 0xC3, 0xFF, 0x0E, 0x03, 0x87, 0xFE, 0x1C, 0x07, 0x0F, 0xFC,
    0x38, 0x0E, 0x1C, 0x70, 0xE0, 0x1C, 0x38, 0xE1, 0xC0, 0x38, 0x71, 0xC7, 0x80, 0x70, 0xE3, 0x8E,
    0xFF, 0xFD, 0xCE, 0x3D, 0xFF, 0xFB, 0x9C, 0x7B, 0xFF, 0xF7, 0x39, 0xF0, 0x07, 0x0E, 0xE7, 0xE0,
    0x0E, 0x1C, 0xFF, 0xC0, 0x1C, 0x39, 0xFF, 0x88, 0x38, 0x71, 0xF7, 0x38, 0x70, 0xE3, 0x8E, 0x70,
    0xE1, 0xC3, 0x9C, 0x71, 0xC3, 0x87, 0x38, 0xE3, 0x87, 0x0E, 0x70, 0xE7, 0x0E, 0x1C, 0xE1, 0xCE,
    0x1C, 0x39, 0xC3, 0xDC, 0x3B, 0xF3, 0x83, 0xB8, 0x77, 0xC7, 0x04, 0x70, 0xEF, 0x8E, 0x00, 0xE1,
    0xC0, 0x1C, 0x01, 0xC3, 0x80, 0x38, 0x03, 0x87, 0x00, 0x70, 0x07, 0x0E, 0x00, 0xE0, 0x0E, 0x1C,
    0x01, 0xC1, 0xFC, 0x38, 0x03, 0x83, 0xF8, 0x70, 0x07, 0x07, 0xE0, 0x00, 0x00, 0x00, 0x00, 0x00,
    0x00, 0x00, 0x00, 0x00, 0x00, 0xE0, 0x03, 0xFF, 0x03, 0xC0, 0x07, 0xFE, 0x0F, 0x00, 0x0F, 0xFC,
    0x3F, 0xFF, 0x1C, 0x78, 0xFF, 0xFC, 0x38, 0xE3, 0xE0, 0x78, 0x71, 0xCF, 0xE1, 0xE0, 0xE7, 0x3F,
    0xE7, 0x81, 0xCE, 0x79, 0xFE, 0x03, 0x9C, 0x41, 0xF8, 0x07, 0x70, 0x03, 0xF0, 0x0E, 0xF0, 0x1F,
    0xFC, 0x1C, 0xE1, 0xFC, 0xFF, 0x38, 0xFF, 0xE0, 0x7F, 0x71, 0xDF, 0x0E, 0x3E, 0xE1, 0xF0, 0x1C,
    0x09, 0xC3, 0x9F, 0xFF, 0xE3, 0x87, 0x7F, 0xFF, 0xE7, 0x0E, 0xFF, 0xFF, 0xCE, 0x1C, 0x01, 0xC0,
    0x1D, 0xF9, 0xC3, 0x80, 0x3B, 0xF3, 0x87, 0x00, 0x77, 0xCF, 0x0E, 0x00, 0xE0, 0x1F, 0xFF, 0xF9,
    0xC0, 0x3F, 0xFF, 0xFB, 0x80, 0x7F, 0xFF, 0xF7, 0x00, 0x00, 0xE0, 0x0E, 0x00, 0x01, 0xC0, 0x1C,
    0x00, 0x03, 0x80, 0x38, 0x00, 0x07, 0x00, 0x70, 0x00, 0x0E, 0x00, 0x00, 0x00, 0x0C, 0x00, 0x00,
    0x00, 0x00, 0x03, 0xFF, 0x7F, 0xFF, 0x8F, 0xFD, 0xFF, 0xFE, 0x3F, 0xF7, 0xFF, 0xF8, 0xE3, 0xDE,
    0x00, 0xE3, 0x8E, 0x78, 0x03, 0x8E, 0x39, 0xE0, 0x0E, 0x39, 0xE7, 0x80, 0x38, 0xE7, 0x1F, 0xFF,
    0xE3, 0x9C, 0x7F, 0xFF, 0x8E, 0xE1, 0xE0, 0x0E, 0x3B, 0xC7, 0x80, 0x38, 0xE7, 0x1E, 0x00, 0xE3,
    0x8E, 0x78, 0x03, 0x8E, 0x39, 0xFF, 0xFE, 0x38, 0x77, 0xFF, 0xF8, 0xE1, 0xDF, 0xFF, 0xC3, 0x87,
    0x79, 0xC0, 0x8E, 0x1D, 0xE3, 0x87, 0x38, 0x77, 0x8E, 0x3C, 0xEF, 0xDE, 0x3F, 0xE3, 0xBE, 0x78,
    0x7F, 0x0E, 0xF9, 0xE1, 0xF0, 0x38, 0x07, 0x83, 0x80, 0xE0, 0x1E, 0x0F, 0x03, 0x80, 0x78, 0x1E,
    0x0E, 0x01, 0xE7, 0x3C, 0x38, 0x07, 0xFC, 0x7C, 0xE0, 0x1F, 0xF1, 0xFB, 0x80, 0xFF, 0x01, 0xEE,
    0x01, 0xC0, 0x03, 0x00, 0x00, 0x00, 0x00, 0x00, 0x00, 0x08, 0x00, 0x00, 0x00, 0x38, 0x03, 0xFF,
    0x00, 0xF0, 0x07, 0xFE, 0x03, 0xF0, 0x0F, 0xFC, 0x07, 0xF0, 0x1C, 0x70, 0x1E, 0xF0, 0x38, 0xE0,
    0x78, 0xF0, 0x71, 0xC3, 0xE1, 0xF0, 0xE7, 0x0F, 0x80, 0xF9, 0xCE, 0x7E, 0x00, 0xFB, 0xB9, 0xF0,
    0x00, 0xFF, 0x71, 0xFF, 0xFF, 0xEE, 0xF1, 0x7F, 0xFE, 0x1C, 0xE0, 0x7F, 0xFC, 0x38, 0xE0, 0x07,
    0x00, 0x71, 0xC0, 0x0E, 0x00, 0xE1, 0xC0, 0x1C, 0x01, 0xC3, 0xFF, 0xFF, 0xFB, 0x87, 0xFF, 0xFF,
    0xF7, 0x0F, 0xFF, 0xFF, 0xEE, 0x1C, 0x01, 0xC0, 0x1D, 0xF8, 0x03, 0x88, 0x3F, 0xE1, 0xC7, 0x70,
    0x77, 0xC7, 0x8E, 0x70, 0xE0, 0x0E, 0x1C, 0xF1, 0xC0, 0x3C, 0x38, 0xF3, 0x80, 0xF0, 0x70, 0xE7,
    0x01, 0xE0, 0xE0, 0xEE, 0x07, 0x81, 0xC1, 0xDC, 0x06, 0x7F, 0x81, 0x38, 0x00, 0xFF, 0x00, 0x70,
    0x00, 0xFC, 0x00, 0x00, 0x01, 0xC0, 0x03, 0xFF, 0x07, 0x00, 0x0F, 0xFC, 0x3C, 0x00, 0x3F, 0xF1,
    0xFF, 0xF0, 0xE1, 0xC7, 0xFF, 0xC3, 0x8E, 0x3C, 0x1E, 0x0E, 0x39, 0xE0, 0xF0, 0x38, 0xEF, 0x03,
    0x80, 0xE7, 0x1F, 0xFF, 0xF3, 0x9C, 0x7F, 0xFF, 0xCE, 0x70, 0x00, 0x07, 0x3B, 0xC0, 0x00, 0x1C,
    0xE7, 0x00, 0x00, 0x73, 0x8E, 0x3F, 0xFF, 0xCE, 0x3C, 0xFF, 0xFF, 0x38, 0x70, 0x00, 0x1C, 0xE1,
    0xC0, 0x00, 0x73, 0x87, 0x00, 0x01, 0xCE, 0x1D, 0xFF, 0xFF, 0x38, 0x77, 0xFF, 0xFC, 0xE1, 0xC0,
    0x60, 0x03, 0xBF, 0x03, 0xC0, 0x0E, 0xF8, 0x07, 0x86, 0x39, 0x8E, 0xEF, 0x38, 0xE0, 0x3B, 0x9E,
    0x73, 0x80, 0xEE, 0x31, 0xEE, 0x07, 0x38, 0x1F, 0xB8, 0x1C, 0xE0, 0x7F, 0xE0, 0xF3, 0xC3, 0xDF,
    0x83, 0x8F, 0xFE, 0x7E, 0x00, 0x3F, 0xF8, 0x18, 0x00, 0x00, 0x00, 0x00, 0x00, 0x00, 0x03, 0xFF,
    0x7F, 0xFF, 0xFF, 0xFD, 0xFF, 0xFF, 0xFF, 0xF7, 0xFF, 0xFE, 0xE3, 0x80, 0x00, 0x03, 0x8E, 0x3F,
    0xFF, 0xCE, 0x38, 0xFF, 0xFF, 0x39, 0xC3, 0x80, 0x1C, 0xE7, 0x0E, 0x00, 0x73, 0x9C, 0x38, 0x01,
    0xCE, 0xE0, 0xE0, 0x07, 0x3B, 0x83, 0xFF, 0xFC, 0xE7, 0x0F, 0xFF, 0xF3, 0x8E, 0x00, 0x00, 0x0E,
    0x39, 0xFF, 0xFF, 0xF8, 0x77, 0xFF, 0xFF, 0xE1, 0xDC, 0x81, 0x1F, 0x87, 0x77, 0x06, 0x7E, 0x1D,
    0xCE, 0x39, 0xF8, 0x77, 0x38, 0xE7, 0xEF, 0xDC, 0x77, 0x1F, 0xBE, 0x71, 0xDC, 0x7E, 0xF9, 0xDF,
    0xFD, 0xF8, 0x07, 0x7F, 0xF7, 0xE0, 0x1C, 0x1C, 0x1F, 0x80, 0x70, 0x70, 0x7E, 0x01, 0xC1, 0xC1,
    0xF8, 0x07, 0x07, 0x07, 0xE0, 0x1C, 0x1C, 0x1F, 0x80, 0x70, 0x73, 0xEE, 0x01, 0xC1, 0x8F, 0x80,
    0x00, 0x00, 0x00, 0x00, 0x00, 0x01, 0xFB, 0xFF, 0x3F, 0xFF, 0xEF, 0xFD, 0xFF, 0xFF, 0x3F, 0xF7,
    0xFE, 0x1C, 0xE3, 0x8E, 0x38, 0xE3, 0x8E, 0x1C, 0xE3, 0x8E, 0x38, 0x71, 0x9C, 0x39, 0xC7, 0xFF,
    0xFE, 0xE7, 0x1F, 0xFF, 0xFB, 0x9C, 0x00, 0xE0, 0x0E, 0xE0, 0x03, 0x80, 0x3B, 0x8F, 0xFF, 0xFF,
    0xE7, 0x3F, 0xFF, 0xFF, 0x9E, 0x00, 0x00, 0x0E, 0x39, 0xFF, 0xFF, 0xB8, 0x67, 0xFF, 0xFE, 0xE1,
    0xC0, 0x00, 0x3B, 0x87, 0x3F, 0xFF, 0xEE, 0x1C, 0xFF, 0xFF, 0xB8, 0x70, 0x00, 0x0E, 0xEF, 0xC0,
    0x00, 0x3B, 0xBE, 0x7F, 0xFF, 0xEE, 0xF9, 0xFF, 0xFF, 0x38, 0x00, 0x1C, 0x00, 0xE0, 0x1B, 0xBC,
    0x63, 0x80, 0x6E, 0x79, 0xCE, 0x03, 0xB8, 0xC7, 0xB8, 0x0E, 0xE0, 0x7E, 0xE0, 0x73, 0x81, 0xDF,
    0x81, 0xCF, 0xFF, 0x7E, 0x06, 0x1F, 0xF8, 0x80, 0x00, 0x00, 0x00, 0x00, 0x00, 0x3B, 0x80, 0x00,
    0x00, 0x3B, 0x80, 0x00, 0x00, 0x7B, 0xC0, 0x3F, 0xF0, 0x71, 0xC0, 0x3F, 0xFC, 0xF1, 0xE0, 0x3F,
    0xF8, 0xE0, 0xC0, 0x00, 0x38, 0xFF, 0xFF, 0x00, 0x39, 0xFF, 0xFF, 0x30, 0x39, 0xFF, 0xFF, 0x78,
    0x3B, 0xE1, 0xC0, 0x38, 0x7F, 0xE1, 0xC0, 0x1C, 0x77, 0xE1, 0xC0, 0x1E, 0x7F, 0xFF, 0xFE, 0x0F,
    0xFF, 0xFF, 0xFE, 0x07, 0xED, 0xFF, 0xFE, 0x07, 0xE1, 0xE1, 0xC0, 0x03, 0xE1, 0xE1, 0xC0, 0x01,
    0xC1, 0xE1, 0xC0, 0x03, 0xE1, 0xE1, 0xC0, 0x03, 0xF1, 0xFF, 0xFE, 0x07, 0xF1, 0xFF, 0xFE, 0x07,
    0x79, 0xFF, 0xFE, 0x0F, 0x39, 0xE1, 0xC0, 0x1E, 0x3D, 0xE1, 0xC0, 0x1E, 0x19, 0xE1, 0xC0, 0x3C,
    0x11, 0xE1, 0xC0, 0x78, 0x01, 0xFF, 0xFF, 0x78, 0x01, 0xFF, 0xFF, 0x30, 0x01, 0xFF, 0xFF, 0x00,
    0x01, 0xE0, 0x00, 0x00, 0x01, 0xE0, 0x00, 0x00, 0x00, 0xC0, 0x00, 0x00, 0x00, 0x00, 0x00, 0x0D,
    0xC0, 0x3B, 0x00, 0x3B, 0x80, 0xEF, 0x00, 0x73, 0x81, 0xCE, 0x01, 0xC7, 0x07, 0x9C, 0x03, 0xFF,
    0xEF, 0xFF, 0x8F, 0xFF, 0xFF, 0xFF, 0x3E, 0x38, 0xF8, 0xE0, 0xFF, 0xFF, 0xFF, 0xFD, 0xFF, 0xFF,
    0xFF, 0xF9, 0x71, 0xC7, 0xC7, 0x00, 0xE3, 0x83, 0x8E, 0x01, 0xFF, 0xE7, 0xFF, 0xC3, 0xFF, 0xCF,
    0xFF, 0x87, 0x1C, 0x1C, 0x70, 0x0E, 0x38, 0x38, 0xE0, 0x1F, 0xFF, 0x7F, 0xFE, 0x3F, 0xFE, 0xFF,
    0xFC, 0x00, 0x00, 0x00, 0x00, 0x00, 0x00, 0x00, 0x03, 0xFF, 0xFF, 0xFE, 0x07, 0xFF, 0xFF, 0xFC,
    0x00, 0xF8, 0x00, 0xF0, 0x00, 0xF8, 0x03, 0xC0, 0x00, 0xF8, 0x1F, 0x00, 0x00, 0xFE, 0xFC, 0x00,
    0x00, 0x7F, 0xE0, 0x00, 0x00, 0x7F, 0xC0, 0x00, 0x0F, 0xFF, 0xFC, 0x0F, 0xFF, 0xCF, 0xFF, 0xFF,
    0xFC, 0x03, 0xFF, 0x3F, 0x80, 0x00, 0x7E, 0x00, 0x00, 0x00, 0x00, 0x00, 0x00, 0x00, 0x00, 0x38,
    0x70, 0x3B, 0x00, 0x70, 0xE0, 0xFF, 0x07, 0xFF, 0xF9, 0xCE, 0x0F, 0xFF, 0xF3, 0x9E, 0x03, 0x87,
    0x0F, 0x1C, 0x07, 0x0E, 0x1C, 0x38, 0x0F, 0xFC, 0x3F, 0xFF, 0x1F, 0xF8, 0xFF, 0xFE, 0x03, 0x01,
    0xFF, 0xFD, 0xFF, 0xFF, 0xC7, 0x03, 0xFF, 0xFF, 0x8E, 0x07, 0x18, 0xFF, 0x1C, 0x0E, 0x31, 0xFE,
    0x38, 0x1C, 0x63, 0xDF, 0xFF, 0xBF, 0xFF, 0x3F, 0xFF, 0x7F, 0xFE, 0x7F, 0xFC, 0x07, 0x80, 0xE3,
    0x81, 0xFF, 0xF9, 0xC7, 0x03, 0xFF, 0xF3, 0x8E, 0x00, 0x3C, 0x07, 0x1C, 0x00, 0x70, 0x0F, 0xFF,
    0xC0, 0xE0, 0x1F, 0xFF, 0xFF, 0xFF, 0xBF, 0xFE, 0xFF, 0xFF, 0x71, 0xC0, 0x0F, 0x80, 0xE3, 0x80,
    0x1F, 0x81, 0xC7, 0x00, 0x7F, 0xC3, 0x8E, 0x01, 0xE7, 0xC7, 0xFF, 0xEF, 0x83, 0xCF, 0xFF, 0xFE,
    0x03, 0x1F, 0xFF, 0xB0, 0x00, 0x38, 0x00, 0x00, 0x00, 0x00, 0x00, 0x1F, 0xFF, 0xFF, 0xF0, 0x3F,
    0xFF, 0xFF, 0xE0, 0x00, 0x0E, 0x00, 0x00, 0x00, 0x1C, 0x00, 0x00, 0x00, 0x38, 0x00, 0x0F, 0xFF,
    0xFF, 0xFF, 0x9F, 0xFF, 0xFF, 0xFF, 0x38, 0x01, 0xC0, 0x0E, 0x70, 0x03, 0x80, 0x1C, 0xEF, 0xF7,
    0x7F, 0xB9, 0xDF, 0xEE, 0xFF, 0x73, 0x80, 0x1C, 0x00, 0xE0, 0x00, 0x38, 0x00, 0x01, 0xFF, 0x77,
    0xFC, 0x03, 0xFE, 0xEF, 0xF8, 0x00, 0x00, 0x00, 0x00, 0x00, 0x00, 0x00, 0x00, 0x1F, 0xFF, 0xFF,
    0xC0, 0x3F, 0xFF, 0xFF, 0x80, 0x00, 0x00, 0x00, 0x00, 0x00, 0x00, 0x00, 0x1F, 0xFF, 0xFF, 0xFF,
    0xFF, 0xFF, 0xFF, 0xFF, 0x80, 0x78, 0x07, 0x00, 0x01, 0xE0, 0x0F, 0x80, 0x07, 0xC0, 0x0F, 0x80,
    0x1F, 0xFF, 0xFF, 0x80, 0x7F, 0xFF, 0xFF, 0x80, 0xFF, 0xFF, 0xFF, 0x80, 0xF0, 0x00, 0x07, 0x00,
    0x00, 0x00, 0x00, 0x00, 0x3F, 0xFF, 0xFF, 0xE0, 0x7F, 0xFF, 0xFF, 0xC0, 0x00, 0x1C, 0x00, 0x00,
    0x00, 0x38, 0x00, 0x0F, 0xFF, 0xFF, 0xFF, 0x9F, 0xFF, 0xFF, 0xFF, 0x38, 0x01, 0xC0, 0x0E, 0x70,
    0x03, 0x80, 0x1C, 0xEF, 0xF7, 0x7F, 0xB9, 0xDF, 0xEE, 0xFF, 0x73, 0x80, 0x1C, 0x00, 0xE0, 0x7F,
    0xBB, 0xFE, 0x00, 0xFF, 0x77, 0xFC, 0x00, 0x00, 0xE0, 0x00, 0x00, 0x00, 0x00, 0x00, 0x0F, 0xFF,
    0xFF, 0xE0, 0x1F, 0xFF, 0xFF, 0xC0, 0x38, 0x0E, 0x03, 0x80, 0x70, 0x1C, 0x07, 0x00, 0xFF, 0xFF,
    0xFE, 0x01, 0xFF, 0xFF, 0xFC, 0x03, 0x80, 0xE0, 0x38, 0x07, 0x01, 0xC0, 0x70, 0x0F, 0xFF, 0xFF,
    0xE4, 0x1F, 0xFF, 0xFF, 0xDC, 0x38, 0x0E, 0x00, 0x38, 0x70, 0x1C, 0x00, 0x70, 0x60, 0x3C, 0x01,
    0xE0, 0x00, 0x7F, 0xFF, 0xC0, 0x00, 0x7F, 0xFF, 0x00, 0x3F, 0xFF, 0xFF, 0xE0, 0xFF, 0xFF, 0xFF,
    0x80, 0x00, 0x70, 0x00, 0x00, 0x01, 0xC0, 0x00, 0xFF, 0xFF, 0xFF, 0xFB, 0xFF, 0xFF, 0xFF, 0xEE,
    0x00, 0x70, 0x03, 0xB8, 0x01, 0xC0, 0x0E, 0xEF, 0xF7, 0x7F, 0xBB, 0xBF, 0xDD, 0xFE, 0xEE, 0x00,
    0x70, 0x03, 0x87, 0xFD, 0xDF, 0xF0, 0x1F, 0xF7, 0x7F, 0xC0, 0x00, 0x1C, 0x00, 0x00, 0x00, 0x00,
    0x00, 0x3F, 0xFF, 0xFF, 0xFF, 0xFF, 0xFF, 0xFF, 0xFC, 0x00, 0x1C, 0x00, 0x00, 0x00, 0xF0, 0x00,
    0x00, 0x03, 0x80, 0x00, 0x3F, 0xFF, 0xFF, 0xF0, 0xFF, 0xFF, 0xFF, 0xC3, 0x83, 0x87, 0x07, 0x0E,
    0x0E, 0x1C, 0x1C, 0x38, 0x38, 0x70, 0x70, 0xE0, 0xE1, 0xC1, 0xC3, 0x83, 0x87, 0x07, 0x0E, 0x0E,
    0x1C, 0x1C, 0x38, 0x38, 0x77, 0xF0, 0xE0, 0xE1, 0xCF, 0x80, 0x00, 0x00, 0x00, 0x00, 0x1F, 0xFF,
    0xFF, 0xF0, 0x3F, 0xFF, 0xFF, 0xE0, 0x00, 0x0E, 0x00, 0x03, 0xFF, 0xFF, 0xFF, 0xE7, 0xFF, 0xFF,
    0xFF, 0xCE, 0x00, 0x70, 0x03, 0x9D, 0xFE, 0xEF, 0xF7, 0x3B, 0xFD, 0xDF, 0xEE, 0x70, 0x03, 0x80,
    0x1C, 0x1F, 0xF7, 0x7F, 0xC0, 0x3F, 0xEE, 0xFF, 0x80, 0x00, 0x1C, 0x00, 0x01, 0xFC, 0xFF, 0x7F,
    0x87, 0xFF, 0xFE, 0xFF, 0x0E, 0x3F, 0x1D, 0x8E, 0x1C, 0x7E, 0x3B, 0x1C, 0x3F, 0xFF, 0xF7, 0xF8,
    0x7F, 0xFF, 0xEF, 0xF0, 0x00, 0x00, 0x00, 0x01, 0xFF, 0xFF, 0xFF, 0xC3, 0xFF, 0xFF, 0xFF, 0x80,
    0x18, 0x70, 0xE0, 0x00, 0x70, 0xE1, 0xC0, 0x01, 0xE1, 0xC7, 0x80, 0x07, 0xF3, 0x9F, 0xC0, 0x3E,
    0xF7, 0xFB, 0xE0, 0x70, 0x6E, 0xC1, 0x87, 0xFF, 0xFF, 0xFF, 0xFF, 0xFF, 0xFF, 0xFF, 0xE0, 0x00,
    0x00, 0x00, 0x00, 0x03, 0x80, 0x1C, 0x00, 0x03, 0x80, 0x1C, 0x00, 0x03, 0x80, 0x38, 0x00, 0x7F,
    0xFE, 0x3F, 0xE0, 0x7F, 0xFE, 0x7F, 0xF0, 0x03, 0x80, 0xF0, 0xE0, 0x03, 0x80, 0xE1, 0xC0, 0x7F,
    0xFF, 0xE3, 0xC0, 0x7F, 0xFF, 0xC3, 0x80, 0x03, 0x81, 0xFF, 0xFC, 0x03, 0x80, 0xFF, 0xFC, 0xFF,
    0xFE, 0x7F, 0xFC, 0xFF, 0xFE, 0x0E, 0x1C, 0x00, 0x00, 0x0E, 0x1C, 0x00, 0x00, 0x0E, 0x3C, 0x3F,
    0xFF, 0xFF, 0xFF, 0x3F, 0xFF, 0xFF, 0xFF, 0x38, 0x1C, 0x0E, 0x1C, 0x38, 0x1C, 0x0E, 0x1C, 0x3F,
    0xFC, 0x0E, 0x1C, 0x3F, 0xFC, 0x0F, 0x3C, 0x38, 0x1C, 0xFF, 0xFC, 0x38, 0x1C, 0xFF, 0xFC, 0x3F,
    0xFC, 0x0E, 0x1C, 0x3F, 0xFC, 0x0E, 0x18, 0x38, 0x1C, 0x0E, 0x00, 0x38, 0x1C, 0x0E, 0x00, 0x38,
    0x1C, 0x0E, 0x00, 0x38, 0x1C, 0xFE, 0x00, 0x39, 0xFC, 0xFE, 0x00, 0x38, 0xF8, 0x7C, 0x00, 0x00,
    0x00, 0x00, 0x00, 0x00, 0x00, 0x00, 0x00, 0x03, 0x80, 0x00, 0x38, 0x03, 0x80, 0x0F, 0xF8, 0x03,
    0x81, 0xFF, 0xFC, 0x7F, 0xFF, 0xFF, 0xC0, 0x7F, 0xFF, 0xCE, 0x0C, 0x03, 0x81, 0xCE, 0x1E, 0x03,
    0x81, 0xCE, 0x1C, 0x7F, 0xFC, 0xE7, 0x3C, 0x7F, 0xFC, 0xE7, 0x38, 0x03, 0x80, 0xE7, 0x38, 0x03,
    0x80, 0x40, 0x70, 0xFF, 0xFE, 0xFF, 0xFC, 0xFF, 0xFE, 0xFF, 0xFC, 0x00, 0x00, 0x0E, 0x1C, 0x00,
    0x00, 0x0E, 0x1C, 0x3F, 0xFC, 0x0E, 0x1C, 0x3F, 0xFF, 0xFF, 0xFF, 0x38, 0x1F, 0xFF, 0xFF, 0x38,
    0x1C, 0x0E, 0x3C, 0x3F, 0xFC, 0x0E, 0x1C, 0x3F, 0xFC, 0x0E, 0x1C, 0x38, 0x1C, 0x0E, 0x3C, 0x38,
    0x1C, 0xFF, 0xFC, 0x3F, 0xFC, 0xFF, 0xFC, 0x3F, 0xFC, 0x0E, 0x1C, 0x38, 0x1C, 0x0E, 0x18, 0x38,
    0x1C, 0x0E, 0x00, 0x38, 0x1C, 0x0E, 0x00, 0x38, 0x1C, 0x0E, 0x00, 0x39, 0xFC, 0xFE, 0x00, 0x38,
    0xF8, 0x7E, 0x00, 0x00, 0x00, 0x70, 0x00, 0x00, 0x3C, 0x38, 0x00, 0x00, 0x78, 0x70, 0x00, 0x00,
    0xF0, 0xE0, 0x00, 0x01, 0xE1, 0xC0, 0x00, 0x03, 0xC3, 0x80, 0x0F, 0xFF, 0x87, 0xFF, 0xDF, 0xFF,
    0x0F, 0xFF, 0xBF, 0xFE, 0x1F, 0xFF, 0x00, 0x3C, 0x38, 0x00, 0x00, 0x78, 0x70, 0x00, 0x00, 0xF0,
    0xE0, 0x00, 0x01, 0xE1, 0xC0, 0x03, 0xFF, 0xC3, 0xFF, 0xC7, 0xFF, 0x87, 0xFF, 0x8F, 0xFF, 0x0F,
    0xFF, 0x00, 0x1E, 0x1C, 0x00, 0x00, 0x3C, 0x38, 0x00, 0x00, 0x78, 0x70, 0x00, 0x00, 0xF0, 0xE0,
    0x00, 0x01, 0xE1, 0xC0, 0x07, 0xFF, 0xC3, 0xFF, 0xFF, 0xFF, 0x87, 0xFF, 0xFF, 0xFF, 0x0F, 0xFF,
    0x80, 0x1E, 0x1C, 0x00, 0x00, 0x3C, 0x38, 0x00, 0x00, 0x78, 0x70, 0x00, 0x00, 0xF0, 0xE0, 0x00,
    0x01, 0xE1, 0xC0, 0x00, 0x03, 0xC3, 0x80, 0x00, 0x07, 0x87, 0x00, 0x00, 0x0F, 0x0E, 0x00, 0x00,
    0x00, 0x0C, 0x00, 0x7F, 0xFF, 0xFF, 0xFE, 0xFF, 0xFF, 0xFF, 0xFD, 0xFF, 0xFF, 0xFF, 0xF8, 0x00,
    0x3C, 0x00, 0x00, 0x00, 0x78, 0x00, 0x00, 0x00, 0xE0, 0x00, 0x00, 0x01, 0xC0, 0x00, 0x1F, 0xFF,
    0xFF, 0xFC, 0x3F, 0xFF, 0xFF, 0xF8, 0x7F, 0xFF, 0xFF, 0xF0, 0xE1, 0xC0, 0x70, 0xE1, 0xC3, 0x80,
    0xE1, 0xC3, 0x87, 0x01, 0xC3, 0x87, 0x0F, 0xFF, 0x87, 0x0E, 0x1F, 0xFF, 0x0E, 0x1C, 0x38, 0x0E,
    0x1C, 0x38, 0x70, 0x1C, 0x38, 0x70, 0xE0, 0x38, 0x70, 0xE1, 0xC0, 0x70, 0xE1, 0xC3, 0xFF, 0xE1,
    0xC3, 0x87, 0xFF, 0xC3, 0x87, 0x0E, 0x03, 0x87, 0x0E, 0x1C, 0x07, 0x0E, 0x1C, 0x38, 0x0E, 0x1C,
    0x38, 0x70, 0x1C, 0x38, 0x7F, 0xFF, 0xFF, 0xF0, 0xFF, 0xFF, 0xFF, 0xE1, 0xFF, 0xFF, 0xFF, 0xC3,
    0x80, 0x00, 0x03, 0x82, 0x00, 0x00, 0x02, 0x00, 0x00, 0x01, 0x00, 0x00, 0x0C, 0x07, 0x00, 0x00,
    0x38, 0x0E, 0x0F, 0xF8, 0xE4, 0xFF, 0xDF, 0xF3, 0x9D, 0xFF, 0xB1, 0xCF, 0xF3, 0x07, 0x63, 0x9F,
    0xC7, 0xFE, 0xCE, 0x3F, 0x2F, 0xFD, 0x9C, 0x1C, 0xF8, 0x3B, 0x3C, 0xFF, 0xFF, 0xF6, 0x39, 0xFF,
    0x7F, 0xEC, 0x3B, 0x9C, 0xC3, 0x98, 0x70, 0x79, 0xFF, 0xB0, 0xE1, 0xE7, 0xFF, 0xEF, 0xDF, 0x8F,
    0xE7, 0xDF, 0x3C, 0x19, 0xC1, 0x80, 0x6F, 0xFF, 0xFF, 0xF0, 0x1F, 0xFF, 0xFF, 0xE0, 0x03, 0x80,
    0x38, 0x00, 0x03, 0x80, 0xF0, 0x00, 0x07, 0x01, 0xC0, 0x1F, 0xFF, 0xFF, 0xFF, 0xFF, 0xFF, 0xFF,
    0xFF, 0x80, 0x00, 0x00, 0x00, 0x07, 0xFF, 0xFF, 0xE0, 0x0F, 0xFF, 0xFF, 0xC0, 0x1F, 0xFF, 0xFF,
    0x80, 0x3F, 0xFF, 0xFF, 0x00, 0x70, 0x00, 0x1E, 0x00, 0xFF, 0xFF, 0xFC, 0x01, 0xFF, 0xFF, 0xF8,
    0x03, 0x80, 0x00, 0xF0, 0x00, 0x00, 0x00, 0x00, 0x3F, 0xFF, 0xFF, 0xFC, 0xFF, 0xFF, 0xFF, 0xF9,
    0xFF, 0xFF, 0xFF, 0xF0, 0x00, 0x1C, 0x00, 0x00, 0x00, 0x78, 0x00, 0x00, 0x00, 0xF0, 0x00, 0x01,
    0xFF, 0xFF, 0xF8, 0x03, 0xFF, 0xFF, 0xF0, 0x07, 0x00, 0x00, 0xE0, 0x0E, 0x00, 0x01, 0xC0, 0x1C,
    0x00, 0x03, 0x80, 0x3F, 0xFF, 0xFF, 0x00, 0x7F, 0xFF, 0xFE, 0x00, 0xE0, 0x00, 0x1C, 0x01, 0xC0,
    0x00, 0x38, 0x03, 0x80, 0x00, 0x70, 0x07, 0xFF, 0xFF, 0xE0, 0x0F, 0xFF, 0xFF, 0xC0, 0x1C, 0x00,
    0x03, 0x80, 0x38, 0x00, 0x07, 0x00, 0x70, 0x00, 0x0E, 0x00, 0xFF, 0xFF, 0xFC, 0x01, 0xFF, 0xFF,
    0xF8, 0x00, 0x18, 0x04, 0x00, 0x00, 0xF8, 0x1E, 0x00, 0x07, 0xF0, 0x7F, 0x80, 0x3F, 0xC0, 0x3F,
    0xC3, 0xFE, 0x00, 0x1F, 0xE7, 0xE0, 0x00, 0x07, 0xEF, 0x00, 0x00, 0x03, 0x80, 0x00, 0x00, 0x00,
    0x00, 0x00, 0x07, 0xFF, 0xFE, 0xFF, 0xFF, 0xFF, 0xFE, 0xFF, 0xFF, 0xFF, 0xFE, 0xFF, 0xF0, 0x0E,
    0x00, 0x07, 0x00, 0x1E, 0x00, 0x07, 0x00, 0x1C, 0x00, 0x07, 0x07, 0xFF, 0xFC, 0x07, 0x07, 0xFF,
    0xFC, 0x07, 0x07, 0x80, 0x1C, 0x07, 0x07, 0x80, 0x1C, 0x07, 0x07, 0x80, 0x1C, 0x07, 0x07, 0xFF,
    0xFC, 0x07, 0x07, 0xFF, 0xFC, 0x07, 0x07, 0x80, 0x1C, 0x07, 0x07, 0x80, 0x1C, 0x07, 0x07, 0x80,
    0x1C, 0x07, 0x07, 0xFF, 0xFC, 0x07, 0x07, 0xFF, 0xFC, 0x07, 0x07, 0x80, 0x1C, 0x07, 0x07, 0x80,
    0x1C, 0x07, 0x07, 0x80, 0x1C, 0x07, 0x07, 0x80, 0x1C, 0x07, 0x07, 0xFF, 0xFC, 0x07, 0x07, 0xFF,
    0xFC, 0x07, 0x00, 0x40, 0x80, 0x07, 0x01, 0xF1, 0xE0, 0x7F, 0x07, 0xE1, 0xF8, 0x7F, 0x1F, 0xC0,
    0x7E, 0x7E, 0x7F, 0x00, 0x1F, 0x00, 0x38, 0x00, 0x0E, 0x00, 0x00, 0x00, 0x00, 0x00, 0x07, 0xFF,
    0xFE, 0x00, 0x0F, 0xFF, 0xFE, 0x00, 0x0F, 0xFF, 0xFE, 0xFF, 0xF0, 0x0E, 0x00, 0xFF, 0xF0, 0x1E,
    0x00, 0x7F, 0xF0, 0x1C, 0x00, 0x07, 0x07, 0xFF, 0xFC, 0x07, 0x07, 0xFF, 0xFC, 0x07, 0x07, 0x80,
    0x1C, 0x07, 0x07, 0x80, 0x1C, 0x07, 0x07, 0x80, 0x1C, 0x07, 0x07, 0xFF, 0xFC, 0x07, 0x07, 0xFF,
    0xFC, 0x07, 0x07, 0x80, 0x1C, 0x07, 0x07, 0x80, 0x1C, 0x07, 0x07, 0x80, 0x1C, 0x07, 0x07, 0xFF,
    0xFC, 0x07, 0x7F, 0xFF, 0xFC, 0x07, 0xFF, 0x80, 0x1C, 0x0F, 0xFF, 0x80, 0x1C, 0x7F, 0xC7, 0x80,
    0x1C, 0xFF, 0x07, 0x80, 0x1C, 0xFC, 0x07, 0xFF, 0xFC, 0x60, 0x07, 0xFF, 0xFC, 0x00, 0x00, 0x40,
    0x80, 0x00, 0x01, 0xF1, 0xE0, 0x00, 0x07, 0xE1, 0xF8, 0x00, 0x1F, 0xC0, 0x7E, 0x00, 0x7F, 0x00,
    0x1F, 0x00, 0x3C, 0x00, 0x0E, 0x00, 0x00, 0x00, 0x00, 0x00, 0xC0, 0x00, 0x00, 0x01, 0xC0, 0x00,
    0x00, 0x01, 0xC0, 0xFF, 0xFC, 0x09, 0xC1, 0xFF, 0xFE, 0x39, 0xC1, 0xFF, 0xFE, 0x39, 0xFE, 0x03,
    0x80, 0x39, 0xFE, 0x03, 0x80, 0x39, 0xFC, 0x07, 0x00, 0x39, 0xC0, 0x7F, 0xFC, 0x39, 0xC0, 0x7F,
    0xFC, 0x39, 0xC0, 0x70, 0x1C, 0xFF, 0xFF, 0x70, 0x1C, 0xFF, 0xFF, 0x70, 0x1C, 0xFF, 0xFF, 0x7F,
    0xFC, 0x01, 0xC0, 0x7F, 0xFC, 0x19, 0xC0, 0x70, 0x1C, 0x1D, 0xC6, 0x70, 0x1C, 0x39, 0xCE, 0x70,
    0x1C, 0x39, 0xCE, 0x7F, 0xFC, 0x39, 0xCE, 0x7F, 0xFC, 0x71, 0xDE, 0x70, 0x1C, 0xF1, 0xDC, 0x70,
    0x1C, 0xE1, 0xFC, 0x70, 0x1C, 0x61, 0xF8, 0x70, 0x1C, 0x01, 0xF8, 0x7F, 0xFC, 0x00, 0xF0, 0x7F,
    0xFC, 0x01, 0xE0, 0x08, 0x60, 0x03, 0xC0, 0x1C, 0x70, 0x0F, 0x80, 0x7C, 0x7C, 0x3F, 0x01, 0xF8,
    0x3E, 0x7E, 0x03, 0xE0, 0x0E, 0x78, 0x03, 0xC0, 0x06, 0x00, 0x01, 0x00, 0x00, 0x03, 0x80, 0x00,
    0x00, 0x33, 0x8D, 0xFF, 0xFE, 0x73, 0x9D, 0xFF, 0xFE, 0x3B, 0x9D, 0xFF, 0xFE, 0x3B, 0xB8, 0x07,
    0x00, 0x1B, 0xB8, 0x07, 0x00, 0xFF, 0xFE, 0x0F, 0x00, 0xFF, 0xFE, 0xFF, 0xFC, 0x07, 0xC0, 0xFF,
    0xFC, 0x0F, 0xE0, 0xE0, 0x1C, 0x1F, 0xF8, 0xE0, 0x1C, 0x3F, 0xBC, 0xE0, 0x1C, 0x7B, 0x9E, 0xFF,
    0xFC, 0xF3, 0x8E, 0xFF, 0xFC, 0x63, 0x80, 0xE0, 0x1C, 0x00, 0x38, 0xE0, 0x1C, 0x03, 0xBC, 0xE0,
    0x1C, 0x03, 0x9E, 0xFF, 0xFC, 0x03, 0x8C, 0xFF, 0xFC, 0xFF, 0xFE, 0xE0, 0x1C, 0xFF, 0xFE, 0xE0,
    0x1C, 0x7F, 0xFE, 0xE0, 0x1C, 0x03, 0x80, 0xE0, 0x1C, 0x07, 0xE0, 0xFF, 0xFC, 0x07, 0xF0, 0xFF,
    0xFC, 0x0F, 0xF8, 0x10, 0x00, 0x1E, 0x3C, 0x38, 0xF0, 0x7C, 0x1E, 0xF8, 0xF8, 0xF8, 0x0F, 0xF0,
    0x3E, 0xF0, 0x07, 0xC0, 0x1F, 0x40, 0x07, 0x80, 0x0E, 0x00, 0x00, 0x00, 0x00, 0x3F, 0xFF, 0x3F,
    0xFC, 0x3F, 0xFF, 0x7F, 0xFE, 0x30, 0x07, 0x7F, 0xFE, 0x30, 0x07, 0x03, 0x80, 0x3F, 0xFF, 0x03,
    0x80, 0x3F, 0xFF, 0x03, 0x80, 0x30, 0x07, 0x3F, 0xFC, 0x30, 0x07, 0x3F, 0xFC, 0x30, 0x07, 0x38,
    0x1C, 0x3F, 0xFF, 0x38, 0x1C, 0x3F, 0xFF, 0x38, 0x1C, 0x1C, 0x1C, 0x3F, 0xFC, 0x38, 0x1C, 0x3F,
    0xFC, 0x3B, 0xBB, 0xB8, 0x1C, 0x77, 0x73, 0xB8, 0x1C, 0xFF, 0x7F, 0x38, 0x1C, 0x7E, 0x7E, 0x3F,
    0xFC, 0x1E, 0x0F, 0x3F, 0xFC, 0x3F, 0x1F, 0xB8, 0x1C, 0x7B, 0x39, 0xB8, 0x1C, 0xFF, 0xFF, 0xF8,
    0x1C, 0xFF, 0xFF, 0xF8, 0x1C, 0x61, 0xFA, 0xFF, 0xFC, 0x30, 0x67, 0x3F, 0xFC, 0x3F, 0x77, 0x00,
    0x00, 0x33, 0x73, 0x8E, 0x70, 0x73, 0x33, 0x9E, 0x78, 0x73, 0xB9, 0x7C, 0x3C, 0xE3, 0xB8, 0xF8,
    0x1E, 0xE3, 0x00, 0xE0, 0x0E, 0x00, 0x00, 0x00, 0x00, 0x7F, 0xFF, 0xFF, 0xFC, 0xFF, 0xFF, 0xFF,
    0xFD, 0xFF, 0xFF, 0xFF, 0xF8, 0x00, 0x3C, 0x00, 0x00, 0x00, 0x78, 0x00, 0x00, 0x00, 0xE0, 0x00,
    0x00, 0x03, 0xC0, 0x00, 0x07, 0xFF, 0xFF, 0xF0, 0x0F, 0xFF, 0xFF, 0xE0, 0x1F, 0xFF, 0xFF, 0xC0,
    0x3C, 0x00, 0x03, 0x80, 0x78, 0x1C, 0x07, 0x00, 0xF0, 0x38, 0x0E, 0x01, 0xE0, 0x70, 0x1C, 0x03,
    0xC0, 0xE0, 0x38, 0x07, 0x81, 0xC0, 0x70, 0x0F, 0x03, 0x80, 0xE0, 0x1E, 0x07, 0x01, 0xC0, 0x3C,
    0x0E, 0x03, 0x80, 0x78, 0x1C, 0x07, 0x00, 0xF0, 0x38, 0x0E, 0x01, 0xE0, 0xF0, 0x1C, 0x03, 0xC3,
    0xCE, 0x38, 0x00, 0x0F, 0xBF, 0x00, 0x00, 0x3E, 0x3F, 0x80, 0x01, 0xF8, 0x1F, 0x80, 0x1F, 0xE0,
    0x0F, 0xC3, 0xFF, 0x00, 0x07, 0xE7, 0xF8, 0x00, 0x07, 0xCF, 0x80, 0x00, 0x03, 0x00, 0x00, 0x00,
    0x00, 0x00, 0x00, 0x07, 0xFF, 0xFE, 0xFF, 0xFF, 0xFF, 0xFE, 0xFF, 0xFB, 0xFF, 0xFE, 0xFF, 0xF8,
    0x0E, 0x00, 0x03, 0x80, 0x0E, 0x00, 0x03, 0x80, 0x1E, 0x00, 0x03, 0x83, 0xFF, 0xFC, 0x03, 0x83,
    0xFF, 0xFC, 0x03, 0x83, 0xFF, 0xFC, 0x03, 0x83, 0xC0, 0x1C, 0x03, 0x83, 0xC7, 0x1C, 0x03, 0x83,
    0xC7, 0x1C, 0x03, 0x83, 0xC7, 0x1C, 0x03, 0x83, 0xC7, 0x1C, 0x03, 0x83, 0xC7, 0x1C, 0x03, 0x83,
    0xC7, 0x1C, 0x03, 0x83, 0xC7, 0x1C, 0x03, 0x83, 0xC7, 0x1C, 0x03, 0x83, 0xC7, 0x1C, 0x03, 0x83,
    0xC7, 0x1C, 0x03, 0x83, 0xCF, 0x1C, 0x03, 0x83, 0xCE, 0x1C, 0x03, 0x81, 0x8E, 0x18, 0x03, 0x80,
    0x1F, 0xC0, 0x03, 0x80, 0x3F, 0xE0, 0x03, 0x80, 0x79, 0xF0, 0x7F, 0x81, 0xF0, 0x7C, 0x7F, 0x07,
    0xE0, 0x3E, 0x7F, 0x0F, 0xC0, 0x1E, 0x00, 0x07, 0x00, 0x0E, 0x00, 0x00, 0x00, 0x00, 0x00, 0x07,
    0xFF, 0xFF, 0x00, 0x07, 0xFF, 0xFF, 0x80, 0x03, 0xFF, 0xFF, 0xCF, 0xFE, 0x01, 0xE0, 0x07, 0xFF,
    0x01, 0xE0, 0x03, 0xFF, 0x80, 0xE0, 0x00, 0x1E, 0x0F, 0xFF, 0xF0, 0x0F, 0x07, 0xFF, 0xF8, 0x07,
    0x83, 0xFF, 0xFC, 0x03, 0xC1, 0xC0, 0x0E, 0x01, 0xE0, 0xE3, 0x87, 0x00, 0xF0, 0x71, 0xC3, 0x80,
    0x78, 0x38, 0xE1, 0xC0, 0x3C, 0x1C, 0x70, 0xE0, 0x1E, 0x0E, 0x38, 0x70, 0x0F, 0x07, 0x1C, 0x38,
    0x07, 0x83, 0x8E, 0x1C, 0x03, 0xC9, 0xC7, 0x0E, 0x01, 0xFE, 0xE3, 0x87, 0x00, 0xFF, 0x71, 0xC3,
    0x83, 0xFF, 0x38, 0xE1, 0xC3, 0xFC, 0x1C, 0x70, 0xE1, 0xF0, 0x00, 0x7A, 0x00, 0xC0, 0x00, 0x7B,
    0x80, 0x00, 0x00, 0x79, 0xF0, 0x00, 0x00, 0x7C, 0x7C, 0x00, 0x00, 0xFC, 0x1F, 0x80, 0x03, 0xF8,
    0x03, 0xE0, 0x01, 0xF8, 0x00, 0xF0, 0x00, 0xF0, 0x00, 0x30, 0x00, 0x00, 0x00, 0x00, 0x00, 0xC0,
    0x00, 0x00, 0x01, 0xC0, 0x00, 0x00, 0x01, 0xC0, 0x00, 0x00, 0x09, 0xC0, 0xFF, 0xFE, 0x39, 0xC0,
    0xFF, 0xFE, 0x39, 0xFE, 0xFF, 0xFE, 0x39, 0xFE, 0x03, 0x80, 0x39, 0xFE, 0x03, 0x80, 0x39, 0xC0,
    0x07, 0x00, 0x39, 0xC0, 0x7F, 0xFC, 0x39, 0xC0, 0x7F, 0xFC, 0xFF, 0xFF, 0x70, 0x1C, 0xFF, 0xFF,
    0x73, 0x9C, 0xFF, 0xFF, 0x73, 0x9C, 0x01, 0xC0, 0x73, 0x9C, 0x01, 0xC0, 0x73, 0x9C, 0x1D, 0xC6,
    0x73, 0x9C, 0x1D, 0xC7, 0x73, 0x9C, 0x39, 0xCE, 0x73, 0x9C, 0x39, 0xCE, 0x73, 0x9C, 0x71, 0xDE,
    0x73, 0x9C, 0x71, 0xDC, 0x73, 0x1C, 0xE1, 0xFC, 0x77, 0x1C, 0x61, 0xF8, 0x77, 0x1C, 0x01, 0xF8,
    0x77, 0x1C, 0x00, 0xF0, 0x0F, 0xC0, 0x01, 0xE0, 0x0F, 0xE0, 0x03, 0xC0, 0x1E, 0xF0, 0x0F, 0x80,
    0x3C, 0x78, 0x3F, 0x00, 0xF8, 0x3E, 0x7C, 0x03, 0xF0, 0x1E, 0x78, 0x03, 0xC0, 0x0E, 0x00, 0x00,
    0x00, 0x00, 0x3F, 0xFD, 0xFF, 0xFE, 0x3F, 0xFD, 0xFF, 0xFE, 0x38, 0x1C, 0x07, 0x00, 0x38, 0x1C,
    0x07, 0x00, 0x38, 0x1C, 0x07, 0x00, 0x3F, 0xFC, 0x0E, 0x00, 0x3F, 0xFC, 0x7F, 0xFC, 0x38, 0x1C,
    0x7F, 0xFC, 0x38, 0x1C, 0x60, 0x1C, 0x3F, 0xFC, 0x63, 0x9C, 0x3F, 0xFC, 0x63, 0x9C, 0x00, 0x00,
    0x63, 0x9C, 0x00, 0x00, 0x63, 0x1C, 0xFF, 0xFF, 0x63, 0x1C, 0xFF, 0xFF, 0x67, 0x1C, 0x01, 0xC0,
    0x67, 0x1C, 0x01, 0xC0, 0x67, 0x1C, 0x1D, 0xC0, 0x67, 0x1C, 0x1D, 0xC0, 0x67, 0x1C, 0x19, 0xFE,
    0x6E, 0x1C, 0x39, 0xFE, 0x0F, 0xC0, 0x39, 0xC0, 0x1D, 0xF0, 0x3D, 0xC0, 0x3C, 0x78, 0x3F, 0xC0,
    0xF8, 0x3C, 0x3F, 0xC3, 0xF0, 0x1E, 0x77, 0xC3, 0xC0, 0x0C, 0x73, 0xFF, 0x80, 0x00, 0xF0, 0xFF,
    0xFF, 0xFE, 0xE0, 0x3F, 0xFF, 0xFE, 0x60, 0x00, 0x00, 0x00, 0x00, 0x00, 0x00, 0x00, 0x03, 0x80,
    0x00, 0x00, 0x03, 0xC0, 0x00, 0x00, 0x01, 0xC0, 0xFF, 0xFE, 0x7F, 0xFF, 0xFF, 0xFE, 0x7F, 0xFF,
    0xFF, 0xFE, 0x70, 0x07, 0x03, 0x80, 0x73, 0x07, 0x07, 0x00, 0x77, 0x07, 0x07, 0x00, 0x07, 0x00,
    0xFF, 0xFC, 0x0F, 0xFC, 0xFF, 0xFC, 0x1F, 0xFC, 0xE0, 0x1C, 0x3C, 0x3C, 0xE0, 0x1C, 0x78, 0x38,
    0xE3, 0x9C, 0xFE, 0x70, 0xE3, 0x9C, 0x6F, 0xF0, 0xE3, 0x9C, 0x07, 0xE0, 0xE3, 0x9C, 0x07, 0xF8,
    0xE3, 0x9C, 0x1F, 0xFC, 0xE3, 0x1C, 0x7E, 0x3F, 0xE7, 0x1C, 0xFC, 0x0F, 0xE7, 0x1C, 0x70, 0x06,
    0xE7, 0x1C, 0x5F, 0xFC, 0xE7, 0x1C, 0x1F, 0xFC, 0xE7, 0x1C, 0x1C, 0x1C, 0xE7, 0x1C, 0x1C, 0x1C,
    0x0E, 0xC0, 0x1C, 0x1C, 0x0F, 0xE0, 0x1C, 0x1C, 0x1C, 0xF0, 0x1C, 0x1C, 0x3C, 0x7C, 0x1F, 0xFC,
    0xF8, 0x3E, 0x1F, 0xFF, 0xF0, 0x0F, 0x1C, 0x1F, 0xC0, 0x06, 0x00, 0x01, 0x00, 0x00, 0x0F, 0xFF,
    0xFF, 0xE0, 0x0F, 0xFF, 0xFF, 0xE0, 0x0F, 0xFF, 0xFF, 0xE0, 0x0E, 0x00, 0x00, 0xE0, 0x0E, 0x00,
    0x3C, 0xE0, 0x0E, 0x3F, 0xFE, 0xE0, 0x0F, 0xFF, 0xFE, 0xE0, 0x0E, 0xFF, 0x80, 0xE0, 0x0E, 0x33,
    0x80, 0xE0, 0x0E, 0x03, 0x80, 0xE0, 0x0E, 0x03, 0x80, 0xE0, 0x0E, 0xFF, 0xFE, 0xE0, 0x0E, 0xFF,
    0xFE, 0xE0, 0x0E, 0xE3, 0x8E, 0xE0, 0x0E, 0xE3, 0x8E, 0xF0, 0x0E, 0xE3, 0x8E, 0xF0, 0x0E, 0xE3,
    0x8E, 0x70, 0x1E, 0xE3, 0x8E, 0x70, 0x1C, 0xFF, 0xFE, 0x70, 0x1C, 0xFF, 0xFE, 0x70, 0x1C, 0x03,
    0x80, 0x70, 0x1C, 0x03, 0x9C, 0x70, 0x1C, 0x03, 0x9C, 0x74, 0x38, 0x03, 0x8E, 0x76, 0x38, 0x07,
    0xFF, 0x77, 0x3B, 0xFF, 0xFF, 0x77, 0x7B, 0xFF, 0xFF, 0xBE, 0xF3, 0xF8, 0x03, 0xBE, 0xF0, 0x00,
    0x03, 0xBE, 0x60, 0x00, 0x00, 0x1C, 0x00, 0x00, 0x00, 0x00, 0x0F, 0xFF, 0xFF, 0xE0, 0x0F, 0xFF,
    0xFF, 0xE0, 0x0F, 0xFF, 0xFF, 0xE0, 0x0E, 0x00, 0x00, 0xE0, 0x0E, 0x00, 0x00, 0xE0, 0x0E, 0x00,
    0x18, 0xE0, 0x0E, 0x00, 0x1C, 0xE0, 0x0E, 0xF0, 0x38, 0xE0, 0x0E, 0xF0, 0x38, 0xE0, 0x0E, 0x78,
    0x78, 0xE0, 0x0E, 0x3C, 0x70, 0xE0, 0x0E, 0x1E, 0xF0, 0xE0, 0x0E, 0x0F, 0xE0, 0xE0, 0x0E, 0x0F,
    0xE0, 0xE0, 0x0E, 0x07, 0xC0, 0xE0, 0x0E, 0x03, 0xC0, 0xE0, 0x0E, 0x03, 0xE0, 0xE0, 0x0E, 0x07,
    0xE0, 0xE0, 0x1E, 0x0F, 0xF0, 0xE0, 0x1E, 0x1E, 0x78, 0xE0, 0x1C, 0x1E, 0x7C, 0xE0, 0x1C, 0x3C,
    0x3C, 0xF0, 0x1C, 0x78, 0x1E, 0x76, 0x3D, 0xF0, 0x1E, 0x77, 0x39, 0xE0, 0x0F, 0x77, 0x38, 0xC0,
    0x04, 0x77, 0x78, 0x00, 0x00, 0x7E, 0xF0, 0x00, 0x00, 0x3E, 0xF0, 0x00, 0x00, 0x3E, 0x60, 0x00,
    0x00, 0x1C, 0x00, 0x00, 0x00, 0x00, 0x00, 0x00, 0x00, 0x00, 0x03, 0x80, 0x07, 0x00, 0x07, 0x80,
    0x1E, 0x00, 0x07, 0x00, 0x78, 0x00, 0x0F, 0x00, 0xE0, 0x0F, 0xFF, 0xFF, 0xFF, 0xFF, 0xFF, 0xFF,
    0xFF, 0xFF, 0xFF, 0xFF, 0xFF, 0x00, 0x03, 0x80, 0x00, 0x00, 0x0F, 0x00, 0x00, 0x00, 0x1E, 0x00,
    0x00, 0x7F, 0xFF, 0xFF, 0x00, 0xFF, 0xFF, 0xFE, 0x01, 0xFF, 0xFF, 0xFC, 0x03, 0x80, 0x00, 0x38,
    0x07, 0x00, 0x00, 0x70, 0x0E, 0x00, 0x00, 0xE0, 0x1F, 0xFF, 0xFF, 0xC0, 0x3F, 0xFF, 0xFF, 0x80,
    0x70, 0x00, 0x07, 0x00, 0xE0, 0x00, 0x0E, 0x01, 0xC0, 0x00, 0x1C, 0x03, 0xFF, 0xFF, 0xF8, 0x07,
    0xFF, 0xFF, 0xF0, 0x0E, 0x00, 0x00, 0xE0, 0x1C, 0x00, 0x01, 0xC0, 0x38, 0x00, 0x03, 0x80, 0x70,
    0x00, 0x07, 0x00, 0xFF, 0xFF, 0xFE, 0x01, 0xFF, 0xFF, 0xFC, 0x03, 0xFF, 0xFF, 0xF8, 0x07, 0x00,
    0x00, 0x70, 0x06, 0x00, 0x00, 0xC0, 0x00, 0x00, 0x04, 0x00, 0x00, 0x00, 0x0F, 0x00, 0x7F, 0xF8,
    0x1F, 0x00, 0x7F, 0xF8, 0x1F, 0x00, 0x73, 0x80, 0x3F, 0x80, 0x73, 0x80, 0x7B, 0xE0, 0x73, 0x80,
    0xF1, 0xF0, 0x73, 0x81, 0xF0, 0xF8, 0x7F, 0xFF, 0xE0, 0x3E, 0x7F, 0xFF, 0xFF, 0xFE, 0x73, 0x86,
    0x7F, 0xEE, 0x73, 0x80, 0x00, 0x00, 0x73, 0x80, 0x00, 0x00, 0x7F, 0xFB, 0xFB, 0xFC, 0x7F, 0xFB,
    0xFB, 0xFC, 0x73, 0x83, 0x9B, 0x9C, 0x73, 0x83, 0x9B, 0x9C, 0x73, 0x83, 0x9B, 0x9C, 0x7F, 0xFB,
    0x9B, 0x9C, 0x7F, 0xFB, 0xFB, 0xFC, 0x3F, 0xFB, 0xFB, 0xFC, 0x03, 0x98, 0x00, 0x00, 0x7E, 0xD8,
    0xE0, 0x70, 0x7B, 0xD8, 0xE0, 0xF0, 0x7F, 0x78, 0xE0, 0xE0, 0x6F, 0x79, 0xE0, 0xE0, 0xEF, 0x39,
    0xF1, 0xE0, 0xED, 0x39, 0xFD, 0xF8, 0xCC, 0x3B, 0xBF, 0xFC, 0xC0, 0x3F, 0x8F, 0x9E, 0x01, 0xFF,
    0x07, 0x8E, 0x01, 0xF6, 0x07, 0x04, 0x00, 0x00, 0x00, 0x00, 0x00, 0x00, 0x04, 0x00, 0x00, 0x00,
    0x0F, 0x00, 0x7F, 0xF0, 0x0E, 0x00, 0x7F, 0xF0, 0x1F, 0x00, 0x7F, 0xF0, 0x1F, 0x00, 0x00, 0x70,
    0x3F, 0x80, 0x00, 0x60, 0x7B, 0xC0, 0x38, 0xE0, 0xF1, 0xE0, 0x38, 0xE1, 0xE0, 0xF0, 0x38, 0xE3,
    0xE0, 0x78, 0x38, 0xE7, 0xC0, 0x7C, 0x38, 0xEF, 0xFF, 0xFE, 0x38, 0xFF, 0xFF, 0xEE, 0x38, 0xEE,
    0xFF, 0xE6, 0x30, 0xE0, 0x00, 0x00, 0x30, 0xE0, 0x00, 0x00, 0x70, 0xE0, 0x0E, 0x08, 0x7F, 0xFB,
    0x8E, 0x1C, 0x7F, 0xF9, 0x8E, 0x1C, 0x00, 0x39, 0xC6, 0x1C, 0x00, 0x39, 0xC7, 0x38, 0x00, 0x38,
    0xC7, 0x38, 0x03, 0xB8, 0xE7, 0x70, 0x3F, 0xB8, 0xE7, 0x70, 0xFF, 0xB8, 0xE2, 0x70, 0xF8, 0x30,
    0x00, 0xE0, 0x80, 0x70, 0x00, 0xE0, 0x00, 0x70, 0x01, 0xC0, 0x00, 0x77, 0xFF, 0xFE, 0x08, 0xF7,
    0xFF, 0xFE, 0x0F, 0xE3, 0xFF, 0xFC, 0x0F, 0xE0, 0x00, 0x00, 0x00, 0x00, 0x00, 0x00, 0x00, 0x00,
    0x19, 0x80, 0x00, 0x00, 0x73, 0x80, 0xFF, 0xC0, 0xE7, 0x01, 0xFF, 0x9F, 0xFF, 0xE3, 0x83, 0x3F,
    0xFF, 0xC7, 0x06, 0x73, 0x33, 0x8F, 0xEC, 0xE6, 0x67, 0x1F, 0xD9, 0xCC, 0xCE, 0x3B, 0xB3, 0xFF,
    0xFC, 0x77, 0x67, 0xFF, 0xF8, 0xEE, 0xCE, 0x66, 0x73, 0xFF, 0xFC, 0xCC, 0xE7, 0xFF, 0xFF, 0xFF,
    0xCC, 0x01, 0xFF, 0xFF, 0x98, 0x03, 0x00, 0x00, 0x3F, 0xFE, 0x00, 0x00, 0x3F, 0xF3, 0xFF, 0xFE,
    0x70, 0xE7, 0xFF, 0xFC, 0xE1, 0xC0, 0x00, 0x01, 0xC3, 0x8F, 0xFF, 0xC3, 0xFF, 0x1F, 0xFF, 0x87,
    0xFE, 0x38, 0x07, 0x0E, 0x1C, 0x70, 0x0E, 0x1C, 0x38, 0xE0, 0x1C, 0x3F, 0xF1, 0xFF, 0xF8, 0x7F,
    0xE3, 0xFF, 0xF0, 0xE1, 0xC1, 0xC3, 0xC1, 0xC3, 0x83, 0x87, 0x03, 0x87, 0x03, 0x8E, 0x07, 0x3E,
    0xFF, 0xFF, 0xCE, 0x7D, 0xFF, 0xFF, 0x9C, 0xF8, 0x00, 0x00, 0x18, 0x00, 0x00, 0x00, 0x00, 0x00,
    0x00, 0x00, 0x00, 0x0F, 0x00, 0x00, 0x00, 0x0E, 0x00, 0x00, 0x00, 0x1C, 0x00, 0x07, 0xFF, 0xFF,
    0xFF, 0xCF, 0xFF, 0xFF, 0xFF, 0xDF, 0xFF, 0xFF, 0xFF, 0x80, 0x00, 0x00, 0x00, 0x03, 0xFF, 0xFF,
    0xC0, 0x07, 0xFF, 0xFF, 0x80, 0x0E, 0x00, 0x07, 0x00, 0x1C, 0x00, 0x0E, 0x00, 0x38, 0x00, 0x1C,
    0x00, 0x7F, 0xFF, 0xF8, 0x00, 0xFF, 0xFF, 0xF0, 0x00, 0x00, 0x00, 0x00, 0x00, 0x00, 0x00, 0x00,
    0x7F, 0xFF, 0xFF, 0xF8, 0xFF, 0xFF, 0xFF, 0xF1, 0xC0, 0x00, 0x01, 0xE3, 0x80, 0x00, 0x03, 0xC7,
    0x1F, 0xFF, 0xC7, 0x8E, 0x3F, 0xFF, 0x8F, 0x1C, 0x70, 0x07, 0x1E, 0x38, 0xE0, 0x0E, 0x3C, 0x71,
    0xC0, 0x1C, 0x78, 0xE3, 0xFF, 0xF8, 0xF1, 0xC7, 0xFF, 0xF1, 0xE3, 0x8E, 0x00, 0x03, 0xC7, 0x1C,
    0x00, 0x07, 0x8E, 0x00, 0x00, 0x7E, 0x1C, 0x00, 0x00, 0xFC, 0x00, 0x00, 0x00, 0x00, 0x0F, 0xFF,
    0xFF, 0xE0, 0x1F, 0xFF, 0xFF, 0xC0, 0x38, 0x0E, 0x03, 0x80, 0x77, 0x1C, 0x77, 0x00, 0xEE, 0x38,
    0xEE, 0x01, 0xCE, 0x71, 0x9C, 0x03, 0x9C, 0xE7, 0x38, 0x07, 0x19, 0xCC, 0x70, 0x0E, 0x33, 0xB8,
    0xE0, 0x1C, 0x07, 0x21, 0xC0, 0x3F, 0xFF, 0xFF, 0x80, 0x7F, 0xFF, 0xFF, 0x00, 0x00, 0x38, 0x00,
    0x00, 0x00, 0x70, 0x00, 0x00, 0x00, 0xE0, 0x00, 0x0F, 0xFF, 0xFF, 0xF8, 0x1F, 0xFF, 0xFF, 0xF0,
    0x00, 0x07, 0x00, 0x00, 0x00, 0x0E, 0x00, 0x03, 0xFF, 0xFF, 0xFF, 0xEF, 0xFF, 0xFF, 0xFF, 0xFF,
    0xFF, 0xFF, 0xFF, 0xC0, 0x00, 0x00, 0x00, 0x00, 0x00, 0x00, 0x00, 0x0E, 0x38, 0x70, 0xE0, 0x3C,
    0x70, 0xE1, 0xE0, 0x70, 0xE1, 0xE1, 0xE1, 0xE1, 0xE1, 0xC1, 0xE7, 0x83, 0xC3, 0x81, 0xCF, 0x03,
    0x87, 0x83, 0xCC, 0x00, 0x00, 0x02, 0x00, 0x00, 0x00, 0x00, 0x00, 0x00, 0x00, 0x07, 0x00, 0x3F,
    0xFF, 0x07, 0x40, 0x3F, 0xFF, 0x07, 0xE0, 0x31, 0xC7, 0x07, 0x70, 0x3D, 0xDF, 0x07, 0x78, 0x3D,
    0xDF, 0x07, 0x38, 0x37, 0xFF, 0x07, 0x1C, 0x37, 0xF7, 0x07, 0x1C, 0x37, 0xF7, 0x07, 0x00, 0x37,
    0xF7, 0xFF, 0xFE, 0x31, 0xC7, 0xFF, 0xFE, 0x3F, 0xFF, 0xFF, 0xFE, 0x3F, 0xFF, 0x07, 0x00, 0x01,
    0xC0, 0x07, 0x80, 0x01, 0xC0, 0x07, 0x80, 0x01, 0xC0, 0x07, 0x80, 0x7F, 0xFE, 0x07, 0x80, 0x7F,
    0xFE, 0x0F, 0xC0, 0x01, 0xC0, 0x0F, 0xC0, 0x01, 0xC0, 0x0F, 0xC0, 0x7F, 0xFF, 0x0E, 0xE0, 0x7F,
    0xFF, 0x1E, 0xE0, 0x7F, 0xF0, 0x1C, 0xE0, 0x10, 0x04, 0x3C, 0x70, 0x3F, 0x6E, 0x38, 0x70, 0x37,
    0x66, 0x78, 0x78, 0x73, 0x76, 0x70, 0x3C, 0x73, 0x77, 0xF0, 0x1E, 0xE3, 0x33, 0xE0, 0x1F, 0xE3,
    0x31, 0xC0, 0x0F, 0x42, 0x00, 0xC0, 0x06, 0x00, 0x00, 0x00, 0x00, 0x00, 0x00, 0x07, 0x00, 0x7F,
    0xFE, 0x07, 0x00, 0x7F, 0xFE, 0x07, 0x00, 0x71, 0x8E, 0x07, 0x00, 0x7D, 0xBE, 0x07, 0x00, 0x7D,
    0xBE, 0x07, 0x00, 0x7D, 0xBE, 0x07, 0x00, 0x7D, 0xBE, 0x07, 0xFE, 0x77, 0xEE, 0x07, 0xFE, 0x77,
    0xEE, 0x07, 0xFE, 0x71, 0x8E, 0x07, 0x00, 0x7F, 0xFE, 0x07, 0x00, 0x7F, 0xFE, 0x07, 0x00, 0x01,
    0x80, 0x07, 0x00, 0x01, 0x80, 0x07, 0x00, 0x7F, 0xFE, 0x07, 0x00, 0x7F, 0xFE, 0xFF, 0xFC, 0x01,
    0x80, 0xFF, 0xFC, 0x01, 0x80, 0xFF, 0xFC, 0x03, 0x82, 0xE0, 0x1C, 0xFF, 0xFF, 0xE0, 0x1C, 0xFF,
    0xFF, 0xE0, 0x1C, 0x7F, 0xE0, 0xE0, 0x1C, 0x02, 0xDC, 0xE0, 0x1C, 0x36, 0xEE, 0xE0, 0x1C, 0x37,
    0x6E, 0xE0, 0x1C, 0x77, 0x67, 0xE0, 0x1C, 0x77, 0x77, 0xFF, 0xFC, 0x77, 0x72, 0xFF, 0xFC, 0xE3,
    0x00, 0xFF, 0xFC, 0xE0, 0x00, 0xE0, 0x1C, 0x00, 0x00, 0x00, 0x00, 0x00, 0x00, 0x00, 0x00, 0x00,
    0x03, 0x80, 0x00, 0x00, 0x03, 0x80, 0x00, 0x00, 0x03, 0xC0, 0x00, 0x7F, 0xFF, 0xFF, 0xFE, 0x7F,
    0xFF, 0xFF, 0xFE, 0x00, 0x08, 0x70, 0x00, 0x00, 0x1C, 0x70, 0x78, 0x7F, 0xFE, 0xE7, 0xF8, 0x7F,
    0xF7, 0xEF, 0xE0, 0x0E, 0x77, 0xCE, 0xE0, 0x0E, 0x73, 0x8E, 0x60, 0x1C, 0x73, 0x8E, 0x70, 0x1C,
    0x73, 0x8E, 0x38, 0x38, 0x63, 0x9F, 0xFC, 0x7F, 0xE3, 0x9F, 0xFE, 0xF3, 0xE3, 0x9F, 0xCE, 0x67,
    0x03, 0x80, 0xC4, 0x07, 0x00, 0x01, 0xE0, 0x07, 0x00, 0x01, 0xE0, 0x07, 0xFF, 0xFF, 0xE0, 0x07,
    0xFF, 0xFF, 0xE0, 0x07, 0x00, 0x01, 0xE0, 0x07, 0x00, 0x01, 0xE0, 0x07, 0xFF, 0xFF, 0xE0, 0x07,
    0xFF, 0xFF, 0xE0, 0x0F, 0x00, 0x01, 0xE0, 0x1E, 0x00, 0x01, 0xE0, 0x1E, 0x00, 0x01, 0xE0, 0x7C,
    0x00, 0x01, 0xE0, 0x78, 0x00, 0x01, 0xE0, 0x30, 0x00, 0x01, 0xE0, 0x20, 0x00, 0x00, 0xC0, 0x00,
    0x01, 0x00, 0x00, 0x00, 0x07, 0x80, 0x00, 0x00, 0x03, 0xC0, 0x00, 0x00, 0x01, 0xC0, 0x00, 0x7F,
    0xFF, 0xFF, 0xFE, 0x7F, 0xFF, 0xFF, 0xFE, 0x7F, 0xFF, 0xFF, 0xFC, 0x00, 0xE0, 0x0F, 0x00, 0x00,
    0xF0, 0x1E, 0x00, 0x00, 0x78, 0x3C, 0x00, 0x00, 0x3E, 0xF8, 0x00, 0x00, 0x1F, 0xF0, 0x00, 0x00,
    0x0F, 0xE0, 0x00, 0x00, 0x3F, 0xF8, 0x00, 0x01, 0xFF, 0xFF, 0xC0, 0x7F, 0xFC, 0x3F, 0xFE, 0xFF,
    0xE0, 0x07, 0xFE, 0x7F, 0xC0, 0x06, 0xFC, 0x61, 0xE0, 0x0F, 0x00, 0x01, 0xE0, 0x0F, 0x00, 0x01,
    0xE0, 0x0F, 0x00, 0x01, 0xE0, 0x0F, 0x00, 0x01, 0xE0, 0x0F, 0x00, 0x01, 0xE0, 0x0F, 0x00, 0x01,
    0xE0, 0x0F, 0x00, 0x01, 0xC0, 0x0F, 0x00, 0x03, 0xC0, 0x0F, 0x00, 0x03, 0xC0, 0x0F, 0x00, 0x07,
    0x80, 0x0F, 0x00, 0x0F, 0x80, 0x0F, 0x00, 0x1F, 0x00, 0x0F, 0x00, 0x0C, 0x00, 0x0F, 0x00, 0x00,
    0x00, 0x00, 0x00, 0x00, 0x00, 0x00, 0x00, 0x00, 0x07, 0x00, 0x00, 0x0C, 0x0E, 0x00, 0x00, 0x1C,
    0x1C, 0x00, 0x00, 0x38, 0x3F, 0xFF, 0x00, 0x70, 0x7F, 0xFE, 0x00, 0xE0, 0xE0, 0x00, 0x01, 0xC1,
    0xC0, 0x00, 0x7F, 0xFF, 0xFF, 0xFF, 0xFF, 0xFF, 0xFF, 0xFF, 0xFF, 0xFF, 0xFF, 0xF8, 0x01, 0xC0,
    0xE0, 0x03, 0x83, 0x81, 0xC3, 0x87, 0x0E, 0x07, 0x07, 0x0E, 0x1E, 0x0F, 0x0E, 0x1C, 0x7E, 0x3F,
    0x1C, 0x39, 0xCE, 0xFF, 0xB8, 0x77, 0x0F, 0xC7, 0x70, 0xEC, 0x03, 0x06, 0xE1, 0xFF, 0xFF, 0xFF,
    0xC3, 0xFF, 0xFF, 0xFF, 0x87, 0x07, 0x03, 0x87, 0x0E, 0x0E, 0x07, 0x0E, 0x1C, 0x38, 0x1C, 0x1C,
    0x38, 0xFC, 0x3C, 0x38, 0x71, 0xFC, 0xFE, 0x70, 0xEF, 0x3F, 0x9E, 0xE1, 0xDC, 0x3E, 0x1D, 0xC3,
    0x90, 0x08, 0x1B, 0x87, 0xFF, 0xFF, 0xFF, 0x0F, 0xFF, 0xFF, 0xFE, 0x00, 0x00, 0x00, 0x1C, 0x00,
    0x00, 0x00, 0x38, 0x00, 0x03, 0xC0, 0x00, 0x07, 0x07, 0x80, 0x00, 0x0E, 0x0F, 0x00, 0x00, 0x1C,
    0x1E, 0x00, 0x00, 0x38, 0x3F, 0xFF, 0x00, 0x70, 0x7F, 0xFE, 0x00, 0xE0, 0xF0, 0x00, 0x01, 0xC1,
    0xE0, 0x00, 0x03, 0x83, 0xC0, 0x00, 0x07, 0x07, 0x80, 0x01, 0xFF, 0xFF, 0xFF, 0xFB, 0xFF, 0xFF,
    0xFF, 0xF7, 0xFF, 0xFF, 0xFF, 0xE3, 0x80, 0x38, 0x07, 0x07, 0x00, 0xF0, 0x0E, 0x0E, 0x01, 0xC0,
    0x1C, 0x1C, 0x03, 0x80, 0x38, 0x38, 0x0F, 0x00, 0x70, 0x70, 0x1F, 0x00, 0xE0, 0xE0, 0x7F, 0x81,
    0xC1, 0xC1, 0xEF, 0x83, 0x83, 0x87, 0x87, 0x87, 0x07, 0x1E, 0x07, 0xCE, 0x0E, 0xF8, 0x07, 0xDC,
    0x1F, 0xE0, 0x07, 0xB8, 0x3B, 0x80, 0x06, 0x70, 0x70, 0x00, 0x00, 0xE0, 0xFF, 0xFF, 0xFF, 0xC1,
    0xFF, 0xFF, 0xFF, 0x83, 0xFF, 0xFF, 0xFF, 0x00, 0x00, 0x00, 0x0E, 0x00, 0x07, 0xFF, 0xEF, 0x7B,
    0xDE, 0xF7, 0xBC, 0xE7, 0x39, 0xCE, 0x73, 0x88, 0x00, 0x03, 0xDF, 0xFF, 0x98, 0x03, 0x03, 0xC3,
    0xC1, 0xC1, 0xC1, 0xE0, 0xE0, 0xF0, 0x70, 0x38, 0x3C, 0x1C, 0x0E, 0x07, 0x03, 0x81, 0xC0, 0xE0,
    0x70, 0x38, 0x1C, 0x0F, 0x03, 0x81, 0xC0, 0xE0, 0x38, 0x1C, 0x07, 0x03, 0xC0, 0xE0, 0x78, 0x1E,
    0x06, 0x60, 0x3C, 0x07, 0x80, 0xF0, 0x1C, 0x07, 0x80, 0xE0, 0x1C, 0x07, 0x01, 0xE0, 0x38, 0x0E,
    0x03, 0x80, 0xE0, 0x38, 0x0E, 0x03, 0x80, 0xE0, 0x38, 0x0E, 0x03, 0x81, 0xE0, 0x70, 0x1C, 0x0F,
    0x03, 0x81, 0xE0, 0x70, 0x3C, 0x1E, 0x0F, 0x01, 0x80, 0x3C, 0x7D, 0xFB, 0xF3, 0xE1, 0xC3, 0x8F,
    0x3C, 0xF3, 0xC3, 0x00, 0x00, 0x79, 0xFF, 0xDF, 0x78, 0x00, 0x00, 0x00, 0x00, 0x00, 0x00, 0x00,
    0x00, 0x01, 0xE7, 0xFF, 0x7D, 0xE0, 0x3C, 0x3E, 0x7E, 0x3E, 0x3C, 0x00, 0x00, 0x00, 0x00, 0x00,
    0x00, 0x00, 0x00, 0x00, 0x00, 0x3E, 0x3E, 0x3F, 0x3F, 0x1F, 0x07, 0x0E, 0x0E, 0x1C, 0x7C, 0x78,
    0x60, 0x07, 0xC0, 0x3F, 0xE1, 0xFF, 0xE7, 0xE7, 0xEF, 0x03, 0xCC, 0x03, 0xC0, 0x07, 0x80, 0x0F,
    0x00, 0x1C, 0x00, 0x78, 0x01, 0xE0, 0x07, 0x80, 0x1E, 0x00, 0x78, 0x00, 0xF0, 0x03, 0xC0, 0x07,
    0x80, 0x0F, 0x00, 0x00, 0x00, 0x00, 0x00, 0x00, 0x00, 0x00, 0x01, 0xE0, 0x03, 0xC0, 0x0F, 0x80,
    0x0F, 0x00, 0x0C, 0x00,
};

static const EpdGlyph m4_ui_cjk_16Glyphs[] = {
    { 0, 0, 9, 0, 0, 0, 0 }, //  
    { 7, 25, 9, 1, 24, 22, 0 }, // !
    { 12, 9, 16, 2, 24, 14, 22 }, // "
    { 21, 24, 22, 0, 24, 63, 36 }, // #
    { 17, 28, 19, 1, 26, 60, 99 }, // $
    { 29, 26, 30, 1, 25, 95, 159 }, // %
    { 24, 26, 25, 1, 25, 78, 254 }, // &
    { 5, 9, 9, 2, 24, 6, 332 }, // '
    { 10, 30, 11, 1, 24, 38, 338 }, // (
    { 9, 30, 11, 1, 24, 34, 376 }, // )
    { 18, 17, 18, 0, 26, 39, 410 }, // *
    { 17, 17, 19, 1, 20, 37, 449 }, // +
    { 7, 9, 10, 1, 4, 8, 486 }, // ,
    { 10, 5, 11, 0, 11, 7, 494 }, // -
    { 7, 7, 9, 1, 6, 7, 501 }, // .
    { 14, 25, 14, 0, 24, 44, 508 }, // /
    { 17, 26, 19, 1, 25, 56, 552 }, // 0
    { 13, 24, 19, 1, 24, 39, 608 }, // 1
    { 17, 25, 19, 1, 25, 54, 647 }, // 2
    { 17, 26, 19, 1, 25, 56, 701 }, // 3
    { 19, 24, 19, 0, 24, 57, 757 }, // 4
    { 17, 25, 19, 1, 24, 54, 814 }, // 5
    { 17, 26, 19, 1, 25, 56, 868 }, // 6
    { 18, 24, 19, 0, 24, 54, 924 }, // 7
    { 17, 26, 19, 1, 25, 56, 978 }, // 8
    { 17, 26, 19, 1, 25, 56, 1034 }, // 9
    { 7, 20, 9, 1, 19, 18, 1090 }, // :
    { 7, 24, 10, 1, 19, 21, 1108 }, // ;
    { 17, 18, 19, 1, 21, 39, 1129 }, // <
    { 17, 11, 19, 1, 17, 24, 1168 }, // =
    { 17, 18, 19, 1, 21, 39, 1192 }, // >
    { 16, 26, 16, 0, 25, 52, 1231 }, // ?
    { 28, 27, 30, 1, 24, 95, 1283 }, // @
    { 24, 24, 23, 0, 24, 72, 1378 }, // A
    { 19, 24, 22, 2, 24, 57, 1450 }, // B
    { 20, 26, 21, 1, 25, 65, 1507 }, // C
    { 21, 24, 24, 2, 24, 63, 1572 }, // D
    { 14, 24, 19, 3, 24, 42, 1635 }, // E
    { 14, 24, 18, 3, 24, 42, 1677 }, // F
    { 21, 26, 24, 1, 25, 69, 1719 }, // G
    { 20, 24, 26, 3, 24, 60, 1788 }, // H
    { 11, 24, 13, 1, 24, 33, 1848 }, // I
    { 12, 31, 11, -3, 24, 47, 1881 }, // J
    { 20, 24, 22, 3, 24, 60, 1928 }, // K
    { 16, 24, 19, 2, 24, 48, 1988 }, // L
    { 26, 24, 31, 3, 24, 78, 2036 }, // M
    { 22, 24, 27, 3, 24, 66, 2114 }, // N
    { 24, 26, 26, 1, 25, 78, 2180 }, // O
    { 18, 24, 21, 2, 24, 54, 2258 }, // P
    { 24, 31, 26, 1, 25, 93, 2312 }, // Q
    { 20, 24, 22, 2, 24, 60, 2405 }, // R
    { 17, 26, 18, 1, 25, 56, 2465 }, // S
    { 19, 24, 19, 0, 24, 57, 2521 }, // T
    { 21, 25, 25, 2, 24, 66, 2578 }, // U
    { 22, 24, 22, 0, 24, 66, 2644 }, // V
    { 33, 24, 32, 0, 24, 99, 2710 }, // W
    { 23, 24, 22, 0, 24, 69, 2809 }, // X
    { 21, 24, 21, 0, 24, 63, 2878 }, // Y
    { 19, 24, 19, 0, 24, 57, 2941 }, // Z
    { 9, 30, 11, 2, 24, 34, 2998 }, // [
    { 14, 25, 14, 0, 24, 44, 3032 }, // <backslash>
    { 9, 30, 11, 0, 24, 34, 3076 }, // ]
    { 19, 16, 19, 0, 24, 38, 3110 }, // ^
    { 15, 3, 14, -1, -3, 6, 3148 }, // _
    { 10, 6, 12, 1, 26, 8, 3154 }, // `
    { 17, 20, 20, 1, 19, 43, 3162 }, // a
    { 18, 27, 21, 2, 26, 61, 3205 }, // b
    { 16, 20, 17, 1, 19, 40, 3266 }, // c
    { 18, 27, 21, 1, 26, 61, 3306 }, // d
    { 18, 20, 20, 1, 19, 45, 3367 }, // e
    { 15, 26, 13, 0, 26, 49, 3412 }, // f
    { 18, 27, 21, 1, 19, 61, 3461 }, // g
    { 18, 26, 22, 2, 26, 59, 3522 }, // h
    { 6, 26, 10, 2, 26, 20, 3581 }, // i
    { 10, 34, 10, -2, 26, 43, 3601 }, // j
    { 19, 26, 21, 2, 26, 62, 3644 }, // k
    { 6, 26, 10, 2, 26, 20, 3706 }, // l
    { 29, 19, 33, 2, 19, 69, 3726 }, // m
    { 18, 19, 22, 2, 19, 43, 3795 }, // n
    { 19, 20, 21, 1, 19, 48, 3838 }, // o
    { 18, 27, 21, 2, 19, 61, 3886 }, // p
    { 18, 27, 21, 1, 19, 61, 3947 }, // q
    { 13, 19, 15, 2, 19, 31, 4008 }, // r
    { 15, 20, 17, 1, 19, 38, 4039 }, // s
    { 14, 24, 14, 0, 23, 42, 4077 }, // t
    { 18, 20, 22, 2, 19, 45, 4119 }, // u
    { 20, 19, 19, 0, 19, 48, 4164 }, // v
    { 29, 19, 29, 0, 19, 69, 4212 }, // w
    { 20, 19, 19, 0, 19, 48, 4281 }, // x
    { 20, 27, 19, 0, 19, 68, 4329 }, // y
    { 15, 19, 16, 1, 19, 36, 4397 }, // z
    { 12, 30, 13, 0, 24, 45, 4433 }, // {
    { 4, 34, 18, 7, 26, 17, 4478 }, // |
    { 12, 30, 13, 1, 24, 45, 4495 }, // }
    { 17, 7, 19, 1, 15, 15, 4540 }, // ~
    { 19, 16, 20, 1, 17, 38, 4555 }, // «
    { 0, 0, 0, 0, 0, 0, 4593 }, // ¬
    { 0, 0, 0, 0, 0, 0, 4593 }, // ­
    { 0, 0, 0, 0, 0, 0, 4593 }, // ®
    { 0, 0, 0, 0, 0, 0, 4593 }, // ¯
    { 12, 13, 14, 1, 25, 20, 4593 }, // °
    { 17, 21, 19, 1, 21, 45, 4613 }, // ±
    { 0, 0, 0, 0, 0, 0, 4658 }, // ²
    { 0, 0, 0, 0, 0, 0, 4658 }, // ³
    { 0, 0, 0, 0, 0, 0, 4658 }, // ´
    { 0, 0, 0, 0, 0, 0, 4658 }, // µ
    { 0, 0, 0, 0, 0, 0, 4658 }, // ¶
    { 7, 7, 9, 1, 15, 7, 4658 }, // ·
    { 0, 0, 0, 0, 0, 0, 4665 }, // ¸
    { 0, 0, 0, 0, 0, 0, 4665 }, // ¹
    { 0, 0, 0, 0, 0, 0, 4665 }, // º
    { 19, 16, 20, 1, 17, 38, 4665 }, // »
    { 26, 7, 29, 1, 6, 23, 4703 }, // …
    { 0, 0, 0, 0, 0, 0, 4726 }, // ‧
    { 0, 0, 0, 0, 0, 0, 4726 }, //  
    { 0, 0, 0, 0, 0, 0, 4726 }, //  
    { 0, 0, 0, 0, 0, 0, 4726 }, //  
    { 0, 0, 0, 0, 0, 0, 4726 }, // ‰
    { 0, 0, 0, 0, 0, 0, 4726 }, // ‱
    { 0, 0, 0, 0, 0, 0, 4726 }, // ′
    { 0, 0, 0, 0, 0, 0, 4726 }, // ″
    { 0, 0, 0, 0, 0, 0, 4726 }, // ‴
    { 0, 0, 0, 0, 0, 0, 4726 }, // ‵
    { 0, 0, 0, 0, 0, 0, 4726 }, // ‶
    { 0, 0, 0, 0, 0, 0, 4726 }, // ‷
    { 0, 0, 0, 0, 0, 0, 4726 }, // ‸
    { 10, 16, 12, 1, 17, 20, 4726 }, // ‹
    { 10, 16, 12, 1, 17, 20, 4746 }, // ›
    { 31, 17, 33, 1, 21, 66, 4766 }, // ←
    { 17, 31, 33, 8, 28, 66, 4832 }, // ↑
    { 32, 17, 33, 1, 21, 68, 4898 }, // →
    { 17, 31, 33, 8, 28, 66, 4966 }, // ↓
    { 11, 10, 33, 1, 7, 14, 5032 }, // 、
    { 11, 11, 33, 1, 8, 16, 5046 }, // 。
    { 31, 3, 33, 1, 14, 12, 5062 }, // 一
    { 0, 0, 0, 0, 0, 0, 5074 }, // 丁
    { 0, 0, 0, 0, 0, 0, 5074 }, // 丂
    { 0, 0, 0, 0, 0, 0, 5074 }, // 七
    { 0, 0, 0, 0, 0, 0, 5074 }, // 丄
    { 0, 0, 0, 0, 0, 0, 5074 }, // 丅
    { 0, 0, 0, 0, 0, 0, 5074 }, // 丆
    { 31, 30, 33, 1, 26, 117, 5074 }, // 万
    { 0, 0, 0, 0, 0, 0, 5191 }, // 丈
    { 30, 26, 33, 2, 25, 98, 5191 }, // 三
    { 31, 30, 33, 1, 28, 117, 5289 }, // 上
    { 31, 30, 33, 1, 26, 117, 5406 }, // 下
    { 0, 0, 0, 0, 0, 0, 5523 }, // 丌
    { 31, 30, 33, 1, 26, 117, 5523 }, // 不
    { 29, 31, 33, 1, 28, 113, 5640 }, // 与
    { 0, 0, 0, 0, 0, 0, 5753 }, // 丏
    { 0, 0, 0, 0, 0, 0, 5753 }, // 丐
    { 0, 0, 0, 0, 0, 0, 5753 }, // 丑
    { 0, 0, 0, 0, 0, 0, 5753 }, // 丒
    { 0, 0, 0, 0, 0, 0, 5753 }, // 专
    { 0, 0, 0, 0, 0, 0, 5753 }, // 且
    { 0, 0, 0, 0, 0, 0, 5753 }, // 丕
    { 31, 29, 33, 1, 28, 113, 5753 }, // 世
    { 0, 0, 0, 0, 0, 0, 5866 }, // 丗
    { 0, 0, 0, 0, 0, 0, 5866 }, // 丘
    { 0, 0, 0, 0, 0, 0, 5866 }, // 丙
    { 0, 0, 0, 0, 0, 0, 5866 }, // 业
    { 0, 0, 0, 0, 0, 0, 5866 }, // 丛
    { 0, 0, 0, 0, 0, 0, 5866 }, // 东
    { 0, 0, 0, 0, 0, 0, 5866 }, // 丝
    { 0, 0, 0, 0, 0, 0, 5866 }, // 丞
    { 30, 30, 33, 2, 26, 113, 5866 }, // 丟
    { 0, 0, 0, 0, 0, 0, 5979 }, // 丠
    { 0, 0, 0, 0, 0, 0, 5979 }, // 両
    { 31, 32, 33, 1, 28, 124, 5979 }, // 丢
    { 0, 0, 0, 0, 0, 0, 6103 }, // 丣
    { 31, 29, 33, 1, 26, 113, 6103 }, // 两
    { 0, 0, 0, 0, 0, 0, 6216 }, // 严
    { 0, 0, 0, 0, 0, 0, 6216 }, // 並
    { 0, 0, 0, 0, 0, 0, 6216 }, // 丧
    { 0, 0, 0, 0, 0, 0, 6216 }, // 丨
    { 0, 0, 0, 0, 0, 0, 6216 }, // 丩
    { 32, 31, 33, 1, 28, 124, 6216 }, // 个
    { 0, 0, 0, 0, 0, 0, 6340 }, // 丫
    { 0, 0, 0, 0, 0, 0, 6340 }, // 丬
    { 28, 33, 33, 3, 29, 116, 6340 }, // 中
    { 0, 0, 0, 0, 0, 0, 6456 }, // 丮
    { 0, 0, 0, 0, 0, 0, 6456 }, // 丯
    { 0, 0, 0, 0, 0, 0, 6456 }, // 丰
    { 0, 0, 0, 0, 0, 0, 6456 }, // 丱
    { 27, 33, 33, 3, 29, 112, 6456 }, // 串
    { 0, 0, 0, 0, 0, 0, 6568 }, // 丳
    { 30, 33, 33, 2, 29, 124, 6568 }, // 临
    { 0, 0, 0, 0, 0, 0, 6692 }, // 丵
    { 0, 0, 0, 0, 0, 0, 6692 }, // 丶
    { 0, 0, 0, 0, 0, 0, 6692 }, // 丷
    { 0, 0, 0, 0, 0, 0, 6692 }, // 丸
    { 0, 0, 0, 0, 0, 0, 6692 }, // 丹
    { 30, 32, 33, 1, 29, 120, 6692 }, // 为
    { 31, 31, 33, 1, 29, 121, 6812 }, // 主
    { 0, 0, 0, 0, 0, 0, 6933 }, // 丼
    { 0, 0, 0, 0, 0, 0, 6933 }, // 丽
    { 0, 0, 0, 0, 0, 0, 6933 }, // 举
    { 0, 0, 0, 0, 0, 0, 6933 }, // 丿
    { 0, 0, 0, 0, 0, 0, 6933 }, // 乀
    { 0, 0, 0, 0, 0, 0, 6933 }, // 乁
    { 0, 0, 0, 0, 0, 0, 6933 }, // 乂
    { 30, 30, 33, 0, 26, 113, 6933 }, // 乃
    { 0, 0, 0, 0, 0, 0, 7046 }, // 乄
    { 0, 0, 0, 0, 0, 0, 7046 }, // 久
    { 0, 0, 0, 0, 0, 0, 7046 }, // 乆
    { 0, 0, 0, 0, 0, 0, 7046 }, // 乇
    { 0, 0, 0, 0, 0, 0, 7046 }, // 么
    { 32, 31, 33, 1, 28, 124, 7046 }, // 义
    { 27, 30, 33, 3, 26, 102, 7170 }, // 习
    { 0, 0, 0, 0, 0, 0, 7272 }, // 乡
    { 0, 0, 0, 0, 0, 0, 7272 }, // 乢
    { 0, 0, 0, 0, 0, 0, 7272 }, // 乣
    { 0, 0, 0, 0, 0, 0, 7272 }, // 乤
    { 0, 0, 0, 0, 0, 0, 7272 }, // 乥
    { 31, 32, 33, 1, 28, 124, 7272 }, // 书
    { 27, 29, 33, 3, 26, 98, 7396 }, // 了
    { 0, 0, 0, 0, 0, 0, 7494 }, // 亇
    { 0, 0, 0, 0, 0, 0, 7494 }, // 予
    { 0, 0, 0, 0, 0, 0, 7494 }, // 争
    { 0, 0, 0, 0, 0, 0, 7494 }, // 亊
    { 31, 33, 33, 1, 29, 128, 7494 }, // 事
    { 31, 23, 33, 1, 23, 90, 7622 }, // 二
    { 0, 0, 0, 0, 0, 0, 7712 }, // 亍
    { 31, 29, 33, 1, 26, 113, 7712 }, // 于
    { 0, 0, 0, 0, 0, 0, 7825 }, // 亏
    { 0, 0, 0, 0, 0, 0, 7825 }, // 亐
    { 31, 30, 33, 1, 26, 117, 7825 }, // 云
    { 31, 32, 33, 1, 29, 124, 7942 }, // 亮
    { 0, 0, 0, 0, 0, 0, 8066 }, // 亯
    { 0, 0, 0, 0, 0, 0, 8066 }, // 亰
    { 0, 0, 0, 0, 0, 0, 8066 }, // 亱
    { 0, 0, 0, 0, 0, 0, 8066 }, // 亲
    { 0, 0, 0, 0, 0, 0, 8066 }, // 亳
    { 0, 0, 0, 0, 0, 0, 8066 }, // 亴
    { 0, 0, 0, 0, 0, 0, 8066 }, // 亵
    { 0, 0, 0, 0, 0, 0, 8066 }, // 亶
    { 0, 0, 0, 0, 0, 0, 8066 }, // 亷
    { 0, 0, 0, 0, 0, 0, 8066 }, // 亸
    { 0, 0, 0, 0, 0, 0, 8066 }, // 亹
    { 32, 31, 33, 1, 28, 124, 8066 }, // 人
    { 0, 0, 0, 0, 0, 0, 8190 }, // 亻
    { 0, 0, 0, 0, 0, 0, 8190 }, // 亼
    { 0, 0, 0, 0, 0, 0, 8190 }, // 亽
    { 0, 0, 0, 0, 0, 0, 8190 }, // 亾
    { 0, 0, 0, 0, 0, 0, 8190 }, // 亿
    { 0, 0, 0, 0, 0, 0, 8190 }, // 什
    { 0, 0, 0, 0, 0, 0, 8190 }, // 仁
    { 0, 0, 0, 0, 0, 0, 8190 }, // 仂
    { 0, 0, 0, 0, 0, 0, 8190 }, // 仃
    { 0, 0, 0, 0, 0, 0, 8190 }, // 仄
    { 33, 32, 33, 0, 28, 132, 8190 }, // 仅
    { 0, 0, 0, 0, 0, 0, 8322 }, // 仆
    { 0, 0, 0, 0, 0, 0, 8322 }, // 仇
    { 0, 0, 0, 0, 0, 0, 8322 }, // 仈
    { 0, 0, 0, 0, 0, 0, 8322 }, // 仉
    { 0, 0, 0, 0, 0, 0, 8322 }, // 今
    { 0, 0, 0, 0, 0, 0, 8322 }, // 介
    { 0, 0, 0, 0, 0, 0, 8322 }, // 仌
    { 0, 0, 0, 0, 0, 0, 8322 }, // 仍
    { 31, 30, 33, 1, 27, 117, 8322 }, // 从
    { 0, 0, 0, 0, 0, 0, 8439 }, // 仏
    { 0, 0, 0, 0, 0, 0, 8439 }, // 仐
    { 0, 0, 0, 0, 0, 0, 8439 }, // 仑
    { 0, 0, 0, 0, 0, 0, 8439 }, // 仒
    { 0, 0, 0, 0, 0, 0, 8439 }, // 仓
    { 0, 0, 0, 0, 0, 0, 8439 }, // 仔
    { 0, 0, 0, 0, 0, 0, 8439 }, // 仕
    { 33, 33, 33, 0, 29, 137, 8439 }, // 他
    { 0, 0, 0, 0, 0, 0, 8576 }, // 仗
    { 0, 0, 0, 0, 0, 0, 8576 }, // 付
    { 0, 0, 0, 0, 0, 0, 8576 }, // 仙
    { 0, 0, 0, 0, 0, 0, 8576 }, // 仚
    { 0, 0, 0, 0, 0, 0, 8576 }, // 仛
    { 0, 0, 0, 0, 0, 0, 8576 }, // 仜
    { 0, 0, 0, 0, 0, 0, 8576 }, // 仝
    { 0, 0, 0, 0, 0, 0, 8576 }, // 仞
    { 0, 0, 0, 0, 0, 0, 8576 }, // 仟
    { 0, 0, 0, 0, 0, 0, 8576 }, // 仠
    { 0, 0, 0, 0, 0, 0, 8576 }, // 仡
    { 0, 0, 0, 0, 0, 0, 8576 }, // 仢
    { 0, 0, 0, 0, 0, 0, 8576 }, // 代
    { 0, 0, 0, 0, 0, 0, 8576 }, // 令
    { 30, 30, 33, 3, 27, 113, 8576 }, // 以
    { 0, 0, 0, 0, 0, 0, 8689 }, // 仦
    { 0, 0, 0, 0, 0, 0, 8689 }, // 仧
    { 0, 0, 0, 0, 0, 0, 8689 }, // 仨
    { 0, 0, 0, 0, 0, 0, 8689 }, // 仩
    { 0, 0, 0, 0, 0, 0, 8689 }, // 仪
    { 0, 0, 0, 0, 0, 0, 8689 }, // 仫
    { 0, 0, 0, 0, 0, 0, 8689 }, // 们
    { 0, 0, 0, 0, 0, 0, 8689 }, // 仭
    { 0, 0, 0, 0, 0, 0, 8689 }, // 仮
    { 0, 0, 0, 0, 0, 0, 8689 }, // 仯
    { 0, 0, 0, 0, 0, 0, 8689 }, // 仰
    { 0, 0, 0, 0, 0, 0, 8689 }, // 仱
    { 0, 0, 0, 0, 0, 0, 8689 }, // 仲
    { 0, 0, 0, 0, 0, 0, 8689 }, // 仳
    { 0, 0, 0, 0, 0, 0, 8689 }, // 仴
    { 0, 0, 0, 0, 0, 0, 8689 }, // 仵
    { 31, 32, 33, 1, 28, 124, 8689 }, // 件
    { 0, 0, 0, 0, 0, 0, 8813 }, // 价
    { 0, 0, 0, 0, 0, 0, 8813 }, // 仸
    { 0, 0, 0, 0, 0, 0, 8813 }, // 仹
    { 0, 0, 0, 0, 0, 0, 8813 }, // 仺
    { 32, 33, 33, 0, 29, 132, 8813 }, // 任
    { 33, 32, 33, 0, 28, 132, 8945 }, // 休
    { 0, 0, 0, 0, 0, 0, 9077 }, // 伒
    { 0, 0, 0, 0, 0, 0, 9077 }, // 伓
    { 0, 0, 0, 0, 0, 0, 9077 }, // 伔
    { 0, 0, 0, 0, 0, 0, 9077 }, // 伕
    { 0, 0, 0, 0, 0, 0, 9077 }, // 伖
    { 31, 31, 33, 1, 28, 121, 9077 }, // 众
    { 0, 0, 0, 0, 0, 0, 9198 }, // 优
    { 0, 0, 0, 0, 0, 0, 9198 }, // 伙
    { 32, 33, 33, 1, 29, 132, 9198 }, // 会
    { 0, 0, 0, 0, 0, 0, 9330 }, // 伛
    { 0, 0, 0, 0, 0, 0, 9330 }, // 伜
    { 0, 0, 0, 0, 0, 0, 9330 }, // 伝
    { 0, 0, 0, 0, 0, 0, 9330 }, // 伞
    { 0, 0, 0, 0, 0, 0, 9330 }, // 伟
    { 32, 33, 33, 0, 29, 132, 9330 }, // 传
    { 0, 0, 0, 0, 0, 0, 9462 }, // 伡
    { 0, 0, 0, 0, 0, 0, 9462 }, // 伢
    { 0, 0, 0, 0, 0, 0, 9462 }, // 伣
    { 31, 33, 33, 0, 29, 128, 9462 }, // 伤
    { 33, 33, 33, 0, 29, 137, 9590 }, // 佈
    { 0, 0, 0, 0, 0, 0, 9727 }, // 佉
    { 0, 0, 0, 0, 0, 0, 9727 }, // 佊
    { 0, 0, 0, 0, 0, 0, 9727 }, // 佋
    { 0, 0, 0, 0, 0, 0, 9727 }, // 佌
    { 0, 0, 0, 0, 0, 0, 9727 }, // 位
    { 33, 33, 33, 0, 29, 137, 9727 }, // 低
    { 0, 0, 0, 0, 0, 0, 9864 }, // 住
    { 0, 0, 0, 0, 0, 0, 9864 }, // 佐
    { 0, 0, 0, 0, 0, 0, 9864 }, // 佑
    { 0, 0, 0, 0, 0, 0, 9864 }, // 佒
    { 33, 33, 33, 0, 29, 137, 9864 }, // 体
    { 0, 0, 0, 0, 0, 0, 10001 }, // 佔
    { 32, 32, 33, 1, 29, 128, 10001 }, // 何
    { 0, 0, 0, 0, 0, 0, 10129 }, // 佖
    { 0, 0, 0, 0, 0, 0, 10129 }, // 佗
    { 0, 0, 0, 0, 0, 0, 10129 }, // 佘
    { 0, 0, 0, 0, 0, 0, 10129 }, // 余
    { 0, 0, 0, 0, 0, 0, 10129 }, // 佚
    { 0, 0, 0, 0, 0, 0, 10129 }, // 佛
    { 32, 32, 33, 1, 28, 128, 10129 }, // 作
    { 0, 0, 0, 0, 0, 0, 10257 }, // 佝
    { 0, 0, 0, 0, 0, 0, 10257 }, // 佞
    { 0, 0, 0, 0, 0, 0, 10257 }, // 佟
    { 32, 31, 33, 0, 28, 124, 10257 }, // 你
    { 33, 33, 33, 0, 29, 137, 10381 }, // 使
    { 32, 33, 33, 0, 29, 132, 10518 }, // 供
    { 0, 0, 0, 0, 0, 0, 10650 }, // 侜
    { 0, 0, 0, 0, 0, 0, 10650 }, // 依
    { 0, 0, 0, 0, 0, 0, 10650 }, // 侞
    { 0, 0, 0, 0, 0, 0, 10650 }, // 侟
    { 0, 0, 0, 0, 0, 0, 10650 }, // 侠
    { 0, 0, 0, 0, 0, 0, 10650 }, // 価
    { 0, 0, 0, 0, 0, 0, 10650 }, // 侢
    { 0, 0, 0, 0, 0, 0, 10650 }, // 侣
    { 0, 0, 0, 0, 0, 0, 10650 }, // 侤
    { 0, 0, 0, 0, 0, 0, 10650 }, // 侥
    { 0, 0, 0, 0, 0, 0, 10650 }, // 侦
    { 31, 33, 33, 0, 29, 128, 10650 }, // 侧
    { 33, 32, 33, 0, 28, 132, 10778 }, // 保
    { 0, 0, 0, 0, 0, 0, 10910 }, // 俞
    { 0, 0, 0, 0, 0, 0, 10910 }, // 俟
    { 0, 0, 0, 0, 0, 0, 10910 }, // 俠
    { 31, 33, 33, 1, 29, 128, 10910 }, // 信
    { 0, 0, 0, 0, 0, 0, 11038 }, // 俢
    { 0, 0, 0, 0, 0, 0, 11038 }, // 俣
    { 0, 0, 0, 0, 0, 0, 11038 }, // 俤
    { 0, 0, 0, 0, 0, 0, 11038 }, // 俥
    { 0, 0, 0, 0, 0, 0, 11038 }, // 俦
    { 0, 0, 0, 0, 0, 0, 11038 }, // 俧
    { 0, 0, 0, 0, 0, 0, 11038 }, // 俨
    { 0, 0, 0, 0, 0, 0, 11038 }, // 俩
    { 0, 0, 0, 0, 0, 0, 11038 }, // 俪
    { 0, 0, 0, 0, 0, 0, 11038 }, // 俫
    { 0, 0, 0, 0, 0, 0, 11038 }, // 俬
    { 0, 0, 0, 0, 0, 0, 11038 }, // 俭
    { 33, 33, 33, 0, 29, 137, 11038 }, // 修
    { 31, 32, 33, 0, 28, 124, 11175 }, // 個
    { 0, 0, 0, 0, 0, 0, 11299 }, // 倌
    { 32, 32, 33, 0, 29, 128, 11299 }, // 倍
    { 0, 0, 0, 0, 0, 0, 11427 }, // 倎
    { 0, 0, 0, 0, 0, 0, 11427 }, // 倏
    { 0, 0, 0, 0, 0, 0, 11427 }, // 倐
    { 0, 0, 0, 0, 0, 0, 11427 }, // 們
    { 0, 0, 0, 0, 0, 0, 11427 }, // 倒
    { 0, 0, 0, 0, 0, 0, 11427 }, // 倓
    { 0, 0, 0, 0, 0, 0, 11427 }, // 倔
    { 0, 0, 0, 0, 0, 0, 11427 }, // 倕
    { 0, 0, 0, 0, 0, 0, 11427 }, // 倖
    { 0, 0, 0, 0, 0, 0, 11427 }, // 倗
    { 0, 0, 0, 0, 0, 0, 11427 }, // 倘
    { 32, 32, 33, 1, 28, 128, 11427 }, // 候
    { 0, 0, 0, 0, 0, 0, 11555 }, // 倚
    { 0, 0, 0, 0, 0, 0, 11555 }, // 倛
    { 0, 0, 0, 0, 0, 0, 11555 }, // 倜
    { 0, 0, 0, 0, 0, 0, 11555 }, // 倝
    { 0, 0, 0, 0, 0, 0, 11555 }, // 倞
    { 0, 0, 0, 0, 0, 0, 11555 }, // 借
    { 0, 0, 0, 0, 0, 0, 11555 }, // 倠
    { 0, 0, 0, 0, 0, 0, 11555 }, // 倡
    { 0, 0, 0, 0, 0, 0, 11555 }, // 倢
    { 0, 0, 0, 0, 0, 0, 11555 }, // 倣
    { 0, 0, 0, 0, 0, 0, 11555 }, // 値
    { 0, 0, 0, 0, 0, 0, 11555 }, // 倥
    { 31, 33, 33, 1, 29, 128, 11555 }, // 倦
    { 31, 33, 33, 1, 29, 128, 11683 }, // 值
    { 0, 0, 0, 0, 0, 0, 11811 }, // 倽
    { 32, 33, 33, 0, 29, 132, 11811 }, // 倾
    { 0, 0, 0, 0, 0, 0, 11943 }, // 倿
    { 0, 0, 0, 0, 0, 0, 11943 }, // 偀
    { 0, 0, 0, 0, 0, 0, 11943 }, // 偁
    { 0, 0, 0, 0, 0, 0, 11943 }, // 偂
    { 0, 0, 0, 0, 0, 0, 11943 }, // 偃
    { 0, 0, 0, 0, 0, 0, 11943 }, // 偄
    { 0, 0, 0, 0, 0, 0, 11943 }, // 偅
    { 0, 0, 0, 0, 0, 0, 11943 }, // 偆
    { 0, 0, 0, 0, 0, 0, 11943 }, // 假
    { 0, 0, 0, 0, 0, 0, 11943 }, // 偈
    { 0, 0, 0, 0, 0, 0, 11943 }, // 偉
    { 0, 0, 0, 0, 0, 0, 11943 }, // 偊
    { 0, 0, 0, 0, 0, 0, 11943 }, // 偋
    { 0, 0, 0, 0, 0, 0, 11943 }, // 偌
    { 0, 0, 0, 0, 0, 0, 11943 }, // 偍
    { 0, 0, 0, 0, 0, 0, 11943 }, // 偎
    { 31, 33, 33, 0, 29, 128, 11943 }, // 偏
    { 32, 31, 33, 0, 28, 124, 12071 }, // 側
    { 31, 33, 33, 1, 29, 128, 12195 }, // 備
    { 33, 33, 33, 0, 29, 137, 12323 }, // 傳
    { 0, 0, 0, 0, 0, 0, 12460 }, // 傴
    { 0, 0, 0, 0, 0, 0, 12460 }, // 債
    { 0, 0, 0, 0, 0, 0, 12460 }, // 傶
    { 33, 33, 33, 0, 29, 137, 12460 }, // 傷
    { 0, 0, 0, 0, 0, 0, 12597 }, // 傸
    { 0, 0, 0, 0, 0, 0, 12597 }, // 傹
    { 0, 0, 0, 0, 0, 0, 12597 }, // 傺
    { 0, 0, 0, 0, 0, 0, 12597 }, // 傻
    { 0, 0, 0, 0, 0, 0, 12597 }, // 傼
    { 0, 0, 0, 0, 0, 0, 12597 }, // 傽
    { 0, 0, 0, 0, 0, 0, 12597 }, // 傾
    { 0, 0, 0, 0, 0, 0, 12597 }, // 傿
    { 0, 0, 0, 0, 0, 0, 12597 }, // 僀
    { 0, 0, 0, 0, 0, 0, 12597 }, // 僁
    { 0, 0, 0, 0, 0, 0, 12597 }, // 僂
    { 0, 0, 0, 0, 0, 0, 12597 }, // 僃
    { 0, 0, 0, 0, 0, 0, 12597 }, // 僄
    { 33, 32, 33, 0, 29, 132, 12597 }, // 僅
    { 32, 33, 33, 1, 29, 132, 12729 }, // 允
    { 0, 0, 0, 0, 0, 0, 12861 }, // 兂
    { 0, 0, 0, 0, 0, 0, 12861 }, // 元
    { 0, 0, 0, 0, 0, 0, 12861 }, // 兄
    { 0, 0, 0, 0, 0, 0, 12861 }, // 充
    { 0, 0, 0, 0, 0, 0, 12861 }, // 兆
    { 0, 0, 0, 0, 0, 0, 12861 }, // 兇
    { 31, 33, 33, 1, 29, 128, 12861 }, // 先
    { 31, 33, 33, 1, 29, 128, 12989 }, // 光
    { 32, 30, 33, 1, 27, 120, 13117 }, // 入
    { 0, 0, 0, 0, 0, 0, 13237 }, // 兦
    { 27, 32, 33, 3, 28, 108, 13237 }, // 內
    { 33, 32, 33, 0, 29, 132, 13345 }, // 全
    { 31, 30, 33, 1, 27, 117, 13477 }, // 兩
    { 0, 0, 0, 0, 0, 0, 13594 }, // 兪
    { 0, 0, 0, 0, 0, 0, 13594 }, // 八
    { 0, 0, 0, 0, 0, 0, 13594 }, // 公
    { 0, 0, 0, 0, 0, 0, 13594 }, // 六
    { 0, 0, 0, 0, 0, 0, 13594 }, // 兮
    { 0, 0, 0, 0, 0, 0, 13594 }, // 兯
    { 0, 0, 0, 0, 0, 0, 13594 }, // 兰
    { 31, 32, 33, 1, 28, 124, 13594 }, // 共
    { 0, 0, 0, 0, 0, 0, 13718 }, // 兲
    { 31, 33, 33, 1, 29, 128, 13718 }, // 关
    { 0, 0, 0, 0, 0, 0, 13846 }, // 兴
    { 0, 0, 0, 0, 0, 0, 13846 }, // 兵
    { 31, 32, 33, 1, 28, 124, 13846 }, // 其
    { 0, 0, 0, 0, 0, 0, 13970 }, // 具
    { 31, 33, 33, 1, 29, 128, 13970 }, // 典
    { 0, 0, 0, 0, 0, 0, 14098 }, // 兹
    { 0, 0, 0, 0, 0, 0, 14098 }, // 兺
    { 0, 0, 0, 0, 0, 0, 14098 }, // 养
    { 0, 0, 0, 0, 0, 0, 14098 }, // 兼
    { 0, 0, 0, 0, 0, 0, 14098 }, // 兽
    { 0, 0, 0, 0, 0, 0, 14098 }, // 兾
    { 0, 0, 0, 0, 0, 0, 14098 }, // 兿
    { 0, 0, 0, 0, 0, 0, 14098 }, // 冀
    { 0, 0, 0, 0, 0, 0, 14098 }, // 冁
    { 0, 0, 0, 0, 0, 0, 14098 }, // 冂
    { 0, 0, 0, 0, 0, 0, 14098 }, // 冃
    { 0, 0, 0, 0, 0, 0, 14098 }, // 冄
    { 28, 33, 33, 3, 29, 116, 14098 }, // 内
    { 0, 0, 0, 0, 0, 0, 14214 }, // 円
    { 0, 0, 0, 0, 0, 0, 14214 }, // 冇
    { 0, 0, 0, 0, 0, 0, 14214 }, // 冈
    { 0, 0, 0, 0, 0, 0, 14214 }, // 冉
    { 0, 0, 0, 0, 0, 0, 14214 }, // 冊
    { 0, 0, 0, 0, 0, 0, 14214 }, // 冋
    { 31, 30, 33, 1, 26, 117, 14214 }, // 册
    { 32, 30, 33, 1, 26, 120, 14331 }, // 再
    { 0, 0, 0, 0, 0, 0, 14451 }, // 冎
    { 0, 0, 0, 0, 0, 0, 14451 }, // 冏
    { 0, 0, 0, 0, 0, 0, 14451 }, // 冐
    { 0, 0, 0, 0, 0, 0, 14451 }, // 冑
    { 0, 0, 0, 0, 0, 0, 14451 }, // 冒
    { 0, 0, 0, 0, 0, 0, 14451 }, // 冓
    { 0, 0, 0, 0, 0, 0, 14451 }, // 冔
    { 0, 0, 0, 0, 0, 0, 14451 }, // 冕
    { 0, 0, 0, 0, 0, 0, 14451 }, // 冖
    { 0, 0, 0, 0, 0, 0, 14451 }, // 冗
    { 0, 0, 0, 0, 0, 0, 14451 }, // 冘
    { 29, 31, 33, 2, 27, 113, 14451 }, // 写
    { 31, 33, 33, 1, 29, 128, 14564 }, // 冲
    { 0, 0, 0, 0, 0, 0, 14692 }, // 决
    { 0, 0, 0, 0, 0, 0, 14692 }, // 冴
    { 0, 0, 0, 0, 0, 0, 14692 }, // 况
    { 0, 0, 0, 0, 0, 0, 14692 }, // 冶
    { 31, 33, 33, 1, 29, 128, 14692 }, // 冷
    { 0, 0, 0, 0, 0, 0, 14820 }, // 冸
    { 0, 0, 0, 0, 0, 0, 14820 }, // 冹
    { 0, 0, 0, 0, 0, 0, 14820 }, // 冺
    { 0, 0, 0, 0, 0, 0, 14820 }, // 冻
    { 0, 0, 0, 0, 0, 0, 14820 }, // 冼
    { 0, 0, 0, 0, 0, 0, 14820 }, // 冽
    { 0, 0, 0, 0, 0, 0, 14820 }, // 冾
    { 0, 0, 0, 0, 0, 0, 14820 }, // 冿
    { 0, 0, 0, 0, 0, 0, 14820 }, // 净
    { 0, 0, 0, 0, 0, 0, 14820 }, // 凁
    { 0, 0, 0, 0, 0, 0, 14820 }, // 凂
    { 0, 0, 0, 0, 0, 0, 14820 }, // 凃
    { 0, 0, 0, 0, 0, 0, 14820 }, // 凄
    { 0, 0, 0, 0, 0, 0, 14820 }, // 凅
    { 31, 32, 33, 1, 28, 124, 14820 }, // 准
    { 0, 0, 0, 0, 0, 0, 14944 }, // 凇
    { 0, 0, 0, 0, 0, 0, 14944 }, // 凈
    { 0, 0, 0, 0, 0, 0, 14944 }, // 凉
    { 0, 0, 0, 0, 0, 0, 14944 }, // 凊
    { 0, 0, 0, 0, 0, 0, 14944 }, // 凋
    { 32, 33, 33, 1, 29, 132, 14944 }, // 凌
    { 0, 0, 0, 0, 0, 0, 15076 }, // 凍
    { 0, 0, 0, 0, 0, 0, 15076 }, // 凎
    { 0, 0, 0, 0, 0, 0, 15076 }, // 减
    { 0, 0, 0, 0, 0, 0, 15076 }, // 凐
    { 32, 32, 33, 1, 29, 128, 15076 }, // 凑
    { 33, 32, 33, 0, 29, 132, 15204 }, // 凭
    { 0, 0, 0, 0, 0, 0, 15336 }, // 凮
    { 0, 0, 0, 0, 0, 0, 15336 }, // 凯
    { 0, 0, 0, 0, 0, 0, 15336 }, // 凰
    { 0, 0, 0, 0, 0, 0, 15336 }, // 凱
    { 0, 0, 0, 0, 0, 0, 15336 }, // 凲
    { 0, 0, 0, 0, 0, 0, 15336 }, // 凳
    { 0, 0, 0, 0, 0, 0, 15336 }, // 凴
    { 0, 0, 0, 0, 0, 0, 15336 }, // 凵
    { 0, 0, 0, 0, 0, 0, 15336 }, // 凶
    { 0, 0, 0, 0, 0, 0, 15336 }, // 凷
    { 0, 0, 0, 0, 0, 0, 15336 }, // 凸
    { 0, 0, 0, 0, 0, 0, 15336 }, // 凹
    { 27, 33, 33, 3, 29, 112, 15336 }, // 出
    { 30, 33, 33, 2, 29, 124, 15448 }, // 击
    { 0, 0, 0, 0, 0, 0, 15572 }, // 凼
    { 0, 0, 0, 0, 0, 0, 15572 }, // 函
    { 0, 0, 0, 0, 0, 0, 15572 }, // 凾
    { 0, 0, 0, 0, 0, 0, 15572 }, // 凿
    { 0, 0, 0, 0, 0, 0, 15572 }, // 刀
    { 0, 0, 0, 0, 0, 0, 15572 }, // 刁
    { 0, 0, 0, 0, 0, 0, 15572 }, // 刂
    { 0, 0, 0, 0, 0, 0, 15572 }, // 刃
    { 0, 0, 0, 0, 0, 0, 15572 }, // 刄
    { 0, 0, 0, 0, 0, 0, 15572 }, // 刅
    { 32, 32, 33, 1, 28, 128, 15572 }, // 分
    { 32, 30, 33, 0, 27, 120, 15700 }, // 切
    { 0, 0, 0, 0, 0, 0, 15820 }, // 刈
    { 0, 0, 0, 0, 0, 0, 15820 }, // 刉
    { 0, 0, 0, 0, 0, 0, 15820 }, // 刊
    { 0, 0, 0, 0, 0, 0, 15820 }, // 刋
    { 0, 0, 0, 0, 0, 0, 15820 }, // 刌
    { 0, 0, 0, 0, 0, 0, 15820 }, // 刍
    { 0, 0, 0, 0, 0, 0, 15820 }, // 刎
    { 0, 0, 0, 0, 0, 0, 15820 }, // 刏
    { 0, 0, 0, 0, 0, 0, 15820 }, // 刐
    { 0, 0, 0, 0, 0, 0, 15820 }, // 刑
    { 30, 32, 33, 1, 29, 120, 15820 }, // 划
    { 0, 0, 0, 0, 0, 0, 15940 }, // 刓
    { 0, 0, 0, 0, 0, 0, 15940 }, // 刔
    { 0, 0, 0, 0, 0, 0, 15940 }, // 刕
    { 0, 0, 0, 0, 0, 0, 15940 }, // 刖
    { 0, 0, 0, 0, 0, 0, 15940 }, // 列
    { 0, 0, 0, 0, 0, 0, 15940 }, // 刘
    { 0, 0, 0, 0, 0, 0, 15940 }, // 则
    { 0, 0, 0, 0, 0, 0, 15940 }, // 刚
    { 31, 33, 33, 0, 29, 128, 15940 }, // 创
    { 0, 0, 0, 0, 0, 0, 16068 }, // 刜
    { 30, 33, 33, 1, 29, 124, 16068 }, // 初
    { 0, 0, 0, 0, 0, 0, 16192 }, // 刞
    { 0, 0, 0, 0, 0, 0, 16192 }, // 刟
    { 30, 32, 33, 1, 28, 120, 16192 }, // 删
    { 0, 0, 0, 0, 0, 0, 16312 }, // 刡
    { 0, 0, 0, 0, 0, 0, 16312 }, // 刢
    { 0, 0, 0, 0, 0, 0, 16312 }, // 刣
    { 0, 0, 0, 0, 0, 0, 16312 }, // 判
    { 0, 0, 0, 0, 0, 0, 16312 }, // 別
    { 0, 0, 0, 0, 0, 0, 16312 }, // 刦
    { 0, 0, 0, 0, 0, 0, 16312 }, // 刧
    { 0, 0, 0, 0, 0, 0, 16312 }, // 刨
    { 0, 0, 0, 0, 0, 0, 16312 }, // 利
    { 0, 0, 0, 0, 0, 0, 16312 }, // 刪
    { 0, 0, 0, 0, 0, 0, 16312 }, // 别
    { 0, 0, 0, 0, 0, 0, 16312 }, // 刬
    { 0, 0, 0, 0, 0, 0, 16312 }, // 刭
    { 0, 0, 0, 0, 0, 0, 16312 }, // 刮
    { 0, 0, 0, 0, 0, 0, 16312 }, // 刯
    { 29, 31, 33, 2, 28, 113, 16312 }, // 到
    { 0, 0, 0, 0, 0, 0, 16425 }, // 刱
    { 0, 0, 0, 0, 0, 0, 16425 }, // 刲
    { 0, 0, 0, 0, 0, 0, 16425 }, // 刳
    { 0, 0, 0, 0, 0, 0, 16425 }, // 刴
    { 0, 0, 0, 0, 0, 0, 16425 }, // 刵
    { 30, 33, 33, 1, 29, 124, 16425 }, // 制
    { 31, 31, 33, 0, 28, 121, 16549 }, // 刷
    { 0, 0, 0, 0, 0, 0, 16670 }, // 券
    { 0, 0, 0, 0, 0, 0, 16670 }, // 刹
    { 0, 0, 0, 0, 0, 0, 16670 }, // 刺
    { 30, 33, 33, 1, 29, 124, 16670 }, // 刻
    { 0, 0, 0, 0, 0, 0, 16794 }, // 刼
    { 0, 0, 0, 0, 0, 0, 16794 }, // 刽
    { 0, 0, 0, 0, 0, 0, 16794 }, // 刾
    { 0, 0, 0, 0, 0, 0, 16794 }, // 刿
    { 0, 0, 0, 0, 0, 0, 16794 }, // 剀
    { 0, 0, 0, 0, 0, 0, 16794 }, // 剁
    { 0, 0, 0, 0, 0, 0, 16794 }, // 剂
    { 0, 0, 0, 0, 0, 0, 16794 }, // 剃
    { 0, 0, 0, 0, 0, 0, 16794 }, // 剄
    { 0, 0, 0, 0, 0, 0, 16794 }, // 剅
    { 0, 0, 0, 0, 0, 0, 16794 }, // 剆
    { 0, 0, 0, 0, 0, 0, 16794 }, // 則
    { 0, 0, 0, 0, 0, 0, 16794 }, // 剈
    { 0, 0, 0, 0, 0, 0, 16794 }, // 剉
    { 0, 0, 0, 0, 0, 0, 16794 }, // 削
    { 0, 0, 0, 0, 0, 0, 16794 }, // 剋
    { 0, 0, 0, 0, 0, 0, 16794 }, // 剌
    { 31, 33, 33, 1, 29, 128, 16794 }, // 前
    { 31, 33, 33, 1, 29, 128, 16922 }, // 剪
    { 30, 32, 33, 1, 29, 120, 17050 }, // 劃
    { 30, 33, 33, 1, 29, 124, 17170 }, // 力
    { 0, 0, 0, 0, 0, 0, 17294 }, // 劜
    { 0, 0, 0, 0, 0, 0, 17294 }, // 劝
    { 0, 0, 0, 0, 0, 0, 17294 }, // 办
    { 31, 32, 33, 1, 28, 124, 17294 }, // 功
    { 31, 32, 33, 0, 28, 124, 17418 }, // 加
    { 32, 33, 33, 1, 29, 132, 17542 }, // 务
    { 0, 0, 0, 0, 0, 0, 17674 }, // 劢
    { 0, 0, 0, 0, 0, 0, 17674 }, // 劣
    { 0, 0, 0, 0, 0, 0, 17674 }, // 劤
    { 0, 0, 0, 0, 0, 0, 17674 }, // 劥
    { 0, 0, 0, 0, 0, 0, 17674 }, // 劦
    { 0, 0, 0, 0, 0, 0, 17674 }, // 劧
    { 31, 31, 33, 1, 28, 121, 17674 }, // 动
    { 0, 0, 0, 0, 0, 0, 17795 }, // 助
    { 32, 33, 33, 1, 29, 132, 17795 }, // 努
    { 31, 32, 33, 1, 28, 124, 17927 }, // 動
    { 0, 0, 0, 0, 0, 0, 18051 }, // 勖
    { 0, 0, 0, 0, 0, 0, 18051 }, // 勗
    { 0, 0, 0, 0, 0, 0, 18051 }, // 勘
    { 32, 33, 33, 1, 29, 132, 18051 }, // 務
    { 0, 0, 0, 0, 0, 0, 18183 }, // 勚
    { 0, 0, 0, 0, 0, 0, 18183 }, // 勛
    { 0, 0, 0, 0, 0, 0, 18183 }, // 勜
    { 0, 0, 0, 0, 0, 0, 18183 }, // 勝
    { 0, 0, 0, 0, 0, 0, 18183 }, // 勞
    { 0, 0, 0, 0, 0, 0, 18183 }, // 募
    { 0, 0, 0, 0, 0, 0, 18183 }, // 勠
    { 0, 0, 0, 0, 0, 0, 18183 }, // 勡
    { 0, 0, 0, 0, 0, 0, 18183 }, // 勢
    { 0, 0, 0, 0, 0, 0, 18183 }, // 勣
    { 31, 32, 33, 1, 28, 124, 18183 }, // 勤
    { 31, 33, 33, 0, 29, 128, 18307 }, // 勿
    { 0, 0, 0, 0, 0, 0, 18435 }, // 匀
    { 0, 0, 0, 0, 0, 0, 18435 }, // 匁
    { 0, 0, 0, 0, 0, 0, 18435 }, // 匂
    { 0, 0, 0, 0, 0, 0, 18435 }, // 匃
    { 0, 0, 0, 0, 0, 0, 18435 }, // 匄
    { 32, 32, 33, 1, 29, 128, 18435 }, // 包
    { 29, 29, 33, 3, 27, 106, 18563 }, // 区
    { 0, 0, 0, 0, 0, 0, 18669 }, // 医
    { 0, 0, 0, 0, 0, 0, 18669 }, // 匼
    { 0, 0, 0, 0, 0, 0, 18669 }, // 匽
    { 0, 0, 0, 0, 0, 0, 18669 }, // 匾
    { 0, 0, 0, 0, 0, 0, 18669 }, // 匿
    { 29, 29, 33, 3, 27, 106, 18669 }, // 區
    { 31, 33, 33, 1, 29, 128, 18775 }, // 十
    { 0, 0, 0, 0, 0, 0, 18903 }, // 卂
    { 31, 32, 33, 1, 28, 124, 18903 }, // 千
    { 0, 0, 0, 0, 0, 0, 19027 }, // 卄
    { 0, 0, 0, 0, 0, 0, 19027 }, // 卅
    { 0, 0, 0, 0, 0, 0, 19027 }, // 卆
    { 31, 32, 33, 1, 28, 124, 19027 }, // 升
    { 0, 0, 0, 0, 0, 0, 19151 }, // 午
    { 0, 0, 0, 0, 0, 0, 19151 }, // 卉
    { 31, 33, 33, 1, 29, 128, 19151 }, // 半
    { 0, 0, 0, 0, 0, 0, 19279 }, // 卋
    { 0, 0, 0, 0, 0, 0, 19279 }, // 卌
    { 0, 0, 0, 0, 0, 0, 19279 }, // 卍
    { 0, 0, 0, 0, 0, 0, 19279 }, // 华
    { 0, 0, 0, 0, 0, 0, 19279 }, // 协
    { 0, 0, 0, 0, 0, 0, 19279 }, // 卐
    { 0, 0, 0, 0, 0, 0, 19279 }, // 卑
    { 0, 0, 0, 0, 0, 0, 19279 }, // 卒
    { 0, 0, 0, 0, 0, 0, 19279 }, // 卓
    { 0, 0, 0, 0, 0, 0, 19279 }, // 協
    { 31, 32, 33, 1, 28, 124, 19279 }, // 单
    { 0, 0, 0, 0, 0, 0, 19403 }, // 卖
    { 0, 0, 0, 0, 0, 0, 19403 }, // 南
    { 0, 0, 0, 0, 0, 0, 19403 }, // 単
    { 0, 0, 0, 0, 0, 0, 19403 }, // 卙
    { 32, 33, 33, 1, 29, 132, 19403 }, // 博
    { 0, 0, 0, 0, 0, 0, 19535 }, // 卛
    { 0, 0, 0, 0, 0, 0, 19535 }, // 卜
    { 0, 0, 0, 0, 0, 0, 19535 }, // 卝
    { 0, 0, 0, 0, 0, 0, 19535 }, // 卞
    { 0, 0, 0, 0, 0, 0, 19535 }, // 卟
    { 0, 0, 0, 0, 0, 0, 19535 }, // 占
    { 31, 33, 33, 1, 29, 128, 19535 }, // 卡
    { 0, 0, 0, 0, 0, 0, 19663 }, // 卢
    { 0, 0, 0, 0, 0, 0, 19663 }, // 卣
    { 0, 0, 0, 0, 0, 0, 19663 }, // 卤
    { 0, 0, 0, 0, 0, 0, 19663 }, // 卥
    { 0, 0, 0, 0, 0, 0, 19663 }, // 卦
    { 0, 0, 0, 0, 0, 0, 19663 }, // 卧
    { 0, 0, 0, 0, 0, 0, 19663 }, // 卨
    { 0, 0, 0, 0, 0, 0, 19663 }, // 卩
    { 0, 0, 0, 0, 0, 0, 19663 }, // 卪
    { 0, 0, 0, 0, 0, 0, 19663 }, // 卫
    { 0, 0, 0, 0, 0, 0, 19663 }, // 卬
    { 0, 0, 0, 0, 0, 0, 19663 }, // 卭
    { 0, 0, 0, 0, 0, 0, 19663 }, // 卮
    { 0, 0, 0, 0, 0, 0, 19663 }, // 卯
    { 30, 32, 33, 1, 28, 120, 19663 }, // 印
    { 0, 0, 0, 0, 0, 0, 19783 }, // 危
    { 0, 0, 0, 0, 0, 0, 19783 }, // 卲
    { 29, 31, 33, 2, 27, 113, 19783 }, // 即
    { 30, 33, 33, 1, 29, 124, 19896 }, // 却
    { 0, 0, 0, 0, 0, 0, 20020 }, // 卵
    { 0, 0, 0, 0, 0, 0, 20020 }, // 卶
    { 32, 32, 33, 1, 29, 128, 20020 }, // 卷
    { 30, 33, 33, 1, 29, 124, 20148 }, // 卸
    { 0, 0, 0, 0, 0, 0, 20272 }, // 卹
    { 0, 0, 0, 0, 0, 0, 20272 }, // 卺
    { 31, 32, 33, 0, 28, 124, 20272 }, // 卻
    { 0, 0, 0, 0, 0, 0, 20396 }, // 卼
    { 0, 0, 0, 0, 0, 0, 20396 }, // 卽
    { 0, 0, 0, 0, 0, 0, 20396 }, // 卾
    { 0, 0, 0, 0, 0, 0, 20396 }, // 卿
    { 0, 0, 0, 0, 0, 0, 20396 }, // 厀
    { 0, 0, 0, 0, 0, 0, 20396 }, // 厁
    { 31, 30, 33, 1, 26, 117, 20396 }, // 厂
    { 0, 0, 0, 0, 0, 0, 20513 }, // 厃
    { 0, 0, 0, 0, 0, 0, 20513 }, // 厄
    { 0, 0, 0, 0, 0, 0, 20513 }, // 厅
    { 31, 30, 33, 1, 27, 117, 20513 }, // 历
    { 0, 0, 0, 0, 0, 0, 20630 }, // 厇
    { 0, 0, 0, 0, 0, 0, 20630 }, // 厈
    { 0, 0, 0, 0, 0, 0, 20630 }, // 厉
    { 0, 0, 0, 0, 0, 0, 20630 }, // 厊
    { 31, 30, 33, 1, 27, 117, 20630 }, // 压
    { 32, 30, 33, 1, 26, 120, 20747 }, // 厌
    { 0, 0, 0, 0, 0, 0, 20867 }, // 厍
    { 0, 0, 0, 0, 0, 0, 20867 }, // 厎
    { 0, 0, 0, 0, 0, 0, 20867 }, // 厏
    { 0, 0, 0, 0, 0, 0, 20867 }, // 厐
    { 0, 0, 0, 0, 0, 0, 20867 }, // 厑
    { 0, 0, 0, 0, 0, 0, 20867 }, // 厒
    { 0, 0, 0, 0, 0, 0, 20867 }, // 厓
    { 0, 0, 0, 0, 0, 0, 20867 }, // 厔
    { 0, 0, 0, 0, 0, 0, 20867 }, // 厕
    { 0, 0, 0, 0, 0, 0, 20867 }, // 厖
    { 0, 0, 0, 0, 0, 0, 20867 }, // 厗
    { 0, 0, 0, 0, 0, 0, 20867 }, // 厘
    { 0, 0, 0, 0, 0, 0, 20867 }, // 厙
    { 31, 31, 33, 1, 27, 121, 20867 }, // 厚
    { 0, 0, 0, 0, 0, 0, 20988 }, // 厛
    { 0, 0, 0, 0, 0, 0, 20988 }, // 厜
    { 0, 0, 0, 0, 0, 0, 20988 }, // 厝
    { 0, 0, 0, 0, 0, 0, 20988 }, // 厞
    { 31, 30, 33, 1, 27, 117, 20988 }, // 原
    { 0, 0, 0, 0, 0, 0, 21105 }, // 厠
    { 0, 0, 0, 0, 0, 0, 21105 }, // 厡
    { 0, 0, 0, 0, 0, 0, 21105 }, // 厢
    { 0, 0, 0, 0, 0, 0, 21105 }, // 厣
    { 0, 0, 0, 0, 0, 0, 21105 }, // 厤
    { 0, 0, 0, 0, 0, 0, 21105 }, // 厥
    { 0, 0, 0, 0, 0, 0, 21105 }, // 厦
    { 0, 0, 0, 0, 0, 0, 21105 }, // 厧
    { 0, 0, 0, 0, 0, 0, 21105 }, // 厨
    { 0, 0, 0, 0, 0, 0, 21105 }, // 厩
    { 0, 0, 0, 0, 0, 0, 21105 }, // 厪
    { 0, 0, 0, 0, 0, 0, 21105 }, // 厫
    { 0, 0, 0, 0, 0, 0, 21105 }, // 厬
    { 32, 31, 33, 1, 27, 124, 21105 }, // 厭
    { 32, 30, 33, 1, 26, 120, 21229 }, // 双
    { 31, 32, 33, 1, 28, 124, 21349 }, // 反
    { 0, 0, 0, 0, 0, 0, 21473 }, // 収
    { 0, 0, 0, 0, 0, 0, 21473 }, // 叏
    { 0, 0, 0, 0, 0, 0, 21473 }, // 叐
    { 33, 33, 33, 0, 29, 137, 21473 }, // 发
    { 0, 0, 0, 0, 0, 0, 21610 }, // 叒
    { 0, 0, 0, 0, 0, 0, 21610 }, // 叓
    { 0, 0, 0, 0, 0, 0, 21610 }, // 叔
    { 0, 0, 0, 0, 0, 0, 21610 }, // 叕
    { 32, 31, 33, 1, 27, 124, 21610 }, // 取
    { 31, 33, 33, 1, 29, 128, 21734 }, // 受
    { 0, 0, 0, 0, 0, 0, 21862 }, // 变
    { 0, 0, 0, 0, 0, 0, 21862 }, // 叙
    { 0, 0, 0, 0, 0, 0, 21862 }, // 叚
    { 0, 0, 0, 0, 0, 0, 21862 }, // 叛
    { 0, 0, 0, 0, 0, 0, 21862 }, // 叜
    { 0, 0, 0, 0, 0, 0, 21862 }, // 叝
    { 0, 0, 0, 0, 0, 0, 21862 }, // 叞
    { 0, 0, 0, 0, 0, 0, 21862 }, // 叟
    { 31, 30, 33, 1, 28, 117, 21862 }, // 叠
    { 0, 0, 0, 0, 0, 0, 21979 }, // 叡
    { 0, 0, 0, 0, 0, 0, 21979 }, // 叢
    { 26, 28, 33, 4, 25, 91, 21979 }, // 口
    { 0, 0, 0, 0, 0, 0, 22070 }, // 古
    { 0, 0, 0, 0, 0, 0, 22070 }, // 句
    { 0, 0, 0, 0, 0, 0, 22070 }, // 另
    { 0, 0, 0, 0, 0, 0, 22070 }, // 叧
    { 0, 0, 0, 0, 0, 0, 22070 }, // 叨
    { 0, 0, 0, 0, 0, 0, 22070 }, // 叩
    { 31, 30, 33, 1, 26, 117, 22070 }, // 只
    { 0, 0, 0, 0, 0, 0, 22187 }, // 叫
    { 0, 0, 0, 0, 0, 0, 22187 }, // 召
    { 0, 0, 0, 0, 0, 0, 22187 }, // 叭
    { 0, 0, 0, 0, 0, 0, 22187 }, // 叮
    { 31, 29, 33, 1, 26, 113, 22187 }, // 可
    { 0, 0, 0, 0, 0, 0, 22300 }, // 台
    { 0, 0, 0, 0, 0, 0, 22300 }, // 叱
    { 32, 33, 33, 1, 29, 132, 22300 }, // 史
    { 31, 33, 33, 1, 29, 128, 22432 }, // 右
    { 0, 0, 0, 0, 0, 0, 22560 }, // 叴
    { 0, 0, 0, 0, 0, 0, 22560 }, // 叵
    { 0, 0, 0, 0, 0, 0, 22560 }, // 叶
    { 30, 31, 33, 2, 27, 117, 22560 }, // 号
    { 0, 0, 0, 0, 0, 0, 22677 }, // 司
    { 0, 0, 0, 0, 0, 0, 22677 }, // 叹
    { 0, 0, 0, 0, 0, 0, 22677 }, // 叺
    { 0, 0, 0, 0, 0, 0, 22677 }, // 叻
    { 0, 0, 0, 0, 0, 0, 22677 }, // 叼
    { 0, 0, 0, 0, 0, 0, 22677 }, // 叽
    { 0, 0, 0, 0, 0, 0, 22677 }, // 叾
    { 0, 0, 0, 0, 0, 0, 22677 }, // 叿
    { 0, 0, 0, 0, 0, 0, 22677 }, // 吀
    { 0, 0, 0, 0, 0, 0, 22677 }, // 吁
    { 0, 0, 0, 0, 0, 0, 22677 }, // 吂
    { 0, 0, 0, 0, 0, 0, 22677 }, // 吃
    { 0, 0, 0, 0, 0, 0, 22677 }, // 各
    { 0, 0, 0, 0, 0, 0, 22677 }, // 吅
    { 0, 0, 0, 0, 0, 0, 22677 }, // 吆
    { 0, 0, 0, 0, 0, 0, 22677 }, // 吇
    { 32, 32, 33, 1, 29, 128, 22677 }, // 合
    { 0, 0, 0, 0, 0, 0, 22805 }, // 吉
    { 0, 0, 0, 0, 0, 0, 22805 }, // 吊
    { 0, 0, 0, 0, 0, 0, 22805 }, // 吋
    { 29, 31, 33, 2, 27, 113, 22805 }, // 同
    { 28, 33, 33, 1, 29, 116, 22918 }, // 名
    { 31, 32, 33, 1, 28, 124, 23034 }, // 后
    { 0, 0, 0, 0, 0, 0, 23158 }, // 吏
    { 0, 0, 0, 0, 0, 0, 23158 }, // 吐
    { 28, 32, 33, 3, 29, 112, 23158 }, // 向
    { 0, 0, 0, 0, 0, 0, 23270 }, // 吒
    { 0, 0, 0, 0, 0, 0, 23270 }, // 吓
    { 0, 0, 0, 0, 0, 0, 23270 }, // 吔
    { 0, 0, 0, 0, 0, 0, 23270 }, // 吕
    { 0, 0, 0, 0, 0, 0, 23270 }, // 吖
    { 0, 0, 0, 0, 0, 0, 23270 }, // 吗
    { 0, 0, 0, 0, 0, 0, 23270 }, // 吘
    { 0, 0, 0, 0, 0, 0, 23270 }, // 吙
    { 0, 0, 0, 0, 0, 0, 23270 }, // 吚
    { 0, 0, 0, 0, 0, 0, 23270 }, // 君
    { 0, 0, 0, 0, 0, 0, 23270 }, // 吜
    { 0, 0, 0, 0, 0, 0, 23270 }, // 吝
    { 0, 0, 0, 0, 0, 0, 23270 }, // 吞
    { 0, 0, 0, 0, 0, 0, 23270 }, // 吟
    { 0, 0, 0, 0, 0, 0, 23270 }, // 吠
    { 0, 0, 0, 0, 0, 0, 23270 }, // 吡
    { 0, 0, 0, 0, 0, 0, 23270 }, // 吢
    { 0, 0, 0, 0, 0, 0, 23270 }, // 吣
    { 0, 0, 0, 0, 0, 0, 23270 }, // 吤
    { 0, 0, 0, 0, 0, 0, 23270 }, // 吥
    { 31, 30, 33, 1, 26, 117, 23270 }, // 否
    { 0, 0, 0, 0, 0, 0, 23387 }, // 吧
    { 0, 0, 0, 0, 0, 0, 23387 }, // 吨
    { 0, 0, 0, 0, 0, 0, 23387 }, // 吩
    { 0, 0, 0, 0, 0, 0, 23387 }, // 吪
    { 32, 32, 33, 1, 29, 128, 23387 }, // 含
    { 0, 0, 0, 0, 0, 0, 23515 }, // 听
    { 0, 0, 0, 0, 0, 0, 23515 }, // 吭
    { 0, 0, 0, 0, 0, 0, 23515 }, // 吮
    { 29, 33, 33, 1, 29, 120, 23515 }, // 启
    { 32, 33, 33, 1, 29, 132, 23635 }, // 命
    { 0, 0, 0, 0, 0, 0, 23767 }, // 呾
    { 0, 0, 0, 0, 0, 0, 23767 }, // 呿
    { 0, 0, 0, 0, 0, 0, 23767 }, // 咀
    { 0, 0, 0, 0, 0, 0, 23767 }, // 咁
    { 0, 0, 0, 0, 0, 0, 23767 }, // 咂
    { 0, 0, 0, 0, 0, 0, 23767 }, // 咃
    { 0, 0, 0, 0, 0, 0, 23767 }, // 咄
    { 0, 0, 0, 0, 0, 0, 23767 }, // 咅
    { 0, 0, 0, 0, 0, 0, 23767 }, // 咆
    { 0, 0, 0, 0, 0, 0, 23767 }, // 咇
    { 0, 0, 0, 0, 0, 0, 23767 }, // 咈
    { 0, 0, 0, 0, 0, 0, 23767 }, // 咉
    { 0, 0, 0, 0, 0, 0, 23767 }, // 咊
    { 0, 0, 0, 0, 0, 0, 23767 }, // 咋
    { 31, 32, 33, 0, 28, 124, 23767 }, // 和
    { 30, 33, 33, 2, 29, 124, 23891 }, // 响
    { 28, 31, 33, 3, 27, 109, 24015 }, // 問
    { 0, 0, 0, 0, 0, 0, 24124 }, // 啐
    { 0, 0, 0, 0, 0, 0, 24124 }, // 啑
    { 0, 0, 0, 0, 0, 0, 24124 }, // 啒
    { 0, 0, 0, 0, 0, 0, 24124 }, // 啓
    { 0, 0, 0, 0, 0, 0, 24124 }, // 啔
    { 0, 0, 0, 0, 0, 0, 24124 }, // 啕
    { 0, 0, 0, 0, 0, 0, 24124 }, // 啖
    { 0, 0, 0, 0, 0, 0, 24124 }, // 啗
    { 0, 0, 0, 0, 0, 0, 24124 }, // 啘
    { 0, 0, 0, 0, 0, 0, 24124 }, // 啙
    { 0, 0, 0, 0, 0, 0, 24124 }, // 啚
    { 0, 0, 0, 0, 0, 0, 24124 }, // 啛
    { 0, 0, 0, 0, 0, 0, 24124 }, // 啜
    { 0, 0, 0, 0, 0, 0, 24124 }, // 啝
    { 0, 0, 0, 0, 0, 0, 24124 }, // 啞
    { 32, 33, 33, 1, 29, 132, 24124 }, // 啟
    { 31, 33, 33, 1, 29, 128, 24256 }, // 善
    { 31, 30, 33, 1, 27, 117, 24384 }, // 單
    { 33, 31, 33, 0, 27, 128, 24501 }, // 器
    { 31, 33, 33, 1, 29, 128, 24629 }, // 囊
    { 0, 0, 0, 0, 0, 0, 24757 }, // 囋
    { 0, 0, 0, 0, 0, 0, 24757 }, // 囌
    { 0, 0, 0, 0, 0, 0, 24757 }, // 囍
    { 0, 0, 0, 0, 0, 0, 24757 }, // 囎
    { 0, 0, 0, 0, 0, 0, 24757 }, // 囏
    { 0, 0, 0, 0, 0, 0, 24757 }, // 囐
    { 0, 0, 0, 0, 0, 0, 24757 }, // 囑
    { 0, 0, 0, 0, 0, 0, 24757 }, // 囒
    { 0, 0, 0, 0, 0, 0, 24757 }, // 囓
    { 0, 0, 0, 0, 0, 0, 24757 }, // 囔
    { 0, 0, 0, 0, 0, 0, 24757 }, // 囕
    { 0, 0, 0, 0, 0, 0, 24757 }, // 囖
    { 0, 0, 0, 0, 0, 0, 24757 }, // 囗
    { 0, 0, 0, 0, 0, 0, 24757 }, // 囘
    { 0, 0, 0, 0, 0, 0, 24757 }, // 囙
    { 0, 0, 0, 0, 0, 0, 24757 }, // 囚
    { 29, 28, 33, 2, 25, 102, 24757 }, // 四
    { 0, 0, 0, 0, 0, 0, 24859 }, // 囜
    { 0, 0, 0, 0, 0, 0, 24859 }, // 囝
    { 29, 31, 33, 2, 27, 113, 24859 }, // 回
    { 29, 30, 33, 2, 27, 109, 24972 }, // 围
    { 0, 0, 0, 0, 0, 0, 25081 }, // 囵
    { 0, 0, 0, 0, 0, 0, 25081 }, // 囶
    { 0, 0, 0, 0, 0, 0, 25081 }, // 囷
    { 0, 0, 0, 0, 0, 0, 25081 }, // 囸
    { 0, 0, 0, 0, 0, 0, 25081 }, // 囹
    { 29, 31, 33, 2, 27, 113, 25081 }, // 固
    { 0, 0, 0, 0, 0, 0, 25194 }, // 囻
    { 0, 0, 0, 0, 0, 0, 25194 }, // 囼
    { 0, 0, 0, 0, 0, 0, 25194 }, // 国
    { 29, 31, 33, 2, 27, 113, 25194 }, // 图
    { 0, 0, 0, 0, 0, 0, 25307 }, // 囿
    { 0, 0, 0, 0, 0, 0, 25307 }, // 圀
    { 0, 0, 0, 0, 0, 0, 25307 }, // 圁
    { 0, 0, 0, 0, 0, 0, 25307 }, // 圂
    { 0, 0, 0, 0, 0, 0, 25307 }, // 圃
    { 0, 0, 0, 0, 0, 0, 25307 }, // 圄
    { 0, 0, 0, 0, 0, 0, 25307 }, // 圅
    { 0, 0, 0, 0, 0, 0, 25307 }, // 圆
    { 0, 0, 0, 0, 0, 0, 25307 }, // 圇
    { 0, 0, 0, 0, 0, 0, 25307 }, // 圈
    { 0, 0, 0, 0, 0, 0, 25307 }, // 圉
    { 0, 0, 0, 0, 0, 0, 25307 }, // 圊
    { 0, 0, 0, 0, 0, 0, 25307 }, // 國
    { 0, 0, 0, 0, 0, 0, 25307 }, // 圌
    { 29, 31, 33, 2, 27, 113, 25307 }, // 圍
    { 0, 0, 0, 0, 0, 0, 25420 }, // 圎
    { 0, 0, 0, 0, 0, 0, 25420 }, // 圏
    { 0, 0, 0, 0, 0, 0, 25420 }, // 圐
    { 0, 0, 0, 0, 0, 0, 25420 }, // 圑
    { 0, 0, 0, 0, 0, 0, 25420 }, // 園
    { 0, 0, 0, 0, 0, 0, 25420 }, // 圓
    { 0, 0, 0, 0, 0, 0, 25420 }, // 圔
    { 0, 0, 0, 0, 0, 0, 25420 }, // 圕
    { 29, 30, 33, 2, 27, 109, 25420 }, // 圖
    { 0, 0, 0, 0, 0, 0, 25529 }, // 圗
    { 0, 0, 0, 0, 0, 0, 25529 }, // 團
    { 0, 0, 0, 0, 0, 0, 25529 }, // 圙
    { 0, 0, 0, 0, 0, 0, 25529 }, // 圚
    { 0, 0, 0, 0, 0, 0, 25529 }, // 圛
    { 0, 0, 0, 0, 0, 0, 25529 }, // 圜
    { 0, 0, 0, 0, 0, 0, 25529 }, // 圝
    { 0, 0, 0, 0, 0, 0, 25529 }, // 圞
    { 0, 0, 0, 0, 0, 0, 25529 }, // 土
    { 0, 0, 0, 0, 0, 0, 25529 }, // 圠
    { 0, 0, 0, 0, 0, 0, 25529 }, // 圡
    { 0, 0, 0, 0, 0, 0, 25529 }, // 圢
    { 0, 0, 0, 0, 0, 0, 25529 }, // 圣
    { 0, 0, 0, 0, 0, 0, 25529 }, // 圤
    { 0, 0, 0, 0, 0, 0, 25529 }, // 圥
    { 0, 0, 0, 0, 0, 0, 25529 }, // 圦
    { 0, 0, 0, 0, 0, 0, 25529 }, // 圧
    { 31, 32, 33, 1, 29, 124, 25529 }, // 在
    { 0, 0, 0, 0, 0, 0, 25653 }, // 圩
    { 0, 0, 0, 0, 0, 0, 25653 }, // 圪
    { 0, 0, 0, 0, 0, 0, 25653 }, // 圫
    { 0, 0, 0, 0, 0, 0, 25653 }, // 圬
    { 0, 0, 0, 0, 0, 0, 25653 }, // 圭
    { 0, 0, 0, 0, 0, 0, 25653 }, // 圮
    { 0, 0, 0, 0, 0, 0, 25653 }, // 圯
    { 32, 32, 33, 1, 29, 128, 25653 }, // 地
    { 0, 0, 0, 0, 0, 0, 25781 }, // 圱
    { 0, 0, 0, 0, 0, 0, 25781 }, // 圲
    { 0, 0, 0, 0, 0, 0, 25781 }, // 圳
    { 0, 0, 0, 0, 0, 0, 25781 }, // 圴
    { 0, 0, 0, 0, 0, 0, 25781 }, // 圵
    { 0, 0, 0, 0, 0, 0, 25781 }, // 圶
    { 0, 0, 0, 0, 0, 0, 25781 }, // 圷
    { 0, 0, 0, 0, 0, 0, 25781 }, // 圸
    { 0, 0, 0, 0, 0, 0, 25781 }, // 圹
    { 0, 0, 0, 0, 0, 0, 25781 }, // 场
    { 0, 0, 0, 0, 0, 0, 25781 }, // 圻
    { 0, 0, 0, 0, 0, 0, 25781 }, // 圼
    { 0, 0, 0, 0, 0, 0, 25781 }, // 圽
    { 0, 0, 0, 0, 0, 0, 25781 }, // 圾
    { 0, 0, 0, 0, 0, 0, 25781 }, // 圿
    { 32, 30, 33, 1, 28, 120, 25781 }, // 址
    { 0, 0, 0, 0, 0, 0, 25901 }, // 坁
    { 0, 0, 0, 0, 0, 0, 25901 }, // 坂
    { 0, 0, 0, 0, 0, 0, 25901 }, // 坃
    { 0, 0, 0, 0, 0, 0, 25901 }, // 坄
    { 0, 0, 0, 0, 0, 0, 25901 }, // 坅
    { 0, 0, 0, 0, 0, 0, 25901 }, // 坆
    { 0, 0, 0, 0, 0, 0, 25901 }, // 均
    { 0, 0, 0, 0, 0, 0, 25901 }, // 坈
    { 0, 0, 0, 0, 0, 0, 25901 }, // 坉
    { 0, 0, 0, 0, 0, 0, 25901 }, // 坊
    { 0, 0, 0, 0, 0, 0, 25901 }, // 坋
    { 0, 0, 0, 0, 0, 0, 25901 }, // 坌
    { 0, 0, 0, 0, 0, 0, 25901 }, // 坍
    { 0, 0, 0, 0, 0, 0, 25901 }, // 坎
    { 0, 0, 0, 0, 0, 0, 25901 }, // 坏
    { 31, 30, 33, 1, 28, 117, 25901 }, // 坐
    { 0, 0, 0, 0, 0, 0, 26018 }, // 坑
    { 0, 0, 0, 0, 0, 0, 26018 }, // 坒
    { 0, 0, 0, 0, 0, 0, 26018 }, // 坓
    { 0, 0, 0, 0, 0, 0, 26018 }, // 坔
    { 0, 0, 0, 0, 0, 0, 26018 }, // 坕
    { 0, 0, 0, 0, 0, 0, 26018 }, // 坖
    { 0, 0, 0, 0, 0, 0, 26018 }, // 块
    { 0, 0, 0, 0, 0, 0, 26018 }, // 坘
    { 0, 0, 0, 0, 0, 0, 26018 }, // 坙
    { 31, 30, 33, 1, 28, 117, 26018 }, // 坚
    { 32, 32, 33, 1, 29, 128, 26135 }, // 域
    { 31, 30, 33, 1, 27, 117, 26263 }, // 堅
    { 31, 33, 33, 1, 29, 128, 26380 }, // 墙
    { 0, 0, 0, 0, 0, 0, 26508 }, // 墚
    { 0, 0, 0, 0, 0, 0, 26508 }, // 墛
    { 0, 0, 0, 0, 0, 0, 26508 }, // 墜
    { 0, 0, 0, 0, 0, 0, 26508 }, // 墝
    { 30, 32, 33, 1, 29, 120, 26508 }, // 增
    { 31, 32, 33, 1, 29, 124, 26628 }, // 壁
    { 32, 33, 33, 1, 29, 132, 26752 }, // 壮
    { 32, 33, 33, 1, 29, 132, 26884 }, // 壯
    { 31, 33, 33, 0, 29, 128, 27016 }, // 声
    { 0, 0, 0, 0, 0, 0, 27144 }, // 壱
    { 0, 0, 0, 0, 0, 0, 27144 }, // 売
    { 0, 0, 0, 0, 0, 0, 27144 }, // 壳
    { 0, 0, 0, 0, 0, 0, 27144 }, // 壴
    { 0, 0, 0, 0, 0, 0, 27144 }, // 壵
    { 0, 0, 0, 0, 0, 0, 27144 }, // 壶
    { 0, 0, 0, 0, 0, 0, 27144 }, // 壷
    { 0, 0, 0, 0, 0, 0, 27144 }, // 壸
    { 0, 0, 0, 0, 0, 0, 27144 }, // 壹
    { 0, 0, 0, 0, 0, 0, 27144 }, // 壺
    { 0, 0, 0, 0, 0, 0, 27144 }, // 壻
    { 0, 0, 0, 0, 0, 0, 27144 }, // 壼
    { 0, 0, 0, 0, 0, 0, 27144 }, // 壽
    { 0, 0, 0, 0, 0, 0, 27144 }, // 壾
    { 0, 0, 0, 0, 0, 0, 27144 }, // 壿
    { 0, 0, 0, 0, 0, 0, 27144 }, // 夀
    { 0, 0, 0, 0, 0, 0, 27144 }, // 夁
    { 0, 0, 0, 0, 0, 0, 27144 }, // 夂
    { 0, 0, 0, 0, 0, 0, 27144 }, // 夃
    { 32, 33, 33, 1, 29, 132, 27144 }, // 处
    { 0, 0, 0, 0, 0, 0, 27276 }, // 夅
    { 0, 0, 0, 0, 0, 0, 27276 }, // 夆
    { 33, 33, 33, 0, 29, 137, 27276 }, // 备
    { 0, 0, 0, 0, 0, 0, 27413 }, // 夈
    { 0, 0, 0, 0, 0, 0, 27413 }, // 変
    { 0, 0, 0, 0, 0, 0, 27413 }, // 夊
    { 0, 0, 0, 0, 0, 0, 27413 }, // 夋
    { 0, 0, 0, 0, 0, 0, 27413 }, // 夌
    { 32, 33, 33, 1, 29, 132, 27413 }, // 复
    { 0, 0, 0, 0, 0, 0, 27545 }, // 夎
    { 0, 0, 0, 0, 0, 0, 27545 }, // 夏
    { 0, 0, 0, 0, 0, 0, 27545 }, // 夐
    { 0, 0, 0, 0, 0, 0, 27545 }, // 夑
    { 0, 0, 0, 0, 0, 0, 27545 }, // 夒
    { 0, 0, 0, 0, 0, 0, 27545 }, // 夓
    { 0, 0, 0, 0, 0, 0, 27545 }, // 夔
    { 0, 0, 0, 0, 0, 0, 27545 }, // 夕
    { 32, 33, 33, 1, 29, 132, 27545 }, // 外
    { 0, 0, 0, 0, 0, 0, 27677 }, // 夗
    { 0, 0, 0, 0, 0, 0, 27677 }, // 夘
    { 0, 0, 0, 0, 0, 0, 27677 }, // 夙
    { 30, 33, 33, 2, 29, 124, 27677 }, // 多
    { 0, 0, 0, 0, 0, 0, 27801 }, // 夛
    { 0, 0, 0, 0, 0, 0, 27801 }, // 夜
    { 0, 0, 0, 0, 0, 0, 27801 }, // 夝
    { 0, 0, 0, 0, 0, 0, 27801 }, // 夞
    { 0, 0, 0, 0, 0, 0, 27801 }, // 够
    { 0, 0, 0, 0, 0, 0, 27801 }, // 夠
    { 0, 0, 0, 0, 0, 0, 27801 }, // 夡
    { 0, 0, 0, 0, 0, 0, 27801 }, // 夢
    { 0, 0, 0, 0, 0, 0, 27801 }, // 夣
    { 0, 0, 0, 0, 0, 0, 27801 }, // 夤
    { 0, 0, 0, 0, 0, 0, 27801 }, // 夥
    { 0, 0, 0, 0, 0, 0, 27801 }, // 夦
    { 31, 33, 33, 1, 29, 128, 27801 }, // 大
    { 0, 0, 0, 0, 0, 0, 27929 }, // 夨
    { 32, 30, 33, 1, 26, 120, 27929 }, // 天
    { 0, 0, 0, 0, 0, 0, 28049 }, // 太
    { 0, 0, 0, 0, 0, 0, 28049 }, // 夫
    { 0, 0, 0, 0, 0, 0, 28049 }, // 夬
    { 0, 0, 0, 0, 0, 0, 28049 }, // 夭
    { 0, 0, 0, 0, 0, 0, 28049 }, // 央
    { 0, 0, 0, 0, 0, 0, 28049 }, // 夯
    { 0, 0, 0, 0, 0, 0, 28049 }, // 夰
    { 32, 33, 33, 1, 29, 132, 28049 }, // 失
    { 32, 33, 33, 0, 29, 132, 28181 }, // 好
    { 0, 0, 0, 0, 0, 0, 28313 }, // 奾
    { 0, 0, 0, 0, 0, 0, 28313 }, // 奿
    { 0, 0, 0, 0, 0, 0, 28313 }, // 妀
    { 0, 0, 0, 0, 0, 0, 28313 }, // 妁
    { 30, 33, 33, 1, 29, 124, 28313 }, // 如
    { 32, 33, 33, 1, 29, 132, 28437 }, // 始
    { 31, 30, 33, 1, 27, 117, 28569 }, // 子
    { 0, 0, 0, 0, 0, 0, 28686 }, // 孑
    { 0, 0, 0, 0, 0, 0, 28686 }, // 孒
    { 0, 0, 0, 0, 0, 0, 28686 }, // 孓
    { 0, 0, 0, 0, 0, 0, 28686 }, // 孔
    { 0, 0, 0, 0, 0, 0, 28686 }, // 孕
    { 0, 0, 0, 0, 0, 0, 28686 }, // 孖
    { 29, 32, 33, 2, 29, 116, 28686 }, // 字
    { 31, 32, 33, 1, 29, 124, 28802 }, // 存
    { 0, 0, 0, 0, 0, 0, 28926 }, // 孙
    { 0, 0, 0, 0, 0, 0, 28926 }, // 孚
    { 0, 0, 0, 0, 0, 0, 28926 }, // 孛
    { 0, 0, 0, 0, 0, 0, 28926 }, // 孜
    { 0, 0, 0, 0, 0, 0, 28926 }, // 孝
    { 0, 0, 0, 0, 0, 0, 28926 }, // 孞
    { 0, 0, 0, 0, 0, 0, 28926 }, // 孟
    { 0, 0, 0, 0, 0, 0, 28926 }, // 孠
    { 0, 0, 0, 0, 0, 0, 28926 }, // 孡
    { 0, 0, 0, 0, 0, 0, 28926 }, // 孢
    { 0, 0, 0, 0, 0, 0, 28926 }, // 季
    { 0, 0, 0, 0, 0, 0, 28926 }, // 孤
    { 0, 0, 0, 0, 0, 0, 28926 }, // 孥
    { 31, 32, 33, 1, 29, 124, 28926 }, // 学
    { 0, 0, 0, 0, 0, 0, 29050 }, // 孧
    { 0, 0, 0, 0, 0, 0, 29050 }, // 孨
    { 0, 0, 0, 0, 0, 0, 29050 }, // 孩
    { 0, 0, 0, 0, 0, 0, 29050 }, // 孪
    { 0, 0, 0, 0, 0, 0, 29050 }, // 孫
    { 0, 0, 0, 0, 0, 0, 29050 }, // 孬
    { 0, 0, 0, 0, 0, 0, 29050 }, // 孭
    { 0, 0, 0, 0, 0, 0, 29050 }, // 孮
    { 0, 0, 0, 0, 0, 0, 29050 }, // 孯
    { 0, 0, 0, 0, 0, 0, 29050 }, // 孰
    { 0, 0, 0, 0, 0, 0, 29050 }, // 孱
    { 0, 0, 0, 0, 0, 0, 29050 }, // 孲
    { 0, 0, 0, 0, 0, 0, 29050 }, // 孳
    { 0, 0, 0, 0, 0, 0, 29050 }, // 孴
    { 0, 0, 0, 0, 0, 0, 29050 }, // 孵
    { 0, 0, 0, 0, 0, 0, 29050 }, // 孶
    { 0, 0, 0, 0, 0, 0, 29050 }, // 孷
    { 31, 32, 33, 1, 28, 124, 29050 }, // 學
    { 0, 0, 0, 0, 0, 0, 29174 }, // 孹
    { 0, 0, 0, 0, 0, 0, 29174 }, // 孺
    { 0, 0, 0, 0, 0, 0, 29174 }, // 孻
    { 0, 0, 0, 0, 0, 0, 29174 }, // 孼
    { 0, 0, 0, 0, 0, 0, 29174 }, // 孽
    { 0, 0, 0, 0, 0, 0, 29174 }, // 孾
    { 0, 0, 0, 0, 0, 0, 29174 }, // 孿
    { 0, 0, 0, 0, 0, 0, 29174 }, // 宀
    { 30, 32, 33, 2, 29, 120, 29174 }, // 宁
    { 0, 0, 0, 0, 0, 0, 29294 }, // 宂
    { 0, 0, 0, 0, 0, 0, 29294 }, // 它
    { 0, 0, 0, 0, 0, 0, 29294 }, // 宄
    { 0, 0, 0, 0, 0, 0, 29294 }, // 宅
    { 0, 0, 0, 0, 0, 0, 29294 }, // 宆
    { 0, 0, 0, 0, 0, 0, 29294 }, // 宇
    { 0, 0, 0, 0, 0, 0, 29294 }, // 守
    { 30, 33, 33, 2, 29, 124, 29294 }, // 安
    { 0, 0, 0, 0, 0, 0, 29418 }, // 宊
    { 0, 0, 0, 0, 0, 0, 29418 }, // 宋
    { 31, 32, 33, 1, 29, 124, 29418 }, // 完
    { 0, 0, 0, 0, 0, 0, 29542 }, // 宍
    { 0, 0, 0, 0, 0, 0, 29542 }, // 宎
    { 0, 0, 0, 0, 0, 0, 29542 }, // 宏
    { 0, 0, 0, 0, 0, 0, 29542 }, // 宐
    { 0, 0, 0, 0, 0, 0, 29542 }, // 宑
    { 0, 0, 0, 0, 0, 0, 29542 }, // 宒
    { 0, 0, 0, 0, 0, 0, 29542 }, // 宓
    { 0, 0, 0, 0, 0, 0, 29542 }, // 宔
    { 0, 0, 0, 0, 0, 0, 29542 }, // 宕
    { 0, 0, 0, 0, 0, 0, 29542 }, // 宖
    { 0, 0, 0, 0, 0, 0, 29542 }, // 宗
    { 29, 32, 33, 2, 29, 116, 29542 }, // 官
    { 0, 0, 0, 0, 0, 0, 29658 }, // 宙
    { 31, 33, 33, 1, 29, 128, 29658 }, // 定
    { 0, 0, 0, 0, 0, 0, 29786 }, // 宛
    { 0, 0, 0, 0, 0, 0, 29786 }, // 宜
    { 0, 0, 0, 0, 0, 0, 29786 }, // 宝
    { 30, 33, 33, 2, 29, 124, 29786 }, // 实
    { 31, 33, 33, 1, 29, 128, 29910 }, // 容
    { 0, 0, 0, 0, 0, 0, 30038 }, // 宺
    { 0, 0, 0, 0, 0, 0, 30038 }, // 宻
    { 0, 0, 0, 0, 0, 0, 30038 }, // 宼
    { 32, 33, 33, 1, 29, 132, 30038 }, // 宽
    { 0, 0, 0, 0, 0, 0, 30170 }, // 宾
    { 0, 0, 0, 0, 0, 0, 30170 }, // 宿
    { 0, 0, 0, 0, 0, 0, 30170 }, // 寀
    { 0, 0, 0, 0, 0, 0, 30170 }, // 寁
    { 0, 0, 0, 0, 0, 0, 30170 }, // 寂
    { 0, 0, 0, 0, 0, 0, 30170 }, // 寃
    { 0, 0, 0, 0, 0, 0, 30170 }, // 寄
    { 0, 0, 0, 0, 0, 0, 30170 }, // 寅
    { 31, 32, 33, 1, 29, 124, 30170 }, // 密
    { 31, 33, 33, 1, 29, 128, 30294 }, // 實
    { 30, 33, 33, 2, 29, 124, 30422 }, // 寧
    { 0, 0, 0, 0, 0, 0, 30546 }, // 寨
    { 0, 0, 0, 0, 0, 0, 30546 }, // 審
    { 0, 0, 0, 0, 0, 0, 30546 }, // 寪
    { 30, 33, 33, 1, 29, 124, 30546 }, // 寫
    { 31, 33, 33, 1, 29, 128, 30670 }, // 寬
    { 0, 0, 0, 0, 0, 0, 30798 }, // 寭
    { 0, 0, 0, 0, 0, 0, 30798 }, // 寮
    { 0, 0, 0, 0, 0, 0, 30798 }, // 寯
    { 0, 0, 0, 0, 0, 0, 30798 }, // 寰
    { 0, 0, 0, 0, 0, 0, 30798 }, // 寱
    { 0, 0, 0, 0, 0, 0, 30798 }, // 寲
    { 0, 0, 0, 0, 0, 0, 30798 }, // 寳
    { 0, 0, 0, 0, 0, 0, 30798 }, // 寴
    { 0, 0, 0, 0, 0, 0, 30798 }, // 寵
    { 0, 0, 0, 0, 0, 0, 30798 }, // 寶
    { 0, 0, 0, 0, 0, 0, 30798 }, // 寷
    { 0, 0, 0, 0, 0, 0, 30798 }, // 寸
    { 31, 32, 33, 1, 29, 124, 30798 }, // 对
    { 0, 0, 0, 0, 0, 0, 30922 }, // 寺
    { 0, 0, 0, 0, 0, 0, 30922 }, // 寻
    { 30, 30, 33, 2, 27, 113, 30922 }, // 导
    { 0, 0, 0, 0, 0, 0, 31035 }, // 寽
    { 0, 0, 0, 0, 0, 0, 31035 }, // 対
    { 0, 0, 0, 0, 0, 0, 31035 }, // 寿
    { 0, 0, 0, 0, 0, 0, 31035 }, // 尀
    { 31, 32, 33, 1, 29, 124, 31035 }, // 封
    { 0, 0, 0, 0, 0, 0, 31159 }, // 専
    { 0, 0, 0, 0, 0, 0, 31159 }, // 尃
    { 31, 33, 33, 1, 29, 128, 31159 }, // 射
    { 0, 0, 0, 0, 0, 0, 31287 }, // 尅
    { 31, 32, 33, 1, 29, 124, 31287 }, // 将
    { 31, 33, 33, 1, 29, 128, 31411 }, // 將
    { 0, 0, 0, 0, 0, 0, 31539 }, // 專
    { 0, 0, 0, 0, 0, 0, 31539 }, // 尉
    { 0, 0, 0, 0, 0, 0, 31539 }, // 尊
    { 0, 0, 0, 0, 0, 0, 31539 }, // 尋
    { 0, 0, 0, 0, 0, 0, 31539 }, // 尌
    { 31, 32, 33, 1, 29, 124, 31539 }, // 對
    { 31, 32, 33, 1, 29, 124, 31663 }, // 導
    { 32, 32, 33, 1, 28, 128, 31787 }, // 小
    { 0, 0, 0, 0, 0, 0, 31915 }, // 尐
    { 31, 31, 33, 1, 28, 121, 31915 }, // 少
    { 0, 0, 0, 0, 0, 0, 32036 }, // 尒
    { 0, 0, 0, 0, 0, 0, 32036 }, // 尓
    { 0, 0, 0, 0, 0, 0, 32036 }, // 尔
    { 0, 0, 0, 0, 0, 0, 32036 }, // 尕
    { 0, 0, 0, 0, 0, 0, 32036 }, // 尖
    { 0, 0, 0, 0, 0, 0, 32036 }, // 尗
    { 0, 0, 0, 0, 0, 0, 32036 }, // 尘
    { 0, 0, 0, 0, 0, 0, 32036 }, // 尙
    { 26, 33, 33, 4, 29, 108, 32036 }, // 尚
    { 31, 31, 33, 0, 27, 121, 32144 }, // 局
    { 0, 0, 0, 0, 0, 0, 32265 }, // 屁
    { 31, 31, 33, 1, 27, 121, 32265 }, // 层
    { 0, 0, 0, 0, 0, 0, 32386 }, // 屃
    { 0, 0, 0, 0, 0, 0, 32386 }, // 屄
    { 31, 31, 33, 1, 27, 121, 32386 }, // 居
    { 0, 0, 0, 0, 0, 0, 32507 }, // 屆
    { 0, 0, 0, 0, 0, 0, 32507 }, // 屇
    { 0, 0, 0, 0, 0, 0, 32507 }, // 屈
    { 0, 0, 0, 0, 0, 0, 32507 }, // 屉
    { 0, 0, 0, 0, 0, 0, 32507 }, // 届
    { 0, 0, 0, 0, 0, 0, 32507 }, // 屋
    { 0, 0, 0, 0, 0, 0, 32507 }, // 屌
    { 0, 0, 0, 0, 0, 0, 32507 }, // 屍
    { 0, 0, 0, 0, 0, 0, 32507 }, // 屎
    { 31, 31, 33, 1, 27, 121, 32507 }, // 屏
    { 0, 0, 0, 0, 0, 0, 32628 }, // 屐
    { 0, 0, 0, 0, 0, 0, 32628 }, // 屑
    { 0, 0, 0, 0, 0, 0, 32628 }, // 屒
    { 0, 0, 0, 0, 0, 0, 32628 }, // 屓
    { 0, 0, 0, 0, 0, 0, 32628 }, // 屔
    { 32, 31, 33, 1, 27, 124, 32628 }, // 展
    { 0, 0, 0, 0, 0, 0, 32752 }, // 屖
    { 0, 0, 0, 0, 0, 0, 32752 }, // 屗
    { 0, 0, 0, 0, 0, 0, 32752 }, // 屘
    { 0, 0, 0, 0, 0, 0, 32752 }, // 屙
    { 0, 0, 0, 0, 0, 0, 32752 }, // 屚
    { 0, 0, 0, 0, 0, 0, 32752 }, // 屛
    { 0, 0, 0, 0, 0, 0, 32752 }, // 屜
    { 0, 0, 0, 0, 0, 0, 32752 }, // 屝
    { 0, 0, 0, 0, 0, 0, 32752 }, // 属
    { 0, 0, 0, 0, 0, 0, 32752 }, // 屟
    { 0, 0, 0, 0, 0, 0, 32752 }, // 屠
    { 0, 0, 0, 0, 0, 0, 32752 }, // 屡
    { 0, 0, 0, 0, 0, 0, 32752 }, // 屢
    { 0, 0, 0, 0, 0, 0, 32752 }, // 屣
    { 29, 31, 33, 1, 27, 113, 32752 }, // 層
    { 0, 0, 0, 0, 0, 0, 32865 }, // 履
    { 0, 0, 0, 0, 0, 0, 32865 }, // 屦
    { 0, 0, 0, 0, 0, 0, 32865 }, // 屧
    { 0, 0, 0, 0, 0, 0, 32865 }, // 屨
    { 0, 0, 0, 0, 0, 0, 32865 }, // 屩
    { 0, 0, 0, 0, 0, 0, 32865 }, // 屪
    { 0, 0, 0, 0, 0, 0, 32865 }, // 屫
    { 0, 0, 0, 0, 0, 0, 32865 }, // 屬
    { 0, 0, 0, 0, 0, 0, 32865 }, // 屭
    { 0, 0, 0, 0, 0, 0, 32865 }, // 屮
    { 0, 0, 0, 0, 0, 0, 32865 }, // 屯
    { 0, 0, 0, 0, 0, 0, 32865 }, // 屰
    { 27, 32, 33, 3, 28, 108, 32865 }, // 山
    { 31, 33, 33, 1, 29, 128, 32973 }, // 嵌
    { 30, 30, 33, 0, 26, 113, 33101 }, // 川
    { 0, 0, 0, 0, 0, 0, 33214 }, // 州
    { 0, 0, 0, 0, 0, 0, 33214 }, // 巟
    { 0, 0, 0, 0, 0, 0, 33214 }, // 巠
    { 0, 0, 0, 0, 0, 0, 33214 }, // 巡
    { 0, 0, 0, 0, 0, 0, 33214 }, // 巢
    { 0, 0, 0, 0, 0, 0, 33214 }, // 巣
    { 0, 0, 0, 0, 0, 0, 33214 }, // 巤
    { 0, 0, 0, 0, 0, 0, 33214 }, // 工
    { 32, 31, 33, 0, 29, 124, 33214 }, // 左
    { 0, 0, 0, 0, 0, 0, 33338 }, // 巧
    { 0, 0, 0, 0, 0, 0, 33338 }, // 巨
    { 0, 0, 0, 0, 0, 0, 33338 }, // 巩
    { 0, 0, 0, 0, 0, 0, 33338 }, // 巪
    { 0, 0, 0, 0, 0, 0, 33338 }, // 巫
    { 0, 0, 0, 0, 0, 0, 33338 }, // 巬
    { 0, 0, 0, 0, 0, 0, 33338 }, // 巭
    { 0, 0, 0, 0, 0, 0, 33338 }, // 差
    { 0, 0, 0, 0, 0, 0, 33338 }, // 巯
    { 0, 0, 0, 0, 0, 0, 33338 }, // 巰
    { 28, 29, 33, 4, 26, 102, 33338 }, // 己
    { 29, 28, 33, 3, 26, 102, 33440 }, // 已
    { 0, 0, 0, 0, 0, 0, 33542 }, // 巳
    { 0, 0, 0, 0, 0, 0, 33542 }, // 巴
    { 0, 0, 0, 0, 0, 0, 33542 }, // 巵
    { 0, 0, 0, 0, 0, 0, 33542 }, // 巶
    { 0, 0, 0, 0, 0, 0, 33542 }, // 巷
    { 0, 0, 0, 0, 0, 0, 33542 }, // 巸
    { 0, 0, 0, 0, 0, 0, 33542 }, // 巹
    { 0, 0, 0, 0, 0, 0, 33542 }, // 巺
    { 0, 0, 0, 0, 0, 0, 33542 }, // 巻
    { 0, 0, 0, 0, 0, 0, 33542 }, // 巼
    { 0, 0, 0, 0, 0, 0, 33542 }, // 巽
    { 0, 0, 0, 0, 0, 0, 33542 }, // 巾
    { 0, 0, 0, 0, 0, 0, 33542 }, // 巿
    { 0, 0, 0, 0, 0, 0, 33542 }, // 帀
    { 0, 0, 0, 0, 0, 0, 33542 }, // 币
    { 0, 0, 0, 0, 0, 0, 33542 }, // 市
    { 31, 33, 33, 1, 29, 128, 33542 }, // 布
    { 0, 0, 0, 0, 0, 0, 33670 }, // 帄
    { 0, 0, 0, 0, 0, 0, 33670 }, // 帅
    { 0, 0, 0, 0, 0, 0, 33670 }, // 帆
    { 0, 0, 0, 0, 0, 0, 33670 }, // 帇
    { 29, 33, 33, 3, 29, 120, 33670 }, // 师
    { 0, 0, 0, 0, 0, 0, 33790 }, // 帉
    { 0, 0, 0, 0, 0, 0, 33790 }, // 帊
    { 0, 0, 0, 0, 0, 0, 33790 }, // 帋
    { 0, 0, 0, 0, 0, 0, 33790 }, // 希
    { 0, 0, 0, 0, 0, 0, 33790 }, // 帍
    { 0, 0, 0, 0, 0, 0, 33790 }, // 帎
    { 0, 0, 0, 0, 0, 0, 33790 }, // 帏
    { 0, 0, 0, 0, 0, 0, 33790 }, // 帐
    { 0, 0, 0, 0, 0, 0, 33790 }, // 帑
    { 0, 0, 0, 0, 0, 0, 33790 }, // 帒
    { 0, 0, 0, 0, 0, 0, 33790 }, // 帓
    { 0, 0, 0, 0, 0, 0, 33790 }, // 帔
    { 0, 0, 0, 0, 0, 0, 33790 }, // 帕
    { 0, 0, 0, 0, 0, 0, 33790 }, // 帖
    { 0, 0, 0, 0, 0, 0, 33790 }, // 帗
    { 29, 33, 33, 2, 29, 120, 33790 }, // 帘
    { 0, 0, 0, 0, 0, 0, 33910 }, // 帙
    { 0, 0, 0, 0, 0, 0, 33910 }, // 帚
    { 0, 0, 0, 0, 0, 0, 33910 }, // 帛
    { 0, 0, 0, 0, 0, 0, 33910 }, // 帜
    { 0, 0, 0, 0, 0, 0, 33910 }, // 帝
    { 0, 0, 0, 0, 0, 0, 33910 }, // 帞
    { 0, 0, 0, 0, 0, 0, 33910 }, // 帟
    { 0, 0, 0, 0, 0, 0, 33910 }, // 帠
    { 0, 0, 0, 0, 0, 0, 33910 }, // 帡
    { 0, 0, 0, 0, 0, 0, 33910 }, // 帢
    { 0, 0, 0, 0, 0, 0, 33910 }, // 帣
    { 0, 0, 0, 0, 0, 0, 33910 }, // 帤
    { 0, 0, 0, 0, 0, 0, 33910 }, // 帥
    { 31, 32, 33, 1, 28, 124, 33910 }, // 带
    { 30, 33, 33, 2, 29, 124, 34034 }, // 帧
    { 0, 0, 0, 0, 0, 0, 34158 }, // 帨
    { 0, 0, 0, 0, 0, 0, 34158 }, // 帩
    { 0, 0, 0, 0, 0, 0, 34158 }, // 帪
    { 30, 33, 33, 2, 29, 124, 34158 }, // 師
    { 0, 0, 0, 0, 0, 0, 34282 }, // 帬
    { 0, 0, 0, 0, 0, 0, 34282 }, // 席
    { 0, 0, 0, 0, 0, 0, 34282 }, // 帮
    { 0, 0, 0, 0, 0, 0, 34282 }, // 帯
    { 0, 0, 0, 0, 0, 0, 34282 }, // 帰
    { 0, 0, 0, 0, 0, 0, 34282 }, // 帱
    { 0, 0, 0, 0, 0, 0, 34282 }, // 帲
    { 0, 0, 0, 0, 0, 0, 34282 }, // 帳
    { 0, 0, 0, 0, 0, 0, 34282 }, // 帴
    { 0, 0, 0, 0, 0, 0, 34282 }, // 帵
    { 0, 0, 0, 0, 0, 0, 34282 }, // 帶
    { 0, 0, 0, 0, 0, 0, 34282 }, // 帷
    { 29, 32, 33, 2, 28, 116, 34282 }, // 常
    { 0, 0, 0, 0, 0, 0, 34398 }, // 帹
    { 0, 0, 0, 0, 0, 0, 34398 }, // 帺
    { 0, 0, 0, 0, 0, 0, 34398 }, // 帻
    { 0, 0, 0, 0, 0, 0, 34398 }, // 帼
    { 0, 0, 0, 0, 0, 0, 34398 }, // 帽
    { 0, 0, 0, 0, 0, 0, 34398 }, // 帾
    { 0, 0, 0, 0, 0, 0, 34398 }, // 帿
    { 0, 0, 0, 0, 0, 0, 34398 }, // 幀
    { 0, 0, 0, 0, 0, 0, 34398 }, // 幁
    { 0, 0, 0, 0, 0, 0, 34398 }, // 幂
    { 0, 0, 0, 0, 0, 0, 34398 }, // 幃
    { 0, 0, 0, 0, 0, 0, 34398 }, // 幄
    { 30, 33, 33, 2, 29, 124, 34398 }, // 幅
    { 0, 0, 0, 0, 0, 0, 34522 }, // 幆
    { 0, 0, 0, 0, 0, 0, 34522 }, // 幇
    { 0, 0, 0, 0, 0, 0, 34522 }, // 幈
    { 0, 0, 0, 0, 0, 0, 34522 }, // 幉
    { 0, 0, 0, 0, 0, 0, 34522 }, // 幊
    { 0, 0, 0, 0, 0, 0, 34522 }, // 幋
    { 0, 0, 0, 0, 0, 0, 34522 }, // 幌
    { 0, 0, 0, 0, 0, 0, 34522 }, // 幍
    { 0, 0, 0, 0, 0, 0, 34522 }, // 幎
    { 0, 0, 0, 0, 0, 0, 34522 }, // 幏
    { 0, 0, 0, 0, 0, 0, 34522 }, // 幐
    { 0, 0, 0, 0, 0, 0, 34522 }, // 幑
    { 0, 0, 0, 0, 0, 0, 34522 }, // 幒
    { 0, 0, 0, 0, 0, 0, 34522 }, // 幓
    { 0, 0, 0, 0, 0, 0, 34522 }, // 幔
    { 32, 33, 33, 1, 29, 132, 34522 }, // 幕
    { 31, 33, 33, 1, 29, 128, 34654 }, // 并
    { 31, 33, 33, 1, 29, 128, 34782 }, // 序
    { 0, 0, 0, 0, 0, 0, 34910 }, // 庐
    { 0, 0, 0, 0, 0, 0, 34910 }, // 庑
    { 0, 0, 0, 0, 0, 0, 34910 }, // 庒
    { 31, 33, 33, 1, 29, 128, 34910 }, // 库
    { 31, 33, 33, 1, 29, 128, 35038 }, // 应
    { 0, 0, 0, 0, 0, 0, 35166 }, // 底
    { 0, 0, 0, 0, 0, 0, 35166 }, // 庖
    { 0, 0, 0, 0, 0, 0, 35166 }, // 店
    { 0, 0, 0, 0, 0, 0, 35166 }, // 庘
    { 0, 0, 0, 0, 0, 0, 35166 }, // 庙
    { 0, 0, 0, 0, 0, 0, 35166 }, // 庚
    { 0, 0, 0, 0, 0, 0, 35166 }, // 庛
    { 0, 0, 0, 0, 0, 0, 35166 }, // 府
    { 0, 0, 0, 0, 0, 0, 35166 }, // 庝
    { 0, 0, 0, 0, 0, 0, 35166 }, // 庞
    { 0, 0, 0, 0, 0, 0, 35166 }, // 废
    { 0, 0, 0, 0, 0, 0, 35166 }, // 庠
    { 0, 0, 0, 0, 0, 0, 35166 }, // 庡
    { 0, 0, 0, 0, 0, 0, 35166 }, // 庢
    { 0, 0, 0, 0, 0, 0, 35166 }, // 庣
    { 0, 0, 0, 0, 0, 0, 35166 }, // 庤
    { 0, 0, 0, 0, 0, 0, 35166 }, // 庥
    { 32, 33, 33, 1, 29, 132, 35166 }, // 度
    { 32, 33, 33, 1, 29, 132, 35298 }, // 廠
    { 32, 33, 33, 1, 29, 132, 35430 }, // 建
    { 0, 0, 0, 0, 0, 0, 35562 }, // 廻
    { 0, 0, 0, 0, 0, 0, 35562 }, // 廼
    { 0, 0, 0, 0, 0, 0, 35562 }, // 廽
    { 0, 0, 0, 0, 0, 0, 35562 }, // 廾
    { 0, 0, 0, 0, 0, 0, 35562 }, // 廿
    { 31, 30, 33, 1, 26, 117, 35562 }, // 开
    { 0, 0, 0, 0, 0, 0, 35679 }, // 弁
    { 31, 31, 33, 1, 27, 121, 35679 }, // 异
    { 0, 0, 0, 0, 0, 0, 35800 }, // 弃
    { 0, 0, 0, 0, 0, 0, 35800 }, // 弄
    { 0, 0, 0, 0, 0, 0, 35800 }, // 弅
    { 0, 0, 0, 0, 0, 0, 35800 }, // 弆
    { 0, 0, 0, 0, 0, 0, 35800 }, // 弇
    { 0, 0, 0, 0, 0, 0, 35800 }, // 弈
    { 0, 0, 0, 0, 0, 0, 35800 }, // 弉
    { 0, 0, 0, 0, 0, 0, 35800 }, // 弊
    { 0, 0, 0, 0, 0, 0, 35800 }, // 弋
    { 0, 0, 0, 0, 0, 0, 35800 }, // 弌
    { 0, 0, 0, 0, 0, 0, 35800 }, // 弍
    { 0, 0, 0, 0, 0, 0, 35800 }, // 弎
    { 32, 32, 33, 1, 29, 128, 35800 }, // 式
    { 0, 0, 0, 0, 0, 0, 35928 }, // 弐
    { 0, 0, 0, 0, 0, 0, 35928 }, // 弑
    { 0, 0, 0, 0, 0, 0, 35928 }, // 弒
    { 0, 0, 0, 0, 0, 0, 35928 }, // 弓
    { 0, 0, 0, 0, 0, 0, 35928 }, // 弔
    { 27, 32, 33, 2, 28, 108, 35928 }, // 引
    { 32, 31, 33, 1, 27, 124, 36036 }, // 强
    { 27, 33, 33, 3, 29, 112, 36160 }, // 当
    { 0, 0, 0, 0, 0, 0, 36272 }, // 彔
    { 30, 31, 33, 2, 27, 117, 36272 }, // 录
    { 32, 31, 33, 1, 28, 124, 36389 }, // 影
    { 0, 0, 0, 0, 0, 0, 36513 }, // 彲
    { 0, 0, 0, 0, 0, 0, 36513 }, // 彳
    { 0, 0, 0, 0, 0, 0, 36513 }, // 彴
    { 0, 0, 0, 0, 0, 0, 36513 }, // 彵
    { 0, 0, 0, 0, 0, 0, 36513 }, // 彶
    { 0, 0, 0, 0, 0, 0, 36513 }, // 彷
    { 0, 0, 0, 0, 0, 0, 36513 }, // 彸
    { 0, 0, 0, 0, 0, 0, 36513 }, // 役
    { 0, 0, 0, 0, 0, 0, 36513 }, // 彺
    { 0, 0, 0, 0, 0, 0, 36513 }, // 彻
    { 0, 0, 0, 0, 0, 0, 36513 }, // 彼
    { 0, 0, 0, 0, 0, 0, 36513 }, // 彽
    { 0, 0, 0, 0, 0, 0, 36513 }, // 彾
    { 0, 0, 0, 0, 0, 0, 36513 }, // 彿
    { 0, 0, 0, 0, 0, 0, 36513 }, // 往
    { 0, 0, 0, 0, 0, 0, 36513 }, // 征
    { 0, 0, 0, 0, 0, 0, 36513 }, // 徂
    { 0, 0, 0, 0, 0, 0, 36513 }, // 徃
    { 31, 32, 33, 1, 29, 124, 36513 }, // 径
    { 33, 33, 33, 0, 29, 137, 36637 }, // 待
    { 0, 0, 0, 0, 0, 0, 36774 }, // 徆
    { 0, 0, 0, 0, 0, 0, 36774 }, // 徇
    { 0, 0, 0, 0, 0, 0, 36774 }, // 很
    { 0, 0, 0, 0, 0, 0, 36774 }, // 徉
    { 0, 0, 0, 0, 0, 0, 36774 }, // 徊
    { 0, 0, 0, 0, 0, 0, 36774 }, // 律
    { 32, 33, 33, 1, 29, 132, 36774 }, // 後
    { 0, 0, 0, 0, 0, 0, 36906 }, // 徍
    { 0, 0, 0, 0, 0, 0, 36906 }, // 徎
    { 0, 0, 0, 0, 0, 0, 36906 }, // 徏
    { 0, 0, 0, 0, 0, 0, 36906 }, // 徐
    { 33, 33, 33, 0, 29, 137, 36906 }, // 徑
    { 33, 33, 33, 0, 29, 137, 37043 }, // 徒
    { 0, 0, 0, 0, 0, 0, 37180 }, // 従
    { 0, 0, 0, 0, 0, 0, 37180 }, // 徔
    { 0, 0, 0, 0, 0, 0, 37180 }, // 徕
    { 0, 0, 0, 0, 0, 0, 37180 }, // 徖
    { 0, 0, 0, 0, 0, 0, 37180 }, // 得
    { 0, 0, 0, 0, 0, 0, 37180 }, // 徘
    { 0, 0, 0, 0, 0, 0, 37180 }, // 徙
    { 0, 0, 0, 0, 0, 0, 37180 }, // 徚
    { 0, 0, 0, 0, 0, 0, 37180 }, // 徛
    { 0, 0, 0, 0, 0, 0, 37180 }, // 徜
    { 0, 0, 0, 0, 0, 0, 37180 }, // 徝
    { 33, 33, 33, 0, 29, 137, 37180 }, // 從
    { 0, 0, 0, 0, 0, 0, 37317 }, // 徟
    { 0, 0, 0, 0, 0, 0, 37317 }, // 徠
    { 0, 0, 0, 0, 0, 0, 37317 }, // 御
    { 0, 0, 0, 0, 0, 0, 37317 }, // 徢
    { 0, 0, 0, 0, 0, 0, 37317 }, // 徣
    { 0, 0, 0, 0, 0, 0, 37317 }, // 徤
    { 0, 0, 0, 0, 0, 0, 37317 }, // 徥
    { 0, 0, 0, 0, 0, 0, 37317 }, // 徦
    { 0, 0, 0, 0, 0, 0, 37317 }, // 徧
    { 0, 0, 0, 0, 0, 0, 37317 }, // 徨
    { 33, 33, 33, 0, 29, 137, 37317 }, // 復
    { 0, 0, 0, 0, 0, 0, 37454 }, // 循
    { 0, 0, 0, 0, 0, 0, 37454 }, // 徫
    { 0, 0, 0, 0, 0, 0, 37454 }, // 徬
    { 0, 0, 0, 0, 0, 0, 37454 }, // 徭
    { 33, 33, 33, 0, 29, 137, 37454 }, // 微
    { 0, 0, 0, 0, 0, 0, 37591 }, // 徯
    { 0, 0, 0, 0, 0, 0, 37591 }, // 徰
    { 0, 0, 0, 0, 0, 0, 37591 }, // 徱
    { 0, 0, 0, 0, 0, 0, 37591 }, // 徲
    { 0, 0, 0, 0, 0, 0, 37591 }, // 徳
    { 0, 0, 0, 0, 0, 0, 37591 }, // 徴
    { 0, 0, 0, 0, 0, 0, 37591 }, // 徵
    { 0, 0, 0, 0, 0, 0, 37591 }, // 徶
    { 33, 33, 33, 0, 29, 137, 37591 }, // 德
    { 0, 0, 0, 0, 0, 0, 37728 }, // 徸
    { 0, 0, 0, 0, 0, 0, 37728 }, // 徹
    { 0, 0, 0, 0, 0, 0, 37728 }, // 徺
    { 0, 0, 0, 0, 0, 0, 37728 }, // 徻
    { 0, 0, 0, 0, 0, 0, 37728 }, // 徼
    { 0, 0, 0, 0, 0, 0, 37728 }, // 徽
    { 0, 0, 0, 0, 0, 0, 37728 }, // 徾
    { 0, 0, 0, 0, 0, 0, 37728 }, // 徿
    { 0, 0, 0, 0, 0, 0, 37728 }, // 忀
    { 0, 0, 0, 0, 0, 0, 37728 }, // 忁
    { 0, 0, 0, 0, 0, 0, 37728 }, // 忂
    { 32, 30, 33, 1, 27, 120, 37728 }, // 心
    { 0, 0, 0, 0, 0, 0, 37848 }, // 忄
    { 32, 32, 33, 1, 29, 128, 37848 }, // 必
    { 0, 0, 0, 0, 0, 0, 37976 }, // 忆
    { 0, 0, 0, 0, 0, 0, 37976 }, // 忇
    { 0, 0, 0, 0, 0, 0, 37976 }, // 忈
    { 0, 0, 0, 0, 0, 0, 37976 }, // 忉
    { 0, 0, 0, 0, 0, 0, 37976 }, // 忊
    { 0, 0, 0, 0, 0, 0, 37976 }, // 忋
    { 0, 0, 0, 0, 0, 0, 37976 }, // 忌
    { 0, 0, 0, 0, 0, 0, 37976 }, // 忍
    { 0, 0, 0, 0, 0, 0, 37976 }, // 忎
    { 0, 0, 0, 0, 0, 0, 37976 }, // 忏
    { 0, 0, 0, 0, 0, 0, 37976 }, // 忐
    { 0, 0, 0, 0, 0, 0, 37976 }, // 忑
    { 0, 0, 0, 0, 0, 0, 37976 }, // 忒
    { 0, 0, 0, 0, 0, 0, 37976 }, // 忓
    { 0, 0, 0, 0, 0, 0, 37976 }, // 忔
    { 0, 0, 0, 0, 0, 0, 37976 }, // 忕
    { 0, 0, 0, 0, 0, 0, 37976 }, // 忖
    { 31, 32, 33, 1, 29, 124, 37976 }, // 志
    { 0, 0, 0, 0, 0, 0, 38100 }, // 忘
    { 33, 33, 33, 0, 29, 137, 38100 }, // 忙
    { 0, 0, 0, 0, 0, 0, 38237 }, // 忚
    { 0, 0, 0, 0, 0, 0, 38237 }, // 忛
    { 0, 0, 0, 0, 0, 0, 38237 }, // 応
    { 0, 0, 0, 0, 0, 0, 38237 }, // 忝
    { 0, 0, 0, 0, 0, 0, 38237 }, // 忞
    { 0, 0, 0, 0, 0, 0, 38237 }, // 忟
    { 0, 0, 0, 0, 0, 0, 38237 }, // 忠
    { 0, 0, 0, 0, 0, 0, 38237 }, // 忡
    { 0, 0, 0, 0, 0, 0, 38237 }, // 忢
    { 0, 0, 0, 0, 0, 0, 38237 }, // 忣
    { 0, 0, 0, 0, 0, 0, 38237 }, // 忤
    { 0, 0, 0, 0, 0, 0, 38237 }, // 忥
    { 0, 0, 0, 0, 0, 0, 38237 }, // 忦
    { 0, 0, 0, 0, 0, 0, 38237 }, // 忧
    { 0, 0, 0, 0, 0, 0, 38237 }, // 忨
    { 0, 0, 0, 0, 0, 0, 38237 }, // 忩
    { 0, 0, 0, 0, 0, 0, 38237 }, // 忪
    { 33, 33, 33, 0, 29, 137, 38237 }, // 快
    { 0, 0, 0, 0, 0, 0, 38374 }, // 忬
    { 0, 0, 0, 0, 0, 0, 38374 }, // 忭
    { 0, 0, 0, 0, 0, 0, 38374 }, // 忮
    { 0, 0, 0, 0, 0, 0, 38374 }, // 忯
    { 0, 0, 0, 0, 0, 0, 38374 }, // 忰
    { 0, 0, 0, 0, 0, 0, 38374 }, // 忱
    { 0, 0, 0, 0, 0, 0, 38374 }, // 忲
    { 0, 0, 0, 0, 0, 0, 38374 }, // 忳
    { 0, 0, 0, 0, 0, 0, 38374 }, // 忴
    { 0, 0, 0, 0, 0, 0, 38374 }, // 念
    { 0, 0, 0, 0, 0, 0, 38374 }, // 忶
    { 0, 0, 0, 0, 0, 0, 38374 }, // 忷
    { 0, 0, 0, 0, 0, 0, 38374 }, // 忸
    { 0, 0, 0, 0, 0, 0, 38374 }, // 忹
    { 0, 0, 0, 0, 0, 0, 38374 }, // 忺
    { 0, 0, 0, 0, 0, 0, 38374 }, // 忻
    { 0, 0, 0, 0, 0, 0, 38374 }, // 忼
    { 31, 32, 33, 1, 29, 124, 38374 }, // 忽
    { 0, 0, 0, 0, 0, 0, 38498 }, // 忾
    { 0, 0, 0, 0, 0, 0, 38498 }, // 忿
    { 0, 0, 0, 0, 0, 0, 38498 }, // 怀
    { 31, 32, 33, 1, 29, 124, 38498 }, // 态
    { 0, 0, 0, 0, 0, 0, 38622 }, // 怂
    { 0, 0, 0, 0, 0, 0, 38622 }, // 怃
    { 0, 0, 0, 0, 0, 0, 38622 }, // 怄
    { 0, 0, 0, 0, 0, 0, 38622 }, // 怅
    { 0, 0, 0, 0, 0, 0, 38622 }, // 怆
    { 0, 0, 0, 0, 0, 0, 38622 }, // 怇
    { 0, 0, 0, 0, 0, 0, 38622 }, // 怈
    { 0, 0, 0, 0, 0, 0, 38622 }, // 怉
    { 0, 0, 0, 0, 0, 0, 38622 }, // 怊
    { 0, 0, 0, 0, 0, 0, 38622 }, // 怋
    { 0, 0, 0, 0, 0, 0, 38622 }, // 怌
    { 0, 0, 0, 0, 0, 0, 38622 }, // 怍
    { 0, 0, 0, 0, 0, 0, 38622 }, // 怎
    { 0, 0, 0, 0, 0, 0, 38622 }, // 怏
    { 0, 0, 0, 0, 0, 0, 38622 }, // 怐
    { 0, 0, 0, 0, 0, 0, 38622 }, // 怑
    { 0, 0, 0, 0, 0, 0, 38622 }, // 怒
    { 0, 0, 0, 0, 0, 0, 38622 }, // 怓
    { 0, 0, 0, 0, 0, 0, 38622 }, // 怔
    { 30, 33, 33, 1, 29, 124, 38622 }, // 怕
    { 31, 32, 33, 1, 29, 124, 38746 }, // 总
    { 31, 33, 33, 1, 29, 128, 38870 }, // 恢
    { 0, 0, 0, 0, 0, 0, 38998 }, // 恣
    { 0, 0, 0, 0, 0, 0, 38998 }, // 恤
    { 32, 31, 33, 1, 27, 124, 38998 }, // 恥
    { 0, 0, 0, 0, 0, 0, 39122 }, // 恦
    { 0, 0, 0, 0, 0, 0, 39122 }, // 恧
    { 0, 0, 0, 0, 0, 0, 39122 }, // 恨
    { 0, 0, 0, 0, 0, 0, 39122 }, // 恩
    { 0, 0, 0, 0, 0, 0, 39122 }, // 恪
    { 0, 0, 0, 0, 0, 0, 39122 }, // 恫
    { 0, 0, 0, 0, 0, 0, 39122 }, // 恬
    { 0, 0, 0, 0, 0, 0, 39122 }, // 恭
    { 0, 0, 0, 0, 0, 0, 39122 }, // 恮
    { 31, 32, 33, 1, 29, 124, 39122 }, // 息
    { 31, 32, 33, 1, 29, 124, 39246 }, // 您
    { 0, 0, 0, 0, 0, 0, 39370 }, // 悩
    { 0, 0, 0, 0, 0, 0, 39370 }, // 悪
    { 0, 0, 0, 0, 0, 0, 39370 }, // 悫
    { 0, 0, 0, 0, 0, 0, 39370 }, // 悬
    { 0, 0, 0, 0, 0, 0, 39370 }, // 悭
    { 0, 0, 0, 0, 0, 0, 39370 }, // 悮
    { 0, 0, 0, 0, 0, 0, 39370 }, // 悯
    { 0, 0, 0, 0, 0, 0, 39370 }, // 悰
    { 0, 0, 0, 0, 0, 0, 39370 }, // 悱
    { 31, 32, 33, 1, 29, 124, 39370 }, // 悲
    { 31, 32, 33, 1, 29, 124, 39494 }, // 想
    { 30, 32, 33, 2, 29, 120, 39618 }, // 意
    { 32, 31, 33, 1, 28, 124, 39738 }, // 憑
    { 32, 33, 33, 0, 29, 132, 39862 }, // 應
    { 31, 33, 33, 1, 29, 128, 39994 }, // 成
    { 32, 31, 33, 1, 28, 124, 40122 }, // 我
    { 0, 0, 0, 0, 0, 0, 40246 }, // 戒
    { 0, 0, 0, 0, 0, 0, 40246 }, // 戓
    { 0, 0, 0, 0, 0, 0, 40246 }, // 戔
    { 0, 0, 0, 0, 0, 0, 40246 }, // 戕
    { 31, 32, 33, 2, 29, 124, 40246 }, // 或
    { 0, 0, 0, 0, 0, 0, 40370 }, // 戗
    { 0, 0, 0, 0, 0, 0, 40370 }, // 战
    { 0, 0, 0, 0, 0, 0, 40370 }, // 戙
    { 0, 0, 0, 0, 0, 0, 40370 }, // 戚
    { 0, 0, 0, 0, 0, 0, 40370 }, // 戛
    { 0, 0, 0, 0, 0, 0, 40370 }, // 戜
    { 0, 0, 0, 0, 0, 0, 40370 }, // 戝
    { 0, 0, 0, 0, 0, 0, 40370 }, // 戞
    { 0, 0, 0, 0, 0, 0, 40370 }, // 戟
    { 0, 0, 0, 0, 0, 0, 40370 }, // 戠
    { 0, 0, 0, 0, 0, 0, 40370 }, // 戡
    { 0, 0, 0, 0, 0, 0, 40370 }, // 戢
    { 0, 0, 0, 0, 0, 0, 40370 }, // 戣
    { 0, 0, 0, 0, 0, 0, 40370 }, // 戤
    { 0, 0, 0, 0, 0, 0, 40370 }, // 戥
    { 0, 0, 0, 0, 0, 0, 40370 }, // 戦
    { 0, 0, 0, 0, 0, 0, 40370 }, // 戧
    { 0, 0, 0, 0, 0, 0, 40370 }, // 戨
    { 0, 0, 0, 0, 0, 0, 40370 }, // 戩
    { 31, 33, 33, 1, 29, 128, 40370 }, // 截
    { 0, 0, 0, 0, 0, 0, 40498 }, // 戫
    { 0, 0, 0, 0, 0, 0, 40498 }, // 戬
    { 0, 0, 0, 0, 0, 0, 40498 }, // 戭
    { 0, 0, 0, 0, 0, 0, 40498 }, // 戮
    { 0, 0, 0, 0, 0, 0, 40498 }, // 戯
    { 0, 0, 0, 0, 0, 0, 40498 }, // 戰
    { 0, 0, 0, 0, 0, 0, 40498 }, // 戱
    { 0, 0, 0, 0, 0, 0, 40498 }, // 戲
    { 0, 0, 0, 0, 0, 0, 40498 }, // 戳
    { 0, 0, 0, 0, 0, 0, 40498 }, // 戴
    { 0, 0, 0, 0, 0, 0, 40498 }, // 戵
    { 27, 33, 33, 1, 29, 112, 40498 }, // 戶
    { 28, 33, 33, 1, 29, 116, 40610 }, // 户
    { 0, 0, 0, 0, 0, 0, 40726 }, // 戸
    { 0, 0, 0, 0, 0, 0, 40726 }, // 戹
    { 0, 0, 0, 0, 0, 0, 40726 }, // 戺
    { 0, 0, 0, 0, 0, 0, 40726 }, // 戻
    { 0, 0, 0, 0, 0, 0, 40726 }, // 戼
    { 0, 0, 0, 0, 0, 0, 40726 }, // 戽
    { 0, 0, 0, 0, 0, 0, 40726 }, // 戾
    { 0, 0, 0, 0, 0, 0, 40726 }, // 房
    { 32, 32, 33, 0, 28, 128, 40726 }, // 所
    { 0, 0, 0, 0, 0, 0, 40854 }, // 扁
    { 0, 0, 0, 0, 0, 0, 40854 }, // 扂
    { 0, 0, 0, 0, 0, 0, 40854 }, // 扃
    { 0, 0, 0, 0, 0, 0, 40854 }, // 扄
    { 0, 0, 0, 0, 0, 0, 40854 }, // 扅
    { 0, 0, 0, 0, 0, 0, 40854 }, // 扆
    { 0, 0, 0, 0, 0, 0, 40854 }, // 扇
    { 0, 0, 0, 0, 0, 0, 40854 }, // 扈
    { 0, 0, 0, 0, 0, 0, 40854 }, // 扉
    { 0, 0, 0, 0, 0, 0, 40854 }, // 扊
    { 31, 33, 33, 1, 29, 128, 40854 }, // 手
    { 0, 0, 0, 0, 0, 0, 40982 }, // 扌
    { 31, 32, 33, 1, 29, 124, 40982 }, // 才
    { 0, 0, 0, 0, 0, 0, 41106 }, // 扎
    { 0, 0, 0, 0, 0, 0, 41106 }, // 扏
    { 0, 0, 0, 0, 0, 0, 41106 }, // 扐
    { 0, 0, 0, 0, 0, 0, 41106 }, // 扑
    { 0, 0, 0, 0, 0, 0, 41106 }, // 扒
    { 32, 32, 33, 1, 29, 128, 41106 }, // 打
    { 31, 33, 33, 1, 29, 128, 41234 }, // 扩
    { 0, 0, 0, 0, 0, 0, 41362 }, // 扪
    { 30, 32, 33, 1, 29, 120, 41362 }, // 扫
    { 0, 0, 0, 0, 0, 0, 41482 }, // 扬
    { 0, 0, 0, 0, 0, 0, 41482 }, // 扭
    { 0, 0, 0, 0, 0, 0, 41482 }, // 扮
    { 0, 0, 0, 0, 0, 0, 41482 }, // 扯
    { 0, 0, 0, 0, 0, 0, 41482 }, // 扰
    { 0, 0, 0, 0, 0, 0, 41482 }, // 扱
    { 0, 0, 0, 0, 0, 0, 41482 }, // 扲
    { 0, 0, 0, 0, 0, 0, 41482 }, // 扳
    { 0, 0, 0, 0, 0, 0, 41482 }, // 扴
    { 0, 0, 0, 0, 0, 0, 41482 }, // 扵
    { 0, 0, 0, 0, 0, 0, 41482 }, // 扶
    { 0, 0, 0, 0, 0, 0, 41482 }, // 扷
    { 0, 0, 0, 0, 0, 0, 41482 }, // 扸
    { 0, 0, 0, 0, 0, 0, 41482 }, // 批
    { 0, 0, 0, 0, 0, 0, 41482 }, // 扺
    { 0, 0, 0, 0, 0, 0, 41482 }, // 扻
    { 0, 0, 0, 0, 0, 0, 41482 }, // 扼
    { 0, 0, 0, 0, 0, 0, 41482 }, // 扽
    { 32, 33, 33, 1, 29, 132, 41482 }, // 找
    { 32, 33, 33, 1, 29, 132, 41614 }, // 抗
    { 31, 32, 33, 1, 29, 124, 41746 }, // 拒
    { 32, 33, 33, 1, 29, 132, 41870 }, // 择
    { 0, 0, 0, 0, 0, 0, 42002 }, // 拪
    { 0, 0, 0, 0, 0, 0, 42002 }, // 拫
    { 32, 33, 33, 1, 29, 132, 42002 }, // 括
    { 0, 0, 0, 0, 0, 0, 42134 }, // 拭
    { 0, 0, 0, 0, 0, 0, 42134 }, // 拮
    { 0, 0, 0, 0, 0, 0, 42134 }, // 拯
    { 0, 0, 0, 0, 0, 0, 42134 }, // 拰
    { 0, 0, 0, 0, 0, 0, 42134 }, // 拱
    { 0, 0, 0, 0, 0, 0, 42134 }, // 拲
    { 0, 0, 0, 0, 0, 0, 42134 }, // 拳
    { 0, 0, 0, 0, 0, 0, 42134 }, // 拴
    { 0, 0, 0, 0, 0, 0, 42134 }, // 拵
    { 0, 0, 0, 0, 0, 0, 42134 }, // 拶
    { 33, 33, 33, 0, 29, 137, 42134 }, // 拷
    { 0, 0, 0, 0, 0, 0, 42271 }, // 拸
    { 0, 0, 0, 0, 0, 0, 42271 }, // 拹
    { 0, 0, 0, 0, 0, 0, 42271 }, // 拺
    { 0, 0, 0, 0, 0, 0, 42271 }, // 拻
    { 0, 0, 0, 0, 0, 0, 42271 }, // 拼
    { 0, 0, 0, 0, 0, 0, 42271 }, // 拽
    { 0, 0, 0, 0, 0, 0, 42271 }, // 拾
    { 0, 0, 0, 0, 0, 0, 42271 }, // 拿
    { 0, 0, 0, 0, 0, 0, 42271 }, // 挀
    { 32, 33, 33, 0, 29, 132, 42271 }, // 持
    { 0, 0, 0, 0, 0, 0, 42403 }, // 挂
    { 0, 0, 0, 0, 0, 0, 42403 }, // 挃
    { 0, 0, 0, 0, 0, 0, 42403 }, // 挄
    { 0, 0, 0, 0, 0, 0, 42403 }, // 挅
    { 0, 0, 0, 0, 0, 0, 42403 }, // 挆
    { 0, 0, 0, 0, 0, 0, 42403 }, // 指
    { 0, 0, 0, 0, 0, 0, 42403 }, // 挈
    { 32, 33, 33, 0, 29, 132, 42403 }, // 按
    { 32, 33, 33, 0, 29, 132, 42535 }, // 捕
    { 0, 0, 0, 0, 0, 0, 42667 }, // 捖
    { 0, 0, 0, 0, 0, 0, 42667 }, // 捗
    { 0, 0, 0, 0, 0, 0, 42667 }, // 捘
    { 0, 0, 0, 0, 0, 0, 42667 }, // 捙
    { 0, 0, 0, 0, 0, 0, 42667 }, // 捚
    { 0, 0, 0, 0, 0, 0, 42667 }, // 捛
    { 0, 0, 0, 0, 0, 0, 42667 }, // 捜
    { 0, 0, 0, 0, 0, 0, 42667 }, // 捝
    { 0, 0, 0, 0, 0, 0, 42667 }, // 捞
    { 0, 0, 0, 0, 0, 0, 42667 }, // 损
    { 0, 0, 0, 0, 0, 0, 42667 }, // 捠
    { 0, 0, 0, 0, 0, 0, 42667 }, // 捡
    { 32, 33, 33, 1, 29, 132, 42667 }, // 换
    { 0, 0, 0, 0, 0, 0, 42799 }, // 捣
    { 0, 0, 0, 0, 0, 0, 42799 }, // 捤
    { 0, 0, 0, 0, 0, 0, 42799 }, // 捥
    { 0, 0, 0, 0, 0, 0, 42799 }, // 捦
    { 0, 0, 0, 0, 0, 0, 42799 }, // 捧
    { 32, 33, 33, 1, 29, 132, 42799 }, // 捨
    { 0, 0, 0, 0, 0, 0, 42931 }, // 捩
    { 0, 0, 0, 0, 0, 0, 42931 }, // 捪
    { 0, 0, 0, 0, 0, 0, 42931 }, // 捫
    { 0, 0, 0, 0, 0, 0, 42931 }, // 捬
    { 0, 0, 0, 0, 0, 0, 42931 }, // 捭
    { 32, 33, 33, 0, 29, 132, 42931 }, // 据
    { 0, 0, 0, 0, 0, 0, 43063 }, // 捯
    { 0, 0, 0, 0, 0, 0, 43063 }, // 捰
    { 0, 0, 0, 0, 0, 0, 43063 }, // 捱
    { 0, 0, 0, 0, 0, 0, 43063 }, // 捲
    { 0, 0, 0, 0, 0, 0, 43063 }, // 捳
    { 0, 0, 0, 0, 0, 0, 43063 }, // 捴
    { 0, 0, 0, 0, 0, 0, 43063 }, // 捵
    { 0, 0, 0, 0, 0, 0, 43063 }, // 捶
    { 0, 0, 0, 0, 0, 0, 43063 }, // 捷
    { 0, 0, 0, 0, 0, 0, 43063 }, // 捸
    { 0, 0, 0, 0, 0, 0, 43063 }, // 捹
    { 0, 0, 0, 0, 0, 0, 43063 }, // 捺
    { 0, 0, 0, 0, 0, 0, 43063 }, // 捻
    { 0, 0, 0, 0, 0, 0, 43063 }, // 捼
    { 0, 0, 0, 0, 0, 0, 43063 }, // 捽
    { 0, 0, 0, 0, 0, 0, 43063 }, // 捾
    { 0, 0, 0, 0, 0, 0, 43063 }, // 捿
    { 0, 0, 0, 0, 0, 0, 43063 }, // 掀
    { 0, 0, 0, 0, 0, 0, 43063 }, // 掁
    { 0, 0, 0, 0, 0, 0, 43063 }, // 掂
    { 32, 33, 33, 0, 29, 132, 43063 }, // 掃
    { 33, 32, 33, 0, 28, 132, 43195 }, // 接
    { 0, 0, 0, 0, 0, 0, 43327 }, // 掦
    { 32, 33, 33, 1, 29, 132, 43327 }, // 控
    { 31, 33, 33, 1, 29, 128, 43459 }, // 推
    { 32, 33, 33, 0, 29, 132, 43587 }, // 描
    { 33, 33, 33, 0, 29, 137, 43719 }, // 提
    { 0, 0, 0, 0, 0, 0, 43856 }, // 揑
    { 0, 0, 0, 0, 0, 0, 43856 }, // 插
    { 0, 0, 0, 0, 0, 0, 43856 }, // 揓
    { 0, 0, 0, 0, 0, 0, 43856 }, // 揔
    { 0, 0, 0, 0, 0, 0, 43856 }, // 揕
    { 0, 0, 0, 0, 0, 0, 43856 }, // 揖
    { 0, 0, 0, 0, 0, 0, 43856 }, // 揗
    { 0, 0, 0, 0, 0, 0, 43856 }, // 揘
    { 0, 0, 0, 0, 0, 0, 43856 }, // 揙
    { 0, 0, 0, 0, 0, 0, 43856 }, // 揚
    { 33, 32, 33, 0, 28, 132, 43856 }, // 換
    { 32, 33, 33, 1, 29, 132, 43988 }, // 搜
    { 31, 32, 33, 1, 29, 124, 44120 }, // 擇
    { 0, 0, 0, 0, 0, 0, 44244 }, // 擈
    { 0, 0, 0, 0, 0, 0, 44244 }, // 擉
    { 32, 33, 33, 1, 29, 132, 44244 }, // 擊
    { 0, 0, 0, 0, 0, 0, 44376 }, // 擋
    { 0, 0, 0, 0, 0, 0, 44376 }, // 擌
    { 32, 33, 33, 1, 29, 132, 44376 }, // 操
    { 0, 0, 0, 0, 0, 0, 44508 }, // 擎
    { 0, 0, 0, 0, 0, 0, 44508 }, // 擏
    { 0, 0, 0, 0, 0, 0, 44508 }, // 擐
    { 0, 0, 0, 0, 0, 0, 44508 }, // 擑
    { 0, 0, 0, 0, 0, 0, 44508 }, // 擒
    { 0, 0, 0, 0, 0, 0, 44508 }, // 擓
    { 0, 0, 0, 0, 0, 0, 44508 }, // 擔
    { 0, 0, 0, 0, 0, 0, 44508 }, // 擕
    { 0, 0, 0, 0, 0, 0, 44508 }, // 擖
    { 0, 0, 0, 0, 0, 0, 44508 }, // 擗
    { 0, 0, 0, 0, 0, 0, 44508 }, // 擘
    { 0, 0, 0, 0, 0, 0, 44508 }, // 擙
    { 32, 33, 33, 1, 29, 132, 44508 }, // 據
    { 33, 33, 33, 0, 29, 137, 44640 }, // 擴
    { 32, 33, 33, 1, 29, 132, 44777 }, // 支
    { 0, 0, 0, 0, 0, 0, 44909 }, // 攰
    { 0, 0, 0, 0, 0, 0, 44909 }, // 攱
    { 0, 0, 0, 0, 0, 0, 44909 }, // 攲
    { 0, 0, 0, 0, 0, 0, 44909 }, // 攳
    { 0, 0, 0, 0, 0, 0, 44909 }, // 攴
    { 0, 0, 0, 0, 0, 0, 44909 }, // 攵
    { 31, 33, 33, 2, 29, 128, 44909 }, // 收
    { 0, 0, 0, 0, 0, 0, 45037 }, // 攷
    { 0, 0, 0, 0, 0, 0, 45037 }, // 攸
    { 32, 33, 33, 1, 29, 132, 45037 }, // 改
    { 0, 0, 0, 0, 0, 0, 45169 }, // 攺
    { 0, 0, 0, 0, 0, 0, 45169 }, // 攻
    { 0, 0, 0, 0, 0, 0, 45169 }, // 攼
    { 0, 0, 0, 0, 0, 0, 45169 }, // 攽
    { 33, 33, 33, 0, 29, 137, 45169 }, // 放
    { 0, 0, 0, 0, 0, 0, 45306 }, // 政
    { 0, 0, 0, 0, 0, 0, 45306 }, // 敀
    { 0, 0, 0, 0, 0, 0, 45306 }, // 敁
    { 0, 0, 0, 0, 0, 0, 45306 }, // 敂
    { 0, 0, 0, 0, 0, 0, 45306 }, // 敃
    { 0, 0, 0, 0, 0, 0, 45306 }, // 敄
    { 32, 33, 33, 1, 29, 132, 45306 }, // 故
    { 0, 0, 0, 0, 0, 0, 45438 }, // 敆
    { 0, 0, 0, 0, 0, 0, 45438 }, // 敇
    { 32, 33, 33, 1, 29, 132, 45438 }, // 效
    { 0, 0, 0, 0, 0, 0, 45570 }, // 敉
    { 0, 0, 0, 0, 0, 0, 45570 }, // 敊
    { 0, 0, 0, 0, 0, 0, 45570 }, // 敋
    { 0, 0, 0, 0, 0, 0, 45570 }, // 敌
    { 0, 0, 0, 0, 0, 0, 45570 }, // 敍
    { 0, 0, 0, 0, 0, 0, 45570 }, // 敎
    { 33, 33, 33, 0, 29, 137, 45570 }, // 敏
    { 0, 0, 0, 0, 0, 0, 45707 }, // 敐
    { 0, 0, 0, 0, 0, 0, 45707 }, // 救
    { 0, 0, 0, 0, 0, 0, 45707 }, // 敒
    { 0, 0, 0, 0, 0, 0, 45707 }, // 敓
    { 0, 0, 0, 0, 0, 0, 45707 }, // 敔
    { 0, 0, 0, 0, 0, 0, 45707 }, // 敕
    { 0, 0, 0, 0, 0, 0, 45707 }, // 敖
    { 32, 33, 33, 1, 29, 132, 45707 }, // 敗
    { 32, 33, 33, 1, 29, 132, 45839 }, // 数
    { 0, 0, 0, 0, 0, 0, 45971 }, // 敱
    { 32, 33, 33, 1, 29, 132, 45971 }, // 敲
    { 0, 0, 0, 0, 0, 0, 46103 }, // 敳
    { 32, 32, 33, 1, 29, 128, 46103 }, // 整
    { 0, 0, 0, 0, 0, 0, 46231 }, // 敵
    { 0, 0, 0, 0, 0, 0, 46231 }, // 敶
    { 0, 0, 0, 0, 0, 0, 46231 }, // 敷
    { 32, 33, 33, 1, 29, 132, 46231 }, // 數
    { 0, 0, 0, 0, 0, 0, 46363 }, // 敹
    { 0, 0, 0, 0, 0, 0, 46363 }, // 敺
    { 0, 0, 0, 0, 0, 0, 46363 }, // 敻
    { 0, 0, 0, 0, 0, 0, 46363 }, // 敼
    { 0, 0, 0, 0, 0, 0, 46363 }, // 敽
    { 0, 0, 0, 0, 0, 0, 46363 }, // 敾
    { 0, 0, 0, 0, 0, 0, 46363 }, // 敿
    { 0, 0, 0, 0, 0, 0, 46363 }, // 斀
    { 0, 0, 0, 0, 0, 0, 46363 }, // 斁
    { 0, 0, 0, 0, 0, 0, 46363 }, // 斂
    { 0, 0, 0, 0, 0, 0, 46363 }, // 斃
    { 0, 0, 0, 0, 0, 0, 46363 }, // 斄
    { 0, 0, 0, 0, 0, 0, 46363 }, // 斅
    { 0, 0, 0, 0, 0, 0, 46363 }, // 斆
    { 32, 33, 33, 1, 29, 132, 46363 }, // 文
    { 0, 0, 0, 0, 0, 0, 46495 }, // 斈
    { 0, 0, 0, 0, 0, 0, 46495 }, // 斉
    { 0, 0, 0, 0, 0, 0, 46495 }, // 斊
    { 0, 0, 0, 0, 0, 0, 46495 }, // 斋
    { 0, 0, 0, 0, 0, 0, 46495 }, // 斌
    { 0, 0, 0, 0, 0, 0, 46495 }, // 斍
    { 0, 0, 0, 0, 0, 0, 46495 }, // 斎
    { 0, 0, 0, 0, 0, 0, 46495 }, // 斏
    { 0, 0, 0, 0, 0, 0, 46495 }, // 斐
    { 0, 0, 0, 0, 0, 0, 46495 }, // 斑
    { 0, 0, 0, 0, 0, 0, 46495 }, // 斒
    { 0, 0, 0, 0, 0, 0, 46495 }, // 斓
    { 0, 0, 0, 0, 0, 0, 46495 }, // 斔
    { 0, 0, 0, 0, 0, 0, 46495 }, // 斕
    { 0, 0, 0, 0, 0, 0, 46495 }, // 斖
    { 0, 0, 0, 0, 0, 0, 46495 }, // 斗
    { 0, 0, 0, 0, 0, 0, 46495 }, // 斘
    { 0, 0, 0, 0, 0, 0, 46495 }, // 料
    { 0, 0, 0, 0, 0, 0, 46495 }, // 斚
    { 0, 0, 0, 0, 0, 0, 46495 }, // 斛
    { 33, 33, 33, 0, 29, 137, 46495 }, // 斜
    { 0, 0, 0, 0, 0, 0, 46632 }, // 斝
    { 0, 0, 0, 0, 0, 0, 46632 }, // 斞
    { 0, 0, 0, 0, 0, 0, 46632 }, // 斟
    { 0, 0, 0, 0, 0, 0, 46632 }, // 斠
    { 0, 0, 0, 0, 0, 0, 46632 }, // 斡
    { 0, 0, 0, 0, 0, 0, 46632 }, // 斢
    { 0, 0, 0, 0, 0, 0, 46632 }, // 斣
    { 0, 0, 0, 0, 0, 0, 46632 }, // 斤
    { 0, 0, 0, 0, 0, 0, 46632 }, // 斥
    { 0, 0, 0, 0, 0, 0, 46632 }, // 斦
    { 0, 0, 0, 0, 0, 0, 46632 }, // 斧
    { 0, 0, 0, 0, 0, 0, 46632 }, // 斨
    { 0, 0, 0, 0, 0, 0, 46632 }, // 斩
    { 0, 0, 0, 0, 0, 0, 46632 }, // 斪
    { 0, 0, 0, 0, 0, 0, 46632 }, // 斫
    { 0, 0, 0, 0, 0, 0, 46632 }, // 斬
    { 31, 33, 33, 2, 29, 128, 46632 }, // 断
    { 0, 0, 0, 0, 0, 0, 46760 }, // 斮
    { 0, 0, 0, 0, 0, 0, 46760 }, // 斯
    { 31, 32, 33, 1, 29, 124, 46760 }, // 新
    { 0, 0, 0, 0, 0, 0, 46884 }, // 斱
    { 0, 0, 0, 0, 0, 0, 46884 }, // 斲
    { 0, 0, 0, 0, 0, 0, 46884 }, // 斳
    { 0, 0, 0, 0, 0, 0, 46884 }, // 斴
    { 0, 0, 0, 0, 0, 0, 46884 }, // 斵
    { 0, 0, 0, 0, 0, 0, 46884 }, // 斶
    { 30, 33, 33, 2, 29, 124, 46884 }, // 斷
    { 0, 0, 0, 0, 0, 0, 47008 }, // 斸
    { 31, 33, 33, 1, 29, 128, 47008 }, // 方
    { 0, 0, 0, 0, 0, 0, 47136 }, // 斺
    { 0, 0, 0, 0, 0, 0, 47136 }, // 斻
    { 32, 32, 33, 1, 29, 128, 47136 }, // 於
    { 32, 33, 33, 1, 29, 132, 47264 }, // 施
    { 0, 0, 0, 0, 0, 0, 47396 }, // 斾
    { 0, 0, 0, 0, 0, 0, 47396 }, // 斿
    { 0, 0, 0, 0, 0, 0, 47396 }, // 旀
    { 0, 0, 0, 0, 0, 0, 47396 }, // 旁
    { 0, 0, 0, 0, 0, 0, 47396 }, // 旂
    { 0, 0, 0, 0, 0, 0, 47396 }, // 旃
    { 0, 0, 0, 0, 0, 0, 47396 }, // 旄
    { 0, 0, 0, 0, 0, 0, 47396 }, // 旅
    { 0, 0, 0, 0, 0, 0, 47396 }, // 旆
    { 0, 0, 0, 0, 0, 0, 47396 }, // 旇
    { 0, 0, 0, 0, 0, 0, 47396 }, // 旈
    { 0, 0, 0, 0, 0, 0, 47396 }, // 旉
    { 0, 0, 0, 0, 0, 0, 47396 }, // 旊
    { 33, 33, 33, 0, 29, 137, 47396 }, // 旋
    { 0, 0, 0, 0, 0, 0, 47533 }, // 旌
    { 0, 0, 0, 0, 0, 0, 47533 }, // 旍
    { 0, 0, 0, 0, 0, 0, 47533 }, // 旎
    { 0, 0, 0, 0, 0, 0, 47533 }, // 族
    { 0, 0, 0, 0, 0, 0, 47533 }, // 旐
    { 0, 0, 0, 0, 0, 0, 47533 }, // 旑
    { 0, 0, 0, 0, 0, 0, 47533 }, // 旒
    { 0, 0, 0, 0, 0, 0, 47533 }, // 旓
    { 0, 0, 0, 0, 0, 0, 47533 }, // 旔
    { 0, 0, 0, 0, 0, 0, 47533 }, // 旕
    { 0, 0, 0, 0, 0, 0, 47533 }, // 旖
    { 0, 0, 0, 0, 0, 0, 47533 }, // 旗
    { 0, 0, 0, 0, 0, 0, 47533 }, // 旘
    { 0, 0, 0, 0, 0, 0, 47533 }, // 旙
    { 0, 0, 0, 0, 0, 0, 47533 }, // 旚
    { 0, 0, 0, 0, 0, 0, 47533 }, // 旛
    { 0, 0, 0, 0, 0, 0, 47533 }, // 旜
    { 0, 0, 0, 0, 0, 0, 47533 }, // 旝
    { 0, 0, 0, 0, 0, 0, 47533 }, // 旞
    { 0, 0, 0, 0, 0, 0, 47533 }, // 旟
    { 31, 30, 33, 1, 26, 117, 47533 }, // 无
    { 0, 0, 0, 0, 0, 0, 47650 }, // 旡
    { 0, 0, 0, 0, 0, 0, 47650 }, // 既
    { 0, 0, 0, 0, 0, 0, 47650 }, // 旣
    { 0, 0, 0, 0, 0, 0, 47650 }, // 旤
    { 23, 29, 33, 5, 26, 84, 47650 }, // 日
    { 0, 0, 0, 0, 0, 0, 47734 }, // 旦
    { 27, 31, 33, 3, 27, 105, 47734 }, // 旧
    { 0, 0, 0, 0, 0, 0, 47839 }, // 旨
    { 0, 0, 0, 0, 0, 0, 47839 }, // 早
    { 0, 0, 0, 0, 0, 0, 47839 }, // 旪
    { 0, 0, 0, 0, 0, 0, 47839 }, // 旫
    { 0, 0, 0, 0, 0, 0, 47839 }, // 旬
    { 0, 0, 0, 0, 0, 0, 47839 }, // 旭
    { 0, 0, 0, 0, 0, 0, 47839 }, // 旮
    { 0, 0, 0, 0, 0, 0, 47839 }, // 旯
    { 0, 0, 0, 0, 0, 0, 47839 }, // 旰
    { 0, 0, 0, 0, 0, 0, 47839 }, // 旱
    { 0, 0, 0, 0, 0, 0, 47839 }, // 旲
    { 0, 0, 0, 0, 0, 0, 47839 }, // 旳
    { 0, 0, 0, 0, 0, 0, 47839 }, // 旴
    { 0, 0, 0, 0, 0, 0, 47839 }, // 旵
    { 31, 31, 33, 2, 28, 121, 47839 }, // 时
    { 29, 31, 33, 2, 27, 113, 47960 }, // 明
    { 0, 0, 0, 0, 0, 0, 48073 }, // 昏
    { 0, 0, 0, 0, 0, 0, 48073 }, // 昐
    { 0, 0, 0, 0, 0, 0, 48073 }, // 昑
    { 0, 0, 0, 0, 0, 0, 48073 }, // 昒
    { 0, 0, 0, 0, 0, 0, 48073 }, // 易
    { 0, 0, 0, 0, 0, 0, 48073 }, // 昔
    { 0, 0, 0, 0, 0, 0, 48073 }, // 昕
    { 0, 0, 0, 0, 0, 0, 48073 }, // 昖
    { 0, 0, 0, 0, 0, 0, 48073 }, // 昗
    { 0, 0, 0, 0, 0, 0, 48073 }, // 昘
    { 0, 0, 0, 0, 0, 0, 48073 }, // 昙
    { 0, 0, 0, 0, 0, 0, 48073 }, // 昚
    { 0, 0, 0, 0, 0, 0, 48073 }, // 昛
    { 0, 0, 0, 0, 0, 0, 48073 }, // 昜
    { 0, 0, 0, 0, 0, 0, 48073 }, // 昝
    { 0, 0, 0, 0, 0, 0, 48073 }, // 昞
    { 0, 0, 0, 0, 0, 0, 48073 }, // 星
    { 31, 33, 33, 2, 29, 128, 48073 }, // 映
    { 0, 0, 0, 0, 0, 0, 48201 }, // 昡
    { 0, 0, 0, 0, 0, 0, 48201 }, // 昢
    { 0, 0, 0, 0, 0, 0, 48201 }, // 昣
    { 0, 0, 0, 0, 0, 0, 48201 }, // 昤
    { 0, 0, 0, 0, 0, 0, 48201 }, // 春
    { 0, 0, 0, 0, 0, 0, 48201 }, // 昦
    { 0, 0, 0, 0, 0, 0, 48201 }, // 昧
    { 0, 0, 0, 0, 0, 0, 48201 }, // 昨
    { 0, 0, 0, 0, 0, 0, 48201 }, // 昩
    { 0, 0, 0, 0, 0, 0, 48201 }, // 昪
    { 0, 0, 0, 0, 0, 0, 48201 }, // 昫
    { 0, 0, 0, 0, 0, 0, 48201 }, // 昬
    { 0, 0, 0, 0, 0, 0, 48201 }, // 昭
    { 0, 0, 0, 0, 0, 0, 48201 }, // 昮
    { 32, 31, 33, 1, 27, 124, 48201 }, // 是
    { 0, 0, 0, 0, 0, 0, 48325 }, // 昰
    { 0, 0, 0, 0, 0, 0, 48325 }, // 昱
    { 0, 0, 0, 0, 0, 0, 48325 }, // 昲
    { 0, 0, 0, 0, 0, 0, 48325 }, // 昳
    { 0, 0, 0, 0, 0, 0, 48325 }, // 昴
    { 0, 0, 0, 0, 0, 0, 48325 }, // 昵
    { 0, 0, 0, 0, 0, 0, 48325 }, // 昶
    { 0, 0, 0, 0, 0, 0, 48325 }, // 昷
    { 0, 0, 0, 0, 0, 0, 48325 }, // 昸
    { 0, 0, 0, 0, 0, 0, 48325 }, // 昹
    { 0, 0, 0, 0, 0, 0, 48325 }, // 昺
    { 0, 0, 0, 0, 0, 0, 48325 }, // 昻
    { 0, 0, 0, 0, 0, 0, 48325 }, // 昼
    { 0, 0, 0, 0, 0, 0, 48325 }, // 昽
    { 31, 28, 33, 1, 26, 109, 48325 }, // 显
    { 0, 0, 0, 0, 0, 0, 48434 }, // 昿
    { 0, 0, 0, 0, 0, 0, 48434 }, // 晀
    { 0, 0, 0, 0, 0, 0, 48434 }, // 晁
    { 31, 31, 33, 2, 28, 121, 48434 }, // 時
    { 31, 31, 33, 1, 27, 121, 48555 }, // 晃
    { 31, 30, 33, 1, 27, 117, 48676 }, // 景
    { 0, 0, 0, 0, 0, 0, 48793 }, // 晰
    { 0, 0, 0, 0, 0, 0, 48793 }, // 晱
    { 0, 0, 0, 0, 0, 0, 48793 }, // 晲
    { 0, 0, 0, 0, 0, 0, 48793 }, // 晳
    { 0, 0, 0, 0, 0, 0, 48793 }, // 晴
    { 0, 0, 0, 0, 0, 0, 48793 }, // 晵
    { 0, 0, 0, 0, 0, 0, 48793 }, // 晶
    { 0, 0, 0, 0, 0, 0, 48793 }, // 晷
    { 0, 0, 0, 0, 0, 0, 48793 }, // 晸
    { 0, 0, 0, 0, 0, 0, 48793 }, // 晹
    { 0, 0, 0, 0, 0, 0, 48793 }, // 智
    { 0, 0, 0, 0, 0, 0, 48793 }, // 晻
    { 0, 0, 0, 0, 0, 0, 48793 }, // 晼
    { 0, 0, 0, 0, 0, 0, 48793 }, // 晽
    { 0, 0, 0, 0, 0, 0, 48793 }, // 晾
    { 0, 0, 0, 0, 0, 0, 48793 }, // 晿
    { 0, 0, 0, 0, 0, 0, 48793 }, // 暀
    { 0, 0, 0, 0, 0, 0, 48793 }, // 暁
    { 31, 33, 33, 1, 29, 128, 48793 }, // 暂
    { 0, 0, 0, 0, 0, 0, 48921 }, // 暃
    { 0, 0, 0, 0, 0, 0, 48921 }, // 暄
    { 0, 0, 0, 0, 0, 0, 48921 }, // 暅
    { 0, 0, 0, 0, 0, 0, 48921 }, // 暆
    { 0, 0, 0, 0, 0, 0, 48921 }, // 暇
    { 0, 0, 0, 0, 0, 0, 48921 }, // 暈
    { 0, 0, 0, 0, 0, 0, 48921 }, // 暉
    { 0, 0, 0, 0, 0, 0, 48921 }, // 暊
    { 0, 0, 0, 0, 0, 0, 48921 }, // 暋
    { 0, 0, 0, 0, 0, 0, 48921 }, // 暌
    { 0, 0, 0, 0, 0, 0, 48921 }, // 暍
    { 0, 0, 0, 0, 0, 0, 48921 }, // 暎
    { 0, 0, 0, 0, 0, 0, 48921 }, // 暏
    { 0, 0, 0, 0, 0, 0, 48921 }, // 暐
    { 0, 0, 0, 0, 0, 0, 48921 }, // 暑
    { 0, 0, 0, 0, 0, 0, 48921 }, // 暒
    { 0, 0, 0, 0, 0, 0, 48921 }, // 暓
    { 0, 0, 0, 0, 0, 0, 48921 }, // 暔
    { 0, 0, 0, 0, 0, 0, 48921 }, // 暕
    { 0, 0, 0, 0, 0, 0, 48921 }, // 暖
    { 30, 33, 33, 2, 29, 124, 48921 }, // 暗
    { 0, 0, 0, 0, 0, 0, 49045 }, // 暘
    { 0, 0, 0, 0, 0, 0, 49045 }, // 暙
    { 0, 0, 0, 0, 0, 0, 49045 }, // 暚
    { 0, 0, 0, 0, 0, 0, 49045 }, // 暛
    { 0, 0, 0, 0, 0, 0, 49045 }, // 暜
    { 0, 0, 0, 0, 0, 0, 49045 }, // 暝
    { 0, 0, 0, 0, 0, 0, 49045 }, // 暞
    { 0, 0, 0, 0, 0, 0, 49045 }, // 暟
    { 0, 0, 0, 0, 0, 0, 49045 }, // 暠
    { 0, 0, 0, 0, 0, 0, 49045 }, // 暡
    { 0, 0, 0, 0, 0, 0, 49045 }, // 暢
    { 0, 0, 0, 0, 0, 0, 49045 }, // 暣
    { 0, 0, 0, 0, 0, 0, 49045 }, // 暤
    { 0, 0, 0, 0, 0, 0, 49045 }, // 暥
    { 0, 0, 0, 0, 0, 0, 49045 }, // 暦
    { 0, 0, 0, 0, 0, 0, 49045 }, // 暧
    { 0, 0, 0, 0, 0, 0, 49045 }, // 暨
    { 0, 0, 0, 0, 0, 0, 49045 }, // 暩
    { 0, 0, 0, 0, 0, 0, 49045 }, // 暪
    { 31, 33, 33, 1, 29, 128, 49045 }, // 暫
    { 32, 31, 33, 1, 27, 124, 49173 }, // 更
    { 0, 0, 0, 0, 0, 0, 49297 }, // 曵
    { 0, 0, 0, 0, 0, 0, 49297 }, // 曶
    { 0, 0, 0, 0, 0, 0, 49297 }, // 曷
    { 31, 33, 33, 1, 29, 128, 49297 }, // 書
    { 0, 0, 0, 0, 0, 0, 49425 }, // 曹
    { 0, 0, 0, 0, 0, 0, 49425 }, // 曺
    { 0, 0, 0, 0, 0, 0, 49425 }, // 曻
    { 0, 0, 0, 0, 0, 0, 49425 }, // 曼
    { 0, 0, 0, 0, 0, 0, 49425 }, // 曽
    { 0, 0, 0, 0, 0, 0, 49425 }, // 曾
    { 0, 0, 0, 0, 0, 0, 49425 }, // 替
    { 32, 30, 33, 1, 27, 120, 49425 }, // 最
    { 0, 0, 0, 0, 0, 0, 49545 }, // 朁
    { 0, 0, 0, 0, 0, 0, 49545 }, // 朂
    { 32, 33, 33, 1, 29, 132, 49545 }, // 會
    { 0, 0, 0, 0, 0, 0, 49677 }, // 朄
    { 0, 0, 0, 0, 0, 0, 49677 }, // 朅
    { 0, 0, 0, 0, 0, 0, 49677 }, // 朆
    { 0, 0, 0, 0, 0, 0, 49677 }, // 朇
    { 0, 0, 0, 0, 0, 0, 49677 }, // 月
    { 31, 33, 33, 1, 29, 128, 49677 }, // 有
    { 0, 0, 0, 0, 0, 0, 49805 }, // 朊
    { 0, 0, 0, 0, 0, 0, 49805 }, // 朋
    { 0, 0, 0, 0, 0, 0, 49805 }, // 朌
    { 32, 31, 33, 1, 27, 124, 49805 }, // 服
    { 32, 33, 33, 1, 29, 132, 49929 }, // 未
    { 0, 0, 0, 0, 0, 0, 50061 }, // 末
    { 32, 33, 33, 1, 29, 132, 50061 }, // 本
    { 0, 0, 0, 0, 0, 0, 50193 }, // 札
    { 0, 0, 0, 0, 0, 0, 50193 }, // 朮
    { 0, 0, 0, 0, 0, 0, 50193 }, // 术
    { 0, 0, 0, 0, 0, 0, 50193 }, // 朰
    { 0, 0, 0, 0, 0, 0, 50193 }, // 朱
    { 0, 0, 0, 0, 0, 0, 50193 }, // 朲
    { 0, 0, 0, 0, 0, 0, 50193 }, // 朳
    { 0, 0, 0, 0, 0, 0, 50193 }, // 朴
    { 0, 0, 0, 0, 0, 0, 50193 }, // 朵
    { 0, 0, 0, 0, 0, 0, 50193 }, // 朶
    { 0, 0, 0, 0, 0, 0, 50193 }, // 朷
    { 0, 0, 0, 0, 0, 0, 50193 }, // 朸
    { 0, 0, 0, 0, 0, 0, 50193 }, // 朹
    { 33, 33, 33, 0, 29, 137, 50193 }, // 机
    { 0, 0, 0, 0, 0, 0, 50330 }, // 朻
    { 0, 0, 0, 0, 0, 0, 50330 }, // 朼
    { 0, 0, 0, 0, 0, 0, 50330 }, // 朽
    { 0, 0, 0, 0, 0, 0, 50330 }, // 朾
    { 0, 0, 0, 0, 0, 0, 50330 }, // 朿
    { 0, 0, 0, 0, 0, 0, 50330 }, // 杀
    { 0, 0, 0, 0, 0, 0, 50330 }, // 杁
    { 0, 0, 0, 0, 0, 0, 50330 }, // 杂
    { 33, 33, 33, 0, 29, 137, 50330 }, // 权
    { 32, 32, 33, 1, 29, 128, 50467 }, // 条
    { 31, 33, 33, 1, 29, 128, 50595 }, // 松
    { 0, 0, 0, 0, 0, 0, 50723 }, // 板
    { 0, 0, 0, 0, 0, 0, 50723 }, // 枀
    { 0, 0, 0, 0, 0, 0, 50723 }, // 极
    { 0, 0, 0, 0, 0, 0, 50723 }, // 枂
    { 0, 0, 0, 0, 0, 0, 50723 }, // 枃
    { 0, 0, 0, 0, 0, 0, 50723 }, // 构
    { 0, 0, 0, 0, 0, 0, 50723 }, // 枅
    { 0, 0, 0, 0, 0, 0, 50723 }, // 枆
    { 0, 0, 0, 0, 0, 0, 50723 }, // 枇
    { 0, 0, 0, 0, 0, 0, 50723 }, // 枈
    { 0, 0, 0, 0, 0, 0, 50723 }, // 枉
    { 0, 0, 0, 0, 0, 0, 50723 }, // 枊
    { 0, 0, 0, 0, 0, 0, 50723 }, // 枋
    { 0, 0, 0, 0, 0, 0, 50723 }, // 枌
    { 0, 0, 0, 0, 0, 0, 50723 }, // 枍
    { 0, 0, 0, 0, 0, 0, 50723 }, // 枎
    { 0, 0, 0, 0, 0, 0, 50723 }, // 枏
    { 31, 33, 33, 1, 29, 128, 50723 }, // 析
    { 0, 0, 0, 0, 0, 0, 50851 }, // 枑
    { 0, 0, 0, 0, 0, 0, 50851 }, // 枒
    { 0, 0, 0, 0, 0, 0, 50851 }, // 枓
    { 0, 0, 0, 0, 0, 0, 50851 }, // 枔
    { 0, 0, 0, 0, 0, 0, 50851 }, // 枕
    { 0, 0, 0, 0, 0, 0, 50851 }, // 枖
    { 0, 0, 0, 0, 0, 0, 50851 }, // 林
    { 0, 0, 0, 0, 0, 0, 50851 }, // 枘
    { 0, 0, 0, 0, 0, 0, 50851 }, // 枙
    { 0, 0, 0, 0, 0, 0, 50851 }, // 枚
    { 0, 0, 0, 0, 0, 0, 50851 }, // 枛
    { 32, 31, 33, 1, 27, 124, 50851 }, // 果
    { 31, 32, 33, 1, 28, 124, 50975 }, // 架
    { 32, 31, 33, 1, 29, 124, 51099 }, // 查
    { 32, 33, 33, 0, 29, 132, 51223 }, // 标
    { 0, 0, 0, 0, 0, 0, 51355 }, // 栈
    { 0, 0, 0, 0, 0, 0, 51355 }, // 栉
    { 0, 0, 0, 0, 0, 0, 51355 }, // 栊
    { 0, 0, 0, 0, 0, 0, 51355 }, // 栋
    { 0, 0, 0, 0, 0, 0, 51355 }, // 栌
    { 0, 0, 0, 0, 0, 0, 51355 }, // 栍
    { 0, 0, 0, 0, 0, 0, 51355 }, // 栎
    { 31, 33, 33, 1, 29, 128, 51355 }, // 栏
    { 0, 0, 0, 0, 0, 0, 51483 }, // 栐
    { 0, 0, 0, 0, 0, 0, 51483 }, // 树
    { 0, 0, 0, 0, 0, 0, 51483 }, // 栒
    { 0, 0, 0, 0, 0, 0, 51483 }, // 栓
    { 0, 0, 0, 0, 0, 0, 51483 }, // 栔
    { 0, 0, 0, 0, 0, 0, 51483 }, // 栕
    { 0, 0, 0, 0, 0, 0, 51483 }, // 栖
    { 0, 0, 0, 0, 0, 0, 51483 }, // 栗
    { 0, 0, 0, 0, 0, 0, 51483 }, // 栘
    { 0, 0, 0, 0, 0, 0, 51483 }, // 栙
    { 0, 0, 0, 0, 0, 0, 51483 }, // 栚
    { 0, 0, 0, 0, 0, 0, 51483 }, // 栛
    { 0, 0, 0, 0, 0, 0, 51483 }, // 栜
    { 0, 0, 0, 0, 0, 0, 51483 }, // 栝
    { 0, 0, 0, 0, 0, 0, 51483 }, // 栞
    { 0, 0, 0, 0, 0, 0, 51483 }, // 栟
    { 0, 0, 0, 0, 0, 0, 51483 }, // 栠
    { 33, 33, 33, 0, 29, 137, 51483 }, // 校
    { 31, 33, 33, 1, 29, 128, 51620 }, // 样
    { 32, 33, 33, 1, 29, 132, 51748 }, // 核
    { 0, 0, 0, 0, 0, 0, 51880 }, // 根
    { 0, 0, 0, 0, 0, 0, 51880 }, // 栺
    { 0, 0, 0, 0, 0, 0, 51880 }, // 栻
    { 33, 33, 33, 0, 29, 137, 51880 }, // 格
    { 0, 0, 0, 0, 0, 0, 52017 }, // 栽
    { 0, 0, 0, 0, 0, 0, 52017 }, // 栾
    { 0, 0, 0, 0, 0, 0, 52017 }, // 栿
    { 0, 0, 0, 0, 0, 0, 52017 }, // 桀
    { 0, 0, 0, 0, 0, 0, 52017 }, // 桁
    { 0, 0, 0, 0, 0, 0, 52017 }, // 桂
    { 0, 0, 0, 0, 0, 0, 52017 }, // 桃
    { 0, 0, 0, 0, 0, 0, 52017 }, // 桄
    { 0, 0, 0, 0, 0, 0, 52017 }, // 桅
    { 33, 32, 33, 0, 29, 132, 52017 }, // 框
    { 31, 33, 33, 0, 29, 128, 52149 }, // 档
    { 32, 33, 33, 1, 29, 132, 52277 }, // 條
    { 32, 32, 33, 1, 29, 128, 52409 }, // 检
    { 31, 33, 33, 1, 29, 128, 52537 }, // 楼
    { 31, 33, 33, 1, 29, 128, 52665 }, // 樓
    { 0, 0, 0, 0, 0, 0, 52793 }, // 樔
    { 0, 0, 0, 0, 0, 0, 52793 }, // 樕
    { 0, 0, 0, 0, 0, 0, 52793 }, // 樖
    { 0, 0, 0, 0, 0, 0, 52793 }, // 樗
    { 0, 0, 0, 0, 0, 0, 52793 }, // 樘
    { 32, 33, 33, 1, 29, 132, 52793 }, // 標
    { 0, 0, 0, 0, 0, 0, 52925 }, // 樚
    { 0, 0, 0, 0, 0, 0, 52925 }, // 樛
    { 0, 0, 0, 0, 0, 0, 52925 }, // 樜
    { 0, 0, 0, 0, 0, 0, 52925 }, // 樝
    { 0, 0, 0, 0, 0, 0, 52925 }, // 樞
    { 0, 0, 0, 0, 0, 0, 52925 }, // 樟
    { 0, 0, 0, 0, 0, 0, 52925 }, // 樠
    { 32, 33, 33, 1, 29, 132, 52925 }, // 模
    { 0, 0, 0, 0, 0, 0, 53057 }, // 樢
    { 32, 33, 33, 1, 29, 132, 53057 }, // 樣
    { 0, 0, 0, 0, 0, 0, 53189 }, // 樤
    { 0, 0, 0, 0, 0, 0, 53189 }, // 樥
    { 0, 0, 0, 0, 0, 0, 53189 }, // 樦
    { 0, 0, 0, 0, 0, 0, 53189 }, // 樧
    { 0, 0, 0, 0, 0, 0, 53189 }, // 樨
    { 0, 0, 0, 0, 0, 0, 53189 }, // 権
    { 33, 33, 33, 0, 29, 137, 53189 }, // 横
    { 33, 33, 33, 0, 29, 137, 53326 }, // 機
    { 0, 0, 0, 0, 0, 0, 53463 }, // 橠
    { 0, 0, 0, 0, 0, 0, 53463 }, // 橡
    { 0, 0, 0, 0, 0, 0, 53463 }, // 橢
    { 0, 0, 0, 0, 0, 0, 53463 }, // 橣
    { 0, 0, 0, 0, 0, 0, 53463 }, // 橤
    { 0, 0, 0, 0, 0, 0, 53463 }, // 橥
    { 0, 0, 0, 0, 0, 0, 53463 }, // 橦
    { 0, 0, 0, 0, 0, 0, 53463 }, // 橧
    { 0, 0, 0, 0, 0, 0, 53463 }, // 橨
    { 0, 0, 0, 0, 0, 0, 53463 }, // 橩
    { 0, 0, 0, 0, 0, 0, 53463 }, // 橪
    { 32, 33, 33, 1, 29, 132, 53463 }, // 橫
    { 31, 33, 33, 1, 29, 128, 53595 }, // 檔
    { 0, 0, 0, 0, 0, 0, 53723 }, // 檕
    { 0, 0, 0, 0, 0, 0, 53723 }, // 檖
    { 0, 0, 0, 0, 0, 0, 53723 }, // 檗
    { 0, 0, 0, 0, 0, 0, 53723 }, // 檘
    { 0, 0, 0, 0, 0, 0, 53723 }, // 檙
    { 0, 0, 0, 0, 0, 0, 53723 }, // 檚
    { 0, 0, 0, 0, 0, 0, 53723 }, // 檛
    { 0, 0, 0, 0, 0, 0, 53723 }, // 檜
    { 0, 0, 0, 0, 0, 0, 53723 }, // 檝
    { 0, 0, 0, 0, 0, 0, 53723 }, // 檞
    { 0, 0, 0, 0, 0, 0, 53723 }, // 檟
    { 0, 0, 0, 0, 0, 0, 53723 }, // 檠
    { 0, 0, 0, 0, 0, 0, 53723 }, // 檡
    { 32, 33, 33, 1, 29, 132, 53723 }, // 檢
    { 32, 33, 33, 1, 29, 132, 53855 }, // 次
    { 0, 0, 0, 0, 0, 0, 53987 }, // 欢
    { 0, 0, 0, 0, 0, 0, 53987 }, // 欣
    { 0, 0, 0, 0, 0, 0, 53987 }, // 欤
    { 0, 0, 0, 0, 0, 0, 53987 }, // 欥
    { 0, 0, 0, 0, 0, 0, 53987 }, // 欦
    { 0, 0, 0, 0, 0, 0, 53987 }, // 欧
    { 0, 0, 0, 0, 0, 0, 53987 }, // 欨
    { 0, 0, 0, 0, 0, 0, 53987 }, // 欩
    { 0, 0, 0, 0, 0, 0, 53987 }, // 欪
    { 0, 0, 0, 0, 0, 0, 53987 }, // 欫
    { 0, 0, 0, 0, 0, 0, 53987 }, // 欬
    { 0, 0, 0, 0, 0, 0, 53987 }, // 欭
    { 0, 0, 0, 0, 0, 0, 53987 }, // 欮
    { 0, 0, 0, 0, 0, 0, 53987 }, // 欯
    { 0, 0, 0, 0, 0, 0, 53987 }, // 欰
    { 0, 0, 0, 0, 0, 0, 53987 }, // 欱
    { 33, 33, 33, 0, 29, 137, 53987 }, // 欲
    { 31, 30, 33, 1, 28, 117, 54124 }, // 止
    { 31, 28, 33, 1, 26, 109, 54241 }, // 正
    { 32, 32, 33, 1, 29, 128, 54350 }, // 此
    { 31, 31, 33, 1, 28, 121, 54478 }, // 步
    { 0, 0, 0, 0, 0, 0, 54599 }, // 武
    { 0, 0, 0, 0, 0, 0, 54599 }, // 歧
    { 0, 0, 0, 0, 0, 0, 54599 }, // 歨
    { 0, 0, 0, 0, 0, 0, 54599 }, // 歩
    { 0, 0, 0, 0, 0, 0, 54599 }, // 歪
    { 0, 0, 0, 0, 0, 0, 54599 }, // 歫
    { 0, 0, 0, 0, 0, 0, 54599 }, // 歬
    { 0, 0, 0, 0, 0, 0, 54599 }, // 歭
    { 0, 0, 0, 0, 0, 0, 54599 }, // 歮
    { 0, 0, 0, 0, 0, 0, 54599 }, // 歯
    { 0, 0, 0, 0, 0, 0, 54599 }, // 歰
    { 0, 0, 0, 0, 0, 0, 54599 }, // 歱
    { 0, 0, 0, 0, 0, 0, 54599 }, // 歲
    { 0, 0, 0, 0, 0, 0, 54599 }, // 歳
    { 0, 0, 0, 0, 0, 0, 54599 }, // 歴
    { 0, 0, 0, 0, 0, 0, 54599 }, // 歵
    { 0, 0, 0, 0, 0, 0, 54599 }, // 歶
    { 31, 31, 33, 1, 27, 121, 54599 }, // 歷
    { 32, 33, 33, 1, 29, 132, 54720 }, // 段
    { 31, 33, 33, 1, 29, 128, 54852 }, // 每
    { 0, 0, 0, 0, 0, 0, 54980 }, // 毐
    { 0, 0, 0, 0, 0, 0, 54980 }, // 毑
    { 0, 0, 0, 0, 0, 0, 54980 }, // 毒
    { 0, 0, 0, 0, 0, 0, 54980 }, // 毓
    { 30, 31, 33, 2, 28, 117, 54980 }, // 比
    { 30, 33, 33, 2, 29, 124, 55097 }, // 氪
    { 0, 0, 0, 0, 0, 0, 55221 }, // 氫
    { 0, 0, 0, 0, 0, 0, 55221 }, // 氬
    { 0, 0, 0, 0, 0, 0, 55221 }, // 氭
    { 0, 0, 0, 0, 0, 0, 55221 }, // 氮
    { 0, 0, 0, 0, 0, 0, 55221 }, // 氯
    { 0, 0, 0, 0, 0, 0, 55221 }, // 氰
    { 0, 0, 0, 0, 0, 0, 55221 }, // 氱
    { 0, 0, 0, 0, 0, 0, 55221 }, // 氲
    { 0, 0, 0, 0, 0, 0, 55221 }, // 氳
    { 0, 0, 0, 0, 0, 0, 55221 }, // 水
    { 0, 0, 0, 0, 0, 0, 55221 }, // 氵
    { 0, 0, 0, 0, 0, 0, 55221 }, // 氶
    { 0, 0, 0, 0, 0, 0, 55221 }, // 氷
    { 32, 32, 33, 1, 29, 128, 55221 }, // 永
    { 0, 0, 0, 0, 0, 0, 55349 }, // 氹
    { 0, 0, 0, 0, 0, 0, 55349 }, // 氺
    { 0, 0, 0, 0, 0, 0, 55349 }, // 氻
    { 0, 0, 0, 0, 0, 0, 55349 }, // 氼
    { 0, 0, 0, 0, 0, 0, 55349 }, // 氽
    { 0, 0, 0, 0, 0, 0, 55349 }, // 氾
    { 0, 0, 0, 0, 0, 0, 55349 }, // 氿
    { 0, 0, 0, 0, 0, 0, 55349 }, // 汀
    { 0, 0, 0, 0, 0, 0, 55349 }, // 汁
    { 32, 32, 33, 1, 29, 128, 55349 }, // 求
    { 32, 32, 33, 1, 29, 128, 55477 }, // 池
    { 32, 33, 33, 1, 29, 132, 55605 }, // 沒
    { 0, 0, 0, 0, 0, 0, 55737 }, // 沓
    { 0, 0, 0, 0, 0, 0, 55737 }, // 沔
    { 0, 0, 0, 0, 0, 0, 55737 }, // 沕
    { 0, 0, 0, 0, 0, 0, 55737 }, // 沖
    { 0, 0, 0, 0, 0, 0, 55737 }, // 沗
    { 0, 0, 0, 0, 0, 0, 55737 }, // 沘
    { 0, 0, 0, 0, 0, 0, 55737 }, // 沙
    { 0, 0, 0, 0, 0, 0, 55737 }, // 沚
    { 0, 0, 0, 0, 0, 0, 55737 }, // 沛
    { 0, 0, 0, 0, 0, 0, 55737 }, // 沜
    { 0, 0, 0, 0, 0, 0, 55737 }, // 沝
    { 0, 0, 0, 0, 0, 0, 55737 }, // 沞
    { 0, 0, 0, 0, 0, 0, 55737 }, // 沟
    { 0, 0, 0, 0, 0, 0, 55737 }, // 沠
    { 32, 32, 33, 1, 28, 128, 55737 }, // 没
    { 30, 32, 33, 1, 28, 120, 55865 }, // 泊
    { 0, 0, 0, 0, 0, 0, 55985 }, // 泋
    { 0, 0, 0, 0, 0, 0, 55985 }, // 泌
    { 0, 0, 0, 0, 0, 0, 55985 }, // 泍
    { 0, 0, 0, 0, 0, 0, 55985 }, // 泎
    { 0, 0, 0, 0, 0, 0, 55985 }, // 泏
    { 0, 0, 0, 0, 0, 0, 55985 }, // 泐
    { 0, 0, 0, 0, 0, 0, 55985 }, // 泑
    { 0, 0, 0, 0, 0, 0, 55985 }, // 泒
    { 0, 0, 0, 0, 0, 0, 55985 }, // 泓
    { 0, 0, 0, 0, 0, 0, 55985 }, // 泔
    { 31, 33, 33, 1, 29, 128, 55985 }, // 法
    { 0, 0, 0, 0, 0, 0, 56113 }, // 泖
    { 0, 0, 0, 0, 0, 0, 56113 }, // 泗
    { 0, 0, 0, 0, 0, 0, 56113 }, // 泘
    { 0, 0, 0, 0, 0, 0, 56113 }, // 泙
    { 0, 0, 0, 0, 0, 0, 56113 }, // 泚
    { 0, 0, 0, 0, 0, 0, 56113 }, // 泛
    { 0, 0, 0, 0, 0, 0, 56113 }, // 泜
    { 0, 0, 0, 0, 0, 0, 56113 }, // 泝
    { 0, 0, 0, 0, 0, 0, 56113 }, // 泞
    { 0, 0, 0, 0, 0, 0, 56113 }, // 泟
    { 0, 0, 0, 0, 0, 0, 56113 }, // 泠
    { 0, 0, 0, 0, 0, 0, 56113 }, // 泡
    { 0, 0, 0, 0, 0, 0, 56113 }, // 波
    { 0, 0, 0, 0, 0, 0, 56113 }, // 泣
    { 0, 0, 0, 0, 0, 0, 56113 }, // 泤
    { 0, 0, 0, 0, 0, 0, 56113 }, // 泥
    { 0, 0, 0, 0, 0, 0, 56113 }, // 泦
    { 0, 0, 0, 0, 0, 0, 56113 }, // 泧
    { 32, 32, 33, 1, 29, 128, 56113 }, // 注
    { 31, 32, 33, 1, 29, 124, 56241 }, // 浅
    { 0, 0, 0, 0, 0, 0, 56365 }, // 浆
    { 0, 0, 0, 0, 0, 0, 56365 }, // 浇
    { 0, 0, 0, 0, 0, 0, 56365 }, // 浈
    { 0, 0, 0, 0, 0, 0, 56365 }, // 浉
    { 0, 0, 0, 0, 0, 0, 56365 }, // 浊
    { 0, 0, 0, 0, 0, 0, 56365 }, // 测
    { 0, 0, 0, 0, 0, 0, 56365 }, // 浌
    { 0, 0, 0, 0, 0, 0, 56365 }, // 浍
    { 0, 0, 0, 0, 0, 0, 56365 }, // 济
    { 30, 33, 33, 1, 29, 124, 56365 }, // 浏
    { 32, 33, 33, 1, 29, 132, 56489 }, // 海
    { 0, 0, 0, 0, 0, 0, 56621 }, // 浸
    { 0, 0, 0, 0, 0, 0, 56621 }, // 浹
    { 0, 0, 0, 0, 0, 0, 56621 }, // 浺
    { 0, 0, 0, 0, 0, 0, 56621 }, // 浻
    { 0, 0, 0, 0, 0, 0, 56621 }, // 浼
    { 0, 0, 0, 0, 0, 0, 56621 }, // 浽
    { 0, 0, 0, 0, 0, 0, 56621 }, // 浾
    { 0, 0, 0, 0, 0, 0, 56621 }, // 浿
    { 0, 0, 0, 0, 0, 0, 56621 }, // 涀
    { 0, 0, 0, 0, 0, 0, 56621 }, // 涁
    { 0, 0, 0, 0, 0, 0, 56621 }, // 涂
    { 0, 0, 0, 0, 0, 0, 56621 }, // 涃
    { 0, 0, 0, 0, 0, 0, 56621 }, // 涄
    { 0, 0, 0, 0, 0, 0, 56621 }, // 涅
    { 0, 0, 0, 0, 0, 0, 56621 }, // 涆
    { 0, 0, 0, 0, 0, 0, 56621 }, // 涇
    { 31, 33, 33, 1, 29, 128, 56621 }, // 消
    { 32, 31, 33, 1, 28, 124, 56749 }, // 淡
    { 0, 0, 0, 0, 0, 0, 56873 }, // 淢
    { 0, 0, 0, 0, 0, 0, 56873 }, // 淣
    { 0, 0, 0, 0, 0, 0, 56873 }, // 淤
    { 0, 0, 0, 0, 0, 0, 56873 }, // 淥
    { 0, 0, 0, 0, 0, 0, 56873 }, // 淦
    { 0, 0, 0, 0, 0, 0, 56873 }, // 淧
    { 0, 0, 0, 0, 0, 0, 56873 }, // 淨
    { 0, 0, 0, 0, 0, 0, 56873 }, // 淩
    { 0, 0, 0, 0, 0, 0, 56873 }, // 淪
    { 0, 0, 0, 0, 0, 0, 56873 }, // 淫
    { 0, 0, 0, 0, 0, 0, 56873 }, // 淬
    { 0, 0, 0, 0, 0, 0, 56873 }, // 淭
    { 0, 0, 0, 0, 0, 0, 56873 }, // 淮
    { 0, 0, 0, 0, 0, 0, 56873 }, // 淯
    { 0, 0, 0, 0, 0, 0, 56873 }, // 淰
    { 31, 31, 33, 1, 28, 121, 56873 }, // 深
    { 0, 0, 0, 0, 0, 0, 56994 }, // 淲
    { 0, 0, 0, 0, 0, 0, 56994 }, // 淳
    { 0, 0, 0, 0, 0, 0, 56994 }, // 淴
    { 0, 0, 0, 0, 0, 0, 56994 }, // 淵
    { 0, 0, 0, 0, 0, 0, 56994 }, // 淶
    { 0, 0, 0, 0, 0, 0, 56994 }, // 混
    { 0, 0, 0, 0, 0, 0, 56994 }, // 淸
    { 0, 0, 0, 0, 0, 0, 56994 }, // 淹
    { 0, 0, 0, 0, 0, 0, 56994 }, // 淺
    { 32, 32, 33, 1, 28, 128, 56994 }, // 添
    { 0, 0, 0, 0, 0, 0, 57122 }, // 淼
    { 0, 0, 0, 0, 0, 0, 57122 }, // 淽
    { 0, 0, 0, 0, 0, 0, 57122 }, // 淾
    { 0, 0, 0, 0, 0, 0, 57122 }, // 淿
    { 0, 0, 0, 0, 0, 0, 57122 }, // 渀
    { 0, 0, 0, 0, 0, 0, 57122 }, // 渁
    { 0, 0, 0, 0, 0, 0, 57122 }, // 渂
    { 0, 0, 0, 0, 0, 0, 57122 }, // 渃
    { 0, 0, 0, 0, 0, 0, 57122 }, // 渄
    { 31, 32, 33, 1, 28, 124, 57122 }, // 清
    { 32, 31, 33, 1, 28, 124, 57246 }, // 温
    { 32, 33, 33, 1, 29, 132, 57370 }, // 湊
    { 32, 32, 33, 1, 28, 128, 57502 }, // 源
    { 0, 0, 0, 0, 0, 0, 57630 }, // 溑
    { 0, 0, 0, 0, 0, 0, 57630 }, // 溒
    { 0, 0, 0, 0, 0, 0, 57630 }, // 溓
    { 0, 0, 0, 0, 0, 0, 57630 }, // 溔
    { 0, 0, 0, 0, 0, 0, 57630 }, // 溕
    { 31, 33, 33, 1, 29, 128, 57630 }, // 準
    { 0, 0, 0, 0, 0, 0, 57758 }, // 溗
    { 0, 0, 0, 0, 0, 0, 57758 }, // 溘
    { 0, 0, 0, 0, 0, 0, 57758 }, // 溙
    { 0, 0, 0, 0, 0, 0, 57758 }, // 溚
    { 0, 0, 0, 0, 0, 0, 57758 }, // 溛
    { 0, 0, 0, 0, 0, 0, 57758 }, // 溜
    { 0, 0, 0, 0, 0, 0, 57758 }, // 溝
    { 0, 0, 0, 0, 0, 0, 57758 }, // 溞
    { 0, 0, 0, 0, 0, 0, 57758 }, // 溟
    { 0, 0, 0, 0, 0, 0, 57758 }, // 溠
    { 0, 0, 0, 0, 0, 0, 57758 }, // 溡
    { 0, 0, 0, 0, 0, 0, 57758 }, // 溢
    { 0, 0, 0, 0, 0, 0, 57758 }, // 溣
    { 0, 0, 0, 0, 0, 0, 57758 }, // 溤
    { 0, 0, 0, 0, 0, 0, 57758 }, // 溥
    { 0, 0, 0, 0, 0, 0, 57758 }, // 溦
    { 0, 0, 0, 0, 0, 0, 57758 }, // 溧
    { 0, 0, 0, 0, 0, 0, 57758 }, // 溨
    { 0, 0, 0, 0, 0, 0, 57758 }, // 溩
    { 0, 0, 0, 0, 0, 0, 57758 }, // 溪
    { 32, 32, 33, 1, 29, 128, 57758 }, // 溫
    { 31, 31, 33, 1, 28, 121, 57886 }, // 滑
    { 0, 0, 0, 0, 0, 0, 58007 }, // 滒
    { 0, 0, 0, 0, 0, 0, 58007 }, // 滓
    { 0, 0, 0, 0, 0, 0, 58007 }, // 滔
    { 0, 0, 0, 0, 0, 0, 58007 }, // 滕
    { 0, 0, 0, 0, 0, 0, 58007 }, // 滖
    { 0, 0, 0, 0, 0, 0, 58007 }, // 滗
    { 0, 0, 0, 0, 0, 0, 58007 }, // 滘
    { 0, 0, 0, 0, 0, 0, 58007 }, // 滙
    { 0, 0, 0, 0, 0, 0, 58007 }, // 滚
    { 0, 0, 0, 0, 0, 0, 58007 }, // 滛
    { 0, 0, 0, 0, 0, 0, 58007 }, // 滜
    { 0, 0, 0, 0, 0, 0, 58007 }, // 滝
    { 0, 0, 0, 0, 0, 0, 58007 }, // 滞
    { 0, 0, 0, 0, 0, 0, 58007 }, // 滟
    { 0, 0, 0, 0, 0, 0, 58007 }, // 滠
    { 0, 0, 0, 0, 0, 0, 58007 }, // 满
    { 0, 0, 0, 0, 0, 0, 58007 }, // 滢
    { 0, 0, 0, 0, 0, 0, 58007 }, // 滣
    { 32, 33, 33, 1, 29, 132, 58007 }, // 滤
    { 30, 33, 33, 1, 29, 124, 58139 }, // 瀏
    { 32, 31, 33, 1, 28, 124, 58263 }, // 火
    { 0, 0, 0, 0, 0, 0, 58387 }, // 灬
    { 0, 0, 0, 0, 0, 0, 58387 }, // 灭
    { 0, 0, 0, 0, 0, 0, 58387 }, // 灮
    { 0, 0, 0, 0, 0, 0, 58387 }, // 灯
    { 31, 33, 33, 1, 29, 128, 58387 }, // 灰
    { 0, 0, 0, 0, 0, 0, 58515 }, // 灱
    { 0, 0, 0, 0, 0, 0, 58515 }, // 灲
    { 0, 0, 0, 0, 0, 0, 58515 }, // 灳
    { 0, 0, 0, 0, 0, 0, 58515 }, // 灴
    { 32, 31, 33, 1, 27, 124, 58515 }, // 灵
    { 31, 32, 33, 1, 28, 124, 58639 }, // 点
    { 32, 33, 33, 0, 29, 132, 58763 }, // 為
    { 32, 33, 33, 1, 29, 132, 58895 }, // 热
    { 31, 33, 33, 1, 29, 128, 59027 }, // 無
    { 32, 33, 33, 1, 29, 132, 59155 }, // 熱
    { 30, 33, 33, 1, 29, 124, 59287 }, // 片
    { 33, 33, 33, 0, 29, 137, 59411 }, // 版
    { 0, 0, 0, 0, 0, 0, 59548 }, // 牉
    { 0, 0, 0, 0, 0, 0, 59548 }, // 牊
    { 0, 0, 0, 0, 0, 0, 59548 }, // 牋
    { 0, 0, 0, 0, 0, 0, 59548 }, // 牌
    { 0, 0, 0, 0, 0, 0, 59548 }, // 牍
    { 0, 0, 0, 0, 0, 0, 59548 }, // 牎
    { 0, 0, 0, 0, 0, 0, 59548 }, // 牏
    { 0, 0, 0, 0, 0, 0, 59548 }, // 牐
    { 0, 0, 0, 0, 0, 0, 59548 }, // 牑
    { 0, 0, 0, 0, 0, 0, 59548 }, // 牒
    { 0, 0, 0, 0, 0, 0, 59548 }, // 牓
    { 0, 0, 0, 0, 0, 0, 59548 }, // 牔
    { 0, 0, 0, 0, 0, 0, 59548 }, // 牕
    { 0, 0, 0, 0, 0, 0, 59548 }, // 牖
    { 0, 0, 0, 0, 0, 0, 59548 }, // 牗
    { 0, 0, 0, 0, 0, 0, 59548 }, // 牘
    { 31, 31, 33, 1, 27, 121, 59548 }, // 牙
    { 0, 0, 0, 0, 0, 0, 59669 }, // 牚
    { 0, 0, 0, 0, 0, 0, 59669 }, // 牛
    { 0, 0, 0, 0, 0, 0, 59669 }, // 牜
    { 0, 0, 0, 0, 0, 0, 59669 }, // 牝
    { 0, 0, 0, 0, 0, 0, 59669 }, // 牞
    { 0, 0, 0, 0, 0, 0, 59669 }, // 牟
    { 0, 0, 0, 0, 0, 0, 59669 }, // 牠
    { 0, 0, 0, 0, 0, 0, 59669 }, // 牡
    { 0, 0, 0, 0, 0, 0, 59669 }, // 牢
    { 0, 0, 0, 0, 0, 0, 59669 }, // 牣
    { 0, 0, 0, 0, 0, 0, 59669 }, // 牤
    { 0, 0, 0, 0, 0, 0, 59669 }, // 牥
    { 0, 0, 0, 0, 0, 0, 59669 }, // 牦
    { 0, 0, 0, 0, 0, 0, 59669 }, // 牧
    { 0, 0, 0, 0, 0, 0, 59669 }, // 牨
    { 32, 33, 33, 0, 29, 132, 59669 }, // 物
    { 0, 0, 0, 0, 0, 0, 59801 }, // 牪
    { 0, 0, 0, 0, 0, 0, 59801 }, // 牫
    { 0, 0, 0, 0, 0, 0, 59801 }, // 牬
    { 0, 0, 0, 0, 0, 0, 59801 }, // 牭
    { 0, 0, 0, 0, 0, 0, 59801 }, // 牮
    { 0, 0, 0, 0, 0, 0, 59801 }, // 牯
    { 0, 0, 0, 0, 0, 0, 59801 }, // 牰
    { 0, 0, 0, 0, 0, 0, 59801 }, // 牱
    { 0, 0, 0, 0, 0, 0, 59801 }, // 牲
    { 0, 0, 0, 0, 0, 0, 59801 }, // 牳
    { 0, 0, 0, 0, 0, 0, 59801 }, // 牴
    { 0, 0, 0, 0, 0, 0, 59801 }, // 牵
    { 0, 0, 0, 0, 0, 0, 59801 }, // 牶
    { 0, 0, 0, 0, 0, 0, 59801 }, // 牷
    { 0, 0, 0, 0, 0, 0, 59801 }, // 牸
    { 31, 32, 33, 1, 29, 124, 59801 }, // 特
    { 32, 32, 33, 1, 29, 128, 59925 }, // 状
    { 32, 33, 33, 1, 29, 132, 60053 }, // 獲
    { 0, 0, 0, 0, 0, 0, 60185 }, // 獳
    { 0, 0, 0, 0, 0, 0, 60185 }, // 獴
    { 0, 0, 0, 0, 0, 0, 60185 }, // 獵
    { 0, 0, 0, 0, 0, 0, 60185 }, // 獶
    { 0, 0, 0, 0, 0, 0, 60185 }, // 獷
    { 0, 0, 0, 0, 0, 0, 60185 }, // 獸
    { 0, 0, 0, 0, 0, 0, 60185 }, // 獹
    { 0, 0, 0, 0, 0, 0, 60185 }, // 獺
    { 0, 0, 0, 0, 0, 0, 60185 }, // 獻
    { 0, 0, 0, 0, 0, 0, 60185 }, // 獼
    { 0, 0, 0, 0, 0, 0, 60185 }, // 獽
    { 0, 0, 0, 0, 0, 0, 60185 }, // 獾
    { 0, 0, 0, 0, 0, 0, 60185 }, // 獿
    { 0, 0, 0, 0, 0, 0, 60185 }, // 玀
    { 0, 0, 0, 0, 0, 0, 60185 }, // 玁
    { 0, 0, 0, 0, 0, 0, 60185 }, // 玂
    { 0, 0, 0, 0, 0, 0, 60185 }, // 玃
    { 0, 0, 0, 0, 0, 0, 60185 }, // 玄
    { 0, 0, 0, 0, 0, 0, 60185 }, // 玅
    { 0, 0, 0, 0, 0, 0, 60185 }, // 玆
    { 31, 33, 33, 1, 29, 128, 60185 }, // 率
    { 31, 31, 33, 1, 27, 121, 60313 }, // 现
    { 32, 31, 33, 1, 27, 124, 60434 }, // 現
    { 0, 0, 0, 0, 0, 0, 60558 }, // 珿
    { 0, 0, 0, 0, 0, 0, 60558 }, // 琀
    { 0, 0, 0, 0, 0, 0, 60558 }, // 琁
    { 0, 0, 0, 0, 0, 0, 60558 }, // 琂
    { 0, 0, 0, 0, 0, 0, 60558 }, // 球
    { 0, 0, 0, 0, 0, 0, 60558 }, // 琄
    { 0, 0, 0, 0, 0, 0, 60558 }, // 琅
    { 32, 29, 33, 1, 27, 116, 60558 }, // 理
    { 31, 31, 33, 1, 29, 121, 60674 }, // 生
    { 0, 0, 0, 0, 0, 0, 60795 }, // 甠
    { 0, 0, 0, 0, 0, 0, 60795 }, // 甡
    { 0, 0, 0, 0, 0, 0, 60795 }, // 產
    { 0, 0, 0, 0, 0, 0, 60795 }, // 産
    { 0, 0, 0, 0, 0, 0, 60795 }, // 甤
    { 0, 0, 0, 0, 0, 0, 60795 }, // 甥
    { 0, 0, 0, 0, 0, 0, 60795 }, // 甦
    { 0, 0, 0, 0, 0, 0, 60795 }, // 甧
    { 29, 30, 33, 1, 26, 109, 60795 }, // 用
    { 0, 0, 0, 0, 0, 0, 60904 }, // 甩
    { 0, 0, 0, 0, 0, 0, 60904 }, // 甪
    { 0, 0, 0, 0, 0, 0, 60904 }, // 甫
    { 0, 0, 0, 0, 0, 0, 60904 }, // 甬
    { 0, 0, 0, 0, 0, 0, 60904 }, // 甭
    { 0, 0, 0, 0, 0, 0, 60904 }, // 甮
    { 0, 0, 0, 0, 0, 0, 60904 }, // 甯
    { 0, 0, 0, 0, 0, 0, 60904 }, // 田
    { 27, 33, 33, 3, 29, 112, 60904 }, // 由
    { 0, 0, 0, 0, 0, 0, 61016 }, // 甲
    { 0, 0, 0, 0, 0, 0, 61016 }, // 申
    { 0, 0, 0, 0, 0, 0, 61016 }, // 甴
    { 29, 32, 33, 4, 29, 116, 61016 }, // 电
    { 32, 31, 33, 1, 27, 124, 61132 }, // 界
    { 0, 0, 0, 0, 0, 0, 61256 }, // 畍
    { 0, 0, 0, 0, 0, 0, 61256 }, // 畎
    { 0, 0, 0, 0, 0, 0, 61256 }, // 畏
    { 0, 0, 0, 0, 0, 0, 61256 }, // 畐
    { 0, 0, 0, 0, 0, 0, 61256 }, // 畑
    { 0, 0, 0, 0, 0, 0, 61256 }, // 畒
    { 0, 0, 0, 0, 0, 0, 61256 }, // 畓
    { 0, 0, 0, 0, 0, 0, 61256 }, // 畔
    { 0, 0, 0, 0, 0, 0, 61256 }, // 畕
    { 0, 0, 0, 0, 0, 0, 61256 }, // 畖
    { 0, 0, 0, 0, 0, 0, 61256 }, // 畗
    { 0, 0, 0, 0, 0, 0, 61256 }, // 畘
    { 29, 33, 33, 2, 29, 120, 61256 }, // 留
    { 0, 0, 0, 0, 0, 0, 61376 }, // 畚
    { 0, 0, 0, 0, 0, 0, 61376 }, // 畛
    { 0, 0, 0, 0, 0, 0, 61376 }, // 畜
    { 0, 0, 0, 0, 0, 0, 61376 }, // 畝
    { 0, 0, 0, 0, 0, 0, 61376 }, // 畞
    { 0, 0, 0, 0, 0, 0, 61376 }, // 畟
    { 0, 0, 0, 0, 0, 0, 61376 }, // 畠
    { 0, 0, 0, 0, 0, 0, 61376 }, // 畡
    { 0, 0, 0, 0, 0, 0, 61376 }, // 畢
    { 0, 0, 0, 0, 0, 0, 61376 }, // 畣
    { 0, 0, 0, 0, 0, 0, 61376 }, // 畤
    { 31, 33, 33, 2, 29, 128, 61376 }, // 略
    { 0, 0, 0, 0, 0, 0, 61504 }, // 畦
    { 0, 0, 0, 0, 0, 0, 61504 }, // 畧
    { 0, 0, 0, 0, 0, 0, 61504 }, // 畨
    { 0, 0, 0, 0, 0, 0, 61504 }, // 畩
    { 32, 32, 33, 1, 28, 128, 61504 }, // 番
    { 0, 0, 0, 0, 0, 0, 61632 }, // 畫
    { 0, 0, 0, 0, 0, 0, 61632 }, // 畬
    { 0, 0, 0, 0, 0, 0, 61632 }, // 畭
    { 0, 0, 0, 0, 0, 0, 61632 }, // 畮
    { 0, 0, 0, 0, 0, 0, 61632 }, // 畯
    { 31, 31, 33, 1, 27, 121, 61632 }, // 異
    { 0, 0, 0, 0, 0, 0, 61753 }, // 畱
    { 0, 0, 0, 0, 0, 0, 61753 }, // 畲
    { 0, 0, 0, 0, 0, 0, 61753 }, // 畳
    { 0, 0, 0, 0, 0, 0, 61753 }, // 畴
    { 0, 0, 0, 0, 0, 0, 61753 }, // 畵
    { 29, 32, 33, 2, 28, 116, 61753 }, // 當
    { 0, 0, 0, 0, 0, 0, 61869 }, // 畷
    { 0, 0, 0, 0, 0, 0, 61869 }, // 畸
    { 0, 0, 0, 0, 0, 0, 61869 }, // 畹
    { 0, 0, 0, 0, 0, 0, 61869 }, // 畺
    { 0, 0, 0, 0, 0, 0, 61869 }, // 畻
    { 0, 0, 0, 0, 0, 0, 61869 }, // 畼
    { 0, 0, 0, 0, 0, 0, 61869 }, // 畽
    { 0, 0, 0, 0, 0, 0, 61869 }, // 畾
    { 0, 0, 0, 0, 0, 0, 61869 }, // 畿
    { 0, 0, 0, 0, 0, 0, 61869 }, // 疀
    { 0, 0, 0, 0, 0, 0, 61869 }, // 疁
    { 0, 0, 0, 0, 0, 0, 61869 }, // 疂
    { 0, 0, 0, 0, 0, 0, 61869 }, // 疃
    { 0, 0, 0, 0, 0, 0, 61869 }, // 疄
    { 0, 0, 0, 0, 0, 0, 61869 }, // 疅
    { 0, 0, 0, 0, 0, 0, 61869 }, // 疆
    { 0, 0, 0, 0, 0, 0, 61869 }, // 疇
    { 0, 0, 0, 0, 0, 0, 61869 }, // 疈
    { 0, 0, 0, 0, 0, 0, 61869 }, // 疉
    { 31, 29, 33, 1, 27, 113, 61869 }, // 疊
    { 33, 32, 33, 0, 29, 132, 61982 }, // 登
    { 33, 33, 33, 0, 29, 137, 62114 }, // 發
    { 25, 33, 33, 4, 29, 104, 62251 }, // 白
    { 30, 31, 33, 2, 27, 117, 62355 }, // 百
    { 0, 0, 0, 0, 0, 0, 62472 }, // 癿
    { 0, 0, 0, 0, 0, 0, 62472 }, // 皀
    { 0, 0, 0, 0, 0, 0, 62472 }, // 皁
    { 0, 0, 0, 0, 0, 0, 62472 }, // 皂
    { 0, 0, 0, 0, 0, 0, 62472 }, // 皃
    { 29, 32, 33, 2, 29, 116, 62472 }, // 的
    { 31, 32, 33, 1, 29, 124, 62588 }, // 盖
    { 0, 0, 0, 0, 0, 0, 62712 }, // 盗
    { 31, 32, 33, 1, 29, 124, 62712 }, // 盘
    { 0, 0, 0, 0, 0, 0, 62836 }, // 盙
    { 0, 0, 0, 0, 0, 0, 62836 }, // 盚
    { 0, 0, 0, 0, 0, 0, 62836 }, // 盛
    { 0, 0, 0, 0, 0, 0, 62836 }, // 盜
    { 0, 0, 0, 0, 0, 0, 62836 }, // 盝
    { 0, 0, 0, 0, 0, 0, 62836 }, // 盞
    { 0, 0, 0, 0, 0, 0, 62836 }, // 盟
    { 0, 0, 0, 0, 0, 0, 62836 }, // 盠
    { 0, 0, 0, 0, 0, 0, 62836 }, // 盡
    { 0, 0, 0, 0, 0, 0, 62836 }, // 盢
    { 0, 0, 0, 0, 0, 0, 62836 }, // 監
    { 32, 32, 33, 1, 29, 128, 62836 }, // 盤
    { 0, 0, 0, 0, 0, 0, 62964 }, // 盥
    { 0, 0, 0, 0, 0, 0, 62964 }, // 盦
    { 0, 0, 0, 0, 0, 0, 62964 }, // 盧
    { 0, 0, 0, 0, 0, 0, 62964 }, // 盨
    { 0, 0, 0, 0, 0, 0, 62964 }, // 盩
    { 0, 0, 0, 0, 0, 0, 62964 }, // 盪
    { 0, 0, 0, 0, 0, 0, 62964 }, // 盫
    { 0, 0, 0, 0, 0, 0, 62964 }, // 盬
    { 0, 0, 0, 0, 0, 0, 62964 }, // 盭
    { 23, 29, 33, 5, 26, 84, 62964 }, // 目
    { 0, 0, 0, 0, 0, 0, 63048 }, // 盯
    { 0, 0, 0, 0, 0, 0, 63048 }, // 盰
    { 0, 0, 0, 0, 0, 0, 63048 }, // 盱
    { 0, 0, 0, 0, 0, 0, 63048 }, // 盲
    { 0, 0, 0, 0, 0, 0, 63048 }, // 盳
    { 31, 31, 33, 1, 29, 121, 63048 }, // 直
    { 31, 33, 33, 1, 29, 128, 63169 }, // 真
    { 31, 31, 33, 2, 27, 121, 63297 }, // 眠
    { 31, 31, 33, 2, 27, 121, 63418 }, // 眼
    { 0, 0, 0, 0, 0, 0, 63539 }, // 眽
    { 32, 31, 33, 0, 27, 124, 63539 }, // 眾
    { 30, 33, 33, 1, 29, 124, 63663 }, // 知
    { 0, 0, 0, 0, 0, 0, 63787 }, // 矦
    { 0, 0, 0, 0, 0, 0, 63787 }, // 矧
    { 0, 0, 0, 0, 0, 0, 63787 }, // 矨
    { 0, 0, 0, 0, 0, 0, 63787 }, // 矩
    { 0, 0, 0, 0, 0, 0, 63787 }, // 矪
    { 0, 0, 0, 0, 0, 0, 63787 }, // 矫
    { 0, 0, 0, 0, 0, 0, 63787 }, // 矬
    { 31, 31, 33, 1, 28, 121, 63787 }, // 短
    { 0, 0, 0, 0, 0, 0, 63908 }, // 矮
    { 0, 0, 0, 0, 0, 0, 63908 }, // 矯
    { 0, 0, 0, 0, 0, 0, 63908 }, // 矰
    { 0, 0, 0, 0, 0, 0, 63908 }, // 矱
    { 0, 0, 0, 0, 0, 0, 63908 }, // 矲
    { 32, 30, 33, 0, 26, 120, 63908 }, // 石
    { 0, 0, 0, 0, 0, 0, 64028 }, // 矴
    { 0, 0, 0, 0, 0, 0, 64028 }, // 矵
    { 0, 0, 0, 0, 0, 0, 64028 }, // 矶
    { 0, 0, 0, 0, 0, 0, 64028 }, // 矷
    { 0, 0, 0, 0, 0, 0, 64028 }, // 矸
    { 0, 0, 0, 0, 0, 0, 64028 }, // 矹
    { 0, 0, 0, 0, 0, 0, 64028 }, // 矺
    { 0, 0, 0, 0, 0, 0, 64028 }, // 矻
    { 0, 0, 0, 0, 0, 0, 64028 }, // 矼
    { 0, 0, 0, 0, 0, 0, 64028 }, // 矽
    { 0, 0, 0, 0, 0, 0, 64028 }, // 矾
    { 0, 0, 0, 0, 0, 0, 64028 }, // 矿
    { 0, 0, 0, 0, 0, 0, 64028 }, // 砀
    { 32, 31, 33, 0, 27, 124, 64028 }, // 码
    { 0, 0, 0, 0, 0, 0, 64152 }, // 砂
    { 0, 0, 0, 0, 0, 0, 64152 }, // 砃
    { 0, 0, 0, 0, 0, 0, 64152 }, // 砄
    { 0, 0, 0, 0, 0, 0, 64152 }, // 砅
    { 0, 0, 0, 0, 0, 0, 64152 }, // 砆
    { 0, 0, 0, 0, 0, 0, 64152 }, // 砇
    { 0, 0, 0, 0, 0, 0, 64152 }, // 砈
    { 0, 0, 0, 0, 0, 0, 64152 }, // 砉
    { 0, 0, 0, 0, 0, 0, 64152 }, // 砊
    { 0, 0, 0, 0, 0, 0, 64152 }, // 砋
    { 0, 0, 0, 0, 0, 0, 64152 }, // 砌
    { 0, 0, 0, 0, 0, 0, 64152 }, // 砍
    { 0, 0, 0, 0, 0, 0, 64152 }, // 砎
    { 0, 0, 0, 0, 0, 0, 64152 }, // 砏
    { 0, 0, 0, 0, 0, 0, 64152 }, // 砐
    { 0, 0, 0, 0, 0, 0, 64152 }, // 砑
    { 0, 0, 0, 0, 0, 0, 64152 }, // 砒
    { 0, 0, 0, 0, 0, 0, 64152 }, // 砓
    { 31, 31, 33, 1, 27, 121, 64152 }, // 研
    { 32, 33, 33, 0, 29, 132, 64273 }, // 破
    { 30, 33, 33, 1, 29, 124, 64405 }, // 确
    { 32, 33, 33, 0, 29, 132, 64529 }, // 確
    { 0, 0, 0, 0, 0, 0, 64661 }, // 碻
    { 32, 31, 33, 0, 27, 124, 64661 }, // 碼
    { 31, 29, 33, 1, 26, 113, 64785 }, // 示
    { 30, 33, 33, 1, 29, 124, 64898 }, // 神
    { 31, 32, 33, 1, 28, 124, 65022 }, // 禁
    { 30, 33, 33, 2, 29, 124, 65146 }, // 离
    { 32, 33, 33, 0, 29, 132, 65270 }, // 秒
    { 31, 32, 33, 1, 28, 124, 65402 }, // 称
    { 0, 0, 0, 0, 0, 0, 65526 }, // 秱
    { 0, 0, 0, 0, 0, 0, 65526 }, // 秲
    { 0, 0, 0, 0, 0, 0, 65526 }, // 秳
    { 0, 0, 0, 0, 0, 0, 65526 }, // 秴
    { 0, 0, 0, 0, 0, 0, 65526 }, // 秵
    { 0, 0, 0, 0, 0, 0, 65526 }, // 秶
    { 0, 0, 0, 0, 0, 0, 65526 }, // 秷
    { 0, 0, 0, 0, 0, 0, 65526 }, // 秸
    { 0, 0, 0, 0, 0, 0, 65526 }, // 秹
    { 0, 0, 0, 0, 0, 0, 65526 }, // 秺
    { 31, 33, 33, 1, 29, 128, 65526 }, // 移
    { 0, 0, 0, 0, 0, 0, 65654 }, // 秼
    { 0, 0, 0, 0, 0, 0, 65654 }, // 秽
    { 0, 0, 0, 0, 0, 0, 65654 }, // 秾
    { 0, 0, 0, 0, 0, 0, 65654 }, // 秿
    { 0, 0, 0, 0, 0, 0, 65654 }, // 稀
    { 0, 0, 0, 0, 0, 0, 65654 }, // 稁
    { 0, 0, 0, 0, 0, 0, 65654 }, // 稂
    { 0, 0, 0, 0, 0, 0, 65654 }, // 稃
    { 0, 0, 0, 0, 0, 0, 65654 }, // 稄
    { 0, 0, 0, 0, 0, 0, 65654 }, // 稅
    { 0, 0, 0, 0, 0, 0, 65654 }, // 稆
    { 0, 0, 0, 0, 0, 0, 65654 }, // 稇
    { 0, 0, 0, 0, 0, 0, 65654 }, // 稈
    { 0, 0, 0, 0, 0, 0, 65654 }, // 稉
    { 0, 0, 0, 0, 0, 0, 65654 }, // 稊
    { 33, 32, 33, 0, 28, 132, 65654 }, // 程
    { 0, 0, 0, 0, 0, 0, 65786 }, // 稌
    { 31, 33, 33, 1, 29, 128, 65786 }, // 稍
    { 32, 32, 33, 1, 28, 128, 65914 }, // 稱
    { 29, 33, 33, 2, 29, 120, 66042 }, // 穷
    { 0, 0, 0, 0, 0, 0, 66162 }, // 穸
    { 0, 0, 0, 0, 0, 0, 66162 }, // 穹
    { 29, 31, 33, 2, 29, 113, 66162 }, // 空
    { 30, 32, 33, 1, 29, 120, 66275 }, // 窮
    { 31, 31, 33, 1, 29, 121, 66395 }, // 立
    { 0, 0, 0, 0, 0, 0, 66516 }, // 竌
    { 0, 0, 0, 0, 0, 0, 66516 }, // 竍
    { 0, 0, 0, 0, 0, 0, 66516 }, // 竎
    { 0, 0, 0, 0, 0, 0, 66516 }, // 竏
    { 0, 0, 0, 0, 0, 0, 66516 }, // 竐
    { 0, 0, 0, 0, 0, 0, 66516 }, // 竑
    { 0, 0, 0, 0, 0, 0, 66516 }, // 竒
    { 0, 0, 0, 0, 0, 0, 66516 }, // 竓
    { 0, 0, 0, 0, 0, 0, 66516 }, // 竔
    { 0, 0, 0, 0, 0, 0, 66516 }, // 竕
    { 31, 31, 33, 1, 28, 121, 66516 }, // 竖
    { 0, 0, 0, 0, 0, 0, 66637 }, // 竗
    { 0, 0, 0, 0, 0, 0, 66637 }, // 竘
    { 0, 0, 0, 0, 0, 0, 66637 }, // 站
    { 0, 0, 0, 0, 0, 0, 66637 }, // 竚
    { 0, 0, 0, 0, 0, 0, 66637 }, // 竛
    { 0, 0, 0, 0, 0, 0, 66637 }, // 竜
    { 0, 0, 0, 0, 0, 0, 66637 }, // 竝
    { 0, 0, 0, 0, 0, 0, 66637 }, // 竞
    { 0, 0, 0, 0, 0, 0, 66637 }, // 竟
    { 31, 32, 33, 1, 29, 124, 66637 }, // 章
    { 0, 0, 0, 0, 0, 0, 66761 }, // 竡
    { 0, 0, 0, 0, 0, 0, 66761 }, // 竢
    { 0, 0, 0, 0, 0, 0, 66761 }, // 竣
    { 0, 0, 0, 0, 0, 0, 66761 }, // 竤
    { 0, 0, 0, 0, 0, 0, 66761 }, // 童
    { 0, 0, 0, 0, 0, 0, 66761 }, // 竦
    { 0, 0, 0, 0, 0, 0, 66761 }, // 竧
    { 0, 0, 0, 0, 0, 0, 66761 }, // 竨
    { 0, 0, 0, 0, 0, 0, 66761 }, // 竩
    { 0, 0, 0, 0, 0, 0, 66761 }, // 竪
    { 0, 0, 0, 0, 0, 0, 66761 }, // 竫
    { 0, 0, 0, 0, 0, 0, 66761 }, // 竬
    { 0, 0, 0, 0, 0, 0, 66761 }, // 竭
    { 0, 0, 0, 0, 0, 0, 66761 }, // 竮
    { 31, 31, 33, 1, 28, 121, 66761 }, // 端
    { 31, 32, 33, 1, 29, 124, 66882 }, // 笔
    { 0, 0, 0, 0, 0, 0, 67006 }, // 笕
    { 0, 0, 0, 0, 0, 0, 67006 }, // 笖
    { 0, 0, 0, 0, 0, 0, 67006 }, // 笗
    { 0, 0, 0, 0, 0, 0, 67006 }, // 笘
    { 0, 0, 0, 0, 0, 0, 67006 }, // 笙
    { 0, 0, 0, 0, 0, 0, 67006 }, // 笚
    { 0, 0, 0, 0, 0, 0, 67006 }, // 笛
    { 0, 0, 0, 0, 0, 0, 67006 }, // 笜
    { 0, 0, 0, 0, 0, 0, 67006 }, // 笝
    { 0, 0, 0, 0, 0, 0, 67006 }, // 笞
    { 0, 0, 0, 0, 0, 0, 67006 }, // 笟
    { 0, 0, 0, 0, 0, 0, 67006 }, // 笠
    { 0, 0, 0, 0, 0, 0, 67006 }, // 笡
    { 0, 0, 0, 0, 0, 0, 67006 }, // 笢
    { 0, 0, 0, 0, 0, 0, 67006 }, // 笣
    { 0, 0, 0, 0, 0, 0, 67006 }, // 笤
    { 0, 0, 0, 0, 0, 0, 67006 }, // 笥
    { 31, 33, 33, 1, 29, 128, 67006 }, // 符
    { 0, 0, 0, 0, 0, 0, 67134 }, // 笧
    { 0, 0, 0, 0, 0, 0, 67134 }, // 笨
    { 0, 0, 0, 0, 0, 0, 67134 }, // 笩
    { 0, 0, 0, 0, 0, 0, 67134 }, // 笪
    { 0, 0, 0, 0, 0, 0, 67134 }, // 笫
    { 31, 33, 33, 1, 29, 128, 67134 }, // 第
    { 31, 32, 33, 1, 29, 124, 67262 }, // 筆
    { 0, 0, 0, 0, 0, 0, 67386 }, // 筇
    { 0, 0, 0, 0, 0, 0, 67386 }, // 筈
    { 31, 32, 33, 1, 29, 124, 67386 }, // 等
    { 32, 32, 33, 1, 29, 128, 67510 }, // 签
    { 0, 0, 0, 0, 0, 0, 67638 }, // 筿
    { 30, 33, 33, 1, 29, 124, 67638 }, // 简
    { 31, 33, 33, 1, 29, 128, 67762 }, // 管
    { 0, 0, 0, 0, 0, 0, 67890 }, // 箢
    { 0, 0, 0, 0, 0, 0, 67890 }, // 箣
    { 0, 0, 0, 0, 0, 0, 67890 }, // 箤
    { 0, 0, 0, 0, 0, 0, 67890 }, // 箥
    { 0, 0, 0, 0, 0, 0, 67890 }, // 箦
    { 0, 0, 0, 0, 0, 0, 67890 }, // 箧
    { 0, 0, 0, 0, 0, 0, 67890 }, // 箨
    { 0, 0, 0, 0, 0, 0, 67890 }, // 箩
    { 0, 0, 0, 0, 0, 0, 67890 }, // 箪
    { 0, 0, 0, 0, 0, 0, 67890 }, // 箫
    { 0, 0, 0, 0, 0, 0, 67890 }, // 箬
    { 0, 0, 0, 0, 0, 0, 67890 }, // 箭
    { 0, 0, 0, 0, 0, 0, 67890 }, // 箮
    { 0, 0, 0, 0, 0, 0, 67890 }, // 箯
    { 0, 0, 0, 0, 0, 0, 67890 }, // 箰
    { 31, 33, 33, 1, 29, 128, 67890 }, // 箱
    { 0, 0, 0, 0, 0, 0, 68018 }, // 箲
    { 0, 0, 0, 0, 0, 0, 68018 }, // 箳
    { 0, 0, 0, 0, 0, 0, 68018 }, // 箴
    { 0, 0, 0, 0, 0, 0, 68018 }, // 箵
    { 0, 0, 0, 0, 0, 0, 68018 }, // 箶
    { 0, 0, 0, 0, 0, 0, 68018 }, // 箷
    { 0, 0, 0, 0, 0, 0, 68018 }, // 箸
    { 0, 0, 0, 0, 0, 0, 68018 }, // 箹
    { 0, 0, 0, 0, 0, 0, 68018 }, // 箺
    { 0, 0, 0, 0, 0, 0, 68018 }, // 箻
    { 0, 0, 0, 0, 0, 0, 68018 }, // 箼
    { 0, 0, 0, 0, 0, 0, 68018 }, // 箽
    { 0, 0, 0, 0, 0, 0, 68018 }, // 箾
    { 0, 0, 0, 0, 0, 0, 68018 }, // 箿
    { 31, 33, 33, 1, 29, 128, 68018 }, // 節
    { 0, 0, 0, 0, 0, 0, 68146 }, // 篁
    { 0, 0, 0, 0, 0, 0, 68146 }, // 篂
    { 0, 0, 0, 0, 0, 0, 68146 }, // 篃
    { 32, 32, 33, 1, 29, 128, 68146 }, // 範
    { 31, 33, 33, 1, 29, 128, 68274 }, // 簡
    { 31, 33, 33, 1, 29, 128, 68402 }, // 籍
    { 31, 33, 33, 1, 29, 128, 68530 }, // 籤
    { 32, 33, 33, 1, 29, 132, 68658 }, // 类
    { 32, 33, 33, 0, 29, 132, 68790 }, // 粘
    { 30, 31, 33, 2, 28, 117, 68922 }, // 系
    { 0, 0, 0, 0, 0, 0, 69039 }, // 糼
    { 0, 0, 0, 0, 0, 0, 69039 }, // 糽
    { 0, 0, 0, 0, 0, 0, 69039 }, // 糾
    { 0, 0, 0, 0, 0, 0, 69039 }, // 糿
    { 0, 0, 0, 0, 0, 0, 69039 }, // 紀
    { 0, 0, 0, 0, 0, 0, 69039 }, // 紁
    { 0, 0, 0, 0, 0, 0, 69039 }, // 紂
    { 0, 0, 0, 0, 0, 0, 69039 }, // 紃
    { 0, 0, 0, 0, 0, 0, 69039 }, // 約
    { 0, 0, 0, 0, 0, 0, 69039 }, // 紅
    { 0, 0, 0, 0, 0, 0, 69039 }, // 紆
    { 0, 0, 0, 0, 0, 0, 69039 }, // 紇
    { 0, 0, 0, 0, 0, 0, 69039 }, // 紈
    { 0, 0, 0, 0, 0, 0, 69039 }, // 紉
    { 0, 0, 0, 0, 0, 0, 69039 }, // 紊
    { 0, 0, 0, 0, 0, 0, 69039 }, // 紋
    { 0, 0, 0, 0, 0, 0, 69039 }, // 紌
    { 30, 33, 33, 1, 29, 124, 69039 }, // 納
    { 0, 0, 0, 0, 0, 0, 69163 }, // 紎
    { 0, 0, 0, 0, 0, 0, 69163 }, // 紏
    { 0, 0, 0, 0, 0, 0, 69163 }, // 紐
    { 0, 0, 0, 0, 0, 0, 69163 }, // 紑
    { 0, 0, 0, 0, 0, 0, 69163 }, // 紒
    { 0, 0, 0, 0, 0, 0, 69163 }, // 紓
    { 0, 0, 0, 0, 0, 0, 69163 }, // 純
    { 0, 0, 0, 0, 0, 0, 69163 }, // 紕
    { 0, 0, 0, 0, 0, 0, 69163 }, // 紖
    { 0, 0, 0, 0, 0, 0, 69163 }, // 紗
    { 0, 0, 0, 0, 0, 0, 69163 }, // 紘
    { 32, 33, 33, 1, 29, 132, 69163 }, // 紙
    { 32, 33, 33, 1, 29, 132, 69295 }, // 級
    { 0, 0, 0, 0, 0, 0, 69427 }, // 紛
    { 0, 0, 0, 0, 0, 0, 69427 }, // 紜
    { 0, 0, 0, 0, 0, 0, 69427 }, // 紝
    { 0, 0, 0, 0, 0, 0, 69427 }, // 紞
    { 0, 0, 0, 0, 0, 0, 69427 }, // 紟
    { 0, 0, 0, 0, 0, 0, 69427 }, // 素
    { 0, 0, 0, 0, 0, 0, 69427 }, // 紡
    { 30, 32, 33, 2, 29, 120, 69427 }, // 索
    { 0, 0, 0, 0, 0, 0, 69547 }, // 紣
    { 0, 0, 0, 0, 0, 0, 69547 }, // 紤
    { 0, 0, 0, 0, 0, 0, 69547 }, // 紥
    { 0, 0, 0, 0, 0, 0, 69547 }, // 紦
    { 30, 31, 33, 2, 28, 117, 69547 }, // 紧
    { 0, 0, 0, 0, 0, 0, 69664 }, // 紨
    { 0, 0, 0, 0, 0, 0, 69664 }, // 紩
    { 0, 0, 0, 0, 0, 0, 69664 }, // 紪
    { 0, 0, 0, 0, 0, 0, 69664 }, // 紫
    { 0, 0, 0, 0, 0, 0, 69664 }, // 紬
    { 0, 0, 0, 0, 0, 0, 69664 }, // 紭
    { 0, 0, 0, 0, 0, 0, 69664 }, // 紮
    { 30, 30, 33, 1, 27, 113, 69664 }, // 累
    { 31, 32, 33, 1, 29, 124, 69777 }, // 細
    { 32, 31, 33, 1, 28, 124, 69901 }, // 絕
    { 0, 0, 0, 0, 0, 0, 70025 }, // 絖
    { 0, 0, 0, 0, 0, 0, 70025 }, // 絗
    { 0, 0, 0, 0, 0, 0, 70025 }, // 絘
    { 0, 0, 0, 0, 0, 0, 70025 }, // 絙
    { 0, 0, 0, 0, 0, 0, 70025 }, // 絚
    { 0, 0, 0, 0, 0, 0, 70025 }, // 絛
    { 0, 0, 0, 0, 0, 0, 70025 }, // 絜
    { 0, 0, 0, 0, 0, 0, 70025 }, // 絝
    { 0, 0, 0, 0, 0, 0, 70025 }, // 絞
    { 0, 0, 0, 0, 0, 0, 70025 }, // 絟
    { 0, 0, 0, 0, 0, 0, 70025 }, // 絠
    { 32, 33, 33, 1, 29, 132, 70025 }, // 絡
    { 0, 0, 0, 0, 0, 0, 70157 }, // 絢
    { 0, 0, 0, 0, 0, 0, 70157 }, // 絣
    { 0, 0, 0, 0, 0, 0, 70157 }, // 絤
    { 0, 0, 0, 0, 0, 0, 70157 }, // 絥
    { 0, 0, 0, 0, 0, 0, 70157 }, // 給
    { 0, 0, 0, 0, 0, 0, 70157 }, // 絧
    { 0, 0, 0, 0, 0, 0, 70157 }, // 絨
    { 0, 0, 0, 0, 0, 0, 70157 }, // 絩
    { 0, 0, 0, 0, 0, 0, 70157 }, // 絪
    { 0, 0, 0, 0, 0, 0, 70157 }, // 絫
    { 0, 0, 0, 0, 0, 0, 70157 }, // 絬
    { 0, 0, 0, 0, 0, 0, 70157 }, // 絭
    { 0, 0, 0, 0, 0, 0, 70157 }, // 絮
    { 0, 0, 0, 0, 0, 0, 70157 }, // 絯
    { 0, 0, 0, 0, 0, 0, 70157 }, // 絰
    { 31, 33, 33, 1, 29, 128, 70157 }, // 統
    { 31, 33, 33, 1, 29, 128, 70285 }, // 維
    { 0, 0, 0, 0, 0, 0, 70413 }, // 綮
    { 0, 0, 0, 0, 0, 0, 70413 }, // 綯
    { 0, 0, 0, 0, 0, 0, 70413 }, // 綰
    { 0, 0, 0, 0, 0, 0, 70413 }, // 綱
    { 31, 33, 33, 1, 29, 128, 70413 }, // 網
    { 30, 30, 33, 2, 27, 113, 70541 }, // 緊
    { 0, 0, 0, 0, 0, 0, 70654 }, // 緋
    { 0, 0, 0, 0, 0, 0, 70654 }, // 緌
    { 0, 0, 0, 0, 0, 0, 70654 }, // 緍
    { 0, 0, 0, 0, 0, 0, 70654 }, // 緎
    { 0, 0, 0, 0, 0, 0, 70654 }, // 総
    { 0, 0, 0, 0, 0, 0, 70654 }, // 緐
    { 0, 0, 0, 0, 0, 0, 70654 }, // 緑
    { 0, 0, 0, 0, 0, 0, 70654 }, // 緒
    { 0, 0, 0, 0, 0, 0, 70654 }, // 緓
    { 0, 0, 0, 0, 0, 0, 70654 }, // 緔
    { 0, 0, 0, 0, 0, 0, 70654 }, // 緕
    { 0, 0, 0, 0, 0, 0, 70654 }, // 緖
    { 0, 0, 0, 0, 0, 0, 70654 }, // 緗
    { 0, 0, 0, 0, 0, 0, 70654 }, // 緘
    { 0, 0, 0, 0, 0, 0, 70654 }, // 緙
    { 32, 33, 33, 1, 29, 132, 70654 }, // 線
    { 0, 0, 0, 0, 0, 0, 70786 }, // 緛
    { 0, 0, 0, 0, 0, 0, 70786 }, // 緜
    { 0, 0, 0, 0, 0, 0, 70786 }, // 緝
    { 0, 0, 0, 0, 0, 0, 70786 }, // 緞
    { 0, 0, 0, 0, 0, 0, 70786 }, // 緟
    { 0, 0, 0, 0, 0, 0, 70786 }, // 締
    { 0, 0, 0, 0, 0, 0, 70786 }, // 緡
    { 0, 0, 0, 0, 0, 0, 70786 }, // 緢
    { 0, 0, 0, 0, 0, 0, 70786 }, // 緣
    { 0, 0, 0, 0, 0, 0, 70786 }, // 緤
    { 0, 0, 0, 0, 0, 0, 70786 }, // 緥
    { 0, 0, 0, 0, 0, 0, 70786 }, // 緦
    { 0, 0, 0, 0, 0, 0, 70786 }, // 緧
    { 0, 0, 0, 0, 0, 0, 70786 }, // 編
    { 32, 33, 33, 1, 29, 132, 70786 }, // 緩
    { 31, 32, 33, 1, 29, 124, 70918 }, // 縮
    { 0, 0, 0, 0, 0, 0, 71042 }, // 縯
    { 0, 0, 0, 0, 0, 0, 71042 }, // 縰
    { 0, 0, 0, 0, 0, 0, 71042 }, // 縱
    { 0, 0, 0, 0, 0, 0, 71042 }, // 縲
    { 0, 0, 0, 0, 0, 0, 71042 }, // 縳
    { 0, 0, 0, 0, 0, 0, 71042 }, // 縴
    { 0, 0, 0, 0, 0, 0, 71042 }, // 縵
    { 0, 0, 0, 0, 0, 0, 71042 }, // 縶
    { 0, 0, 0, 0, 0, 0, 71042 }, // 縷
    { 0, 0, 0, 0, 0, 0, 71042 }, // 縸
    { 0, 0, 0, 0, 0, 0, 71042 }, // 縹
    { 0, 0, 0, 0, 0, 0, 71042 }, // 縺
    { 0, 0, 0, 0, 0, 0, 71042 }, // 縻
    { 0, 0, 0, 0, 0, 0, 71042 }, // 縼
    { 32, 32, 33, 1, 29, 128, 71042 }, // 總
    { 0, 0, 0, 0, 0, 0, 71170 }, // 績
    { 0, 0, 0, 0, 0, 0, 71170 }, // 縿
    { 0, 0, 0, 0, 0, 0, 71170 }, // 繀
    { 32, 33, 33, 1, 29, 132, 71170 }, // 繁
    { 32, 32, 33, 1, 29, 128, 71302 }, // 繼
    { 0, 0, 0, 0, 0, 0, 71430 }, // 繽
    { 0, 0, 0, 0, 0, 0, 71430 }, // 繾
    { 0, 0, 0, 0, 0, 0, 71430 }, // 繿
    { 0, 0, 0, 0, 0, 0, 71430 }, // 纀
    { 0, 0, 0, 0, 0, 0, 71430 }, // 纁
    { 0, 0, 0, 0, 0, 0, 71430 }, // 纂
    { 0, 0, 0, 0, 0, 0, 71430 }, // 纃
    { 0, 0, 0, 0, 0, 0, 71430 }, // 纄
    { 0, 0, 0, 0, 0, 0, 71430 }, // 纅
    { 0, 0, 0, 0, 0, 0, 71430 }, // 纆
    { 0, 0, 0, 0, 0, 0, 71430 }, // 纇
    { 0, 0, 0, 0, 0, 0, 71430 }, // 纈
    { 0, 0, 0, 0, 0, 0, 71430 }, // 纉
    { 0, 0, 0, 0, 0, 0, 71430 }, // 纊
    { 0, 0, 0, 0, 0, 0, 71430 }, // 纋
    { 31, 33, 33, 1, 29, 128, 71430 }, // 續
    { 32, 33, 33, 1, 29, 132, 71558 }, // 级
    { 0, 0, 0, 0, 0, 0, 71690 }, // 纨
    { 0, 0, 0, 0, 0, 0, 71690 }, // 纩
    { 0, 0, 0, 0, 0, 0, 71690 }, // 纪
    { 0, 0, 0, 0, 0, 0, 71690 }, // 纫
    { 0, 0, 0, 0, 0, 0, 71690 }, // 纬
    { 0, 0, 0, 0, 0, 0, 71690 }, // 纭
    { 0, 0, 0, 0, 0, 0, 71690 }, // 纮
    { 0, 0, 0, 0, 0, 0, 71690 }, // 纯
    { 0, 0, 0, 0, 0, 0, 71690 }, // 纰
    { 0, 0, 0, 0, 0, 0, 71690 }, // 纱
    { 0, 0, 0, 0, 0, 0, 71690 }, // 纲
    { 30, 33, 33, 1, 29, 124, 71690 }, // 纳
    { 0, 0, 0, 0, 0, 0, 71814 }, // 纴
    { 0, 0, 0, 0, 0, 0, 71814 }, // 纵
    { 0, 0, 0, 0, 0, 0, 71814 }, // 纶
    { 0, 0, 0, 0, 0, 0, 71814 }, // 纷
    { 32, 33, 33, 1, 29, 132, 71814 }, // 纸
    { 0, 0, 0, 0, 0, 0, 71946 }, // 纹
    { 0, 0, 0, 0, 0, 0, 71946 }, // 纺
    { 0, 0, 0, 0, 0, 0, 71946 }, // 纻
    { 0, 0, 0, 0, 0, 0, 71946 }, // 纼
    { 0, 0, 0, 0, 0, 0, 71946 }, // 纽
    { 0, 0, 0, 0, 0, 0, 71946 }, // 纾
    { 32, 32, 33, 1, 29, 128, 71946 }, // 线
    { 0, 0, 0, 0, 0, 0, 72074 }, // 绀
    { 0, 0, 0, 0, 0, 0, 72074 }, // 绁
    { 0, 0, 0, 0, 0, 0, 72074 }, // 绂
    { 0, 0, 0, 0, 0, 0, 72074 }, // 练
    { 0, 0, 0, 0, 0, 0, 72074 }, // 组
    { 0, 0, 0, 0, 0, 0, 72074 }, // 绅
    { 30, 32, 33, 1, 29, 120, 72074 }, // 细
    { 0, 0, 0, 0, 0, 0, 72194 }, // 织
    { 32, 33, 33, 1, 29, 132, 72194 }, // 终
    { 0, 0, 0, 0, 0, 0, 72326 }, // 绉
    { 0, 0, 0, 0, 0, 0, 72326 }, // 绊
    { 0, 0, 0, 0, 0, 0, 72326 }, // 绋
    { 0, 0, 0, 0, 0, 0, 72326 }, // 绌
    { 0, 0, 0, 0, 0, 0, 72326 }, // 绍
    { 0, 0, 0, 0, 0, 0, 72326 }, // 绎
    { 32, 31, 33, 1, 29, 124, 72326 }, // 经
    { 0, 0, 0, 0, 0, 0, 72450 }, // 绐
    { 0, 0, 0, 0, 0, 0, 72450 }, // 绑
    { 0, 0, 0, 0, 0, 0, 72450 }, // 绒
    { 0, 0, 0, 0, 0, 0, 72450 }, // 结
    { 0, 0, 0, 0, 0, 0, 72450 }, // 绔
    { 0, 0, 0, 0, 0, 0, 72450 }, // 绕
    { 0, 0, 0, 0, 0, 0, 72450 }, // 绖
    { 0, 0, 0, 0, 0, 0, 72450 }, // 绗
    { 0, 0, 0, 0, 0, 0, 72450 }, // 绘
    { 0, 0, 0, 0, 0, 0, 72450 }, // 给
    { 0, 0, 0, 0, 0, 0, 72450 }, // 绚
    { 0, 0, 0, 0, 0, 0, 72450 }, // 绛
    { 32, 32, 33, 1, 29, 128, 72450 }, // 络
    { 31, 32, 33, 1, 29, 124, 72578 }, // 绝
    { 0, 0, 0, 0, 0, 0, 72702 }, // 绞
    { 31, 32, 33, 1, 29, 124, 72702 }, // 统
    { 0, 0, 0, 0, 0, 0, 72826 }, // 绠
    { 0, 0, 0, 0, 0, 0, 72826 }, // 绡
    { 0, 0, 0, 0, 0, 0, 72826 }, // 绢
    { 0, 0, 0, 0, 0, 0, 72826 }, // 绣
    { 0, 0, 0, 0, 0, 0, 72826 }, // 绤
    { 0, 0, 0, 0, 0, 0, 72826 }, // 绥
    { 0, 0, 0, 0, 0, 0, 72826 }, // 绦
    { 31, 31, 33, 1, 29, 121, 72826 }, // 继
    { 0, 0, 0, 0, 0, 0, 72947 }, // 绨
    { 0, 0, 0, 0, 0, 0, 72947 }, // 绩
    { 0, 0, 0, 0, 0, 0, 72947 }, // 绪
    { 0, 0, 0, 0, 0, 0, 72947 }, // 绫
    { 0, 0, 0, 0, 0, 0, 72947 }, // 绬
    { 31, 33, 33, 1, 29, 128, 72947 }, // 续
    { 0, 0, 0, 0, 0, 0, 73075 }, // 绮
    { 0, 0, 0, 0, 0, 0, 73075 }, // 绯
    { 0, 0, 0, 0, 0, 0, 73075 }, // 绰
    { 0, 0, 0, 0, 0, 0, 73075 }, // 绱
    { 0, 0, 0, 0, 0, 0, 73075 }, // 绲
    { 0, 0, 0, 0, 0, 0, 73075 }, // 绳
    { 31, 33, 33, 1, 29, 128, 73075 }, // 维
    { 0, 0, 0, 0, 0, 0, 73203 }, // 绵
    { 0, 0, 0, 0, 0, 0, 73203 }, // 绶
    { 0, 0, 0, 0, 0, 0, 73203 }, // 绷
    { 0, 0, 0, 0, 0, 0, 73203 }, // 绸
    { 0, 0, 0, 0, 0, 0, 73203 }, // 绹
    { 0, 0, 0, 0, 0, 0, 73203 }, // 绺
    { 0, 0, 0, 0, 0, 0, 73203 }, // 绻
    { 0, 0, 0, 0, 0, 0, 73203 }, // 综
    { 0, 0, 0, 0, 0, 0, 73203 }, // 绽
    { 0, 0, 0, 0, 0, 0, 73203 }, // 绾
    { 0, 0, 0, 0, 0, 0, 73203 }, // 绿
    { 32, 32, 33, 1, 28, 128, 73203 }, // 缀
    { 0, 0, 0, 0, 0, 0, 73331 }, // 缁
    { 0, 0, 0, 0, 0, 0, 73331 }, // 缂
    { 0, 0, 0, 0, 0, 0, 73331 }, // 缃
    { 0, 0, 0, 0, 0, 0, 73331 }, // 缄
    { 0, 0, 0, 0, 0, 0, 73331 }, // 缅
    { 0, 0, 0, 0, 0, 0, 73331 }, // 缆
    { 0, 0, 0, 0, 0, 0, 73331 }, // 缇
    { 0, 0, 0, 0, 0, 0, 73331 }, // 缈
    { 0, 0, 0, 0, 0, 0, 73331 }, // 缉
    { 0, 0, 0, 0, 0, 0, 73331 }, // 缊
    { 0, 0, 0, 0, 0, 0, 73331 }, // 缋
    { 0, 0, 0, 0, 0, 0, 73331 }, // 缌
    { 0, 0, 0, 0, 0, 0, 73331 }, // 缍
    { 0, 0, 0, 0, 0, 0, 73331 }, // 缎
    { 0, 0, 0, 0, 0, 0, 73331 }, // 缏
    { 0, 0, 0, 0, 0, 0, 73331 }, // 缐
    { 0, 0, 0, 0, 0, 0, 73331 }, // 缑
    { 0, 0, 0, 0, 0, 0, 73331 }, // 缒
    { 32, 32, 33, 1, 28, 128, 73331 }, // 缓
    { 0, 0, 0, 0, 0, 0, 73459 }, // 缔
    { 0, 0, 0, 0, 0, 0, 73459 }, // 缕
    { 30, 32, 33, 1, 29, 120, 73459 }, // 编
    { 0, 0, 0, 0, 0, 0, 73579 }, // 缗
    { 32, 33, 33, 1, 29, 132, 73579 }, // 缘
    { 0, 0, 0, 0, 0, 0, 73711 }, // 缙
    { 0, 0, 0, 0, 0, 0, 73711 }, // 缚
    { 0, 0, 0, 0, 0, 0, 73711 }, // 缛
    { 0, 0, 0, 0, 0, 0, 73711 }, // 缜
    { 0, 0, 0, 0, 0, 0, 73711 }, // 缝
    { 0, 0, 0, 0, 0, 0, 73711 }, // 缞
    { 0, 0, 0, 0, 0, 0, 73711 }, // 缟
    { 0, 0, 0, 0, 0, 0, 73711 }, // 缠
    { 0, 0, 0, 0, 0, 0, 73711 }, // 缡
    { 0, 0, 0, 0, 0, 0, 73711 }, // 缢
    { 0, 0, 0, 0, 0, 0, 73711 }, // 缣
    { 0, 0, 0, 0, 0, 0, 73711 }, // 缤
    { 0, 0, 0, 0, 0, 0, 73711 }, // 缥
    { 0, 0, 0, 0, 0, 0, 73711 }, // 缦
    { 0, 0, 0, 0, 0, 0, 73711 }, // 缧
    { 0, 0, 0, 0, 0, 0, 73711 }, // 缨
    { 31, 32, 33, 1, 29, 124, 73711 }, // 缩
    { 0, 0, 0, 0, 0, 0, 73835 }, // 缪
    { 0, 0, 0, 0, 0, 0, 73835 }, // 缫
    { 0, 0, 0, 0, 0, 0, 73835 }, // 缬
    { 0, 0, 0, 0, 0, 0, 73835 }, // 缭
    { 0, 0, 0, 0, 0, 0, 73835 }, // 缮
    { 0, 0, 0, 0, 0, 0, 73835 }, // 缯
    { 0, 0, 0, 0, 0, 0, 73835 }, // 缰
    { 0, 0, 0, 0, 0, 0, 73835 }, // 缱
    { 0, 0, 0, 0, 0, 0, 73835 }, // 缲
    { 0, 0, 0, 0, 0, 0, 73835 }, // 缳
    { 0, 0, 0, 0, 0, 0, 73835 }, // 缴
    { 0, 0, 0, 0, 0, 0, 73835 }, // 缵
    { 0, 0, 0, 0, 0, 0, 73835 }, // 缶
    { 0, 0, 0, 0, 0, 0, 73835 }, // 缷
    { 0, 0, 0, 0, 0, 0, 73835 }, // 缸
    { 0, 0, 0, 0, 0, 0, 73835 }, // 缹
    { 33, 33, 33, 0, 29, 137, 73835 }, // 缺
    { 29, 30, 33, 2, 26, 109, 73972 }, // 网
    { 31, 29, 33, 1, 27, 113, 74081 }, // 置
    { 32, 32, 33, 1, 29, 128, 74194 }, // 義
    { 28, 31, 33, 2, 27, 109, 74322 }, // 習
    { 31, 32, 33, 1, 28, 124, 74431 }, // 翻
    { 0, 0, 0, 0, 0, 0, 74555 }, // 翼
    { 0, 0, 0, 0, 0, 0, 74555 }, // 翽
    { 0, 0, 0, 0, 0, 0, 74555 }, // 翾
    { 0, 0, 0, 0, 0, 0, 74555 }, // 翿
    { 0, 0, 0, 0, 0, 0, 74555 }, // 耀
    { 31, 32, 33, 1, 29, 124, 74555 }, // 老
    { 0, 0, 0, 0, 0, 0, 74679 }, // 耂
    { 0, 0, 0, 0, 0, 0, 74679 }, // 考
    { 0, 0, 0, 0, 0, 0, 74679 }, // 耄
    { 31, 32, 33, 1, 28, 124, 74679 }, // 者
    { 0, 0, 0, 0, 0, 0, 74803 }, // 耆
    { 0, 0, 0, 0, 0, 0, 74803 }, // 耇
    { 0, 0, 0, 0, 0, 0, 74803 }, // 耈
    { 0, 0, 0, 0, 0, 0, 74803 }, // 耉
    { 0, 0, 0, 0, 0, 0, 74803 }, // 耊
    { 0, 0, 0, 0, 0, 0, 74803 }, // 耋
    { 31, 31, 33, 1, 27, 121, 74803 }, // 而
    { 0, 0, 0, 0, 0, 0, 74924 }, // 耍
    { 0, 0, 0, 0, 0, 0, 74924 }, // 耎
    { 0, 0, 0, 0, 0, 0, 74924 }, // 耏
    { 0, 0, 0, 0, 0, 0, 74924 }, // 耐
    { 0, 0, 0, 0, 0, 0, 74924 }, // 耑
    { 0, 0, 0, 0, 0, 0, 74924 }, // 耒
    { 0, 0, 0, 0, 0, 0, 74924 }, // 耓
    { 0, 0, 0, 0, 0, 0, 74924 }, // 耔
    { 0, 0, 0, 0, 0, 0, 74924 }, // 耕
    { 0, 0, 0, 0, 0, 0, 74924 }, // 耖
    { 32, 32, 33, 1, 28, 128, 74924 }, // 耗
    { 32, 32, 33, 1, 28, 128, 75052 }, // 耻
    { 31, 33, 33, 1, 29, 128, 75180 }, // 背
    { 31, 33, 33, 1, 29, 128, 75308 }, // 胶
    { 0, 0, 0, 0, 0, 0, 75436 }, // 胷
    { 0, 0, 0, 0, 0, 0, 75436 }, // 胸
    { 0, 0, 0, 0, 0, 0, 75436 }, // 胹
    { 0, 0, 0, 0, 0, 0, 75436 }, // 胺
    { 0, 0, 0, 0, 0, 0, 75436 }, // 胻
    { 0, 0, 0, 0, 0, 0, 75436 }, // 胼
    { 32, 33, 33, 1, 29, 132, 75436 }, // 能
    { 32, 33, 33, 0, 29, 132, 75568 }, // 脚
    { 33, 31, 33, 0, 27, 128, 75700 }, // 膠
    { 24, 33, 33, 5, 29, 99, 75828 }, // 自
    { 0, 0, 0, 0, 0, 0, 75927 }, // 臫
    { 0, 0, 0, 0, 0, 0, 75927 }, // 臬
    { 0, 0, 0, 0, 0, 0, 75927 }, // 臭
    { 0, 0, 0, 0, 0, 0, 75927 }, // 臮
    { 0, 0, 0, 0, 0, 0, 75927 }, // 臯
    { 0, 0, 0, 0, 0, 0, 75927 }, // 臰
    { 0, 0, 0, 0, 0, 0, 75927 }, // 臱
    { 0, 0, 0, 0, 0, 0, 75927 }, // 臲
    { 31, 29, 33, 1, 27, 113, 75927 }, // 至
    { 32, 33, 33, 1, 29, 132, 76040 }, // 致
    { 32, 32, 33, 1, 29, 128, 76172 }, // 舍
    { 32, 32, 33, 1, 29, 128, 76300 }, // 色
    { 0, 0, 0, 0, 0, 0, 76428 }, // 艳
    { 0, 0, 0, 0, 0, 0, 76428 }, // 艴
    { 0, 0, 0, 0, 0, 0, 76428 }, // 艵
    { 0, 0, 0, 0, 0, 0, 76428 }, // 艶
    { 0, 0, 0, 0, 0, 0, 76428 }, // 艷
    { 0, 0, 0, 0, 0, 0, 76428 }, // 艸
    { 0, 0, 0, 0, 0, 0, 76428 }, // 艹
    { 0, 0, 0, 0, 0, 0, 76428 }, // 艺
    { 0, 0, 0, 0, 0, 0, 76428 }, // 艻
    { 0, 0, 0, 0, 0, 0, 76428 }, // 艼
    { 0, 0, 0, 0, 0, 0, 76428 }, // 艽
    { 0, 0, 0, 0, 0, 0, 76428 }, // 艾
    { 0, 0, 0, 0, 0, 0, 76428 }, // 艿
    { 0, 0, 0, 0, 0, 0, 76428 }, // 芀
    { 0, 0, 0, 0, 0, 0, 76428 }, // 芁
    { 31, 32, 33, 1, 28, 124, 76428 }, // 节
    { 31, 32, 33, 1, 29, 124, 76552 }, // 范
    { 31, 33, 33, 1, 29, 128, 76676 }, // 茄
    { 32, 33, 33, 0, 29, 132, 76804 }, // 荐
    { 31, 33, 33, 1, 29, 128, 76936 }, // 获
    { 32, 33, 33, 1, 29, 132, 77064 }, // 菜
    { 30, 33, 33, 2, 29, 124, 77196 }, // 萬
    { 0, 0, 0, 0, 0, 0, 77320 }, // 萭
    { 0, 0, 0, 0, 0, 0, 77320 }, // 萮
    { 0, 0, 0, 0, 0, 0, 77320 }, // 萯
    { 0, 0, 0, 0, 0, 0, 77320 }, // 萰
    { 0, 0, 0, 0, 0, 0, 77320 }, // 萱
    { 0, 0, 0, 0, 0, 0, 77320 }, // 萲
    { 0, 0, 0, 0, 0, 0, 77320 }, // 萳
    { 0, 0, 0, 0, 0, 0, 77320 }, // 萴
    { 0, 0, 0, 0, 0, 0, 77320 }, // 萵
    { 0, 0, 0, 0, 0, 0, 77320 }, // 萶
    { 0, 0, 0, 0, 0, 0, 77320 }, // 萷
    { 0, 0, 0, 0, 0, 0, 77320 }, // 萸
    { 0, 0, 0, 0, 0, 0, 77320 }, // 萹
    { 0, 0, 0, 0, 0, 0, 77320 }, // 萺
    { 0, 0, 0, 0, 0, 0, 77320 }, // 萻
    { 0, 0, 0, 0, 0, 0, 77320 }, // 萼
    { 32, 33, 33, 1, 29, 132, 77320 }, // 落
    { 31, 32, 33, 1, 29, 124, 77452 }, // 蓝
    { 31, 33, 33, 1, 29, 128, 77576 }, // 薦
    { 32, 32, 33, 1, 29, 128, 77704 }, // 藍
    { 0, 0, 0, 0, 0, 0, 77832 }, // 藎
    { 32, 33, 33, 1, 29, 132, 77832 }, // 藏
    { 31, 31, 33, 1, 28, 121, 77964 }, // 虚
    { 31, 32, 33, 1, 29, 124, 78085 }, // 虛
    { 0, 0, 0, 0, 0, 0, 78209 }, // 虜
    { 0, 0, 0, 0, 0, 0, 78209 }, // 虝
    { 0, 0, 0, 0, 0, 0, 78209 }, // 虞
    { 32, 33, 33, 1, 29, 132, 78209 }, // 號
    { 32, 33, 33, 0, 29, 132, 78341 }, // 行
    { 32, 33, 33, 1, 29, 132, 78473 }, // 表
    { 33, 33, 33, 0, 29, 137, 78605 }, // 被
    { 32, 33, 33, 1, 29, 132, 78742 }, // 裁
    { 0, 0, 0, 0, 0, 0, 78874 }, // 裂
    { 0, 0, 0, 0, 0, 0, 78874 }, // 裃
    { 0, 0, 0, 0, 0, 0, 78874 }, // 裄
    { 32, 33, 33, 1, 29, 132, 78874 }, // 装
    { 32, 33, 33, 1, 29, 132, 79006 }, // 裝
    { 33, 33, 33, 0, 29, 137, 79138 }, // 褪
    { 31, 31, 33, 1, 27, 121, 79275 }, // 要
    { 0, 0, 0, 0, 0, 0, 79396 }, // 覂
    { 0, 0, 0, 0, 0, 0, 79396 }, // 覃
    { 0, 0, 0, 0, 0, 0, 79396 }, // 覄
    { 0, 0, 0, 0, 0, 0, 79396 }, // 覅
    { 32, 30, 33, 1, 27, 120, 79396 }, // 覆
    { 31, 33, 33, 1, 29, 128, 79516 }, // 覽
    { 0, 0, 0, 0, 0, 0, 79644 }, // 覾
    { 0, 0, 0, 0, 0, 0, 79644 }, // 覿
    { 0, 0, 0, 0, 0, 0, 79644 }, // 觀
    { 0, 0, 0, 0, 0, 0, 79644 }, // 见
    { 0, 0, 0, 0, 0, 0, 79644 }, // 观
    { 0, 0, 0, 0, 0, 0, 79644 }, // 觃
    { 0, 0, 0, 0, 0, 0, 79644 }, // 规
    { 0, 0, 0, 0, 0, 0, 79644 }, // 觅
    { 0, 0, 0, 0, 0, 0, 79644 }, // 视
    { 0, 0, 0, 0, 0, 0, 79644 }, // 觇
    { 30, 33, 33, 2, 29, 124, 79644 }, // 览
    { 0, 0, 0, 0, 0, 0, 79768 }, // 觉
    { 0, 0, 0, 0, 0, 0, 79768 }, // 觊
    { 0, 0, 0, 0, 0, 0, 79768 }, // 觋
    { 0, 0, 0, 0, 0, 0, 79768 }, // 觌
    { 0, 0, 0, 0, 0, 0, 79768 }, // 觍
    { 0, 0, 0, 0, 0, 0, 79768 }, // 觎
    { 0, 0, 0, 0, 0, 0, 79768 }, // 觏
    { 0, 0, 0, 0, 0, 0, 79768 }, // 觐
    { 0, 0, 0, 0, 0, 0, 79768 }, // 觑
    { 29, 33, 33, 1, 29, 120, 79768 }, // 角
    { 0, 0, 0, 0, 0, 0, 79888 }, // 觓
    { 0, 0, 0, 0, 0, 0, 79888 }, // 觔
    { 0, 0, 0, 0, 0, 0, 79888 }, // 觕
    { 0, 0, 0, 0, 0, 0, 79888 }, // 觖
    { 0, 0, 0, 0, 0, 0, 79888 }, // 觗
    { 0, 0, 0, 0, 0, 0, 79888 }, // 觘
    { 0, 0, 0, 0, 0, 0, 79888 }, // 觙
    { 0, 0, 0, 0, 0, 0, 79888 }, // 觚
    { 0, 0, 0, 0, 0, 0, 79888 }, // 觛
    { 0, 0, 0, 0, 0, 0, 79888 }, // 觜
    { 0, 0, 0, 0, 0, 0, 79888 }, // 觝
    { 0, 0, 0, 0, 0, 0, 79888 }, // 觞
    { 0, 0, 0, 0, 0, 0, 79888 }, // 觟
    { 0, 0, 0, 0, 0, 0, 79888 }, // 觠
    { 0, 0, 0, 0, 0, 0, 79888 }, // 觡
    { 0, 0, 0, 0, 0, 0, 79888 }, // 觢
    { 31, 33, 33, 1, 29, 128, 79888 }, // 解
    { 31, 33, 33, 1, 29, 128, 80016 }, // 言
    { 0, 0, 0, 0, 0, 0, 80144 }, // 訁
    { 0, 0, 0, 0, 0, 0, 80144 }, // 訂
    { 0, 0, 0, 0, 0, 0, 80144 }, // 訃
    { 0, 0, 0, 0, 0, 0, 80144 }, // 訄
    { 0, 0, 0, 0, 0, 0, 80144 }, // 訅
    { 0, 0, 0, 0, 0, 0, 80144 }, // 訆
    { 0, 0, 0, 0, 0, 0, 80144 }, // 訇
    { 30, 33, 33, 2, 29, 124, 80144 }, // 計
    { 0, 0, 0, 0, 0, 0, 80268 }, // 訉
    { 0, 0, 0, 0, 0, 0, 80268 }, // 訊
    { 0, 0, 0, 0, 0, 0, 80268 }, // 訋
    { 0, 0, 0, 0, 0, 0, 80268 }, // 訌
    { 0, 0, 0, 0, 0, 0, 80268 }, // 訍
    { 0, 0, 0, 0, 0, 0, 80268 }, // 討
    { 0, 0, 0, 0, 0, 0, 80268 }, // 訏
    { 0, 0, 0, 0, 0, 0, 80268 }, // 訐
    { 0, 0, 0, 0, 0, 0, 80268 }, // 訑
    { 0, 0, 0, 0, 0, 0, 80268 }, // 訒
    { 0, 0, 0, 0, 0, 0, 80268 }, // 訓
    { 0, 0, 0, 0, 0, 0, 80268 }, // 訔
    { 0, 0, 0, 0, 0, 0, 80268 }, // 訕
    { 0, 0, 0, 0, 0, 0, 80268 }, // 訖
    { 0, 0, 0, 0, 0, 0, 80268 }, // 託
    { 32, 32, 33, 1, 29, 128, 80268 }, // 記
    { 0, 0, 0, 0, 0, 0, 80396 }, // 訙
    { 0, 0, 0, 0, 0, 0, 80396 }, // 訚
    { 0, 0, 0, 0, 0, 0, 80396 }, // 訛
    { 0, 0, 0, 0, 0, 0, 80396 }, // 訜
    { 0, 0, 0, 0, 0, 0, 80396 }, // 訝
    { 0, 0, 0, 0, 0, 0, 80396 }, // 訞
    { 0, 0, 0, 0, 0, 0, 80396 }, // 訟
    { 0, 0, 0, 0, 0, 0, 80396 }, // 訠
    { 0, 0, 0, 0, 0, 0, 80396 }, // 訡
    { 0, 0, 0, 0, 0, 0, 80396 }, // 訢
    { 0, 0, 0, 0, 0, 0, 80396 }, // 訣
    { 0, 0, 0, 0, 0, 0, 80396 }, // 訤
    { 0, 0, 0, 0, 0, 0, 80396 }, // 訥
    { 0, 0, 0, 0, 0, 0, 80396 }, // 訦
    { 0, 0, 0, 0, 0, 0, 80396 }, // 訧
    { 0, 0, 0, 0, 0, 0, 80396 }, // 訨
    { 0, 0, 0, 0, 0, 0, 80396 }, // 訩
    { 31, 33, 33, 1, 29, 128, 80396 }, // 訪
    { 0, 0, 0, 0, 0, 0, 80524 }, // 訫
    { 0, 0, 0, 0, 0, 0, 80524 }, // 訬
    { 32, 33, 33, 1, 29, 132, 80524 }, // 設
    { 0, 0, 0, 0, 0, 0, 80656 }, // 訮
    { 0, 0, 0, 0, 0, 0, 80656 }, // 訯
    { 0, 0, 0, 0, 0, 0, 80656 }, // 訰
    { 0, 0, 0, 0, 0, 0, 80656 }, // 許
    { 0, 0, 0, 0, 0, 0, 80656 }, // 訲
    { 0, 0, 0, 0, 0, 0, 80656 }, // 訳
    { 0, 0, 0, 0, 0, 0, 80656 }, // 訴
    { 0, 0, 0, 0, 0, 0, 80656 }, // 訵
    { 0, 0, 0, 0, 0, 0, 80656 }, // 訶
    { 0, 0, 0, 0, 0, 0, 80656 }, // 訷
    { 0, 0, 0, 0, 0, 0, 80656 }, // 訸
    { 0, 0, 0, 0, 0, 0, 80656 }, // 訹
    { 0, 0, 0, 0, 0, 0, 80656 }, // 診
    { 31, 32, 33, 1, 29, 124, 80656 }, // 註
    { 32, 32, 33, 1, 29, 128, 80780 }, // 試
    { 0, 0, 0, 0, 0, 0, 80908 }, // 詧
    { 0, 0, 0, 0, 0, 0, 80908 }, // 詨
    { 0, 0, 0, 0, 0, 0, 80908 }, // 詩
    { 0, 0, 0, 0, 0, 0, 80908 }, // 詪
    { 0, 0, 0, 0, 0, 0, 80908 }, // 詫
    { 0, 0, 0, 0, 0, 0, 80908 }, // 詬
    { 0, 0, 0, 0, 0, 0, 80908 }, // 詭
    { 0, 0, 0, 0, 0, 0, 80908 }, // 詮
    { 0, 0, 0, 0, 0, 0, 80908 }, // 詯
    { 0, 0, 0, 0, 0, 0, 80908 }, // 詰
    { 0, 0, 0, 0, 0, 0, 80908 }, // 話
    { 0, 0, 0, 0, 0, 0, 80908 }, // 該
    { 31, 33, 33, 1, 29, 128, 80908 }, // 詳
    { 32, 32, 33, 1, 29, 128, 81036 }, // 認
    { 0, 0, 0, 0, 0, 0, 81164 }, // 誎
    { 0, 0, 0, 0, 0, 0, 81164 }, // 誏
    { 0, 0, 0, 0, 0, 0, 81164 }, // 誐
    { 0, 0, 0, 0, 0, 0, 81164 }, // 誑
    { 0, 0, 0, 0, 0, 0, 81164 }, // 誒
    { 0, 0, 0, 0, 0, 0, 81164 }, // 誓
    { 0, 0, 0, 0, 0, 0, 81164 }, // 誔
    { 0, 0, 0, 0, 0, 0, 81164 }, // 誕
    { 0, 0, 0, 0, 0, 0, 81164 }, // 誖
    { 0, 0, 0, 0, 0, 0, 81164 }, // 誗
    { 0, 0, 0, 0, 0, 0, 81164 }, // 誘
    { 0, 0, 0, 0, 0, 0, 81164 }, // 誙
    { 0, 0, 0, 0, 0, 0, 81164 }, // 誚
    { 0, 0, 0, 0, 0, 0, 81164 }, // 誛
    { 0, 0, 0, 0, 0, 0, 81164 }, // 誜
    { 0, 0, 0, 0, 0, 0, 81164 }, // 誝
    { 32, 33, 33, 1, 29, 132, 81164 }, // 語
    { 0, 0, 0, 0, 0, 0, 81296 }, // 誟
    { 0, 0, 0, 0, 0, 0, 81296 }, // 誠
    { 0, 0, 0, 0, 0, 0, 81296 }, // 誡
    { 0, 0, 0, 0, 0, 0, 81296 }, // 誢
    { 0, 0, 0, 0, 0, 0, 81296 }, // 誣
    { 32, 33, 33, 1, 29, 132, 81296 }, // 誤
    { 0, 0, 0, 0, 0, 0, 81428 }, // 誥
    { 0, 0, 0, 0, 0, 0, 81428 }, // 誦
    { 0, 0, 0, 0, 0, 0, 81428 }, // 誧
    { 32, 33, 33, 1, 29, 132, 81428 }, // 誨
    { 0, 0, 0, 0, 0, 0, 81560 }, // 誩
    { 32, 33, 33, 1, 29, 132, 81560 }, // 說
    { 31, 33, 33, 1, 29, 128, 81692 }, // 請
    { 32, 32, 33, 1, 29, 128, 81820 }, // 證
    { 32, 33, 33, 1, 29, 132, 81948 }, // 讀
    { 31, 33, 33, 1, 29, 128, 82080 }, // 计
    { 0, 0, 0, 0, 0, 0, 82208 }, // 订
    { 0, 0, 0, 0, 0, 0, 82208 }, // 讣
    { 32, 33, 33, 1, 29, 132, 82208 }, // 认
    { 0, 0, 0, 0, 0, 0, 82340 }, // 讥
    { 0, 0, 0, 0, 0, 0, 82340 }, // 讦
    { 0, 0, 0, 0, 0, 0, 82340 }, // 讧
    { 0, 0, 0, 0, 0, 0, 82340 }, // 讨
    { 0, 0, 0, 0, 0, 0, 82340 }, // 让
    { 0, 0, 0, 0, 0, 0, 82340 }, // 讪
    { 0, 0, 0, 0, 0, 0, 82340 }, // 讫
    { 0, 0, 0, 0, 0, 0, 82340 }, // 讬
    { 0, 0, 0, 0, 0, 0, 82340 }, // 训
    { 0, 0, 0, 0, 0, 0, 82340 }, // 议
    { 0, 0, 0, 0, 0, 0, 82340 }, // 讯
    { 32, 31, 33, 1, 28, 124, 82340 }, // 记
    { 0, 0, 0, 0, 0, 0, 82464 }, // 讱
    { 0, 0, 0, 0, 0, 0, 82464 }, // 讲
    { 0, 0, 0, 0, 0, 0, 82464 }, // 讳
    { 0, 0, 0, 0, 0, 0, 82464 }, // 讴
    { 0, 0, 0, 0, 0, 0, 82464 }, // 讵
    { 0, 0, 0, 0, 0, 0, 82464 }, // 讶
    { 0, 0, 0, 0, 0, 0, 82464 }, // 讷
    { 31, 33, 33, 1, 29, 128, 82464 }, // 许
    { 0, 0, 0, 0, 0, 0, 82592 }, // 讹
    { 0, 0, 0, 0, 0, 0, 82592 }, // 论
    { 0, 0, 0, 0, 0, 0, 82592 }, // 讻
    { 0, 0, 0, 0, 0, 0, 82592 }, // 讼
    { 0, 0, 0, 0, 0, 0, 82592 }, // 讽
    { 32, 32, 33, 1, 28, 128, 82592 }, // 设
    { 31, 33, 33, 1, 29, 128, 82720 }, // 访
    { 0, 0, 0, 0, 0, 0, 82848 }, // 诀
    { 32, 31, 33, 1, 28, 124, 82848 }, // 证
    { 0, 0, 0, 0, 0, 0, 82972 }, // 诂
    { 0, 0, 0, 0, 0, 0, 82972 }, // 诃
    { 0, 0, 0, 0, 0, 0, 82972 }, // 评
    { 0, 0, 0, 0, 0, 0, 82972 }, // 诅
    { 0, 0, 0, 0, 0, 0, 82972 }, // 识
    { 0, 0, 0, 0, 0, 0, 82972 }, // 诇
    { 0, 0, 0, 0, 0, 0, 82972 }, // 诈
    { 0, 0, 0, 0, 0, 0, 82972 }, // 诉
    { 0, 0, 0, 0, 0, 0, 82972 }, // 诊
    { 0, 0, 0, 0, 0, 0, 82972 }, // 诋
    { 0, 0, 0, 0, 0, 0, 82972 }, // 诌
    { 30, 30, 33, 1, 27, 113, 82972 }, // 词
    { 0, 0, 0, 0, 0, 0, 83085 }, // 诎
    { 0, 0, 0, 0, 0, 0, 83085 }, // 诏
    { 0, 0, 0, 0, 0, 0, 83085 }, // 诐
    { 0, 0, 0, 0, 0, 0, 83085 }, // 译
    { 0, 0, 0, 0, 0, 0, 83085 }, // 诒
    { 0, 0, 0, 0, 0, 0, 83085 }, // 诓
    { 0, 0, 0, 0, 0, 0, 83085 }, // 诔
    { 32, 31, 33, 1, 28, 124, 83085 }, // 试
    { 0, 0, 0, 0, 0, 0, 83209 }, // 诖
    { 0, 0, 0, 0, 0, 0, 83209 }, // 诗
    { 0, 0, 0, 0, 0, 0, 83209 }, // 诘
    { 0, 0, 0, 0, 0, 0, 83209 }, // 诙
    { 0, 0, 0, 0, 0, 0, 83209 }, // 诚
    { 0, 0, 0, 0, 0, 0, 83209 }, // 诛
    { 0, 0, 0, 0, 0, 0, 83209 }, // 诜
    { 0, 0, 0, 0, 0, 0, 83209 }, // 话
    { 0, 0, 0, 0, 0, 0, 83209 }, // 诞
    { 0, 0, 0, 0, 0, 0, 83209 }, // 诟
    { 0, 0, 0, 0, 0, 0, 83209 }, // 诠
    { 0, 0, 0, 0, 0, 0, 83209 }, // 诡
    { 0, 0, 0, 0, 0, 0, 83209 }, // 询
    { 0, 0, 0, 0, 0, 0, 83209 }, // 诣
    { 0, 0, 0, 0, 0, 0, 83209 }, // 诤
    { 31, 33, 33, 1, 29, 128, 83209 }, // 该
    { 31, 33, 33, 1, 29, 128, 83337 }, // 详
    { 0, 0, 0, 0, 0, 0, 83465 }, // 诧
    { 0, 0, 0, 0, 0, 0, 83465 }, // 诨
    { 0, 0, 0, 0, 0, 0, 83465 }, // 诩
    { 0, 0, 0, 0, 0, 0, 83465 }, // 诪
    { 0, 0, 0, 0, 0, 0, 83465 }, // 诫
    { 0, 0, 0, 0, 0, 0, 83465 }, // 诬
    { 31, 32, 33, 1, 28, 124, 83465 }, // 语
    { 0, 0, 0, 0, 0, 0, 83589 }, // 诮
    { 32, 31, 33, 1, 27, 124, 83589 }, // 误
    { 0, 0, 0, 0, 0, 0, 83713 }, // 诰
    { 0, 0, 0, 0, 0, 0, 83713 }, // 诱
    { 31, 33, 33, 1, 29, 128, 83713 }, // 诲
    { 0, 0, 0, 0, 0, 0, 83841 }, // 诳
    { 31, 32, 33, 1, 29, 124, 83841 }, // 说
    { 0, 0, 0, 0, 0, 0, 83965 }, // 诵
    { 0, 0, 0, 0, 0, 0, 83965 }, // 诶
    { 31, 32, 33, 1, 28, 124, 83965 }, // 请
    { 0, 0, 0, 0, 0, 0, 84089 }, // 诸
    { 0, 0, 0, 0, 0, 0, 84089 }, // 诹
    { 0, 0, 0, 0, 0, 0, 84089 }, // 诺
    { 31, 33, 33, 1, 29, 128, 84089 }, // 读
    { 31, 29, 33, 1, 27, 113, 84217 }, // 豎
    { 31, 31, 33, 1, 27, 121, 84330 }, // 貝
    { 31, 33, 33, 1, 29, 128, 84451 }, // 質
    { 0, 0, 0, 0, 0, 0, 84579 }, // 賫
    { 32, 31, 33, 1, 27, 124, 84579 }, // 賬
    { 30, 31, 33, 1, 27, 117, 84703 }, // 贝
    { 0, 0, 0, 0, 0, 0, 84820 }, // 贞
    { 0, 0, 0, 0, 0, 0, 84820 }, // 负
    { 0, 0, 0, 0, 0, 0, 84820 }, // 贠
    { 0, 0, 0, 0, 0, 0, 84820 }, // 贡
    { 0, 0, 0, 0, 0, 0, 84820 }, // 财
    { 0, 0, 0, 0, 0, 0, 84820 }, // 责
    { 0, 0, 0, 0, 0, 0, 84820 }, // 贤
    { 32, 32, 33, 1, 28, 128, 84820 }, // 败
    { 32, 32, 33, 1, 28, 128, 84948 }, // 账
    { 0, 0, 0, 0, 0, 0, 85076 }, // 货
    { 31, 33, 33, 1, 29, 128, 85076 }, // 质
    { 0, 0, 0, 0, 0, 0, 85204 }, // 贩
    { 0, 0, 0, 0, 0, 0, 85204 }, // 贪
    { 0, 0, 0, 0, 0, 0, 85204 }, // 贫
    { 0, 0, 0, 0, 0, 0, 85204 }, // 贬
    { 0, 0, 0, 0, 0, 0, 85204 }, // 购
    { 0, 0, 0, 0, 0, 0, 85204 }, // 贮
    { 0, 0, 0, 0, 0, 0, 85204 }, // 贯
    { 0, 0, 0, 0, 0, 0, 85204 }, // 贰
    { 0, 0, 0, 0, 0, 0, 85204 }, // 贱
    { 0, 0, 0, 0, 0, 0, 85204 }, // 贲
    { 0, 0, 0, 0, 0, 0, 85204 }, // 贳
    { 31, 33, 33, 1, 29, 128, 85204 }, // 贴
    { 32, 33, 33, 1, 29, 132, 85332 }, // 赛
    { 33, 33, 33, 0, 29, 137, 85464 }, // 超
    { 0, 0, 0, 0, 0, 0, 85601 }, // 趆
    { 0, 0, 0, 0, 0, 0, 85601 }, // 趇
    { 0, 0, 0, 0, 0, 0, 85601 }, // 趈
    { 0, 0, 0, 0, 0, 0, 85601 }, // 趉
    { 33, 33, 33, 0, 29, 137, 85601 }, // 越
    { 32, 30, 33, 1, 27, 120, 85738 }, // 足
    { 31, 29, 33, 1, 27, 113, 85858 }, // 距
    { 0, 0, 0, 0, 0, 0, 85971 }, // 跞
    { 0, 0, 0, 0, 0, 0, 85971 }, // 跟
    { 0, 0, 0, 0, 0, 0, 85971 }, // 跠
    { 0, 0, 0, 0, 0, 0, 85971 }, // 跡
    { 0, 0, 0, 0, 0, 0, 85971 }, // 跢
    { 0, 0, 0, 0, 0, 0, 85971 }, // 跣
    { 0, 0, 0, 0, 0, 0, 85971 }, // 跤
    { 0, 0, 0, 0, 0, 0, 85971 }, // 跥
    { 0, 0, 0, 0, 0, 0, 85971 }, // 跦
    { 0, 0, 0, 0, 0, 0, 85971 }, // 跧
    { 0, 0, 0, 0, 0, 0, 85971 }, // 跨
    { 0, 0, 0, 0, 0, 0, 85971 }, // 跩
    { 0, 0, 0, 0, 0, 0, 85971 }, // 跪
    { 0, 0, 0, 0, 0, 0, 85971 }, // 跫
    { 0, 0, 0, 0, 0, 0, 85971 }, // 跬
    { 0, 0, 0, 0, 0, 0, 85971 }, // 跭
    { 0, 0, 0, 0, 0, 0, 85971 }, // 跮
    { 32, 33, 33, 1, 29, 132, 85971 }, // 路
    { 0, 0, 0, 0, 0, 0, 86103 }, // 跰
    { 0, 0, 0, 0, 0, 0, 86103 }, // 跱
    { 0, 0, 0, 0, 0, 0, 86103 }, // 跲
    { 32, 33, 33, 1, 29, 132, 86103 }, // 跳
    { 32, 33, 33, 1, 29, 132, 86235 }, // 載
    { 32, 33, 33, 1, 29, 132, 86367 }, // 輸
    { 0, 0, 0, 0, 0, 0, 86499 }, // 輹
    { 0, 0, 0, 0, 0, 0, 86499 }, // 輺
    { 0, 0, 0, 0, 0, 0, 86499 }, // 輻
    { 0, 0, 0, 0, 0, 0, 86499 }, // 輼
    { 0, 0, 0, 0, 0, 0, 86499 }, // 輽
    { 0, 0, 0, 0, 0, 0, 86499 }, // 輾
    { 0, 0, 0, 0, 0, 0, 86499 }, // 輿
    { 0, 0, 0, 0, 0, 0, 86499 }, // 轀
    { 0, 0, 0, 0, 0, 0, 86499 }, // 轁
    { 0, 0, 0, 0, 0, 0, 86499 }, // 轂
    { 0, 0, 0, 0, 0, 0, 86499 }, // 轃
    { 0, 0, 0, 0, 0, 0, 86499 }, // 轄
    { 0, 0, 0, 0, 0, 0, 86499 }, // 轅
    { 0, 0, 0, 0, 0, 0, 86499 }, // 轆
    { 0, 0, 0, 0, 0, 0, 86499 }, // 轇
    { 0, 0, 0, 0, 0, 0, 86499 }, // 轈
    { 32, 33, 33, 1, 29, 132, 86499 }, // 轉
    { 31, 33, 33, 1, 29, 128, 86631 }, // 转
    { 0, 0, 0, 0, 0, 0, 86759 }, // 轭
    { 0, 0, 0, 0, 0, 0, 86759 }, // 轮
    { 0, 0, 0, 0, 0, 0, 86759 }, // 软
    { 0, 0, 0, 0, 0, 0, 86759 }, // 轰
    { 0, 0, 0, 0, 0, 0, 86759 }, // 轱
    { 0, 0, 0, 0, 0, 0, 86759 }, // 轲
    { 0, 0, 0, 0, 0, 0, 86759 }, // 轳
    { 0, 0, 0, 0, 0, 0, 86759 }, // 轴
    { 0, 0, 0, 0, 0, 0, 86759 }, // 轵
    { 0, 0, 0, 0, 0, 0, 86759 }, // 轶
    { 0, 0, 0, 0, 0, 0, 86759 }, // 轷
    { 0, 0, 0, 0, 0, 0, 86759 }, // 轸
    { 0, 0, 0, 0, 0, 0, 86759 }, // 轹
    { 0, 0, 0, 0, 0, 0, 86759 }, // 轺
    { 0, 0, 0, 0, 0, 0, 86759 }, // 轻
    { 0, 0, 0, 0, 0, 0, 86759 }, // 轼
    { 32, 33, 33, 1, 29, 132, 86759 }, // 载
    { 0, 0, 0, 0, 0, 0, 86891 }, // 轾
    { 0, 0, 0, 0, 0, 0, 86891 }, // 轿
    { 0, 0, 0, 0, 0, 0, 86891 }, // 辀
    { 0, 0, 0, 0, 0, 0, 86891 }, // 辁
    { 0, 0, 0, 0, 0, 0, 86891 }, // 辂
    { 32, 33, 33, 1, 29, 132, 86891 }, // 较
    { 0, 0, 0, 0, 0, 0, 87023 }, // 辄
    { 0, 0, 0, 0, 0, 0, 87023 }, // 辅
    { 0, 0, 0, 0, 0, 0, 87023 }, // 辆
    { 0, 0, 0, 0, 0, 0, 87023 }, // 辇
    { 0, 0, 0, 0, 0, 0, 87023 }, // 辈
    { 0, 0, 0, 0, 0, 0, 87023 }, // 辉
    { 0, 0, 0, 0, 0, 0, 87023 }, // 辊
    { 0, 0, 0, 0, 0, 0, 87023 }, // 辋
    { 0, 0, 0, 0, 0, 0, 87023 }, // 辌
    { 0, 0, 0, 0, 0, 0, 87023 }, // 辍
    { 0, 0, 0, 0, 0, 0, 87023 }, // 辎
    { 0, 0, 0, 0, 0, 0, 87023 }, // 辏
    { 0, 0, 0, 0, 0, 0, 87023 }, // 辐
    { 31, 33, 33, 1, 29, 128, 87023 }, // 辑
    { 0, 0, 0, 0, 0, 0, 87151 }, // 辒
    { 32, 33, 33, 1, 29, 132, 87151 }, // 输
    { 33, 32, 33, 0, 28, 132, 87283 }, // 边
    { 0, 0, 0, 0, 0, 0, 87415 }, // 辺
    { 0, 0, 0, 0, 0, 0, 87415 }, // 辻
    { 0, 0, 0, 0, 0, 0, 87415 }, // 込
    { 0, 0, 0, 0, 0, 0, 87415 }, // 辽
    { 0, 0, 0, 0, 0, 0, 87415 }, // 达
    { 0, 0, 0, 0, 0, 0, 87415 }, // 辿
    { 0, 0, 0, 0, 0, 0, 87415 }, // 迀
    { 0, 0, 0, 0, 0, 0, 87415 }, // 迁
    { 0, 0, 0, 0, 0, 0, 87415 }, // 迂
    { 0, 0, 0, 0, 0, 0, 87415 }, // 迃
    { 0, 0, 0, 0, 0, 0, 87415 }, // 迄
    { 0, 0, 0, 0, 0, 0, 87415 }, // 迅
    { 0, 0, 0, 0, 0, 0, 87415 }, // 迆
    { 32, 32, 33, 1, 29, 128, 87415 }, // 过
    { 0, 0, 0, 0, 0, 0, 87543 }, // 迈
    { 0, 0, 0, 0, 0, 0, 87543 }, // 迉
    { 0, 0, 0, 0, 0, 0, 87543 }, // 迊
    { 0, 0, 0, 0, 0, 0, 87543 }, // 迋
    { 0, 0, 0, 0, 0, 0, 87543 }, // 迌
    { 0, 0, 0, 0, 0, 0, 87543 }, // 迍
    { 0, 0, 0, 0, 0, 0, 87543 }, // 迎
    { 0, 0, 0, 0, 0, 0, 87543 }, // 迏
    { 32, 31, 33, 1, 27, 124, 87543 }, // 运
    { 32, 32, 33, 1, 29, 128, 87667 }, // 近
    { 0, 0, 0, 0, 0, 0, 87795 }, // 迒
    { 0, 0, 0, 0, 0, 0, 87795 }, // 迓
    { 32, 31, 33, 1, 28, 124, 87795 }, // 返
    { 0, 0, 0, 0, 0, 0, 87919 }, // 迕
    { 0, 0, 0, 0, 0, 0, 87919 }, // 迖
    { 0, 0, 0, 0, 0, 0, 87919 }, // 迗
    { 33, 32, 33, 0, 28, 132, 87919 }, // 还
    { 32, 32, 33, 1, 29, 128, 88051 }, // 这
    { 0, 0, 0, 0, 0, 0, 88179 }, // 迚
    { 32, 31, 33, 1, 28, 124, 88179 }, // 进
    { 32, 31, 33, 1, 27, 124, 88303 }, // 远
    { 0, 0, 0, 0, 0, 0, 88427 }, // 违
    { 33, 33, 33, 0, 29, 137, 88427 }, // 连
    { 32, 31, 33, 1, 28, 124, 88564 }, // 退
    { 0, 0, 0, 0, 0, 0, 88688 }, // 送
    { 32, 31, 33, 1, 28, 124, 88688 }, // 适
    { 0, 0, 0, 0, 0, 0, 88812 }, // 逃
    { 0, 0, 0, 0, 0, 0, 88812 }, // 逄
    { 0, 0, 0, 0, 0, 0, 88812 }, // 逅
    { 0, 0, 0, 0, 0, 0, 88812 }, // 逆
    { 0, 0, 0, 0, 0, 0, 88812 }, // 逇
    { 0, 0, 0, 0, 0, 0, 88812 }, // 逈
    { 32, 32, 33, 1, 28, 128, 88812 }, // 选
    { 0, 0, 0, 0, 0, 0, 88940 }, // 逊
    { 0, 0, 0, 0, 0, 0, 88940 }, // 逋
    { 0, 0, 0, 0, 0, 0, 88940 }, // 逌
    { 0, 0, 0, 0, 0, 0, 88940 }, // 逍
    { 0, 0, 0, 0, 0, 0, 88940 }, // 逎
    { 32, 32, 33, 1, 28, 128, 88940 }, // 透
    { 0, 0, 0, 0, 0, 0, 89068 }, // 逐
    { 0, 0, 0, 0, 0, 0, 89068 }, // 逑
    { 0, 0, 0, 0, 0, 0, 89068 }, // 递
    { 0, 0, 0, 0, 0, 0, 89068 }, // 逓
    { 0, 0, 0, 0, 0, 0, 89068 }, // 途
    { 0, 0, 0, 0, 0, 0, 89068 }, // 逕
    { 0, 0, 0, 0, 0, 0, 89068 }, // 逖
    { 0, 0, 0, 0, 0, 0, 89068 }, // 逗
    { 0, 0, 0, 0, 0, 0, 89068 }, // 逘
    { 32, 33, 33, 1, 29, 132, 89068 }, // 這
    { 32, 31, 33, 1, 28, 124, 89200 }, // 通
    { 0, 0, 0, 0, 0, 0, 89324 }, // 逛
    { 0, 0, 0, 0, 0, 0, 89324 }, // 逜
    { 0, 0, 0, 0, 0, 0, 89324 }, // 逝
    { 0, 0, 0, 0, 0, 0, 89324 }, // 逞
    { 32, 31, 33, 1, 28, 124, 89324 }, // 速
    { 0, 0, 0, 0, 0, 0, 89448 }, // 造
    { 0, 0, 0, 0, 0, 0, 89448 }, // 逡
    { 0, 0, 0, 0, 0, 0, 89448 }, // 逢
    { 33, 33, 33, 0, 29, 137, 89448 }, // 連
    { 0, 0, 0, 0, 0, 0, 89585 }, // 逤
    { 0, 0, 0, 0, 0, 0, 89585 }, // 逥
    { 0, 0, 0, 0, 0, 0, 89585 }, // 逦
    { 0, 0, 0, 0, 0, 0, 89585 }, // 逧
    { 0, 0, 0, 0, 0, 0, 89585 }, // 逨
    { 0, 0, 0, 0, 0, 0, 89585 }, // 逩
    { 0, 0, 0, 0, 0, 0, 89585 }, // 逪
    { 0, 0, 0, 0, 0, 0, 89585 }, // 逫
    { 0, 0, 0, 0, 0, 0, 89585 }, // 逬
    { 0, 0, 0, 0, 0, 0, 89585 }, // 逭
    { 0, 0, 0, 0, 0, 0, 89585 }, // 逮
    { 0, 0, 0, 0, 0, 0, 89585 }, // 逯
    { 0, 0, 0, 0, 0, 0, 89585 }, // 逰
    { 0, 0, 0, 0, 0, 0, 89585 }, // 週
    { 32, 31, 33, 1, 28, 124, 89585 }, // 進
    { 0, 0, 0, 0, 0, 0, 89709 }, // 逳
    { 0, 0, 0, 0, 0, 0, 89709 }, // 逴
    { 0, 0, 0, 0, 0, 0, 89709 }, // 逵
    { 0, 0, 0, 0, 0, 0, 89709 }, // 逶
    { 0, 0, 0, 0, 0, 0, 89709 }, // 逷
    { 0, 0, 0, 0, 0, 0, 89709 }, // 逸
    { 0, 0, 0, 0, 0, 0, 89709 }, // 逹
    { 0, 0, 0, 0, 0, 0, 89709 }, // 逺
    { 33, 31, 33, 0, 28, 128, 89709 }, // 逻
    { 0, 0, 0, 0, 0, 0, 89837 }, // 逼
    { 0, 0, 0, 0, 0, 0, 89837 }, // 逽
    { 0, 0, 0, 0, 0, 0, 89837 }, // 逾
    { 0, 0, 0, 0, 0, 0, 89837 }, // 逿
    { 0, 0, 0, 0, 0, 0, 89837 }, // 遀
    { 0, 0, 0, 0, 0, 0, 89837 }, // 遁
    { 0, 0, 0, 0, 0, 0, 89837 }, // 遂
    { 0, 0, 0, 0, 0, 0, 89837 }, // 遃
    { 0, 0, 0, 0, 0, 0, 89837 }, // 遄
    { 0, 0, 0, 0, 0, 0, 89837 }, // 遅
    { 0, 0, 0, 0, 0, 0, 89837 }, // 遆
    { 0, 0, 0, 0, 0, 0, 89837 }, // 遇
    { 0, 0, 0, 0, 0, 0, 89837 }, // 遈
    { 0, 0, 0, 0, 0, 0, 89837 }, // 遉
    { 0, 0, 0, 0, 0, 0, 89837 }, // 遊
    { 0, 0, 0, 0, 0, 0, 89837 }, // 運
    { 0, 0, 0, 0, 0, 0, 89837 }, // 遌
    { 0, 0, 0, 0, 0, 0, 89837 }, // 遍
    { 33, 32, 33, 0, 28, 132, 89837 }, // 過
    { 0, 0, 0, 0, 0, 0, 89969 }, // 遏
    { 0, 0, 0, 0, 0, 0, 89969 }, // 遐
    { 0, 0, 0, 0, 0, 0, 89969 }, // 遑
    { 0, 0, 0, 0, 0, 0, 89969 }, // 遒
    { 32, 32, 33, 1, 29, 128, 89969 }, // 道
    { 0, 0, 0, 0, 0, 0, 90097 }, // 達
    { 0, 0, 0, 0, 0, 0, 90097 }, // 違
    { 0, 0, 0, 0, 0, 0, 90097 }, // 遖
    { 0, 0, 0, 0, 0, 0, 90097 }, // 遗
    { 0, 0, 0, 0, 0, 0, 90097 }, // 遘
    { 0, 0, 0, 0, 0, 0, 90097 }, // 遙
    { 0, 0, 0, 0, 0, 0, 90097 }, // 遚
    { 0, 0, 0, 0, 0, 0, 90097 }, // 遛
    { 0, 0, 0, 0, 0, 0, 90097 }, // 遜
    { 0, 0, 0, 0, 0, 0, 90097 }, // 遝
    { 0, 0, 0, 0, 0, 0, 90097 }, // 遞
    { 0, 0, 0, 0, 0, 0, 90097 }, // 遟
    { 32, 33, 33, 1, 29, 132, 90097 }, // 遠
    { 32, 30, 33, 1, 27, 120, 90229 }, // 選
    { 0, 0, 0, 0, 0, 0, 90349 }, // 遹
    { 0, 0, 0, 0, 0, 0, 90349 }, // 遺
    { 0, 0, 0, 0, 0, 0, 90349 }, // 遻
    { 0, 0, 0, 0, 0, 0, 90349 }, // 遼
    { 0, 0, 0, 0, 0, 0, 90349 }, // 遽
    { 0, 0, 0, 0, 0, 0, 90349 }, // 遾
    { 0, 0, 0, 0, 0, 0, 90349 }, // 避
    { 0, 0, 0, 0, 0, 0, 90349 }, // 邀
    { 0, 0, 0, 0, 0, 0, 90349 }, // 邁
    { 0, 0, 0, 0, 0, 0, 90349 }, // 邂
    { 0, 0, 0, 0, 0, 0, 90349 }, // 邃
    { 33, 31, 33, 0, 28, 128, 90349 }, // 還
    { 0, 0, 0, 0, 0, 0, 90477 }, // 邅
    { 0, 0, 0, 0, 0, 0, 90477 }, // 邆
    { 0, 0, 0, 0, 0, 0, 90477 }, // 邇
    { 0, 0, 0, 0, 0, 0, 90477 }, // 邈
    { 0, 0, 0, 0, 0, 0, 90477 }, // 邉
    { 33, 33, 33, 0, 29, 137, 90477 }, // 邊
    { 33, 32, 33, 0, 28, 132, 90614 }, // 都
    { 32, 31, 33, 1, 27, 124, 90746 }, // 配
    { 30, 32, 33, 1, 28, 120, 90870 }, // 酬
    { 31, 29, 33, 1, 27, 113, 90990 }, // 里
    { 31, 31, 33, 1, 28, 121, 91103 }, // 重
    { 0, 0, 0, 0, 0, 0, 91224 }, // 野
    { 31, 29, 33, 1, 27, 113, 91224 }, // 量
    { 0, 0, 0, 0, 0, 0, 91337 }, // 釐
    { 33, 31, 33, 0, 29, 128, 91337 }, // 金
    { 32, 32, 33, 1, 29, 128, 91465 }, // 鈕
    { 32, 33, 33, 0, 29, 132, 91593 }, // 鋸
    { 0, 0, 0, 0, 0, 0, 91725 }, // 鋹
    { 0, 0, 0, 0, 0, 0, 91725 }, // 鋺
    { 0, 0, 0, 0, 0, 0, 91725 }, // 鋻
    { 0, 0, 0, 0, 0, 0, 91725 }, // 鋼
    { 0, 0, 0, 0, 0, 0, 91725 }, // 鋽
    { 0, 0, 0, 0, 0, 0, 91725 }, // 鋾
    { 0, 0, 0, 0, 0, 0, 91725 }, // 鋿
    { 0, 0, 0, 0, 0, 0, 91725 }, // 錀
    { 0, 0, 0, 0, 0, 0, 91725 }, // 錁
    { 0, 0, 0, 0, 0, 0, 91725 }, // 錂
    { 0, 0, 0, 0, 0, 0, 91725 }, // 錃
    { 32, 33, 33, 1, 29, 132, 91725 }, // 錄
    { 31, 33, 33, 1, 29, 128, 91857 }, // 錯
    { 32, 33, 33, 1, 29, 132, 91985 }, // 鍥
    { 0, 0, 0, 0, 0, 0, 92117 }, // 鍦
    { 0, 0, 0, 0, 0, 0, 92117 }, // 鍧
    { 0, 0, 0, 0, 0, 0, 92117 }, // 鍨
    { 0, 0, 0, 0, 0, 0, 92117 }, // 鍩
    { 0, 0, 0, 0, 0, 0, 92117 }, // 鍪
    { 0, 0, 0, 0, 0, 0, 92117 }, // 鍫
    { 0, 0, 0, 0, 0, 0, 92117 }, // 鍬
    { 0, 0, 0, 0, 0, 0, 92117 }, // 鍭
    { 0, 0, 0, 0, 0, 0, 92117 }, // 鍮
    { 0, 0, 0, 0, 0, 0, 92117 }, // 鍯
    { 0, 0, 0, 0, 0, 0, 92117 }, // 鍰
    { 0, 0, 0, 0, 0, 0, 92117 }, // 鍱
    { 0, 0, 0, 0, 0, 0, 92117 }, // 鍲
    { 0, 0, 0, 0, 0, 0, 92117 }, // 鍳
    { 0, 0, 0, 0, 0, 0, 92117 }, // 鍴
    { 32, 33, 33, 1, 29, 132, 92117 }, // 鍵
    { 32, 33, 33, 1, 29, 132, 92249 }, // 鎖
    { 31, 33, 33, 1, 29, 128, 92381 }, // 鏤
    { 32, 32, 33, 1, 29, 128, 92509 }, // 鐘
    { 31, 33, 33, 1, 29, 128, 92637 }, // 钟
    { 0, 0, 0, 0, 0, 0, 92765 }, // 钠
    { 0, 0, 0, 0, 0, 0, 92765 }, // 钡
    { 0, 0, 0, 0, 0, 0, 92765 }, // 钢
    { 0, 0, 0, 0, 0, 0, 92765 }, // 钣
    { 0, 0, 0, 0, 0, 0, 92765 }, // 钤
    { 0, 0, 0, 0, 0, 0, 92765 }, // 钥
    { 0, 0, 0, 0, 0, 0, 92765 }, // 钦
    { 0, 0, 0, 0, 0, 0, 92765 }, // 钧
    { 0, 0, 0, 0, 0, 0, 92765 }, // 钨
    { 30, 33, 33, 1, 29, 124, 92765 }, // 钩
    { 0, 0, 0, 0, 0, 0, 92889 }, // 钪
    { 0, 0, 0, 0, 0, 0, 92889 }, // 钫
    { 0, 0, 0, 0, 0, 0, 92889 }, // 钬
    { 0, 0, 0, 0, 0, 0, 92889 }, // 钭
    { 32, 32, 33, 0, 29, 128, 92889 }, // 钮
    { 32, 33, 33, 1, 29, 132, 93017 }, // 锁
    { 31, 33, 33, 1, 29, 128, 93149 }, // 错
    { 0, 0, 0, 0, 0, 0, 93277 }, // 锚
    { 0, 0, 0, 0, 0, 0, 93277 }, // 锛
    { 0, 0, 0, 0, 0, 0, 93277 }, // 锜
    { 0, 0, 0, 0, 0, 0, 93277 }, // 锝
    { 0, 0, 0, 0, 0, 0, 93277 }, // 锞
    { 0, 0, 0, 0, 0, 0, 93277 }, // 锟
    { 0, 0, 0, 0, 0, 0, 93277 }, // 锠
    { 0, 0, 0, 0, 0, 0, 93277 }, // 锡
    { 0, 0, 0, 0, 0, 0, 93277 }, // 锢
    { 0, 0, 0, 0, 0, 0, 93277 }, // 锣
    { 0, 0, 0, 0, 0, 0, 93277 }, // 锤
    { 0, 0, 0, 0, 0, 0, 93277 }, // 锥
    { 0, 0, 0, 0, 0, 0, 93277 }, // 锦
    { 0, 0, 0, 0, 0, 0, 93277 }, // 锧
    { 0, 0, 0, 0, 0, 0, 93277 }, // 锨
    { 0, 0, 0, 0, 0, 0, 93277 }, // 锩
    { 0, 0, 0, 0, 0, 0, 93277 }, // 锪
    { 0, 0, 0, 0, 0, 0, 93277 }, // 锫
    { 0, 0, 0, 0, 0, 0, 93277 }, // 锬
    { 0, 0, 0, 0, 0, 0, 93277 }, // 锭
    { 33, 33, 33, 0, 29, 137, 93277 }, // 键
    { 31, 33, 33, 1, 29, 128, 93414 }, // 锯
    { 0, 0, 0, 0, 0, 0, 93542 }, // 锰
    { 0, 0, 0, 0, 0, 0, 93542 }, // 锱
    { 32, 33, 33, 1, 29, 132, 93542 }, // 锲
    { 0, 0, 0, 0, 0, 0, 93674 }, // 锳
    { 0, 0, 0, 0, 0, 0, 93674 }, // 锴
    { 0, 0, 0, 0, 0, 0, 93674 }, // 锵
    { 0, 0, 0, 0, 0, 0, 93674 }, // 锶
    { 0, 0, 0, 0, 0, 0, 93674 }, // 锷
    { 0, 0, 0, 0, 0, 0, 93674 }, // 锸
    { 0, 0, 0, 0, 0, 0, 93674 }, // 锹
    { 0, 0, 0, 0, 0, 0, 93674 }, // 锺
    { 0, 0, 0, 0, 0, 0, 93674 }, // 锻
    { 0, 0, 0, 0, 0, 0, 93674 }, // 锼
    { 0, 0, 0, 0, 0, 0, 93674 }, // 锽
    { 0, 0, 0, 0, 0, 0, 93674 }, // 锾
    { 0, 0, 0, 0, 0, 0, 93674 }, // 锿
    { 0, 0, 0, 0, 0, 0, 93674 }, // 镀
    { 0, 0, 0, 0, 0, 0, 93674 }, // 镁
    { 32, 33, 33, 0, 29, 132, 93674 }, // 镂
    { 32, 33, 33, 1, 29, 132, 93806 }, // 镜
    { 32, 31, 33, 1, 27, 124, 93938 }, // 長
    { 0, 0, 0, 0, 0, 0, 94062 }, // 镸
    { 0, 0, 0, 0, 0, 0, 94062 }, // 镹
    { 0, 0, 0, 0, 0, 0, 94062 }, // 镺
    { 0, 0, 0, 0, 0, 0, 94062 }, // 镻
    { 0, 0, 0, 0, 0, 0, 94062 }, // 镼
    { 0, 0, 0, 0, 0, 0, 94062 }, // 镽
    { 0, 0, 0, 0, 0, 0, 94062 }, // 镾
    { 32, 31, 33, 1, 28, 124, 94062 }, // 长
    { 0, 0, 0, 0, 0, 0, 94186 }, // 門
    { 0, 0, 0, 0, 0, 0, 94186 }, // 閁
    { 0, 0, 0, 0, 0, 0, 94186 }, // 閂
    { 0, 0, 0, 0, 0, 0, 94186 }, // 閃
    { 0, 0, 0, 0, 0, 0, 94186 }, // 閄
    { 0, 0, 0, 0, 0, 0, 94186 }, // 閅
    { 0, 0, 0, 0, 0, 0, 94186 }, // 閆
    { 0, 0, 0, 0, 0, 0, 94186 }, // 閇
    { 0, 0, 0, 0, 0, 0, 94186 }, // 閈
    { 29, 31, 33, 2, 27, 113, 94186 }, // 閉
    { 0, 0, 0, 0, 0, 0, 94299 }, // 閊
    { 29, 31, 33, 2, 27, 113, 94299 }, // 開
    { 0, 0, 0, 0, 0, 0, 94412 }, // 閌
    { 0, 0, 0, 0, 0, 0, 94412 }, // 閍
    { 0, 0, 0, 0, 0, 0, 94412 }, // 閎
    { 0, 0, 0, 0, 0, 0, 94412 }, // 閏
    { 0, 0, 0, 0, 0, 0, 94412 }, // 閐
    { 0, 0, 0, 0, 0, 0, 94412 }, // 閑
    { 0, 0, 0, 0, 0, 0, 94412 }, // 閒
    { 29, 31, 33, 2, 27, 113, 94412 }, // 間
    { 28, 31, 33, 3, 27, 109, 94525 }, // 閱
    { 29, 31, 33, 2, 27, 113, 94634 }, // 關
    { 0, 0, 0, 0, 0, 0, 94747 }, // 闝
    { 0, 0, 0, 0, 0, 0, 94747 }, // 闞
    { 0, 0, 0, 0, 0, 0, 94747 }, // 闟
    { 0, 0, 0, 0, 0, 0, 94747 }, // 闠
    { 0, 0, 0, 0, 0, 0, 94747 }, // 闡
    { 0, 0, 0, 0, 0, 0, 94747 }, // 闢
    { 0, 0, 0, 0, 0, 0, 94747 }, // 闣
    { 0, 0, 0, 0, 0, 0, 94747 }, // 闤
    { 0, 0, 0, 0, 0, 0, 94747 }, // 闥
    { 0, 0, 0, 0, 0, 0, 94747 }, // 闦
    { 0, 0, 0, 0, 0, 0, 94747 }, // 闧
    { 0, 0, 0, 0, 0, 0, 94747 }, // 门
    { 0, 0, 0, 0, 0, 0, 94747 }, // 闩
    { 0, 0, 0, 0, 0, 0, 94747 }, // 闪
    { 0, 0, 0, 0, 0, 0, 94747 }, // 闫
    { 0, 0, 0, 0, 0, 0, 94747 }, // 闬
    { 29, 32, 33, 2, 28, 116, 94747 }, // 闭
    { 28, 32, 33, 3, 28, 112, 94863 }, // 问
    { 0, 0, 0, 0, 0, 0, 94975 }, // 闯
    { 0, 0, 0, 0, 0, 0, 94975 }, // 闰
    { 0, 0, 0, 0, 0, 0, 94975 }, // 闱
    { 0, 0, 0, 0, 0, 0, 94975 }, // 闲
    { 0, 0, 0, 0, 0, 0, 94975 }, // 闳
    { 28, 32, 33, 3, 28, 112, 94975 }, // 间
    { 0, 0, 0, 0, 0, 0, 95087 }, // 闵
    { 0, 0, 0, 0, 0, 0, 95087 }, // 闶
    { 0, 0, 0, 0, 0, 0, 95087 }, // 闷
    { 0, 0, 0, 0, 0, 0, 95087 }, // 闸
    { 0, 0, 0, 0, 0, 0, 95087 }, // 闹
    { 0, 0, 0, 0, 0, 0, 95087 }, // 闺
    { 0, 0, 0, 0, 0, 0, 95087 }, // 闻
    { 0, 0, 0, 0, 0, 0, 95087 }, // 闼
    { 0, 0, 0, 0, 0, 0, 95087 }, // 闽
    { 0, 0, 0, 0, 0, 0, 95087 }, // 闾
    { 0, 0, 0, 0, 0, 0, 95087 }, // 闿
    { 0, 0, 0, 0, 0, 0, 95087 }, // 阀
    { 0, 0, 0, 0, 0, 0, 95087 }, // 阁
    { 0, 0, 0, 0, 0, 0, 95087 }, // 阂
    { 0, 0, 0, 0, 0, 0, 95087 }, // 阃
    { 0, 0, 0, 0, 0, 0, 95087 }, // 阄
    { 28, 32, 33, 3, 28, 112, 95087 }, // 阅
    { 30, 33, 33, 2, 29, 124, 95199 }, // 防
    { 29, 32, 33, 2, 28, 116, 95323 }, // 阳
    { 0, 0, 0, 0, 0, 0, 95439 }, // 阴
    { 0, 0, 0, 0, 0, 0, 95439 }, // 阵
    { 31, 33, 33, 2, 29, 128, 95439 }, // 阶
    { 0, 0, 0, 0, 0, 0, 95567 }, // 阷
    { 0, 0, 0, 0, 0, 0, 95567 }, // 阸
    { 0, 0, 0, 0, 0, 0, 95567 }, // 阹
    { 0, 0, 0, 0, 0, 0, 95567 }, // 阺
    { 0, 0, 0, 0, 0, 0, 95567 }, // 阻
    { 0, 0, 0, 0, 0, 0, 95567 }, // 阼
    { 0, 0, 0, 0, 0, 0, 95567 }, // 阽
    { 0, 0, 0, 0, 0, 0, 95567 }, // 阾
    { 0, 0, 0, 0, 0, 0, 95567 }, // 阿
    { 0, 0, 0, 0, 0, 0, 95567 }, // 陀
    { 0, 0, 0, 0, 0, 0, 95567 }, // 陁
    { 0, 0, 0, 0, 0, 0, 95567 }, // 陂
    { 0, 0, 0, 0, 0, 0, 95567 }, // 陃
    { 31, 33, 33, 2, 29, 128, 95567 }, // 附
    { 0, 0, 0, 0, 0, 0, 95695 }, // 际
    { 0, 0, 0, 0, 0, 0, 95695 }, // 陆
    { 0, 0, 0, 0, 0, 0, 95695 }, // 陇
    { 0, 0, 0, 0, 0, 0, 95695 }, // 陈
    { 0, 0, 0, 0, 0, 0, 95695 }, // 陉
    { 0, 0, 0, 0, 0, 0, 95695 }, // 陊
    { 0, 0, 0, 0, 0, 0, 95695 }, // 陋
    { 0, 0, 0, 0, 0, 0, 95695 }, // 陌
    { 31, 33, 33, 2, 29, 128, 95695 }, // 降
    { 0, 0, 0, 0, 0, 0, 95823 }, // 陎
    { 0, 0, 0, 0, 0, 0, 95823 }, // 陏
    { 30, 32, 33, 3, 28, 120, 95823 }, // 限
    { 0, 0, 0, 0, 0, 0, 95943 }, // 陑
    { 0, 0, 0, 0, 0, 0, 95943 }, // 陒
    { 0, 0, 0, 0, 0, 0, 95943 }, // 陓
    { 0, 0, 0, 0, 0, 0, 95943 }, // 陔
    { 0, 0, 0, 0, 0, 0, 95943 }, // 陕
    { 0, 0, 0, 0, 0, 0, 95943 }, // 陖
    { 0, 0, 0, 0, 0, 0, 95943 }, // 陗
    { 0, 0, 0, 0, 0, 0, 95943 }, // 陘
    { 0, 0, 0, 0, 0, 0, 95943 }, // 陙
    { 0, 0, 0, 0, 0, 0, 95943 }, // 陚
    { 0, 0, 0, 0, 0, 0, 95943 }, // 陛
    { 0, 0, 0, 0, 0, 0, 95943 }, // 陜
    { 0, 0, 0, 0, 0, 0, 95943 }, // 陝
    { 0, 0, 0, 0, 0, 0, 95943 }, // 陞
    { 0, 0, 0, 0, 0, 0, 95943 }, // 陟
    { 0, 0, 0, 0, 0, 0, 95943 }, // 陠
    { 0, 0, 0, 0, 0, 0, 95943 }, // 陡
    { 0, 0, 0, 0, 0, 0, 95943 }, // 院
    { 0, 0, 0, 0, 0, 0, 95943 }, // 陣
    { 31, 32, 33, 2, 29, 124, 95943 }, // 除
    { 30, 32, 33, 2, 28, 120, 96067 }, // 隐
    { 0, 0, 0, 0, 0, 0, 96187 }, // 隑
    { 0, 0, 0, 0, 0, 0, 96187 }, // 隒
    { 0, 0, 0, 0, 0, 0, 96187 }, // 隓
    { 30, 32, 33, 2, 28, 120, 96187 }, // 隔
    { 30, 32, 33, 2, 28, 120, 96307 }, // 隱
    { 0, 0, 0, 0, 0, 0, 96427 }, // 隲
    { 0, 0, 0, 0, 0, 0, 96427 }, // 隳
    { 0, 0, 0, 0, 0, 0, 96427 }, // 隴
    { 0, 0, 0, 0, 0, 0, 96427 }, // 隵
    { 0, 0, 0, 0, 0, 0, 96427 }, // 隶
    { 0, 0, 0, 0, 0, 0, 96427 }, // 隷
    { 0, 0, 0, 0, 0, 0, 96427 }, // 隸
    { 0, 0, 0, 0, 0, 0, 96427 }, // 隹
    { 0, 0, 0, 0, 0, 0, 96427 }, // 隺
    { 0, 0, 0, 0, 0, 0, 96427 }, // 隻
    { 0, 0, 0, 0, 0, 0, 96427 }, // 隼
    { 0, 0, 0, 0, 0, 0, 96427 }, // 隽
    { 32, 32, 33, 0, 28, 128, 96427 }, // 难
    { 31, 33, 33, 1, 29, 128, 96555 }, // 雙
    { 0, 0, 0, 0, 0, 0, 96683 }, // 雚
    { 0, 0, 0, 0, 0, 0, 96683 }, // 雛
    { 0, 0, 0, 0, 0, 0, 96683 }, // 雜
    { 0, 0, 0, 0, 0, 0, 96683 }, // 雝
    { 0, 0, 0, 0, 0, 0, 96683 }, // 雞
    { 0, 0, 0, 0, 0, 0, 96683 }, // 雟
    { 0, 0, 0, 0, 0, 0, 96683 }, // 雠
    { 0, 0, 0, 0, 0, 0, 96683 }, // 雡
    { 0, 0, 0, 0, 0, 0, 96683 }, // 離
    { 31, 33, 33, 1, 29, 128, 96683 }, // 難
    { 0, 0, 0, 0, 0, 0, 96811 }, // 雤
    { 0, 0, 0, 0, 0, 0, 96811 }, // 雥
    { 0, 0, 0, 0, 0, 0, 96811 }, // 雦
    { 0, 0, 0, 0, 0, 0, 96811 }, // 雧
    { 0, 0, 0, 0, 0, 0, 96811 }, // 雨
    { 0, 0, 0, 0, 0, 0, 96811 }, // 雩
    { 0, 0, 0, 0, 0, 0, 96811 }, // 雪
    { 0, 0, 0, 0, 0, 0, 96811 }, // 雫
    { 0, 0, 0, 0, 0, 0, 96811 }, // 雬
    { 0, 0, 0, 0, 0, 0, 96811 }, // 雭
    { 0, 0, 0, 0, 0, 0, 96811 }, // 雮
    { 0, 0, 0, 0, 0, 0, 96811 }, // 雯
    { 0, 0, 0, 0, 0, 0, 96811 }, // 雰
    { 0, 0, 0, 0, 0, 0, 96811 }, // 雱
    { 31, 31, 33, 1, 27, 121, 96811 }, // 雲
    { 0, 0, 0, 0, 0, 0, 96932 }, // 雳
    { 0, 0, 0, 0, 0, 0, 96932 }, // 雴
    { 0, 0, 0, 0, 0, 0, 96932 }, // 雵
    { 0, 0, 0, 0, 0, 0, 96932 }, // 零
    { 0, 0, 0, 0, 0, 0, 96932 }, // 雷
    { 0, 0, 0, 0, 0, 0, 96932 }, // 雸
    { 0, 0, 0, 0, 0, 0, 96932 }, // 雹
    { 0, 0, 0, 0, 0, 0, 96932 }, // 雺
    { 31, 30, 33, 2, 27, 117, 96932 }, // 電
    { 0, 0, 0, 0, 0, 0, 97049 }, // 雼
    { 0, 0, 0, 0, 0, 0, 97049 }, // 雽
    { 0, 0, 0, 0, 0, 0, 97049 }, // 雾
    { 0, 0, 0, 0, 0, 0, 97049 }, // 雿
    { 30, 31, 33, 2, 27, 117, 97049 }, // 需
    { 31, 29, 33, 1, 27, 113, 97166 }, // 靈
    { 0, 0, 0, 0, 0, 0, 97279 }, // 靉
    { 0, 0, 0, 0, 0, 0, 97279 }, // 靊
    { 0, 0, 0, 0, 0, 0, 97279 }, // 靋
    { 0, 0, 0, 0, 0, 0, 97279 }, // 靌
    { 0, 0, 0, 0, 0, 0, 97279 }, // 靍
    { 0, 0, 0, 0, 0, 0, 97279 }, // 靎
    { 0, 0, 0, 0, 0, 0, 97279 }, // 靏
    { 0, 0, 0, 0, 0, 0, 97279 }, // 靐
    { 0, 0, 0, 0, 0, 0, 97279 }, // 靑
    { 0, 0, 0, 0, 0, 0, 97279 }, // 青
    { 0, 0, 0, 0, 0, 0, 97279 }, // 靓
    { 0, 0, 0, 0, 0, 0, 97279 }, // 靔
    { 0, 0, 0, 0, 0, 0, 97279 }, // 靕
    { 0, 0, 0, 0, 0, 0, 97279 }, // 靖
    { 0, 0, 0, 0, 0, 0, 97279 }, // 靗
    { 0, 0, 0, 0, 0, 0, 97279 }, // 靘
    { 32, 33, 33, 1, 29, 132, 97279 }, // 静
    { 0, 0, 0, 0, 0, 0, 97411 }, // 靚
    { 0, 0, 0, 0, 0, 0, 97411 }, // 靛
    { 32, 33, 33, 1, 29, 132, 97411 }, // 靜
    { 0, 0, 0, 0, 0, 0, 97543 }, // 靝
    { 31, 32, 33, 1, 28, 124, 97543 }, // 非
    { 0, 0, 0, 0, 0, 0, 97667 }, // 靟
    { 0, 0, 0, 0, 0, 0, 97667 }, // 靠
    { 0, 0, 0, 0, 0, 0, 97667 }, // 靡
    { 31, 30, 33, 1, 26, 117, 97667 }, // 面
    { 31, 33, 33, 1, 29, 128, 97784 }, // 響
    { 0, 0, 0, 0, 0, 0, 97912 }, // 頀
    { 31, 31, 33, 1, 27, 121, 97912 }, // 頁
    { 32, 31, 33, 1, 27, 124, 98033 }, // 頂
    { 0, 0, 0, 0, 0, 0, 98157 }, // 頃
    { 0, 0, 0, 0, 0, 0, 98157 }, // 頄
    { 32, 31, 33, 1, 27, 124, 98157 }, // 項
    { 32, 33, 33, 1, 29, 132, 98281 }, // 頻
    { 32, 32, 33, 1, 28, 128, 98413 }, // 類
    { 0, 0, 0, 0, 0, 0, 98541 }, // 顟
    { 0, 0, 0, 0, 0, 0, 98541 }, // 顠
    { 0, 0, 0, 0, 0, 0, 98541 }, // 顡
    { 0, 0, 0, 0, 0, 0, 98541 }, // 顢
    { 0, 0, 0, 0, 0, 0, 98541 }, // 顣
    { 0, 0, 0, 0, 0, 0, 98541 }, // 顤
    { 0, 0, 0, 0, 0, 0, 98541 }, // 顥
    { 0, 0, 0, 0, 0, 0, 98541 }, // 顦
    { 0, 0, 0, 0, 0, 0, 98541 }, // 顧
    { 0, 0, 0, 0, 0, 0, 98541 }, // 顨
    { 0, 0, 0, 0, 0, 0, 98541 }, // 顩
    { 0, 0, 0, 0, 0, 0, 98541 }, // 顪
    { 0, 0, 0, 0, 0, 0, 98541 }, // 顫
    { 0, 0, 0, 0, 0, 0, 98541 }, // 顬
    { 0, 0, 0, 0, 0, 0, 98541 }, // 顭
    { 0, 0, 0, 0, 0, 0, 98541 }, // 顮
    { 32, 31, 33, 1, 27, 124, 98541 }, // 顯
    { 0, 0, 0, 0, 0, 0, 98665 }, // 顰
    { 0, 0, 0, 0, 0, 0, 98665 }, // 顱
    { 0, 0, 0, 0, 0, 0, 98665 }, // 顲
    { 0, 0, 0, 0, 0, 0, 98665 }, // 顳
    { 0, 0, 0, 0, 0, 0, 98665 }, // 顴
    { 31, 31, 33, 1, 27, 121, 98665 }, // 页
    { 32, 31, 33, 1, 27, 124, 98786 }, // 顶
    { 0, 0, 0, 0, 0, 0, 98910 }, // 顷
    { 0, 0, 0, 0, 0, 0, 98910 }, // 顸
    { 33, 31, 33, 0, 27, 128, 98910 }, // 项
    { 32, 33, 33, 1, 29, 132, 99038 }, // 频
    { 0, 0, 0, 0, 0, 0, 99170 }, // 颒
    { 0, 0, 0, 0, 0, 0, 99170 }, // 颓
    { 0, 0, 0, 0, 0, 0, 99170 }, // 颔
    { 0, 0, 0, 0, 0, 0, 99170 }, // 颕
    { 0, 0, 0, 0, 0, 0, 99170 }, // 颖
    { 0, 0, 0, 0, 0, 0, 99170 }, // 颗
    { 32, 30, 33, 1, 27, 120, 99170 }, // 题
    { 0, 0, 0, 0, 0, 0, 99290 }, // 颙
    { 0, 0, 0, 0, 0, 0, 99290 }, // 颚
    { 0, 0, 0, 0, 0, 0, 99290 }, // 颛
    { 0, 0, 0, 0, 0, 0, 99290 }, // 颜
    { 32, 33, 33, 1, 29, 132, 99290 }, // 额
    { 0, 0, 0, 0, 0, 0, 99422 }, // 颞
    { 0, 0, 0, 0, 0, 0, 99422 }, // 颟
    { 0, 0, 0, 0, 0, 0, 99422 }, // 颠
    { 0, 0, 0, 0, 0, 0, 99422 }, // 颡
    { 0, 0, 0, 0, 0, 0, 99422 }, // 颢
    { 0, 0, 0, 0, 0, 0, 99422 }, // 颣
    { 0, 0, 0, 0, 0, 0, 99422 }, // 颤
    { 0, 0, 0, 0, 0, 0, 99422 }, // 颥
    { 0, 0, 0, 0, 0, 0, 99422 }, // 颦
    { 0, 0, 0, 0, 0, 0, 99422 }, // 颧
    { 32, 31, 33, 1, 27, 124, 99422 }, // 風
    { 32, 31, 33, 1, 27, 124, 99546 }, // 风
    { 31, 33, 33, 1, 29, 128, 99670 }, // 首
    { 32, 33, 33, 1, 29, 132, 99798 }, // 驗
    { 32, 33, 33, 1, 29, 132, 99930 }, // 验
    { 31, 33, 33, 1, 29, 128, 100062 }, // 體
    { 0, 0, 0, 0, 0, 0, 100190 }, // 髕
    { 0, 0, 0, 0, 0, 0, 100190 }, // 髖
    { 0, 0, 0, 0, 0, 0, 100190 }, // 髗
    { 31, 33, 33, 1, 29, 128, 100190 }, // 高
    { 31, 31, 33, 1, 27, 121, 100318 }, // 黑
    { 0, 0, 0, 0, 0, 0, 100439 }, // 黒
    { 0, 0, 0, 0, 0, 0, 100439 }, // 黓
    { 0, 0, 0, 0, 0, 0, 100439 }, // 黔
    { 0, 0, 0, 0, 0, 0, 100439 }, // 黕
    { 0, 0, 0, 0, 0, 0, 100439 }, // 黖
    { 0, 0, 0, 0, 0, 0, 100439 }, // 黗
    { 32, 32, 33, 1, 29, 128, 100439 }, // 默
    { 0, 0, 0, 0, 0, 0, 100567 }, // 黙
    { 0, 0, 0, 0, 0, 0, 100567 }, // 黚
    { 0, 0, 0, 0, 0, 0, 100567 }, // 黛
    { 0, 0, 0, 0, 0, 0, 100567 }, // 黜
    { 0, 0, 0, 0, 0, 0, 100567 }, // 黝
    { 32, 33, 33, 1, 29, 132, 100567 }, // 點
    { 32, 33, 33, 1, 29, 132, 100699 }, // 齊
    { 0, 0, 0, 0, 0, 0, 100831 }, // 齋
    { 0, 0, 0, 0, 0, 0, 100831 }, // 齌
    { 0, 0, 0, 0, 0, 0, 100831 }, // 齍
    { 0, 0, 0, 0, 0, 0, 100831 }, // 齎
    { 0, 0, 0, 0, 0, 0, 100831 }, // 齏
    { 32, 33, 33, 1, 29, 132, 100831 }, // 齐
    { 0, 0, 0, 0, 0, 0, 100963 }, // 齑
    { 31, 33, 33, 1, 29, 128, 100963 }, // 齒
    { 31, 31, 33, 1, 28, 121, 101091 }, // 齿
    { 5, 27, 33, 6, 26, 17, 101212 }, // ！
    { 0, 0, 0, 0, 0, 0, 101229 }, // ＂
    { 0, 0, 0, 0, 0, 0, 101229 }, // ＃
    { 0, 0, 0, 0, 0, 0, 101229 }, // ＄
    { 0, 0, 0, 0, 0, 0, 101229 }, // ％
    { 0, 0, 0, 0, 0, 0, 101229 }, // ＆
    { 0, 0, 0, 0, 0, 0, 101229 }, // ＇
    { 9, 32, 33, 23, 28, 36, 101229 }, // （
    { 10, 32, 33, 1, 28, 40, 101265 }, // ）
    { 0, 0, 0, 0, 0, 0, 101305 }, // ＊
    { 0, 0, 0, 0, 0, 0, 101305 }, // ＋
    { 7, 13, 33, 4, 8, 12, 101305 }, // ，
    { 0, 0, 0, 0, 0, 0, 101317 }, // －
    { 0, 0, 0, 0, 0, 0, 101317 }, // ．
    { 0, 0, 0, 0, 0, 0, 101317 }, // ／
    { 0, 0, 0, 0, 0, 0, 101317 }, // ０
    { 0, 0, 0, 0, 0, 0, 101317 }, // １
    { 0, 0, 0, 0, 0, 0, 101317 }, // ２
    { 0, 0, 0, 0, 0, 0, 101317 }, // ３
    { 0, 0, 0, 0, 0, 0, 101317 }, // ４
    { 0, 0, 0, 0, 0, 0, 101317 }, // ５
    { 0, 0, 0, 0, 0, 0, 101317 }, // ６
    { 0, 0, 0, 0, 0, 0, 101317 }, // ７
    { 0, 0, 0, 0, 0, 0, 101317 }, // ８
    { 0, 0, 0, 0, 0, 0, 101317 }, // ９
    { 6, 22, 33, 5, 21, 17, 101317 }, // ：
    { 8, 27, 33, 4, 21, 27, 101334 }, // ；
    { 0, 0, 0, 0, 0, 0, 101361 }, // ＜
    { 0, 0, 0, 0, 0, 0, 101361 }, // ＝
    { 0, 0, 0, 0, 0, 0, 101361 }, // ＞
    { 15, 27, 33, 1, 26, 51, 101361 }, // ？
};

static const EpdUnicodeInterval m4_ui_cjk_16Intervals[] = {
    { 0x20, 0x7E, 0x0 },
    { 0xAB, 0xBB, 0x5F },
    { 0x2026, 0x2029, 0x70 },
    { 0x202F, 0x203A, 0x74 },
    { 0x2190, 0x2193, 0x80 },
    { 0x3001, 0x3002, 0x84 },
    { 0x4E00, 0x4E49, 0x86 },
    { 0x4E60, 0x4E66, 0xD0 },
    { 0x4E86, 0x4E91, 0xD7 },
    { 0x4EAE, 0x4EFB, 0xE3 },
    { 0x4F11, 0x4F24, 0x131 },
    { 0x4F48, 0x4F60, 0x145 },
    { 0x4F7F, 0x4F7F, 0x15E },
    { 0x4F9B, 0x4FA7, 0x15F },
    { 0x4FDD, 0x4FEE, 0x16C },
    { 0x500B, 0x5026, 0x17E },
    { 0x503C, 0x504F, 0x19A },
    { 0x5074, 0x5074, 0x1AE },
    { 0x5099, 0x5099, 0x1AF },
    { 0x50B3, 0x50C5, 0x1B0 },
    { 0x5141, 0x5149, 0x1C3 },
    { 0x5165, 0x5199, 0x1CC },
    { 0x51B2, 0x51D1, 0x201 },
    { 0x51ED, 0x524D, 0x221 },
    { 0x526A, 0x526A, 0x282 },
    { 0x5283, 0x5283, 0x283 },
    { 0x529B, 0x52AA, 0x284 },
    { 0x52D5, 0x52E4, 0x294 },
    { 0x52FF, 0x5305, 0x2A4 },
    { 0x533A, 0x53AD, 0x2AB },
    { 0x53CC, 0x542F, 0x31F },
    { 0x547D, 0x548C, 0x383 },
    { 0x54CD, 0x54CD, 0x393 },
    { 0x554F, 0x555F, 0x394 },
    { 0x5584, 0x5584, 0x3A5 },
    { 0x55AE, 0x55AE, 0x3A6 },
    { 0x5668, 0x5668, 0x3A7 },
    { 0x56CA, 0x56DE, 0x3A8 },
    { 0x56F4, 0x575A, 0x3BD },
    { 0x57DF, 0x57DF, 0x424 },
    { 0x5805, 0x5805, 0x425 },
    { 0x5899, 0x589E, 0x426 },
    { 0x58C1, 0x58C1, 0x42C },
    { 0x58EE, 0x5931, 0x42D },
    { 0x597D, 0x5982, 0x471 },
    { 0x59CB, 0x59CB, 0x477 },
    { 0x5B50, 0x5B9E, 0x478 },
    { 0x5BB9, 0x5BC6, 0x4C7 },
    { 0x5BE6, 0x5C1A, 0x4D5 },
    { 0x5C40, 0x5C71, 0x50A },
    { 0x5D4C, 0x5D4C, 0x53C },
    { 0x5DDD, 0x5E55, 0x53D },
    { 0x5E76, 0x5E76, 0x5B6 },
    { 0x5E8F, 0x5EA6, 0x5B7 },
    { 0x5EE0, 0x5EE0, 0x5CF },
    { 0x5EFA, 0x5F15, 0x5D0 },
    { 0x5F3A, 0x5F3A, 0x5EC },
    { 0x5F53, 0x5F55, 0x5ED },
    { 0x5F71, 0x6015, 0x5F0 },
    { 0x603B, 0x603B, 0x695 },
    { 0x6062, 0x606F, 0x696 },
    { 0x60A8, 0x60B2, 0x6A4 },
    { 0x60F3, 0x60F3, 0x6AF },
    { 0x610F, 0x610F, 0x6B0 },
    { 0x6191, 0x6191, 0x6B1 },
    { 0x61C9, 0x61C9, 0x6B2 },
    { 0x6210, 0x6253, 0x6B3 },
    { 0x6269, 0x627E, 0x6F7 },
    { 0x6297, 0x6297, 0x70D },
    { 0x62D2, 0x62D2, 0x70E },
    { 0x62E9, 0x6309, 0x70F },
    { 0x6355, 0x6383, 0x730 },
    { 0x63A5, 0x63A8, 0x75F },
    { 0x63CF, 0x63DB, 0x763 },
    { 0x641C, 0x641C, 0x770 },
    { 0x64C7, 0x64DA, 0x771 },
    { 0x64F4, 0x64F4, 0x785 },
    { 0x652F, 0x6557, 0x786 },
    { 0x6570, 0x65F6, 0x7AF },
    { 0x660E, 0x6643, 0x836 },
    { 0x666F, 0x66AB, 0x86C },
    { 0x66F4, 0x670D, 0x8A9 },
    { 0x672A, 0x6743, 0x8C3 },
    { 0x6761, 0x6761, 0x8DD },
    { 0x677E, 0x679C, 0x8DE },
    { 0x67B6, 0x67B6, 0x8FD },
    { 0x67E5, 0x67E5, 0x8FE },
    { 0x6807, 0x6821, 0x8FF },
    { 0x6837, 0x6846, 0x91A },
    { 0x6863, 0x6863, 0x92A },
    { 0x689D, 0x689D, 0x92B },
    { 0x68C0, 0x68C0, 0x92C },
    { 0x697C, 0x697C, 0x92D },
    { 0x6A13, 0x6A2A, 0x92E },
    { 0x6A5F, 0x6A6B, 0x946 },
    { 0x6A94, 0x6AA2, 0x953 },
    { 0x6B21, 0x6B32, 0x962 },
    { 0x6B62, 0x6B77, 0x974 },
    { 0x6BB5, 0x6BB5, 0x98A },
    { 0x6BCF, 0x6BD4, 0x98B },
    { 0x6C2A, 0x6C42, 0x991 },
    { 0x6C60, 0x6C60, 0x9AA },
    { 0x6C92, 0x6CA1, 0x9AB },
    { 0x6CCA, 0x6CE8, 0x9BB },
    { 0x6D45, 0x6D4F, 0x9DA },
    { 0x6D77, 0x6D88, 0x9E5 },
    { 0x6DE1, 0x6E05, 0x9F7 },
    { 0x6E29, 0x6E29, 0xA1C },
    { 0x6E4A, 0x6E4A, 0xA1D },
    { 0x6E90, 0x6EAB, 0xA1E },
    { 0x6ED1, 0x6EE4, 0xA3A },
    { 0x700F, 0x700F, 0xA4E },
    { 0x706B, 0x7075, 0xA4F },
    { 0x70B9, 0x70BA, 0xA5A },
    { 0x70ED, 0x70ED, 0xA5C },
    { 0x7121, 0x7121, 0xA5D },
    { 0x71B1, 0x71B1, 0xA5E },
    { 0x7247, 0x7279, 0xA5F },
    { 0x72B6, 0x72B6, 0xA92 },
    { 0x7372, 0x7387, 0xA93 },
    { 0x73B0, 0x73B0, 0xAA9 },
    { 0x73FE, 0x7406, 0xAAA },
    { 0x751F, 0x7535, 0xAB3 },
    { 0x754C, 0x758A, 0xACA },
    { 0x767B, 0x7684, 0xB09 },
    { 0x76D6, 0x76F4, 0xB13 },
    { 0x771F, 0x7720, 0xB32 },
    { 0x773C, 0x773E, 0xB34 },
    { 0x77E5, 0x7814, 0xB37 },
    { 0x7834, 0x7834, 0xB67 },
    { 0x786E, 0x786E, 0xB68 },
    { 0x78BA, 0x78BC, 0xB69 },
    { 0x793A, 0x793A, 0xB6C },
    { 0x795E, 0x795E, 0xB6D },
    { 0x7981, 0x7981, 0xB6E },
    { 0x79BB, 0x79BB, 0xB6F },
    { 0x79D2, 0x79D2, 0xB70 },
    { 0x79F0, 0x7A0D, 0xB71 },
    { 0x7A31, 0x7A31, 0xB8F },
    { 0x7A77, 0x7A7A, 0xB90 },
    { 0x7AAE, 0x7AAE, 0xB94 },
    { 0x7ACB, 0x7AEF, 0xB95 },
    { 0x7B14, 0x7B2C, 0xBBA },
    { 0x7B46, 0x7B49, 0xBD3 },
    { 0x7B7E, 0x7B80, 0xBD7 },
    { 0x7BA1, 0x7BC4, 0xBDA },
    { 0x7C21, 0x7C21, 0xBFE },
    { 0x7C4D, 0x7C4D, 0xBFF },
    { 0x7C64, 0x7C64, 0xC00 },
    { 0x7C7B, 0x7C7B, 0xC01 },
    { 0x7C98, 0x7C98, 0xC02 },
    { 0x7CFB, 0x7D30, 0xC03 },
    { 0x7D55, 0x7D71, 0xC39 },
    { 0x7DAD, 0x7DB2, 0xC56 },
    { 0x7DCA, 0x7DE9, 0xC5C },
    { 0x7E2E, 0x7E41, 0xC7C },
    { 0x7E7C, 0x7E8C, 0xC90 },
    { 0x7EA7, 0x7F3A, 0xCA1 },
    { 0x7F51, 0x7F51, 0xD35 },
    { 0x7F6E, 0x7F6E, 0xD36 },
    { 0x7FA9, 0x7FA9, 0xD37 },
    { 0x7FD2, 0x7FD2, 0xD38 },
    { 0x7FFB, 0x8017, 0xD39 },
    { 0x803B, 0x803B, 0xD56 },
    { 0x80CC, 0x80CC, 0xD57 },
    { 0x80F6, 0x80FD, 0xD58 },
    { 0x811A, 0x811A, 0xD60 },
    { 0x81A0, 0x81A0, 0xD61 },
    { 0x81EA, 0x81F4, 0xD62 },
    { 0x820D, 0x820D, 0xD6D },
    { 0x8272, 0x8282, 0xD6E },
    { 0x8303, 0x8304, 0xD7F },
    { 0x8350, 0x8350, 0xD81 },
    { 0x83B7, 0x83B7, 0xD82 },
    { 0x83DC, 0x83DC, 0xD83 },
    { 0x842C, 0x843D, 0xD84 },
    { 0x84DD, 0x84DD, 0xD96 },
    { 0x85A6, 0x85A6, 0xD97 },
    { 0x85CD, 0x85CF, 0xD98 },
    { 0x865A, 0x865F, 0xD9B },
    { 0x884C, 0x884C, 0xDA1 },
    { 0x8868, 0x8868, 0xDA2 },
    { 0x88AB, 0x88AB, 0xDA3 },
    { 0x88C1, 0x88C5, 0xDA4 },
    { 0x88DD, 0x88DD, 0xDA9 },
    { 0x892A, 0x892A, 0xDAA },
    { 0x8981, 0x8986, 0xDAB },
    { 0x89BD, 0x89E3, 0xDB1 },
    { 0x8A00, 0x8A3B, 0xDD8 },
    { 0x8A66, 0x8A73, 0xE14 },
    { 0x8A8D, 0x8AAA, 0xE22 },
    { 0x8ACB, 0x8ACB, 0xE40 },
    { 0x8B49, 0x8B49, 0xE41 },
    { 0x8B80, 0x8B80, 0xE42 },
    { 0x8BA1, 0x8BFB, 0xE43 },
    { 0x8C4E, 0x8C4E, 0xE9E },
    { 0x8C9D, 0x8C9D, 0xE9F },
    { 0x8CEA, 0x8CEC, 0xEA0 },
    { 0x8D1D, 0x8D34, 0xEA3 },
    { 0x8D5B, 0x8D5B, 0xEBB },
    { 0x8D85, 0x8D8A, 0xEBC },
    { 0x8DB3, 0x8DB3, 0xEC2 },
    { 0x8DDD, 0x8DF3, 0xEC3 },
    { 0x8F09, 0x8F09, 0xEDA },
    { 0x8F38, 0x8F49, 0xEDB },
    { 0x8F6C, 0x8F93, 0xEED },
    { 0x8FB9, 0x8FDE, 0xF15 },
    { 0x9000, 0x9060, 0xF3B },
    { 0x9078, 0x908A, 0xF9C },
    { 0x90FD, 0x90FD, 0xFAF },
    { 0x914D, 0x914D, 0xFB0 },
    { 0x916C, 0x916C, 0xFB1 },
    { 0x91CC, 0x91D1, 0xFB2 },
    { 0x9215, 0x9215, 0xFB8 },
    { 0x92F8, 0x9304, 0xFB9 },
    { 0x932F, 0x932F, 0xFC6 },
    { 0x9365, 0x9375, 0xFC7 },
    { 0x9396, 0x9396, 0xFD8 },
    { 0x93E4, 0x93E4, 0xFD9 },
    { 0x9418, 0x9418, 0xFDA },
    { 0x949F, 0x94AE, 0xFDB },
    { 0x9501, 0x9501, 0xFEB },
    { 0x9519, 0x9542, 0xFEC },
    { 0x955C, 0x955C, 0x1016 },
    { 0x9577, 0x9593, 0x1017 },
    { 0x95B1, 0x95B1, 0x1034 },
    { 0x95DC, 0x9605, 0x1035 },
    { 0x9632, 0x9664, 0x105F },
    { 0x9690, 0x9694, 0x1092 },
    { 0x96B1, 0x96BE, 0x1097 },
    { 0x96D9, 0x9700, 0x10A5 },
    { 0x9748, 0x9762, 0x10CD },
    { 0x97FF, 0x9805, 0x10E8 },
    { 0x983B, 0x983B, 0x10EF },
    { 0x985E, 0x9879, 0x10F0 },
    { 0x9891, 0x98A8, 0x110C },
    { 0x98CE, 0x98CE, 0x1124 },
    { 0x9996, 0x9996, 0x1125 },
    { 0x9A57, 0x9A57, 0x1126 },
    { 0x9A8C, 0x9A8C, 0x1127 },
    { 0x9AD4, 0x9AD8, 0x1128 },
    { 0x9ED1, 0x9EDE, 0x112D },
    { 0x9F4A, 0x9F52, 0x113B },
    { 0x9F7F, 0x9F7F, 0x1144 },
    { 0xFF01, 0xFF1F, 0x1145 },
};

static const EpdFontData m4_ui_cjk_16 = {
    m4_ui_cjk_16Bitmaps,
    m4_ui_cjk_16Glyphs,
    m4_ui_cjk_16Intervals,
    245,
    45,
    36,
    -10,
    false,
};
