/**
 * generated by fontconvert.py
 * name: m4_ui_cjk_13
 * size: 13
 * mode: 1-bit
 * Command used: lib/EpdFont/scripts/fontconvert.py m4_ui_cjk_13 13 lib/EpdFont/builtinFonts/source/NotoSans/NotoSans-Bold.ttf artifacts/fonts/source/NotoSansCJKsc-Regular.otf --codepoints-file lib/EpdFont/builtinFonts/source/m4_ui_charset.txt
 */
#pragma once
#include "EpdFontData.h"

static const uint8_t m4_ui_cjk_13Bitmaps[68781] = {
    0xFB, 0xEF, 0xBE, 0xFB, 0xEF, 0xBE, 0x79, 0xE7, 0x9E, 0x79, 0xE0, 0x08, 0x7B, 0xEF, 0xBE, 0x30,
    0x7B, 0xDF, 0x7F, 0xEF, 0xFD, 0xE7, 0xBC, 0xF7, 0x9C, 0x73, 0x8E, 0x03, 0x8E, 0x01, 0xEF, 0x00,
    0xE7, 0x80, 0xF3, 0xC0, 0x79, 0xC0, 0x3C, 0xE1, 0xFF, 0xFE, 0xFF, 0xFF, 0x7F, 0xFF, 0x87, 0x9C,
    0x03, 0xCE, 0x01, 0xEF, 0x0F, 0xFF, 0xF7, 0xFF, 0xFB, 0xFF, 0xFC, 0x3C, 0xE0, 0x1E, 0xF0, 0x0E,
    0x78, 0x07, 0x3C, 0x07, 0x9E, 0x00, 0x03, 0x00, 0x1C, 0x00, 0xFE, 0x0F, 0xFE, 0x7F, 0xFB, 0xFF,
    0xEF, 0xF3, 0x3F, 0xC0, 0xFF, 0x03, 0xFC, 0x07, 0xFE, 0x0F, 0xFC, 0x0F, 0xF8, 0x1F, 0xF0, 0x77,
    0xF1, 0xDF, 0xFF, 0xFF, 0xFF, 0xEF, 0xFF, 0x1F, 0xF8, 0x07, 0x00, 0x1C, 0x00, 0x30, 0x00, 0x1F,
    0x00, 0xE0, 0x3F, 0x81, 0xE0, 0x7F, 0xC1, 0xE0, 0x7B, 0xC3, 0xC0, 0x7B, 0xC7, 0x80, 0xF3, 0xC7,
    0x80, 0xF3, 0xCF, 0x00, 0xF3, 0xCF, 0x00, 0x7B, 0xDE, 0xFC, 0x7F, 0xDF, 0xFE, 0x7F, 0xFD, 0xFE,
    0x3F, 0xBF, 0xCF, 0x1E, 0x7B, 0xCF, 0x00, 0xF3, 0xCF, 0x00, 0xF3, 0xCF, 0x01, 0xE3, 0xCF, 0x01,
    0xE3, 0xCF, 0x03, 0xC1, 0xFE, 0x03, 0xC1, 0xFE, 0x07, 0x80, 0xFC, 0x00, 0x00, 0x30, 0x07, 0xC0,
    0x01, 0xFF, 0x00, 0x3F, 0xF8, 0x03, 0xFF, 0x80, 0x7C, 0x78, 0x07, 0xC7, 0x80, 0x3C, 0xF8, 0x03,
    0xFF, 0x00, 0x1F, 0xE0, 0x01, 0xFC, 0x3E, 0x7F, 0xC3, 0xE7, 0xFE, 0x7C, 0xFF, 0xF7, 0xCF, 0x9F,
    0xF8, 0xF8, 0xFF, 0x8F, 0x87, 0xF0, 0xFF, 0xFF, 0x0F, 0xFF, 0xF8, 0x7F, 0xFF, 0xC3, 0xFF, 0x7E,
    0x07, 0x80, 0x00, 0x7F, 0xFF, 0xF7, 0xBD, 0xCE, 0x0E, 0x1E, 0x3E, 0x3C, 0x7C, 0x78, 0x78, 0xF8,
    0xF0, 0xF0, 0xF0, 0xF0, 0xF0, 0xF0, 0xF0, 0xF0, 0xF0, 0xF8, 0x78, 0x78, 0x7C, 0x3C, 0x3E, 0x1E,
    0x0E, 0x70, 0x3C, 0x0F, 0x07, 0x81, 0xE0, 0xF0, 0x7C, 0x1E, 0x0F, 0x07, 0x83, 0xC1, 0xE0, 0xF0,
    0x78, 0x3C, 0x1E, 0x0F, 0x07, 0x87, 0xC3, 0xC1, 0xE1, 0xE0, 0xF0, 0xF0, 0x70, 0x00, 0x07, 0x80,
    0x1E, 0x00, 0x78, 0x00, 0xE0, 0x7B, 0xBD, 0xFF, 0xF7, 0xFF, 0xDF, 0xFF, 0x0F, 0xE0, 0x7F, 0x81,
    0xEF, 0x0F, 0xBC, 0x0C, 0x60, 0x00, 0x00, 0x03, 0x00, 0x1E, 0x00, 0x78, 0x01, 0xE0, 0x07, 0x80,
    0x1E, 0x0F, 0xFF, 0xFF, 0xFF, 0xFF, 0xFC, 0x1E, 0x00, 0x78, 0x01, 0xE0, 0x07, 0x80, 0x1E, 0x00,
    0x1C, 0x78, 0xF3, 0xE7, 0x8F, 0x1E, 0x38, 0xFF, 0xFF, 0xFF, 0x7F, 0x21, 0xEF, 0xBE, 0xF8, 0xC0,
    0x01, 0xE0, 0x1E, 0x03, 0xE0, 0x3C, 0x03, 0xC0, 0x7C, 0x07, 0x80, 0xF8, 0x0F, 0x80, 0xF0, 0x1F,
    0x01, 0xE0, 0x1E, 0x03, 0xE0, 0x3C, 0x03, 0xC0, 0x7C, 0x07, 0x80, 0xF8, 0x0F, 0x80, 0x70, 0x00,
    0x07, 0xC0, 0x3F, 0xE0, 0xFF, 0xE1, 0xFF, 0xE7, 0xE7, 0xCF, 0x8F, 0x9F, 0x0F, 0xBE, 0x1F, 0x78,
    0x3E, 0xF0, 0x7D, 0xE0, 0xFB, 0xC1, 0xF7, 0x83, 0xEF, 0x87, 0xDF, 0x0F, 0x3E, 0x3E, 0x3E, 0xFC,
    0x7F, 0xF0, 0x7F, 0xE0, 0x7F, 0x80, 0x38, 0x00, 0x03, 0xC0, 0xFC, 0x3F, 0x8F, 0xF7, 0xFF, 0xFF,
    0xDE, 0xF9, 0x9F, 0x03, 0xE0, 0x7C, 0x0F, 0x81, 0xF0, 0x3E, 0x07, 0xC0, 0xF8, 0x1F, 0x03, 0xE0,
    0x7C, 0x0F, 0x81, 0xF0, 0x0F, 0xC0, 0xFF, 0x8F, 0xFF, 0x3F, 0xFE, 0x78, 0xF8, 0x81, 0xE0, 0x07,
    0x80, 0x3E, 0x00, 0xF8, 0x07, 0xC0, 0x3F, 0x01, 0xF8, 0x0F, 0xC0, 0x7E, 0x03, 0xF0, 0x1F, 0x80,
    0xFF, 0xFF, 0xFF, 0xFF, 0xFF, 0xFF, 0xFF, 0x1F, 0xC1, 0xFF, 0xCF, 0xFF, 0x3F, 0xFE, 0x70, 0xF8,
    0x03, 0xE0, 0x0F, 0x80, 0x3E, 0x1F, 0xF0, 0x7F, 0x01, 0xFF, 0x07, 0xFE, 0x00, 0xF8, 0x01, 0xF0,
    0x07, 0xC0, 0x3F, 0xF1, 0xFB, 0xFF, 0xEF, 0xFF, 0x3F, 0xF8, 0x1F, 0x00, 0x00, 0x78, 0x00, 0xF8,
    0x01, 0xF8, 0x01, 0xF8, 0x03, 0xF8, 0x07, 0xF8, 0x07, 0xF8, 0x0F, 0xF8, 0x1E, 0xF8, 0x1E, 0xF8,
    0x3C, 0xF8, 0x78, 0xF8, 0xFF, 0xFE, 0xFF, 0xFE, 0xFF, 0xFE, 0xFF, 0xFE, 0x00, 0xF8, 0x00, 0xF8,
    0x00, 0xF8, 0x00, 0xF8, 0x7F, 0xF1, 0xFF, 0xC7, 0xFF, 0x1F, 0xFC, 0x7F, 0xE1, 0xE0, 0x07, 0x80,
    0x1F, 0xE0, 0xFF, 0xE3, 0xFF, 0xCF, 0xFF, 0x8C, 0x7E, 0x00, 0xFC, 0x01, 0xF0, 0x07, 0xC0, 0x3E,
    0xF3, 0xFB, 0xFF, 0xEF, 0xFF, 0x3F, 0xF0, 0x1E, 0x00, 0x01, 0xF8, 0x0F, 0xF8, 0x3F, 0xF0, 0xFF,
    0xE3, 0xF0, 0x07, 0x80, 0x1F, 0x00, 0x3C, 0xF0, 0x7F, 0xF8, 0xFF, 0xF9, 0xFF, 0xF3, 0xE1, 0xF7,
    0xC3, 0xEF, 0x07, 0xDF, 0x0F, 0xBE, 0x1F, 0x7E, 0x7C, 0x7F, 0xF8, 0x7F, 0xE0, 0x7F, 0x80, 0x1C,
    0x00, 0x7F, 0xFF, 0xFF, 0xFF, 0xFF, 0xFF, 0xFF, 0xF0, 0x07, 0xC0, 0x0F, 0x80, 0x1F, 0x00, 0x7C,
    0x00, 0xF8, 0x03, 0xE0, 0x07, 0xC0, 0x1F, 0x00, 0x3E, 0x00, 0x7C, 0x01, 0xF0, 0x03, 0xE0, 0x0F,
    0x80, 0x1F, 0x00, 0x7C, 0x00, 0xF8, 0x00, 0x07, 0xE0, 0x3F, 0xF0, 0xFF, 0xF3, 0xFF, 0xE7, 0xC7,
    0xCF, 0x87, 0x9F, 0x1F, 0x1F, 0x7E, 0x3F, 0xF8, 0x1F, 0xE0, 0x7F, 0xC1, 0xFF, 0xC7, 0xEF, 0xCF,
    0x87, 0xDE, 0x0F, 0xBC, 0x1F, 0x7C, 0x7E, 0xFF, 0xF8, 0xFF, 0xF0, 0xFF, 0x80, 0x38, 0x00, 0x07,
    0xC0, 0x3F, 0xE0, 0xFF, 0xE3, 0xFF, 0xE7, 0xC7, 0xCF, 0x07, 0x9E, 0x0F, 0xFC, 0x1F, 0x78, 0x3E,
    0xF8, 0xFD, 0xFF, 0xF9, 0xFF, 0xF1, 0xFF, 0xE0, 0xE7, 0x80, 0x0F, 0x00, 0x3E, 0x01, 0xF8, 0x7F,
    0xF0, 0xFF, 0xC1, 0xFE, 0x01, 0xE0, 0x00, 0x01, 0xEF, 0xBE, 0xF9, 0xC0, 0x00, 0x00, 0x00, 0x08,
    0x7B, 0xEF, 0xBE, 0x30, 0x00, 0x79, 0xF3, 0xF7, 0xC3, 0x00, 0x00, 0x00, 0x00, 0x00, 0x01, 0xC7,
    0x8F, 0x3E, 0x78, 0xF1, 0xE3, 0x80, 0x00, 0x0C, 0x00, 0xF0, 0x0F, 0xC0, 0xFE, 0x0F, 0xE0, 0xFE,
    0x0F, 0xE0, 0x3E, 0x00, 0xFF, 0x01, 0xFF, 0x00, 0xFF, 0x80, 0xFF, 0x00, 0xFC, 0x00, 0x70, 0x00,
    0x00, 0xFF, 0xFF, 0xFF, 0xFF, 0xFF, 0xFF, 0xFE, 0x00, 0x03, 0xFF, 0xFF, 0xFF, 0xFF, 0xFF, 0xFF,
    0xFC, 0xC0, 0x03, 0xC0, 0x0F, 0xC0, 0x3F, 0xC0, 0x3F, 0xC0, 0x3F, 0xC0, 0x3F, 0xC0, 0x3F, 0x03,
    0xFC, 0x7F, 0xC7, 0xFC, 0x3F, 0x80, 0xF8, 0x03, 0x80, 0x00, 0x00, 0x00, 0x1F, 0x87, 0xFF, 0x3F,
    0xFD, 0xFF, 0xE7, 0x0F, 0x80, 0x7C, 0x03, 0xE0, 0x3E, 0x03, 0xF0, 0x3F, 0x03, 0xE0, 0x1E, 0x01,
    0xF0, 0x07, 0x00, 0x00, 0x00, 0x80, 0x1F, 0x00, 0xF8, 0x07, 0xC0, 0x3E, 0x00, 0xE0, 0x00, 0x00,
    0x7E, 0x00, 0x07, 0xFF, 0x80, 0x3F, 0xFF, 0x80, 0xFE, 0x3F, 0x83, 0xE0, 0x0F, 0x87, 0x87, 0xCF,
    0x1E, 0x3F, 0xEF, 0x3C, 0xFF, 0xDE, 0xF3, 0xE7, 0x9D, 0xE7, 0x8F, 0x3B, 0xDE, 0x1E, 0x77, 0xBC,
    0x3C, 0xEF, 0x78, 0x79, 0xDE, 0xF1, 0xF7, 0xBC, 0xFF, 0xFE, 0x79, 0xFF, 0xFC, 0x79, 0xF9, 0xF0,
    0xF8, 0x00, 0x00, 0xF8, 0x03, 0x00, 0xFF, 0xFE, 0x00, 0xFF, 0xFC, 0x00, 0xFF, 0xF0, 0x00, 0x0C,
    0x00, 0x00, 0x01, 0xF0, 0x00, 0x7F, 0x00, 0x0F, 0xE0, 0x03, 0xFC, 0x00, 0x7F, 0xC0, 0x0F, 0xF8,
    0x03, 0xEF, 0x00, 0x7D, 0xF0, 0x0F, 0x3E, 0x03, 0xE3, 0xC0, 0x7C, 0x7C, 0x0F, 0x0F, 0x83, 0xFF,
    0xF0, 0x7F, 0xFF, 0x0F, 0xFF, 0xE3, 0xFF, 0xFE, 0x7C, 0x07, 0xDF, 0x80, 0xFB, 0xE0, 0x1F, 0xFC,
    0x01, 0xF0, 0xFF, 0x81, 0xFF, 0xE3, 0xFF, 0xF7, 0xFF, 0xEF, 0x8F, 0xDF, 0x0F, 0xFE, 0x1F, 0x7C,
    0x3E, 0xFF, 0xFD, 0xFF, 0xE3, 0xFF, 0xE7, 0xFF, 0xEF, 0x87, 0xFF, 0x07, 0xFE, 0x0F, 0xFC, 0x1F,
    0xFF, 0xFF, 0xFF, 0xFB, 0xFF, 0xE7, 0xFF, 0x80, 0x01, 0xF8, 0x0F, 0xFF, 0x1F, 0xFF, 0x3F, 0xFE,
    0x3F, 0x0E, 0x7E, 0x00, 0x7C, 0x00, 0xFC, 0x00, 0xF8, 0x00, 0xF8, 0x00, 0xF8, 0x00, 0xF8, 0x00,
    0xF8, 0x00, 0xFC, 0x00, 0x7C, 0x00, 0x7E, 0x00, 0x3F, 0xFE, 0x3F, 0xFE, 0x1F, 0xFE, 0x0F, 0xFE,
    0x00, 0xF0, 0xFF, 0x80, 0x7F, 0xF8, 0x3F, 0xFF, 0x1F, 0xFF, 0xCF, 0x8F, 0xE7, 0xC1, 0xFB, 0xE0,
    0x7D, 0xF0, 0x3F, 0xF8, 0x0F, 0xFC, 0x07, 0xFE, 0x03, 0xFF, 0x01, 0xFF, 0x81, 0xFF, 0xC0, 0xFB,
    0xE0, 0x7D, 0xF0, 0xFE, 0xFF, 0xFE, 0x7F, 0xFE, 0x3F, 0xFE, 0x1F, 0xFC, 0x00, 0xFF, 0xFF, 0xFF,
    0xFF, 0xFF, 0xFF, 0xF8, 0x0F, 0x80, 0xF8, 0x0F, 0x80, 0xFF, 0xEF, 0xFE, 0xFF, 0xEF, 0xFE, 0xF8,
    0x0F, 0x80, 0xF8, 0x0F, 0x80, 0xFF, 0xFF, 0xFF, 0xFF, 0xFF, 0xFF, 0xFF, 0xFF, 0xFF, 0xFF, 0xFF,
    0xFF, 0xF8, 0x0F, 0x80, 0xF8, 0x0F, 0x80, 0xF8, 0x0F, 0xFE, 0xFF, 0xEF, 0xFE, 0xFF, 0xEF, 0x80,
    0xF8, 0x0F, 0x80, 0xF8, 0x0F, 0x80, 0xF8, 0x0F, 0x80, 0x01, 0xFC, 0x03, 0xFF, 0xC7, 0xFF, 0xC7,
    0xFF, 0xE3, 0xF8, 0x73, 0xF0, 0x01, 0xF0, 0x01, 0xF8, 0x00, 0xF8, 0x00, 0x7C, 0x7F, 0xFE, 0x3F,
    0xFF, 0x1F, 0xFF, 0x87, 0xFB, 0xE0, 0x7D, 0xF0, 0x3E, 0xFC, 0x1F, 0x3F, 0xFF, 0x9F, 0xFF, 0xC7,
    0xFF, 0xE0, 0xFF, 0xE0, 0x0F, 0x00, 0xF8, 0x0F, 0x7C, 0x07, 0xFE, 0x03, 0xFF, 0x01, 0xFF, 0x80,
    0xFF, 0xC0, 0x7F, 0xE0, 0x3F, 0xF0, 0x1F, 0xFF, 0xFF, 0xFF, 0xFF, 0xFF, 0xFF, 0xFF, 0xFF, 0xFF,
    0x80, 0xFF, 0xC0, 0x7F, 0xE0, 0x3F, 0xF0, 0x1F, 0xF8, 0x0F, 0xFC, 0x07, 0xFE, 0x03, 0xFF, 0x01,
    0xF0, 0x7F, 0xFF, 0xFF, 0xFD, 0xFE, 0x1F, 0x07, 0xC1, 0xF0, 0x7C, 0x1F, 0x07, 0xC1, 0xF0, 0x7C,
    0x1F, 0x07, 0xC1, 0xF0, 0x7C, 0x1F, 0x1F, 0xFF, 0xFF, 0xFF, 0x0F, 0x87, 0xC3, 0xE1, 0xF0, 0xF8,
    0x7C, 0x3E, 0x1F, 0x0F, 0x87, 0xC3, 0xE1, 0xF0, 0xF8, 0x7C, 0x3E, 0x1F, 0x0F, 0x87, 0xC3, 0xE1,
    0xF0, 0xF8, 0xFF, 0xFD, 0xFE, 0xFE, 0x7C, 0x00, 0xF8, 0x1F, 0xF8, 0x3F, 0xF8, 0x7E, 0xF8, 0x7C,
    0xF8, 0xF8, 0xF9, 0xF8, 0xFB, 0xF0, 0xFB, 0xE0, 0xFF, 0xC0, 0xFF, 0xC0, 0xFF, 0xC0, 0xFF, 0xE0,
    0xFF, 0xF0, 0xF9, 0xF0, 0xF9, 0xF8, 0xF8, 0xFC, 0xF8, 0x7C, 0xF8, 0x7E, 0xF8, 0x3E, 0xF8, 0x1F,
    0xF8, 0x07, 0xC0, 0x3E, 0x01, 0xF0, 0x0F, 0x80, 0x7C, 0x03, 0xE0, 0x1F, 0x00, 0xF8, 0x07, 0xC0,
    0x3E, 0x01, 0xF0, 0x0F, 0x80, 0x7C, 0x03, 0xE0, 0x1F, 0x00, 0xFF, 0xF7, 0xFF, 0xFF, 0xFF, 0xFF,
    0xF0, 0xFC, 0x01, 0xFB, 0xF8, 0x07, 0xEF, 0xE0, 0x1F, 0xBF, 0x80, 0xFE, 0xFF, 0x03, 0xFB, 0xFC,
    0x0F, 0xEF, 0xF0, 0x7F, 0xBF, 0xE1, 0xFE, 0xF7, 0x87, 0xFB, 0xDE, 0x3D, 0xEF, 0x78, 0xF7, 0xBC,
    0xF3, 0xDE, 0xF3, 0xDE, 0x7B, 0xCF, 0x79, 0xEF, 0x1F, 0xE7, 0xBC, 0x7F, 0x1E, 0xF1, 0xFC, 0x7B,
    0xC7, 0xF1, 0xEF, 0x0F, 0x87, 0xBC, 0x3E, 0x1E, 0xFC, 0x03, 0xFF, 0x80, 0xFF, 0xE0, 0x3F, 0xFC,
    0x0F, 0xFF, 0x03, 0xFF, 0xE0, 0xFF, 0xF8, 0x3F, 0xDF, 0x0F, 0xF7, 0xE3, 0xFC, 0xF8, 0xFF, 0x3F,
    0x3F, 0xC7, 0xCF, 0xF0, 0xFB, 0xFC, 0x3E, 0xFF, 0x07, 0xFF, 0xC1, 0xFF, 0xF0, 0x3F, 0xFC, 0x07,
    0xFF, 0x01, 0xFF, 0xC0, 0x3F, 0x03, 0xF8, 0x01, 0xFF, 0xC0, 0x7F, 0xFE, 0x1F, 0xFF, 0xC7, 0xF0,
    0xFC, 0xF8, 0x0F, 0x9F, 0x00, 0xFF, 0xE0, 0x1F, 0xF8, 0x03, 0xFF, 0x00, 0x7F, 0xE0, 0x0F, 0xFC,
    0x01, 0xFF, 0x80, 0x3F, 0xF8, 0x07, 0xDF, 0x01, 0xFB, 0xF0, 0x3E, 0x3F, 0xFF, 0xC7, 0xFF, 0xF0,
    0x7F, 0xFC, 0x03, 0xFF, 0x00, 0x0F, 0x00, 0xFF, 0x83, 0xFF, 0x8F, 0xFF, 0xBF, 0xFE, 0xF9, 0xFF,
    0xE1, 0xFF, 0x87, 0xFE, 0x1F, 0xF8, 0x7F, 0xFF, 0xFF, 0xFF, 0xBF, 0xFC, 0xFF, 0xE3, 0xF8, 0x0F,
    0x80, 0x3E, 0x00, 0xF8, 0x03, 0xE0, 0x0F, 0x80, 0x3E, 0x00, 0x03, 0xF8, 0x01, 0xFF, 0xC0, 0x7F,
    0xFE, 0x1F, 0xFF, 0xC7, 0xF0, 0xFC, 0xF8, 0x0F, 0x9F, 0x00, 0xFF, 0xE0, 0x1F, 0xF8, 0x03, 0xFF,
    0x00, 0x7F, 0xE0, 0x0F, 0xFC, 0x01, 0xFF, 0x80, 0x3F, 0xF8, 0x07, 0xDF, 0x01, 0xFB, 0xF0, 0x3E,
    0x3F, 0xFF, 0xC7, 0xFF, 0xF0, 0x7F, 0xFC, 0x03, 0xFF, 0x00, 0x0F, 0xF0, 0x00, 0x3F, 0x00, 0x07,
    0xE0, 0x00, 0x7E, 0x00, 0x07, 0xE0, 0xFF, 0x80, 0xFF, 0xF0, 0xFF, 0xF8, 0xFF, 0xFC, 0xF8, 0xFC,
    0xF8, 0x7C, 0xF8, 0x7C, 0xF8, 0x7C, 0xF8, 0xFC, 0xFF, 0xF8, 0xFF, 0xF0, 0xFF, 0xE0, 0xFF, 0xE0,
    0xF9, 0xF0, 0xF9, 0xF8, 0xF8, 0xF8, 0xF8, 0x7C, 0xF8, 0x7E, 0xF8, 0x3E, 0xF8, 0x3F, 0x0F, 0xC1,
    0xFF, 0xDF, 0xFE, 0xFF, 0xEF, 0xC7, 0x7C, 0x03, 0xE0, 0x1F, 0x80, 0x7F, 0x03, 0xFE, 0x0F, 0xF8,
    0x1F, 0xE0, 0x3F, 0x80, 0x7C, 0x03, 0xF8, 0x1F, 0xFF, 0xFF, 0xFF, 0xBF, 0xFD, 0xFF, 0x80, 0xF0,
    0x00, 0xFF, 0xFE, 0xFF, 0xFE, 0xFF, 0xFE, 0xFF, 0xFE, 0x07, 0xC0, 0x07, 0xC0, 0x07, 0xC0, 0x07,
    0xC0, 0x07, 0xC0, 0x07, 0xC0, 0x07, 0xC0, 0x07, 0xC0, 0x07, 0xC0, 0x07, 0xC0, 0x07, 0xC0, 0x07,
    0xC0, 0x07, 0xC0, 0x07, 0xC0, 0x07, 0xC0, 0x07, 0xC0, 0xF8, 0x0F, 0x7C, 0x07, 0xFE, 0x03, 0xFF,
    0x01, 0xFF, 0x80, 0xFF, 0xC0, 0x7F, 0xE0, 0x3F, 0xF0, 0x1F, 0xF8, 0x0F, 0xFC, 0x07, 0xFE, 0x03,
    0xFF, 0x01, 0xFF, 0x80, 0xFF, 0xC0, 0x7F, 0xE0, 0x7D, 0xF8, 0x3E, 0x7F, 0xFF, 0x3F, 0xFF, 0x0F,
    0xFF, 0x03, 0xFF, 0x00, 0x3C, 0x00, 0xF0, 0x07, 0xFE, 0x01, 0xFF, 0x80, 0xF9, 0xE0, 0x3E, 0x7C,
    0x0F, 0x9F, 0x03, 0xC3, 0xC1, 0xF0, 0xF8, 0x7C, 0x3E, 0x1E, 0x07, 0x8F, 0x81, 0xF3, 0xE0, 0x7C,
    0xF0, 0x0F, 0x7C, 0x03, 0xFF, 0x00, 0xFF, 0x80, 0x1F, 0xE0, 0x07, 0xF8, 0x01, 0xFC, 0x00, 0x3F,
    0x00, 0x0F, 0xC0, 0xF0, 0x1E, 0x03, 0xDF, 0x03, 0xE0, 0x7B, 0xE0, 0xFC, 0x1F, 0x7C, 0x1F, 0x83,
    0xE7, 0x83, 0xF0, 0x7C, 0xF8, 0x7F, 0x0F, 0x1F, 0x1F, 0xE3, 0xE3, 0xE3, 0xFC, 0x7C, 0x3C, 0x7F,
    0x8F, 0x87, 0x9F, 0x79, 0xE0, 0xFB, 0xCF, 0x7C, 0x1F, 0x79, 0xEF, 0x81, 0xEF, 0x3D, 0xF0, 0x3D,
    0xE3, 0xFC, 0x07, 0xF8, 0x7F, 0x80, 0xFF, 0x0F, 0xF0, 0x0F, 0xE1, 0xFE, 0x01, 0xFC, 0x1F, 0x80,
    0x3F, 0x03, 0xF0, 0x07, 0xE0, 0x7E, 0x00, 0xF8, 0x07, 0xCF, 0x81, 0xF1, 0xF8, 0x7E, 0x1F, 0x0F,
    0x81, 0xF3, 0xF0, 0x3E, 0x7C, 0x03, 0xFF, 0x00, 0x7F, 0xE0, 0x07, 0xF8, 0x00, 0x7E, 0x00, 0x0F,
    0xC0, 0x03, 0xFC, 0x00, 0xFF, 0x80, 0x1F, 0xF8, 0x07, 0xFF, 0x80, 0xF9, 0xF0, 0x3E, 0x1F, 0x0F,
    0xC3, 0xF1, 0xF0, 0x3E, 0x7C, 0x03, 0xE0, 0xF8, 0x0F, 0xFC, 0x07, 0xDF, 0x07, 0xCF, 0x83, 0xE3,
    0xE3, 0xE1, 0xF1, 0xF0, 0x7D, 0xF0, 0x3E, 0xF8, 0x0F, 0xF8, 0x07, 0xFC, 0x01, 0xFC, 0x00, 0xFC,
    0x00, 0x3E, 0x00, 0x1F, 0x00, 0x0F, 0x80, 0x07, 0xC0, 0x03, 0xE0, 0x01, 0xF0, 0x00, 0xF8, 0x00,
    0x7C, 0x00, 0x7F, 0xFE, 0x7F, 0xFE, 0x7F, 0xFE, 0x7F, 0xFE, 0x00, 0x7C, 0x00, 0xFC, 0x00, 0xF8,
    0x01, 0xF0, 0x03, 0xF0, 0x03, 0xE0, 0x07, 0xC0, 0x0F, 0xC0, 0x0F, 0x80, 0x1F, 0x00, 0x3E, 0x00,
    0x7E, 0x00, 0x7F, 0xFE, 0xFF, 0xFE, 0xFF, 0xFE, 0xFF, 0xFE, 0x7E, 0x7F, 0x7F, 0x7F, 0x78, 0x78,
    0x78, 0x78, 0x78, 0x78, 0x78, 0x78, 0x78, 0x78, 0x78, 0x78, 0x78, 0x78, 0x78, 0x78, 0x78, 0x7F,
    0x7F, 0x7F, 0x7E, 0xF0, 0x0F, 0x80, 0x78, 0x07, 0x80, 0x7C, 0x03, 0xC0, 0x3C, 0x03, 0xE0, 0x1E,
    0x01, 0xF0, 0x1F, 0x00, 0xF0, 0x0F, 0x80, 0x78, 0x07, 0x80, 0x7C, 0x03, 0xC0, 0x3C, 0x03, 0xE0,
    0x1E, 0x00, 0xE0, 0x7E, 0xFE, 0xFE, 0xFE, 0x1E, 0x1E, 0x1E, 0x1E, 0x1E, 0x1E, 0x1E, 0x1E, 0x1E,
    0x1E, 0x1E, 0x1E, 0x1E, 0x1E, 0x1E, 0x1E, 0x1E, 0xFE, 0xFE, 0xFE, 0x7E, 0x03, 0x80, 0x07, 0x00,
    0x1F, 0x00, 0x3E, 0x00, 0xFE, 0x01, 0xFC, 0x07, 0xBC, 0x0F, 0x78, 0x3C, 0x78, 0x78, 0xF1, 0xE0,
    0xF3, 0xC1, 0xE7, 0x01, 0xEC, 0x01, 0x80, 0x7F, 0xF3, 0xFF, 0xDF, 0xFC, 0xF8, 0x7C, 0x3E, 0x1F,
    0x0F, 0x00, 0x00, 0xFF, 0x87, 0xFF, 0x8F, 0xFE, 0x38, 0xF8, 0x01, 0xF0, 0x3F, 0xCF, 0xFF, 0x7F,
    0xFF, 0xFF, 0xFF, 0x87, 0xFE, 0x1F, 0xF8, 0xFF, 0xFF, 0xFF, 0xFF, 0xDF, 0xEF, 0x1C, 0x00, 0x78,
    0x00, 0xF0, 0x01, 0xE0, 0x03, 0xC0, 0x07, 0x80, 0x0F, 0x00, 0x1E, 0xFC, 0x3F, 0xFC, 0x7F, 0xFC,
    0xFF, 0xFD, 0xF0, 0xFB, 0xE1, 0xF7, 0x83, 0xEF, 0x07, 0xDE, 0x0F, 0xBE, 0x1F, 0x7C, 0x3E, 0xFC,
    0xFD, 0xFF, 0xF3, 0xFF, 0xE7, 0xBF, 0x80, 0x18, 0x00, 0x00, 0x00, 0x7F, 0x8F, 0xFC, 0xFF, 0xE7,
    0xFF, 0x7E, 0x03, 0xE0, 0x1F, 0x00, 0xF8, 0x07, 0xC0, 0x3E, 0x01, 0xF0, 0x07, 0xE7, 0x3F, 0xF8,
    0xFF, 0xC3, 0xFE, 0x03, 0x80, 0x00, 0x3C, 0x00, 0x7C, 0x00, 0xF8, 0x01, 0xF0, 0x03, 0xE0, 0x07,
    0xC7, 0xEF, 0x9F, 0xFF, 0x7F, 0xFE, 0xFF, 0xFF, 0xF1, 0xFF, 0xC1, 0xFF, 0x83, 0xFF, 0x07, 0xFE,
    0x0F, 0xFC, 0x1F, 0xF8, 0x3F, 0xF9, 0xFD, 0xFF, 0xF9, 0xFF, 0xF1, 0xFB, 0xE0, 0xC0, 0x00, 0x00,
    0x00, 0x7F, 0x83, 0xFF, 0x1F, 0xFE, 0x7C, 0x7F, 0xE1, 0xFF, 0x83, 0xFF, 0xFF, 0xFF, 0xFF, 0xFF,
    0xFF, 0x80, 0x3E, 0x00, 0x7C, 0x19, 0xFF, 0xE3, 0xFF, 0x87, 0xFE, 0x03, 0xC0, 0x07, 0xF1, 0xFF,
    0x1F, 0xF1, 0xFE, 0x3E, 0x03, 0xE0, 0x7F, 0xEF, 0xFE, 0xFF, 0xE7, 0xFC, 0x3E, 0x03, 0xE0, 0x3E,
    0x03, 0xE0, 0x3E, 0x03, 0xE0, 0x3E, 0x03, 0xE0, 0x3E, 0x03, 0xE0, 0x3E, 0x00, 0x00, 0x00, 0x3F,
    0x78, 0xFF, 0xFB, 0xFF, 0xF7, 0xFF, 0xFF, 0x0F, 0xFE, 0x0F, 0xFC, 0x1F, 0xF8, 0x3F, 0xF0, 0x7F,
    0xE0, 0xFF, 0xC1, 0xFF, 0xCF, 0xEF, 0xFF, 0xCF, 0xFF, 0x8F, 0xDF, 0x06, 0x3C, 0x00, 0xF9, 0x83,
    0xF3, 0xFF, 0xE7, 0xFF, 0x8F, 0xFE, 0x07, 0xF0, 0x00, 0x78, 0x00, 0xF0, 0x01, 0xE0, 0x03, 0xC0,
    0x07, 0x80, 0x0F, 0x00, 0x1E, 0xFE, 0x3F, 0xFE, 0x7F, 0xFE, 0xFF, 0xFD, 0xF0, 0xFB, 0xE1, 0xF7,
    0xC3, 0xEF, 0x07, 0xDE, 0x0F, 0xBC, 0x1F, 0x78, 0x3E, 0xF0, 0x7D, 0xE0, 0xFB, 0xC1, 0xF7, 0x83,
    0xE0, 0x79, 0xEF, 0xDE, 0x30, 0x07, 0x9E, 0x79, 0xE7, 0x9E, 0x79, 0xE7, 0x9E, 0x79, 0xE7, 0x9E,
    0x78, 0x0F, 0x07, 0x87, 0xE1, 0xE0, 0x60, 0x00, 0x3C, 0x1E, 0x0F, 0x07, 0x83, 0xC1, 0xE0, 0xF0,
    0x78, 0x3C, 0x1E, 0x0F, 0x07, 0x83, 0xC1, 0xE0, 0xF0, 0x78, 0x3C, 0x3E, 0xFF, 0x7F, 0xBF, 0x8F,
    0x00, 0xF0, 0x01, 0xF0, 0x03, 0xE0, 0x07, 0xC0, 0x0F, 0x80, 0x1F, 0x00, 0x3E, 0x1F, 0x7C, 0x7E,
    0xF9, 0xF9, 0xF7, 0xE3, 0xDF, 0x87, 0xBE, 0x0F, 0xF8, 0x1F, 0xF8, 0x3F, 0xF0, 0x7F, 0xF0, 0xFB,
    0xF1, 0xF3, 0xF3, 0xE3, 0xE7, 0xC3, 0xEF, 0x87, 0xE0, 0x79, 0xE7, 0x9E, 0x79, 0xE7, 0x9E, 0x79,
    0xE7, 0x9E, 0x79, 0xE7, 0x9E, 0x79, 0xE7, 0x9E, 0x78, 0x00, 0x00, 0x00, 0x7B, 0xF9, 0xFC, 0x7F,
    0xFF, 0xFE, 0x7F, 0xFF, 0xFE, 0x7F, 0xFF, 0xFF, 0x7C, 0x3E, 0x1F, 0x7C, 0x3E, 0x1F, 0x7C, 0x3E,
    0x1F, 0x78, 0x3E, 0x1F, 0x78, 0x3E, 0x1F, 0x78, 0x3E, 0x1F, 0x78, 0x3E, 0x1F, 0x78, 0x3E, 0x1F,
    0x78, 0x3E, 0x1F, 0x78, 0x3E, 0x1F, 0x78, 0x3E, 0x1F, 0x00, 0x00, 0xF7, 0xF1, 0xFF, 0xF3, 0xFF,
    0xF7, 0xFF, 0xEF, 0x87, 0xDF, 0x0F, 0xBE, 0x1F, 0x78, 0x3E, 0xF0, 0x7D, 0xE0, 0xFB, 0xC1, 0xF7,
    0x83, 0xEF, 0x07, 0xDE, 0x0F, 0xBC, 0x1F, 0x00, 0x00, 0x3F, 0xC0, 0xFF, 0xE3, 0xFF, 0xE7, 0xEF,
    0xDF, 0x0F, 0xFE, 0x0F, 0xFC, 0x1F, 0xF8, 0x3F, 0xF0, 0x7F, 0xE0, 0xFF, 0xC1, 0xF7, 0xC7, 0xCF,
    0xFF, 0x8F, 0xFE, 0x0F, 0xF8, 0x03, 0x80, 0x00, 0x00, 0xF7, 0xE1, 0xFF, 0xE3, 0xFF, 0xE7, 0xFF,
    0xEF, 0x87, 0xDF, 0x0F, 0xBC, 0x1F, 0x78, 0x3E, 0xF0, 0x7D, 0xF0, 0xFB, 0xE1, 0xF7, 0xE7, 0xEF,
    0xFF, 0x9F, 0xFF, 0x3D, 0xFC, 0x78, 0xC0, 0xF0, 0x01, 0xE0, 0x03, 0xC0, 0x07, 0x80, 0x0F, 0x00,
    0x1E, 0x00, 0x00, 0x00, 0x00, 0x3F, 0x78, 0xFF, 0xFB, 0xFF, 0xF7, 0xFF, 0xFF, 0x0F, 0xFE, 0x0F,
    0xFC, 0x1F, 0xF8, 0x3F, 0xF0, 0x7F, 0xE0, 0xFF, 0xC1, 0xFF, 0xCF, 0xEF, 0xFF, 0xDF, 0xFF, 0x9F,
    0xDF, 0x06, 0x3E, 0x00, 0x7C, 0x00, 0xF8, 0x01, 0xF0, 0x03, 0xE0, 0x07, 0xC0, 0x0F, 0x00, 0x00,
    0x0F, 0x7D, 0xFF, 0xBF, 0xF7, 0xFE, 0xFC, 0x1F, 0x03, 0xE0, 0x78, 0x0F, 0x01, 0xE0, 0x3C, 0x07,
    0x80, 0xF0, 0x1E, 0x03, 0xC0, 0x00, 0x03, 0xFE, 0x7F, 0xEF, 0xFE, 0xF8, 0xEF, 0x80, 0xFE, 0x07,
    0xF8, 0x7F, 0xE1, 0xFE, 0x07, 0xF0, 0x1F, 0xE1, 0xFF, 0xFE, 0xFF, 0xEF, 0xFC, 0x1E, 0x00, 0x1E,
    0x03, 0xC0, 0x78, 0x1F, 0xFF, 0xFF, 0xFF, 0xDF, 0xF9, 0xF0, 0x3E, 0x07, 0xC0, 0xF8, 0x1F, 0x03,
    0xE0, 0x7C, 0x0F, 0xC9, 0xFF, 0x1F, 0xE1, 0xFC, 0x0E, 0x00, 0x78, 0x3E, 0xF0, 0x7D, 0xE0, 0xFB,
    0xC1, 0xF7, 0x83, 0xEF, 0x07, 0xDE, 0x0F, 0xBC, 0x1F, 0x78, 0x3E, 0xF0, 0x7D, 0xF0, 0xFB, 0xF7,
    0xF7, 0xFF, 0xEF, 0xFF, 0xCF, 0xF7, 0x83, 0x80, 0xF8, 0x1F, 0xF8, 0x3E, 0xF8, 0x3E, 0x7C, 0x3E,
    0x7C, 0x7C, 0x3C, 0x7C, 0x3E, 0x78, 0x3E, 0xF8, 0x1E, 0xF8, 0x1F, 0xF0, 0x0F, 0xF0, 0x0F, 0xF0,
    0x0F, 0xE0, 0x07, 0xE0, 0x07, 0xC0, 0xF8, 0x7C, 0x1F, 0xF0, 0xFC, 0x7D, 0xE3, 0xF8, 0xFB, 0xE7,
    0xF1, 0xE7, 0xCF, 0xE7, 0xCF, 0x9D, 0xEF, 0x8F, 0x7B, 0xDE, 0x1F, 0xF7, 0xBC, 0x3F, 0xEF, 0xF8,
    0x3F, 0x8F, 0xF0, 0x7F, 0x1F, 0xC0, 0xFE, 0x3F, 0x81, 0xFC, 0x7F, 0x01, 0xF8, 0x7C, 0x03, 0xE0,
    0xF8, 0x00, 0xFC, 0x3E, 0x7C, 0x3E, 0x7E, 0x7C, 0x3E, 0xFC, 0x1F, 0xF8, 0x1F, 0xF0, 0x0F, 0xF0,
    0x07, 0xE0, 0x0F, 0xF0, 0x1F, 0xF0, 0x1F, 0xF8, 0x3E, 0xFC, 0x7E, 0x7C, 0x7C, 0x3E, 0xF8, 0x3F,
    0xF8, 0x1F, 0xF8, 0x3E, 0x78, 0x3E, 0x7C, 0x3E, 0x7C, 0x7C, 0x3C, 0x7C, 0x3E, 0x78, 0x1E, 0xF8,
    0x1E, 0xF8, 0x1F, 0xF0, 0x0F, 0xF0, 0x0F, 0xF0, 0x07, 0xE0, 0x07, 0xE0, 0x07, 0xC0, 0x07, 0xC0,
    0x07, 0xC0, 0x0F, 0x80, 0x7F, 0x80, 0x7F, 0x00, 0x7E, 0x00, 0x78, 0x00, 0x7F, 0xFB, 0xFF, 0xDF,
    0xFE, 0xFF, 0xE0, 0x3E, 0x01, 0xF0, 0x1F, 0x01, 0xF0, 0x1F, 0x80, 0xF8, 0x0F, 0x80, 0xFF, 0xE7,
    0xFF, 0xFF, 0xFF, 0xFF, 0xE0, 0x01, 0xC3, 0xF0, 0xFC, 0x7F, 0x1F, 0x07, 0xC1, 0xF0, 0x7C, 0x1F,
    0x07, 0xC7, 0xE3, 0xF8, 0xFC, 0x3F, 0x87, 0xE0, 0x7C, 0x1F, 0x07, 0xC1, 0xF0, 0x7C, 0x1F, 0x03,
    0xF0, 0xFC, 0x1F, 0x01, 0xC0, 0xFF, 0xFF, 0xFF, 0xFF, 0xFF, 0xFF, 0xFF, 0xFF, 0xFF, 0xFF, 0xF0,
    0xE0, 0x3E, 0x0F, 0xC3, 0xF0, 0x3C, 0x0F, 0x03, 0xC0, 0xF0, 0x3C, 0x0F, 0x03, 0xF8, 0x7F, 0x0F,
    0xC7, 0xF3, 0xF0, 0xF0, 0x3C, 0x0F, 0x03, 0xC0, 0xF0, 0x3C, 0x3F, 0x0F, 0xC3, 0xE0, 0xE0, 0x00,
    0x7E, 0x0F, 0xFF, 0xFF, 0xFF, 0xFF, 0xFE, 0x81, 0xF0, 0x0C, 0x18, 0x1E, 0x78, 0x7D, 0xF9, 0xF3,
    0xE7, 0xCF, 0x9F, 0x3E, 0x3E, 0xFC, 0x7C, 0xF8, 0x7C, 0xF8, 0x7C, 0xF8, 0x7D, 0xF0, 0xF9, 0xF0,
    0xC1, 0x80, 0x1E, 0x1F, 0xCF, 0xFB, 0xCF, 0xE3, 0xF8, 0xFF, 0x7F, 0xFE, 0x7F, 0x07, 0x80, 0x07,
    0x80, 0x1E, 0x00, 0x78, 0x01, 0xE0, 0x07, 0x83, 0xFF, 0xFF, 0xFF, 0xFF, 0xFF, 0x07, 0x80, 0x1E,
    0x00, 0x78, 0x01, 0xE0, 0x07, 0x80, 0x1C, 0x0F, 0xFF, 0xFF, 0xFF, 0xFF, 0xFC, 0x21, 0xEF, 0xBE,
    0xF8, 0xC0, 0x30, 0x41, 0xE3, 0xC3, 0xE7, 0xC3, 0xE7, 0xC3, 0xEF, 0x87, 0xEF, 0x87, 0xCF, 0x8F,
    0xBE, 0x3E, 0xFC, 0xF9, 0xF3, 0xE7, 0xC7, 0x8F, 0x03, 0x0C, 0x00, 0x20, 0x20, 0x23, 0xC7, 0xC7,
    0xFE, 0x3E, 0x3F, 0xF1, 0xF1, 0xFF, 0x8F, 0x8F, 0x98, 0x38, 0x30, 0x0C, 0x0F, 0x1F, 0x3E, 0x7C,
    0xF8, 0xF8, 0xF8, 0x7C, 0x3E, 0x1F, 0x1F, 0x0C, 0x30, 0xF0, 0xF8, 0x7C, 0x3E, 0x3F, 0x1F, 0x1F,
    0x3E, 0x7C, 0xF8, 0xF0, 0x30, 0x01, 0x80, 0x00, 0x00, 0xF0, 0x00, 0x00, 0x38, 0x00, 0x00, 0x1C,
    0x00, 0x00, 0x1E, 0x00, 0x00, 0x0F, 0x00, 0x00, 0x07, 0xFF, 0xFF, 0xFD, 0xFF, 0xFF, 0xFF, 0x1C,
    0x00, 0x00, 0x03, 0xC0, 0x00, 0x00, 0x70, 0x00, 0x00, 0x0E, 0x00, 0x00, 0x01, 0xC0, 0x00, 0x00,
    0x00, 0x00, 0x00, 0x00, 0x00, 0x10, 0x01, 0xC0, 0x1F, 0x01, 0xFC, 0x1F, 0xF1, 0xFF, 0xDE, 0xEF,
    0xE7, 0x3A, 0x38, 0x81, 0xC0, 0x0E, 0x00, 0x70, 0x03, 0x80, 0x1C, 0x00, 0xE0, 0x07, 0x00, 0x38,
    0x01, 0xC0, 0x0E, 0x00, 0x70, 0x03, 0x80, 0x1C, 0x00, 0xE0, 0x07, 0x00, 0x38, 0x00, 0x00, 0x00,
    0x60, 0x00, 0x00, 0x3C, 0x00, 0x00, 0x07, 0x80, 0x00, 0x00, 0xE0, 0x00, 0x00, 0x1E, 0x00, 0x00,
    0x03, 0xCF, 0xFF, 0xFF, 0xFB, 0xFF, 0xFF, 0xFE, 0x00, 0x00, 0x0F, 0x00, 0x00, 0x07, 0x00, 0x00,
    0x03, 0x80, 0x00, 0x01, 0xC0, 0x00, 0x00, 0xE0, 0x00, 0x00, 0x00, 0x00, 0x07, 0x00, 0x38, 0x01,
    0xC0, 0x0E, 0x00, 0x70, 0x03, 0x80, 0x1C, 0x00, 0xE0, 0x07, 0x00, 0x38, 0x01, 0xC0, 0x0E, 0x00,
    0x70, 0x03, 0x80, 0x1C, 0x00, 0xE0, 0x47, 0x17, 0x39, 0xFD, 0xDE, 0xFF, 0xE3, 0xFE, 0x0F, 0xE0,
    0x3E, 0x00, 0xE0, 0x02, 0x00, 0x00, 0x00, 0x60, 0x78, 0x1E, 0x07, 0x81, 0xE0, 0x78, 0x1C, 0x04,
    0x18, 0x3F, 0x3D, 0xD8, 0x7C, 0x1E, 0x0F, 0x8C, 0xFE, 0x3E, 0x00, 0xFF, 0xFF, 0xFF, 0xFF, 0xFF,
    0xFF, 0xFF, 0xFF, 0xFF, 0xE0, 0x7F, 0xFF, 0xFF, 0xDF, 0xFF, 0xFF, 0xF0, 0x06, 0x00, 0x00, 0x01,
    0x80, 0x00, 0x00, 0x60, 0x00, 0x00, 0x38, 0x00, 0x00, 0x0E, 0x00, 0x00, 0x03, 0x80, 0x00, 0x00,
    0xFF, 0xFE, 0x00, 0x3F, 0xFF, 0x80, 0x0E, 0x00, 0xE0, 0x03, 0x80, 0x38, 0x00, 0xC0, 0x0E, 0x00,
    0x70, 0x03, 0x80, 0x1C, 0x00, 0xE0, 0x0E, 0x00, 0x38, 0x03, 0x80, 0x0E, 0x01, 0xE0, 0x03, 0x80,
    0xF0, 0x00, 0xC0, 0x78, 0x00, 0x70, 0x3C, 0x00, 0x1C, 0x1F, 0x01, 0xFF, 0x07, 0x00, 0x7F, 0x80,
    0x80, 0x00, 0x00, 0x3F, 0xFF, 0xFE, 0x1F, 0xFF, 0xFF, 0x00, 0x00, 0x00, 0x00, 0x00, 0x00, 0x00,
    0x00, 0x00, 0x00, 0x00, 0x00, 0x00, 0x00, 0x00, 0x00, 0x00, 0x00, 0x00, 0x00, 0x00, 0x00, 0x00,
    0x00, 0x00, 0x03, 0xFF, 0xFE, 0x01, 0xFF, 0xFF, 0x00, 0x00, 0x00, 0x00, 0x00, 0x00, 0x00, 0x00,
    0x00, 0x00, 0x00, 0x00, 0x00, 0x00, 0x00, 0x00, 0x00, 0x00, 0x00, 0x00, 0x00, 0x00, 0x1F, 0xFF,
    0xFF, 0xFF, 0xFF, 0xFF, 0xF8, 0x00, 0x00, 0x00, 0x00, 0x38, 0x00, 0x00, 0x1C, 0x00, 0x00, 0x0E,
    0x00, 0x00, 0x07, 0x00, 0x00, 0x03, 0x80, 0x00, 0x01, 0xC0, 0x00, 0x00, 0xE0, 0x00, 0x00, 0x70,
    0x00, 0x00, 0x38, 0x00, 0x00, 0x1F, 0xFF, 0x00, 0x0F, 0xFF, 0x80, 0x07, 0x00, 0x00, 0x03, 0x80,
    0x00, 0x01, 0xC0, 0x00, 0x00, 0xE0, 0x00, 0x00, 0x70, 0x00, 0x00, 0x38, 0x00, 0x00, 0x1C, 0x00,
    0x00, 0x0E, 0x00, 0x00, 0x07, 0x00, 0x00, 0x03, 0x80, 0x00, 0x01, 0xC0, 0x03, 0xFF, 0xFF, 0xFF,
    0xFF, 0xFF, 0xFF, 0x00, 0x00, 0x00, 0x7F, 0xFF, 0xFF, 0xFF, 0xFF, 0xFF, 0xE0, 0x03, 0x00, 0x00,
    0x01, 0x80, 0x00, 0x00, 0xC0, 0x00, 0x00, 0x60, 0x00, 0x00, 0x38, 0x00, 0x00, 0x1F, 0x00, 0x00,
    0x0F, 0xE0, 0x00, 0x06, 0xF8, 0x00, 0x03, 0x3F, 0x00, 0x01, 0x87, 0xE0, 0x00, 0xC0, 0xF0, 0x00,
    0x60, 0x38, 0x00, 0x30, 0x00, 0x00, 0x18, 0x00, 0x00, 0x0C, 0x00, 0x00, 0x06, 0x00, 0x00, 0x03,
    0x00, 0x00, 0x01, 0x80, 0x00, 0x00, 0xC0, 0x00, 0x00, 0x60, 0x00, 0x00, 0x30, 0x00, 0x00, 0x18,
    0x00, 0x00, 0x00, 0x00, 0x00, 0x7F, 0xFF, 0xFF, 0xFF, 0xFF, 0xFF, 0xE0, 0x01, 0xE0, 0x00, 0x01,
    0xE0, 0x00, 0x00, 0xE0, 0x00, 0x00, 0xF0, 0x00, 0x00, 0xFA, 0x00, 0x00, 0xFF, 0x80, 0x00, 0xFF,
    0xF0, 0x00, 0xF7, 0x3C, 0x00, 0xF3, 0x8F, 0x80, 0xF1, 0xC3, 0xE1, 0xF0, 0xE0, 0x79, 0xF0, 0x70,
    0x1F, 0xF0, 0x38, 0x07, 0x60, 0x1C, 0x01, 0x00, 0x0E, 0x00, 0x00, 0x07, 0x00, 0x00, 0x03, 0x80,
    0x00, 0x01, 0xC0, 0x00, 0x00, 0xE0, 0x00, 0x00, 0x70, 0x00, 0x00, 0x38, 0x00, 0x00, 0x1C, 0x00,
    0x00, 0x03, 0x00, 0x00, 0x07, 0x00, 0x00, 0x07, 0x00, 0x00, 0x07, 0xFF, 0xFE, 0x07, 0xFF, 0xFE,
    0x06, 0x00, 0x00, 0x0E, 0x00, 0x00, 0x0E, 0x00, 0x00, 0x0E, 0x00, 0x00, 0x0E, 0x00, 0x00, 0x0E,
    0x00, 0x00, 0x1F, 0xFF, 0xFE, 0x1F, 0xFF, 0xFE, 0x00, 0x00, 0x0E, 0x00, 0x00, 0x0E, 0x00, 0x00,
    0x0E, 0xFF, 0xFF, 0xCE, 0xFF, 0xFF, 0xCE, 0x00, 0x00, 0x0E, 0x00, 0x00, 0x1C, 0x00, 0x00, 0x1C,
    0x00, 0x00, 0x1C, 0x00, 0x0C, 0x3C, 0x00, 0x0F, 0xF8, 0x00, 0x0F, 0xF0, 0x00, 0x08, 0x00, 0x07,
    0x0E, 0x1C, 0x03, 0x87, 0x0E, 0x01, 0xC3, 0x87, 0x00, 0xE1, 0xC3, 0x80, 0x70, 0xE1, 0xC0, 0x38,
    0x70, 0xE0, 0x1C, 0x38, 0x70, 0xFF, 0xFF, 0xFF, 0xFF, 0xFF, 0xFF, 0xC3, 0x87, 0x0E, 0x01, 0xC3,
    0x87, 0x00, 0xE1, 0xC3, 0x80, 0x70, 0xE1, 0xC0, 0x38, 0x70, 0xE0, 0x1C, 0x38, 0x70, 0x0E, 0x1C,
    0x38, 0x07, 0x0F, 0xFC, 0x03, 0x87, 0xFE, 0x01, 0xC0, 0x00, 0x00, 0xE0, 0x00, 0x00, 0x70, 0x00,
    0x00, 0x38, 0x00, 0x00, 0x1F, 0xFF, 0xFE, 0x0F, 0xFF, 0xFF, 0x00, 0x7F, 0xFF, 0xFF, 0x3F, 0xFF,
    0xFF, 0x80, 0x07, 0x00, 0x00, 0x03, 0x80, 0x00, 0x01, 0xC0, 0x00, 0x00, 0xE0, 0x00, 0xFF, 0xFF,
    0xF8, 0x7F, 0xFF, 0xFC, 0x00, 0x1C, 0x00, 0x00, 0x0E, 0x00, 0x00, 0x07, 0x00, 0x0F, 0xFF, 0xFF,
    0xF7, 0xFF, 0xFF, 0xF8, 0x07, 0x00, 0x00, 0x07, 0x80, 0x00, 0x03, 0x81, 0xC0, 0x03, 0x80, 0x70,
    0x03, 0x80, 0x3C, 0x03, 0xC0, 0x0E, 0x03, 0xC3, 0xFF, 0x83, 0xFF, 0xFF, 0xE1, 0xFF, 0xFF, 0xF0,
    0x7C, 0x00, 0x1C, 0x00, 0x00, 0x0E, 0x00, 0x00, 0x02, 0x00, 0x00, 0x00, 0x00, 0x00, 0x00, 0x7E,
    0x03, 0xFF, 0xFF, 0x87, 0xFF, 0xFF, 0x03, 0xFF, 0xE0, 0x00, 0x00, 0xE0, 0x00, 0x00, 0x70, 0x00,
    0x00, 0x38, 0x00, 0x3F, 0xFF, 0xFE, 0x1F, 0xFF, 0xFF, 0x00, 0x07, 0x00, 0x00, 0x03, 0x80, 0x00,
    0x01, 0xC0, 0x07, 0xFF, 0xFF, 0xFF, 0xFF, 0xFF, 0xFE, 0x00, 0xE0, 0x00, 0x00, 0xF0, 0x40, 0x00,
    0xF0, 0x70, 0x00, 0xF0, 0x1C, 0x00, 0x70, 0x0F, 0x00, 0x70, 0x03, 0x80, 0x70, 0x1F, 0xE0, 0xFF,
    0xFF, 0xF8, 0x7F, 0xFF, 0xFC, 0x3F, 0xE0, 0x07, 0x00, 0x00, 0x03, 0x80, 0x00, 0x00, 0x00, 0xFF,
    0xFF, 0xFF, 0xFF, 0xFF, 0xFF, 0xC0, 0x30, 0x60, 0x00, 0x18, 0x30, 0x00, 0x0C, 0x18, 0x03, 0xFF,
    0xFF, 0xF9, 0xFF, 0xFF, 0xFC, 0xE1, 0x87, 0x0E, 0x71, 0xC3, 0x87, 0x38, 0xE1, 0xC3, 0x9C, 0x78,
    0xF1, 0xCE, 0x3C, 0x78, 0xE7, 0x1F, 0x3E, 0x73, 0x9D, 0xFB, 0xB9, 0xCE, 0xFD, 0xFC, 0xEE, 0x3C,
    0x7E, 0x7F, 0x1E, 0x1F, 0x3F, 0x0E, 0x0B, 0x9F, 0x06, 0x01, 0xCE, 0x00, 0x00, 0xE7, 0x00, 0x00,
    0x73, 0x80, 0x07, 0xF9, 0xC0, 0x01, 0xF8, 0x00, 0x00, 0x00, 0x00, 0x07, 0x00, 0x00, 0x01, 0xE0,
    0x00, 0x00, 0x7C, 0x00, 0x00, 0x0F, 0xC0, 0x00, 0x07, 0xBC, 0x00, 0x01, 0xE3, 0xC0, 0x00, 0x7C,
    0x3C, 0x00, 0x1E, 0x03, 0xC0, 0x0F, 0x8E, 0x3E, 0x07, 0xE1, 0xC3, 0xF1, 0xF8, 0x38, 0x1F, 0x3C,
    0x07, 0x01, 0xE2, 0x00, 0xE0, 0x08, 0x00, 0x1C, 0x00, 0x00, 0x03, 0x80, 0x00, 0x00, 0x70, 0x00,
    0x00, 0x0E, 0x00, 0x00, 0x01, 0xC0, 0x00, 0x00, 0x38, 0x00, 0x00, 0x07, 0x00, 0x00, 0x00, 0xE0,
    0x00, 0x00, 0x1C, 0x00, 0x00, 0x03, 0x80, 0x00, 0x00, 0x70, 0x00, 0x00, 0x0E, 0x00, 0x00, 0x00,
    0x38, 0x00, 0x00, 0x70, 0x00, 0x00, 0xE0, 0x00, 0x01, 0xC0, 0x00, 0x03, 0x80, 0x00, 0x07, 0x00,
    0x3F, 0xFF, 0xFF, 0xFF, 0xFF, 0xFF, 0xE0, 0x38, 0x0F, 0xC0, 0x70, 0x1F, 0x80, 0xE0, 0x3F, 0x01,
    0xC0, 0x7E, 0x03, 0x80, 0xFC, 0x07, 0x01, 0xF8, 0x0E, 0x03, 0xFF, 0xFF, 0xFF, 0xFF, 0xFF, 0xFF,
    0xC0, 0x70, 0x1F, 0x80, 0xE0, 0x38, 0x01, 0xC0, 0x00, 0x03, 0x80, 0x00, 0x07, 0x00, 0x00, 0x0E,
    0x00, 0x00, 0x1C, 0x00, 0x00, 0x38, 0x00, 0x00, 0x70, 0x00, 0x00, 0xE0, 0x00, 0x00, 0x38, 0x00,
    0x00, 0x70, 0x00, 0x00, 0xE0, 0x01, 0xFF, 0xFF, 0xE3, 0xFF, 0xFF, 0xC6, 0x07, 0x03, 0x8C, 0x0E,
    0x07, 0x18, 0x1C, 0x0E, 0x30, 0x38, 0x1C, 0x7F, 0xFF, 0xF8, 0xFF, 0xFF, 0xF0, 0x01, 0xC0, 0x00,
    0x03, 0x80, 0x1F, 0xFF, 0xFF, 0xFF, 0xFF, 0xFF, 0xF0, 0x1C, 0x07, 0xE0, 0x38, 0x0F, 0xC0, 0x70,
    0x1F, 0x80, 0xE0, 0x3F, 0xFF, 0xFF, 0xFF, 0xFF, 0xFF, 0xFC, 0x07, 0x01, 0xC0, 0x0E, 0x00, 0x00,
    0x1C, 0x00, 0x00, 0x38, 0x00, 0x00, 0x70, 0x00, 0x00, 0x0C, 0x00, 0x0E, 0x0C, 0x00, 0x0E, 0x1C,
    0x00, 0x0E, 0x1C, 0x00, 0xEE, 0x3F, 0xFF, 0xEE, 0x3F, 0xFF, 0xEE, 0x38, 0x00, 0xEE, 0x73, 0x00,
    0xEE, 0x73, 0x80, 0xEE, 0xE3, 0xC0, 0xEF, 0xE0, 0xE0, 0xEE, 0xC0, 0x70, 0xEE, 0x00, 0x60, 0xEE,
    0x00, 0x00, 0xEE, 0x7F, 0xFE, 0xEE, 0x7F, 0xFE, 0xEE, 0x71, 0xC6, 0xEE, 0x71, 0xC6, 0xEE, 0x71,
    0xC6, 0xEE, 0x71, 0xC6, 0xEE, 0x71, 0xC6, 0xEE, 0x71, 0xC6, 0xEE, 0x71, 0xC6, 0x0E, 0x7F, 0xFE,
    0x0E, 0x7F, 0xFE, 0x0E, 0x70, 0x06, 0x06, 0x70, 0x06, 0x00, 0x30, 0x00, 0x0C, 0x38, 0x00, 0x1E,
    0x38, 0x00, 0x0E, 0x38, 0x00, 0x07, 0x38, 0x00, 0x07, 0x38, 0x00, 0x00, 0x30, 0x00, 0x7F, 0xFF,
    0xFF, 0x7F, 0xFF, 0xFF, 0x00, 0x70, 0x07, 0x00, 0x70, 0x07, 0x00, 0x70, 0x07, 0x00, 0x72, 0x07,
    0x00, 0xEE, 0x07, 0x00, 0xE7, 0x06, 0x00, 0xE3, 0x86, 0x01, 0xC3, 0x8E, 0x01, 0xC1, 0xCE, 0x03,
    0x81, 0xCE, 0x07, 0x80, 0x0E, 0x0F, 0x00, 0x0E, 0x1E, 0x00, 0x0E, 0x3E, 0x00, 0x0E, 0x7C, 0x00,
    0x1E, 0xF8, 0x03, 0xFC, 0x60, 0x03, 0xF8, 0x00, 0x00, 0x00, 0x00, 0x00, 0x00, 0x00, 0x38, 0x00,
    0x00, 0x1F, 0x00, 0x00, 0x03, 0xC0, 0x00, 0x00, 0xF0, 0x00, 0x00, 0x38, 0x01, 0xFF, 0xFF, 0xFC,
    0xFF, 0xFF, 0xFE, 0x00, 0x1C, 0x00, 0x00, 0x0E, 0x00, 0x00, 0x07, 0x00, 0x00, 0x03, 0x80, 0x00,
    0x01, 0xC0, 0x00, 0x00, 0xE0, 0x00, 0x7F, 0xFF, 0xF8, 0x3F, 0xFF, 0xFC, 0x00, 0x1C, 0x00, 0x00,
    0x0E, 0x00, 0x00, 0x07, 0x00, 0x00, 0x03, 0x80, 0x00, 0x01, 0xC0, 0x00, 0x00, 0xE0, 0x00, 0x00,
    0x70, 0x01, 0xFF, 0xFF, 0xFF, 0xFF, 0xFF, 0xFF, 0x80, 0x3F, 0xFF, 0xF0, 0x1F, 0xFF, 0xF8, 0x00,
    0x60, 0x1C, 0x00, 0x30, 0x1C, 0x00, 0x18, 0x0E, 0x00, 0x0C, 0x07, 0x00, 0x0E, 0x03, 0x80, 0x07,
    0x03, 0x80, 0x03, 0x81, 0xC0, 0x01, 0xC0, 0xFF, 0xC0, 0xE0, 0xFF, 0xE0, 0x70, 0x00, 0x60, 0x70,
    0x00, 0x70, 0x38, 0x00, 0x38, 0x1C, 0x00, 0x1C, 0x1E, 0x00, 0x0E, 0x0E, 0x00, 0x07, 0x07, 0x00,
    0x03, 0x87, 0x00, 0x01, 0xC7, 0x80, 0x00, 0xE3, 0x80, 0x10, 0xF3, 0xC0, 0x1F, 0xF1, 0xC0, 0x07,
    0xF0, 0x40, 0x00, 0x00, 0x00, 0x1C, 0x00, 0x00, 0x03, 0x80, 0x00, 0x00, 0x30, 0x1C, 0x06, 0x07,
    0x03, 0x80, 0xE0, 0xE0, 0xE0, 0x1C, 0x0E, 0x1C, 0x01, 0xC1, 0xC7, 0x00, 0x38, 0x00, 0xE0, 0x03,
    0x80, 0x38, 0x00, 0x70, 0x07, 0x00, 0x07, 0x01, 0xC0, 0x00, 0xF0, 0x78, 0x00, 0x0E, 0x0E, 0x00,
    0x00, 0xE3, 0x80, 0x00, 0x1E, 0xF0, 0x00, 0x01, 0xFC, 0x00, 0x00, 0x1F, 0x00, 0x00, 0x03, 0xE0,
    0x00, 0x00, 0xFF, 0x00, 0x00, 0x7D, 0xF0, 0x00, 0x1F, 0x1F, 0x80, 0x1F, 0x80, 0xFC, 0x0F, 0xC0,
    0x0F, 0xE3, 0xF0, 0x00, 0x7E, 0x70, 0x00, 0x03, 0x80, 0x7F, 0xFF, 0xFC, 0xFF, 0xFF, 0xF8, 0x00,
    0x00, 0x30, 0x00, 0x00, 0x60, 0x60, 0x00, 0xC1, 0xE0, 0x01, 0x81, 0xE0, 0x03, 0x01, 0xF0, 0x06,
    0x00, 0xF0, 0x1C, 0x00, 0xF0, 0x38, 0x00, 0xE0, 0x70, 0x00, 0x80, 0xE0, 0x00, 0x3D, 0xC0, 0x01,
    0xFB, 0x80, 0x1F, 0xE7, 0x01, 0xFE, 0x0E, 0x1F, 0xE0, 0x1C, 0xFE, 0x00, 0x39, 0xF0, 0x00, 0x73,
    0x00, 0x00, 0xE0, 0x00, 0x03, 0xC0, 0x00, 0xFF, 0x00, 0x01, 0xFC, 0x00, 0x00, 0x00, 0x00, 0x30,
    0x00, 0x00, 0x1C, 0x08, 0x00, 0x0E, 0x0E, 0x00, 0x07, 0x07, 0xC0, 0x03, 0x80, 0xF0, 0x01, 0xC0,
    0x3C, 0xFF, 0xFF, 0xEE, 0x7F, 0xFF, 0xF0, 0x00, 0x38, 0x38, 0x00, 0x1C, 0x1C, 0x00, 0x0E, 0x0E,
    0x00, 0x07, 0x07, 0x00, 0x03, 0x83, 0x87, 0xFF, 0xFF, 0xFF, 0xFF, 0xFF, 0xFE, 0x00, 0x70, 0x07,
    0x00, 0x38, 0x03, 0x80, 0x1C, 0x01, 0xC0, 0x0E, 0x00, 0xC0, 0x07, 0x00, 0x60, 0x03, 0x80, 0x70,
    0x01, 0xC4, 0x38, 0x00, 0xE3, 0xFC, 0x00, 0x71, 0xFC, 0x00, 0x38, 0x00, 0x00, 0x1C, 0x00, 0x00,
    0x0E, 0x00, 0x00, 0x00, 0x00, 0x01, 0xFF, 0xFF, 0xFB, 0xFF, 0xFF, 0xF0, 0x00, 0x03, 0xC0, 0x00,
    0x0F, 0x00, 0x00, 0x3C, 0x00, 0x01, 0xF0, 0x00, 0x0F, 0x80, 0x00, 0x3E, 0x00, 0x00, 0x70, 0x00,
    0x00, 0xE0, 0x00, 0x01, 0xC0, 0x00, 0x03, 0x80, 0x00, 0x07, 0x00, 0x00, 0x0E, 0x00, 0x00, 0x1C,
    0x00, 0x00, 0x38, 0x00, 0x00, 0x70, 0x00, 0x00, 0xE0, 0x00, 0x01, 0xC0, 0x00, 0x03, 0x80, 0x00,
    0x07, 0x00, 0x01, 0xFE, 0x00, 0x03, 0xF8, 0x00, 0x00, 0x00, 0x00, 0x00, 0x1C, 0x00, 0x00, 0x0E,
    0x00, 0x00, 0x07, 0x00, 0x1F, 0xFF, 0xFF, 0xFF, 0xFF, 0xFF, 0xF8, 0x00, 0xE0, 0x00, 0x7F, 0xFF,
    0xF0, 0x3F, 0xFF, 0xF8, 0x1C, 0x1C, 0x1C, 0x0F, 0xFF, 0xFE, 0x07, 0xFF, 0xFF, 0x00, 0x03, 0x80,
    0x00, 0x01, 0xC0, 0x01, 0xFF, 0xFF, 0xE0, 0x7F, 0xFF, 0xF0, 0x00, 0x38, 0x18, 0x00, 0x1C, 0x0C,
    0x7F, 0xFF, 0xFF, 0xFF, 0xFF, 0xFF, 0xE0, 0x03, 0x81, 0x83, 0xFF, 0xFF, 0xC1, 0xFF, 0xFF, 0xE0,
    0x00, 0x70, 0x30, 0x00, 0x38, 0x18, 0x00, 0x1C, 0x00, 0x00, 0xFE, 0x00, 0x00, 0x7E, 0x00, 0x00,
    0x1F, 0xFF, 0xFC, 0x1F, 0xFF, 0xFF, 0x0F, 0xFF, 0xFF, 0x80, 0x00, 0x00, 0x00, 0x00, 0x00, 0x00,
    0x00, 0x00, 0x00, 0x00, 0x00, 0x00, 0x00, 0x00, 0x00, 0x00, 0x00, 0x00, 0x00, 0x00, 0x00, 0x00,
    0x00, 0x00, 0x00, 0x00, 0x00, 0x00, 0x00, 0x00, 0x00, 0x00, 0x00, 0x00, 0x00, 0x00, 0x00, 0x00,
    0x00, 0x00, 0x00, 0x00, 0x00, 0x7F, 0xFF, 0xFF, 0xFF, 0xFF, 0xFF, 0xFF, 0xFF, 0xFF, 0xF0, 0x00,
    0x00, 0x00, 0x1F, 0xFF, 0xFF, 0x0F, 0xFF, 0xFF, 0x80, 0x03, 0x80, 0x00, 0x01, 0xC0, 0x00, 0x00,
    0xE0, 0x00, 0x00, 0x70, 0x00, 0x00, 0x38, 0x00, 0x00, 0x1C, 0x00, 0x00, 0x0E, 0x00, 0x3F, 0xFF,
    0xFF, 0xFF, 0xFF, 0xFF, 0xF0, 0x01, 0xC0, 0x00, 0x00, 0xE0, 0x00, 0x00, 0x70, 0x00, 0x00, 0x38,
    0x00, 0x00, 0x1C, 0x00, 0x00, 0x0E, 0x00, 0x00, 0x07, 0x00, 0x00, 0x03, 0x80, 0x00, 0x01, 0xC0,
    0x00, 0x00, 0xE0, 0x00, 0x0F, 0xF0, 0x00, 0x07, 0xF0, 0x00, 0x00, 0x00, 0x00, 0x00, 0x00, 0x00,
    0x00, 0x0F, 0xFF, 0xFE, 0x07, 0xFF, 0xFF, 0x00, 0x00, 0x00, 0x00, 0x00, 0x00, 0x00, 0x00, 0x00,
    0x00, 0x00, 0x00, 0x00, 0x00, 0x00, 0x00, 0x00, 0x00, 0x00, 0x7F, 0xFF, 0xFF, 0xFF, 0xFF, 0xFF,
    0xE0, 0x1E, 0x00, 0x00, 0x0E, 0x00, 0x00, 0x0F, 0x02, 0x00, 0x07, 0x03, 0x80, 0x07, 0x81, 0xC0,
    0x07, 0x80, 0x70, 0x03, 0x80, 0x3C, 0x03, 0xC0, 0x0F, 0x03, 0xC0, 0x3F, 0x83, 0xFF, 0xFF, 0xE1,
    0xFF, 0xFF, 0xF0, 0xFF, 0xE0, 0x1C, 0x20, 0x00, 0x0E, 0x00, 0x00, 0x02, 0x00, 0x00, 0x18, 0x00,
    0x00, 0x0E, 0x00, 0x00, 0x07, 0x00, 0x1F, 0xFF, 0xFF, 0xFF, 0xFF, 0xFF, 0xF8, 0x00, 0x00, 0x00,
    0x3F, 0xFF, 0xE0, 0x1F, 0xFF, 0xF0, 0x0E, 0x00, 0x38, 0x07, 0x00, 0x1C, 0x03, 0xFF, 0xFE, 0x01,
    0xFF, 0xFF, 0x00, 0x00, 0x00, 0x00, 0x00, 0x00, 0x01, 0xFF, 0xFF, 0xFC, 0xFF, 0xFF, 0xFE, 0x60,
    0x00, 0x03, 0x30, 0xFF, 0xE1, 0x98, 0x7F, 0xF0, 0xC0, 0x30, 0x38, 0x00, 0x38, 0x1C, 0x00, 0x1C,
    0x0E, 0x18, 0x1E, 0x07, 0x0E, 0x1E, 0x03, 0x87, 0x7E, 0x01, 0xFF, 0x3E, 0x00, 0x7F, 0x98, 0x00,
    0x00, 0x00, 0x00, 0x1C, 0x00, 0x00, 0x07, 0x00, 0x00, 0x01, 0xC0, 0x00, 0x00, 0x70, 0x00, 0x00,
    0x1C, 0x00, 0x00, 0x07, 0x00, 0x00, 0x01, 0xC0, 0x00, 0x00, 0xF0, 0x00, 0x00, 0x3E, 0x00, 0x00,
    0x0F, 0x80, 0x00, 0x03, 0xE0, 0x00, 0x01, 0xDC, 0x00, 0x00, 0x77, 0x00, 0x00, 0x1D, 0xC0, 0x00,
    0x0E, 0x38, 0x00, 0x03, 0x8F, 0x00, 0x01, 0xC1, 0xC0, 0x00, 0xF0, 0x78, 0x00, 0x78, 0x0F, 0x00,
    0x3C, 0x01, 0xE0, 0x0F, 0x00, 0x3C, 0x0F, 0x80, 0x07, 0x87, 0xC0, 0x00, 0xFB, 0xC0, 0x00, 0x1E,
    0x60, 0x00, 0x01, 0x00, 0x00, 0x00, 0x00, 0x00, 0x38, 0x00, 0x00, 0x07, 0x00, 0x00, 0x01, 0xC0,
    0x00, 0x00, 0x3F, 0xFF, 0xF8, 0x0E, 0xFF, 0xFF, 0x01, 0xC6, 0x00, 0xE0, 0x78, 0xE0, 0x18, 0x0E,
    0x1C, 0x07, 0x03, 0xC3, 0x80, 0xE0, 0xF8, 0x30, 0x1C, 0x3F, 0x07, 0x07, 0x0F, 0x60, 0xE0, 0xE0,
    0xCC, 0x0E, 0x38, 0x01, 0x81, 0xC7, 0x00, 0x30, 0x1D, 0xC0, 0x06, 0x03, 0xB8, 0x00, 0xC0, 0x3E,
    0x00, 0x18, 0x07, 0xC0, 0x03, 0x00, 0xF8, 0x00, 0x60, 0x3F, 0x80, 0x0C, 0x0F, 0x78, 0x01, 0x87,
    0xC7, 0x80, 0x31, 0xF0, 0x7C, 0x06, 0xF8, 0x07, 0xC0, 0xDE, 0x00, 0x38, 0x19, 0x00, 0x00, 0x00,
    0x03, 0x00, 0xE0, 0x01, 0xC0, 0x70, 0x00, 0xE0, 0x38, 0x00, 0x60, 0x1C, 0x00, 0x70, 0x0E, 0x00,
    0x38, 0x07, 0x00, 0x1C, 0x03, 0x80, 0x0E, 0x01, 0x80, 0x07, 0x01, 0xC0, 0x03, 0x80, 0xE0, 0x01,
    0xE0, 0x70, 0x00, 0xF8, 0x3C, 0x00, 0xFC, 0x1E, 0x00, 0x77, 0x1F, 0x00, 0x3B, 0xCF, 0xC0, 0x1C,
    0xE7, 0xE0, 0x0E, 0x3F, 0xF0, 0x0E, 0x1F, 0x9C, 0x07, 0x05, 0xCF, 0x07, 0x81, 0xC3, 0x83, 0x81,
    0xE1, 0xE3, 0xC0, 0xE0, 0x79, 0xC0, 0xF0, 0x1F, 0xE0, 0xF0, 0x07, 0x60, 0x30, 0x01, 0x00, 0x01,
    0x00, 0x60, 0x00, 0x70, 0x1C, 0x00, 0x0E, 0x03, 0x80, 0x01, 0x9C, 0x70, 0x00, 0x73, 0x8E, 0x00,
    0x0E, 0x71, 0xC3, 0x03, 0x8E, 0x39, 0xE0, 0xF1, 0xC7, 0xFC, 0x1E, 0x38, 0xFF, 0x87, 0xC7, 0xFE,
    0x31, 0xF8, 0xFF, 0x86, 0x7F, 0x7F, 0x70, 0xCE, 0xFF, 0x8E, 0x18, 0x9F, 0xF1, 0xC7, 0x03, 0x8E,
    0x38, 0xE0, 0x71, 0xC7, 0x1C, 0x0E, 0x38, 0xE3, 0x81, 0xC7, 0x1F, 0xF0, 0x38, 0xE3, 0xBC, 0x07,
    0x1C, 0x70, 0x00, 0xE3, 0x80, 0x0C, 0x1C, 0x70, 0x01, 0x83, 0x8E, 0x00, 0x70, 0x70, 0xE0, 0x0E,
    0x0E, 0x1F, 0xFF, 0xC1, 0xC1, 0xFF, 0xF0, 0x30, 0x00, 0x00, 0x00, 0x00, 0x00, 0x38, 0x1C, 0x20,
    0x1C, 0x0E, 0x38, 0x0E, 0x07, 0x1E, 0x07, 0x03, 0x87, 0x03, 0x81, 0xC1, 0xC1, 0xC0, 0xE0, 0x70,
    0xE0, 0x70, 0x38, 0x60, 0x38, 0x0C, 0x70, 0x1C, 0x00, 0x38, 0x0E, 0x00, 0x1C, 0x07, 0x00, 0x0E,
    0x03, 0x80, 0x0E, 0x01, 0xC0, 0x07, 0x00, 0xE1, 0x83, 0x80, 0x73, 0xE3, 0x80, 0x3F, 0xE3, 0xE0,
    0x1F, 0xC1, 0xF8, 0x1F, 0x81, 0xCE, 0x0F, 0x03, 0xE7, 0x86, 0x03, 0xE1, 0xE0, 0x07, 0xE0, 0x78,
    0x07, 0xC0, 0x1C, 0x01, 0xC0, 0x04, 0x00, 0x00, 0x00, 0x00, 0x01, 0x00, 0x00, 0x00, 0x60, 0x38,
    0x00, 0x39, 0xCE, 0x00, 0x0E, 0x73, 0x80, 0x07, 0x18, 0xE0, 0x01, 0xCE, 0x38, 0x00, 0xE3, 0xFF,
    0xF8, 0x38, 0xFF, 0xFE, 0x1E, 0x70, 0xE0, 0x0F, 0x9C, 0x38, 0x03, 0xE7, 0x0E, 0x01, 0xFB, 0x83,
    0x80, 0x7E, 0x60, 0xE0, 0x1B, 0x80, 0x38, 0x00, 0xE0, 0x0E, 0x00, 0x3B, 0xFF, 0xFF, 0x0E, 0xFF,
    0xFF, 0xC3, 0x80, 0x38, 0x00, 0xE0, 0x0E, 0x00, 0x38, 0x03, 0x80, 0x0E, 0x00, 0xE0, 0x03, 0x80,
    0x38, 0x00, 0xE0, 0x0E, 0x00, 0x38, 0x03, 0x80, 0x0E, 0x00, 0xE0, 0x03, 0x80, 0x38, 0x00, 0xE0,
    0x0E, 0x00, 0x00, 0x80, 0x00, 0x00, 0x70, 0x00, 0xC0, 0x1C, 0x03, 0xF8, 0x0E, 0x1F, 0xFE, 0x03,
    0xFF, 0xFC, 0x01, 0xDF, 0xF8, 0x00, 0x72, 0x0E, 0x00, 0x38, 0x03, 0x80, 0x1E, 0x00, 0xE0, 0x07,
    0x80, 0x38, 0x03, 0xE0, 0x0E, 0x01, 0xF8, 0x03, 0x80, 0xF6, 0x00, 0xE0, 0x19, 0xBF, 0xFF, 0xF4,
    0x6F, 0xFF, 0xFC, 0x18, 0x03, 0x80, 0x06, 0x00, 0xE0, 0x01, 0x80, 0x38, 0x00, 0x60, 0x0E, 0x00,
    0x18, 0x03, 0x80, 0x06, 0x00, 0xE0, 0x01, 0x80, 0x38, 0x00, 0x60, 0x0E, 0x00, 0x19, 0xFF, 0xFF,
    0x06, 0x7F, 0xFF, 0xC1, 0x80, 0x00, 0x00, 0x60, 0x00, 0x00, 0x00, 0x00, 0x00, 0x00, 0x38, 0x18,
    0x00, 0x07, 0x03, 0x00, 0x01, 0xC0, 0x60, 0x00, 0x38, 0x0C, 0x00, 0x0F, 0x01, 0x80, 0x01, 0xC0,
    0x30, 0x00, 0x78, 0x06, 0x00, 0x1E, 0xFF, 0xFF, 0xC3, 0xDF, 0xFF, 0xF8, 0xF8, 0x0F, 0xC0, 0x3F,
    0x01, 0xF8, 0x0F, 0x60, 0x7F, 0x80, 0xCC, 0x0F, 0xF0, 0x01, 0x83, 0xB7, 0x00, 0x30, 0x76, 0xE0,
    0x06, 0x1C, 0xCE, 0x00, 0xC7, 0x99, 0xE0, 0x18, 0xE3, 0x1C, 0x03, 0x38, 0x61, 0xC0, 0x6F, 0x0C,
    0x3C, 0x0F, 0xC1, 0x83, 0xC1, 0xB0, 0x30, 0x30, 0x30, 0x06, 0x00, 0x06, 0x00, 0xC0, 0x00, 0xC0,
    0x18, 0x00, 0x18, 0x03, 0x00, 0x00, 0x00, 0x00, 0x00, 0x00, 0x06, 0x00, 0x00, 0x07, 0x00, 0x00,
    0x07, 0x80, 0x00, 0x07, 0xE0, 0x00, 0x07, 0xB8, 0x00, 0x07, 0x8F, 0x00, 0x07, 0xC3, 0xC0, 0x0F,
    0x80, 0xF8, 0x1F, 0x80, 0x3F, 0x3F, 0x80, 0x07, 0xFF, 0x70, 0x1D, 0xF6, 0x38, 0x0C, 0x10, 0x18,
    0x06, 0x00, 0x1C, 0x07, 0x00, 0x0F, 0x03, 0x80, 0x07, 0xC1, 0xE0, 0x03, 0xF0, 0xF0, 0x03, 0xBC,
    0xFC, 0x01, 0xCF, 0x7E, 0x01, 0xC3, 0xF3, 0x80, 0xE0, 0xB8, 0xE0, 0xE0, 0x38, 0x78, 0xF0, 0x3C,
    0x1F, 0xF0, 0x3C, 0x07, 0xB0, 0x0C, 0x01, 0x80, 0x00, 0x08, 0x00, 0x00, 0x07, 0x80, 0x00, 0x01,
    0xC0, 0x00, 0x00, 0xF8, 0x00, 0x00, 0xFF, 0x80, 0x00, 0x7C, 0xF0, 0x00, 0x3C, 0x1E, 0x00, 0x3E,
    0x03, 0xE0, 0x3F, 0x00, 0x3E, 0x3F, 0xFF, 0xFF, 0xEF, 0xBF, 0xFE, 0x79, 0x80, 0x00, 0x04, 0x00,
    0x00, 0x00, 0x00, 0x00, 0x00, 0x00, 0x00, 0x00, 0x01, 0xFF, 0xFF, 0xFC, 0x7F, 0xFF, 0xFF, 0x00,
    0x3C, 0x00, 0x00, 0x0E, 0x0C, 0x00, 0x07, 0x03, 0x80, 0x03, 0xC0, 0x70, 0x01, 0xE0, 0x1E, 0x00,
    0xF1, 0xFF, 0xC0, 0xFF, 0xFF, 0xF8, 0x3F, 0xFF, 0xFE, 0x07, 0xC0, 0x01, 0xC0, 0x00, 0x00, 0x40,
    0x00, 0x00, 0x00, 0x00, 0x60, 0x70, 0x00, 0x38, 0x1C, 0x00, 0x0E, 0x0E, 0x00, 0x07, 0x7F, 0xFF,
    0x81, 0xDF, 0xFF, 0xE0, 0xE0, 0x38, 0x00, 0x78, 0x1C, 0x00, 0x1E, 0x07, 0x00, 0x0F, 0xBF, 0xFF,
    0xF7, 0xEF, 0xFF, 0xFF, 0xF8, 0x38, 0x00, 0x6E, 0x0E, 0x00, 0x13, 0x83, 0x00, 0x00, 0xE1, 0xFF,
    0xF0, 0x38, 0x7F, 0xFC, 0x0E, 0x00, 0x0E, 0x03, 0x80, 0x07, 0x80, 0xE0, 0x03, 0xC0, 0x38, 0x19,
    0xE0, 0x0E, 0x07, 0xF0, 0x03, 0x80, 0xF8, 0x00, 0xE0, 0x1E, 0x00, 0x38, 0x03, 0xE0, 0x0E, 0x00,
    0x78, 0x03, 0x80, 0x0E, 0x00, 0xC0, 0x00, 0x00, 0x00, 0x04, 0x00, 0x00, 0x61, 0x80, 0x00, 0x38,
    0xE0, 0x00, 0x0E, 0x38, 0x00, 0x07, 0x1C, 0x00, 0x01, 0xC7, 0xFF, 0xF0, 0xE3, 0xFF, 0xFC, 0x78,
    0xE0, 0x00, 0x1E, 0x71, 0xC0, 0x0F, 0xB8, 0x70, 0x07, 0xE6, 0x18, 0x03, 0xF8, 0x06, 0x00, 0x6E,
    0x7F, 0xFF, 0x93, 0x9F, 0xFF, 0xE0, 0xE0, 0x38, 0x38, 0x38, 0x0E, 0x0E, 0x0E, 0x03, 0x83, 0x83,
    0x80, 0xC0, 0xE0, 0xE0, 0x70, 0x38, 0x38, 0x1C, 0x0E, 0x0E, 0x0E, 0x03, 0x83, 0x87, 0x80, 0xC0,
    0xE1, 0xC0, 0x30, 0x38, 0xE0, 0x1C, 0x0E, 0xF8, 0x7F, 0x03, 0xB8, 0x1F, 0x80, 0xC4, 0x00, 0x00,
    0x00, 0x03, 0x00, 0x00, 0x70, 0x70, 0x00, 0x0E, 0x0E, 0x00, 0x01, 0xC3, 0x80, 0x00, 0x70, 0x70,
    0x00, 0x0F, 0xFF, 0xFF, 0x83, 0xBF, 0xFF, 0xF0, 0x70, 0x70, 0x00, 0x1E, 0x1C, 0xE0, 0x07, 0xC3,
    0x9C, 0x01, 0xF8, 0xE3, 0x80, 0x3F, 0x1C, 0x70, 0x0F, 0xE7, 0xFF, 0xF8, 0xDD, 0xFF, 0xFF, 0x03,
    0xFE, 0x38, 0x60, 0x7F, 0xC7, 0x0C, 0x0F, 0xB8, 0xE1, 0x81, 0xC7, 0x1C, 0x30, 0x38, 0xE3, 0x86,
    0x07, 0x1C, 0x70, 0xC0, 0xE3, 0x8E, 0x38, 0x1C, 0x71, 0xDF, 0x03, 0x8E, 0x3B, 0xE0, 0x70, 0x87,
    0x00, 0x0E, 0x00, 0xE0, 0x01, 0xC0, 0x1C, 0x00, 0x30, 0x03, 0x80, 0x00, 0x01, 0x00, 0x02, 0x00,
    0x70, 0x03, 0xE0, 0x0E, 0x0F, 0xFE, 0x01, 0x9F, 0xFE, 0x00, 0x73, 0xFF, 0x00, 0x0E, 0x60, 0xE0,
    0x03, 0x8C, 0x1C, 0x00, 0xF1, 0x81, 0x80, 0x1E, 0x30, 0x30, 0x07, 0xC6, 0x06, 0x01, 0xF8, 0xC0,
    0xC0, 0x7F, 0x1F, 0xFF, 0xE6, 0xE3, 0xFF, 0xFC, 0xDC, 0x60, 0x70, 0x03, 0x8C, 0x0E, 0x00, 0x71,
    0x81, 0xC0, 0x0E, 0x30, 0x38, 0x01, 0xC6, 0x03, 0x00, 0x38, 0xC0, 0x60, 0x07, 0x18, 0x0E, 0x40,
    0xE3, 0x1D, 0xCC, 0x1C, 0x61, 0x99, 0x83, 0x8C, 0x7B, 0xB0, 0x71, 0xFB, 0x7E, 0x0E, 0x7F, 0x77,
    0xC1, 0xCF, 0x06, 0x70, 0x10, 0x00, 0x00, 0x00, 0x00, 0x00, 0xC0, 0x00, 0x70, 0x38, 0x00, 0x0E,
    0x07, 0x00, 0x03, 0x80, 0xE0, 0x00, 0x70, 0x1C, 0x00, 0x1C, 0x03, 0x80, 0x03, 0xBF, 0xFF, 0xF0,
    0xF7, 0xFF, 0xFE, 0x1E, 0x03, 0xF0, 0x07, 0xC0, 0x7E, 0x01, 0xF8, 0x1F, 0xC0, 0x3F, 0x03, 0xFC,
    0x06, 0xE0, 0xFD, 0x80, 0xDC, 0x1B, 0xB8, 0x03, 0x87, 0x73, 0x00, 0x71, 0xCE, 0x70, 0x0E, 0x39,
    0xC7, 0x01, 0xCE, 0x38, 0xE0, 0x3B, 0xC7, 0x0E, 0x07, 0xFF, 0xFF, 0xE0, 0xFD, 0xFF, 0xDC, 0x1D,
    0x03, 0x81, 0x03, 0x80, 0x70, 0x00, 0x70, 0x0E, 0x00, 0x0E, 0x01, 0xC0, 0x01, 0xC0, 0x38, 0x00,
    0x30, 0x03, 0x00, 0x00, 0x02, 0x00, 0x00, 0x01, 0xC0, 0x00, 0x00, 0x70, 0x00, 0x00, 0x1B, 0xFF,
    0xFE, 0x0E, 0xFF, 0xFF, 0x83, 0x80, 0x01, 0x81, 0xC0, 0x00, 0x60, 0x70, 0x00, 0x18, 0x3C, 0x00,
    0x06, 0x1F, 0x1F, 0xF1, 0x8F, 0xC7, 0xFC, 0x63, 0xF1, 0x87, 0x18, 0xDC, 0x61, 0xC6, 0x17, 0x18,
    0x71, 0x81, 0xC6, 0x1C, 0x60, 0x71, 0x87, 0x18, 0x1C, 0x61, 0xC6, 0x07, 0x1F, 0xF1, 0x81, 0xC7,
    0xFC, 0x60, 0x71, 0x80, 0x18, 0x1C, 0x60, 0x06, 0x07, 0x00, 0x01, 0x81, 0xC0, 0x00, 0x60, 0x70,
    0x00, 0x18, 0x1C, 0x01, 0xFE, 0x07, 0x00, 0x3F, 0x80, 0x00, 0x00, 0x00, 0x00, 0x00, 0x00, 0x00,
    0x38, 0x60, 0x00, 0x07, 0x1C, 0x00, 0x01, 0xC3, 0x80, 0x00, 0x38, 0xE0, 0x00, 0x0E, 0x1F, 0xFF,
    0x83, 0xC7, 0xFF, 0xF0, 0x70, 0xEE, 0x00, 0x1E, 0x39, 0xC0, 0x07, 0xCF, 0x38, 0x01, 0xF9, 0xC7,
    0x00, 0x3F, 0x70, 0xFF, 0xE7, 0xE6, 0x1F, 0xFC, 0x5C, 0x03, 0x80, 0x03, 0x80, 0x70, 0x00, 0x70,
    0x0E, 0x00, 0x0E, 0x01, 0xC0, 0x01, 0xC0, 0x38, 0x00, 0x38, 0x07, 0xFF, 0x07, 0x00, 0xFF, 0xE0,
    0xE0, 0x1C, 0x00, 0x1C, 0x03, 0x80, 0x03, 0x80, 0x70, 0x00, 0x70, 0x0E, 0x00, 0x0E, 0x01, 0xC0,
    0x01, 0xC0, 0x38, 0x00, 0x18, 0x07, 0x00, 0x00, 0x00, 0x00, 0x00, 0x00, 0xE3, 0x80, 0x00, 0x38,
    0xE0, 0x00, 0x0E, 0x70, 0x00, 0x07, 0x1C, 0x00, 0x01, 0xC7, 0x00, 0x00, 0xE3, 0xFF, 0xFC, 0x78,
    0xFF, 0xFF, 0x1E, 0x38, 0xE1, 0xCF, 0x9C, 0x38, 0x77, 0xEF, 0x0E, 0x1F, 0xFB, 0x83, 0x86, 0xEE,
    0x4C, 0xE6, 0x13, 0x87, 0x3B, 0x80, 0xE1, 0xCE, 0x70, 0x38, 0x73, 0x9C, 0x0E, 0x18, 0xE3, 0x83,
    0x8E, 0x38, 0xE0, 0xE3, 0x8E, 0x38, 0x39, 0xC3, 0x87, 0x0E, 0xF0, 0xE1, 0xC3, 0xB8, 0x38, 0x70,
    0xE0, 0x0E, 0x00, 0x38, 0x03, 0x80, 0x0E, 0x07, 0xE0, 0x03, 0x81, 0xF0, 0x00, 0x00, 0x00, 0x00,
    0x00, 0x00, 0x00, 0x00, 0x38, 0x1C, 0x00, 0x0E, 0x03, 0x80, 0x01, 0xC0, 0x70, 0x00, 0x7F, 0xFF,
    0xFC, 0x0F, 0xFF, 0xFF, 0x83, 0x80, 0x38, 0x00, 0xF0, 0x07, 0x00, 0x1E, 0x7F, 0xFF, 0x87, 0xCF,
    0xFF, 0xF9, 0xF9, 0xC3, 0x87, 0x7F, 0x38, 0x70, 0xE6, 0xE7, 0x0E, 0x1C, 0x9C, 0xE1, 0xC3, 0x83,
    0x9F, 0xFF, 0xF0, 0x73, 0xFF, 0xFE, 0x0E, 0x30, 0xC0, 0x01, 0xCE, 0x38, 0x00, 0x38, 0xE7, 0x00,
    0x07, 0x0E, 0xE0, 0x00, 0xE0, 0xF8, 0x00, 0x1C, 0x0F, 0x00, 0x03, 0x83, 0xFC, 0x00, 0x71, 0xFF,
    0xF0, 0x0E, 0xFC, 0x7F, 0xC1, 0xDE, 0x01, 0xF8, 0x39, 0x00, 0x02, 0x00, 0x00, 0x00, 0x00, 0x00,
    0x63, 0x87, 0x00, 0x38, 0xE1, 0xC0, 0x0E, 0x38, 0x70, 0x07, 0x0E, 0x1C, 0x01, 0xC3, 0x87, 0x00,
    0xE0, 0xE1, 0xC0, 0x39, 0xFF, 0xFF, 0x1E, 0x7F, 0xFF, 0xCF, 0x83, 0x87, 0x03, 0xE0, 0xE1, 0xC1,
    0xF8, 0x38, 0x70, 0xFE, 0x0E, 0x1C, 0x1B, 0x83, 0x87, 0x00, 0xE0, 0xE1, 0xC0, 0x38, 0x38, 0x70,
    0x0E, 0xFF, 0xFF, 0xC3, 0xBF, 0xFF, 0xF0, 0xE0, 0x00, 0x00, 0x38, 0x10, 0x20, 0x0E, 0x0E, 0x1C,
    0x03, 0x87, 0x03, 0x80, 0xE3, 0xC0, 0x70, 0x39, 0xE0, 0x1E, 0x0E, 0xF0, 0x03, 0xC3, 0xB8, 0x00,
    0x70, 0xE0, 0x00, 0x08, 0x04, 0x00, 0x00, 0x03, 0x00, 0x00, 0xC3, 0xBF, 0xE0, 0x61, 0xDF, 0xFB,
    0x30, 0xEC, 0x1D, 0x98, 0x66, 0x4E, 0xCC, 0x73, 0x77, 0x66, 0x39, 0xBB, 0xB3, 0x3C, 0xDD, 0xD9,
    0x9E, 0x6E, 0xEC, 0xDF, 0x37, 0x76, 0x6F, 0x9B, 0xBB, 0x37, 0xCD, 0xDD, 0x9A, 0xE6, 0xEE, 0xCC,
    0x73, 0x77, 0x66, 0x39, 0xBB, 0xB3, 0x1C, 0xDD, 0xD9, 0x8E, 0x6E, 0xEC, 0xC7, 0x36, 0x76, 0x63,
    0x9B, 0x33, 0x31, 0xC3, 0xE0, 0x18, 0xE1, 0xF8, 0x0C, 0x71, 0xCE, 0x06, 0x39, 0xC7, 0x03, 0x1D,
    0xE1, 0xCF, 0x8E, 0xE0, 0x47, 0xC0, 0x00, 0x00, 0x00, 0x00, 0x00, 0x00, 0x00, 0x38, 0x00, 0x00,
    0x0E, 0xFF, 0xFE, 0x01, 0xDF, 0xFF, 0xC0, 0x73, 0x80, 0x38, 0x0E, 0x70, 0x07, 0x03, 0x8E, 0x00,
    0xE0, 0x71, 0xC0, 0x1C, 0x1E, 0x38, 0x03, 0x87, 0xC7, 0xFF, 0xF1, 0xF8, 0xFF, 0xFE, 0x7F, 0x00,
    0x70, 0x06, 0xE0, 0x0E, 0x00, 0x9C, 0x01, 0xC0, 0x03, 0xBF, 0xFF, 0xF0, 0x77, 0xFF, 0xFE, 0x0E,
    0x03, 0xF0, 0x01, 0xC0, 0x7F, 0x00, 0x38, 0x1F, 0xF0, 0x07, 0x07, 0x7E, 0x00, 0xE1, 0xCE, 0xE0,
    0x1C, 0x79, 0xCE, 0x03, 0xBE, 0x38, 0xF0, 0x7F, 0x87, 0x0F, 0x0E, 0xC0, 0xE0, 0xC1, 0xC0, 0x1C,
    0x00, 0x18, 0x03, 0x00, 0x00, 0x00, 0x00, 0x80, 0x00, 0xE0, 0xE0, 0x00, 0x38, 0x1C, 0x00, 0x0C,
    0x07, 0x00, 0x07, 0x00, 0xC0, 0x01, 0xBF, 0xFF, 0xF0, 0xEF, 0xFF, 0xFC, 0x38, 0x00, 0x00, 0x1E,
    0x00, 0x00, 0x0F, 0x8F, 0xFF, 0xC3, 0xE3, 0xFF, 0xF1, 0xF8, 0x00, 0x00, 0x7E, 0x00, 0x00, 0x1B,
    0x8F, 0xFF, 0xC0, 0xE3, 0xFF, 0xF0, 0x38, 0x00, 0x00, 0x0E, 0x00, 0x00, 0x03, 0x8F, 0xFF, 0xC0,
    0xE3, 0xFF, 0xF0, 0x38, 0xC0, 0x0C, 0x0E, 0x30, 0x03, 0x03, 0x8C, 0x00, 0xC0, 0xE3, 0x00, 0x30,
    0x38, 0xFF, 0xFC, 0x0E, 0x3F, 0xFF, 0x03, 0x8C, 0x00, 0xC0, 0xE3, 0x00, 0x20, 0x00, 0x01, 0x00,
    0x00, 0x60, 0x30, 0x00, 0x1C, 0x0E, 0x00, 0x03, 0x81, 0xC0, 0x00, 0x60, 0x7F, 0xF8, 0x1C, 0x1F,
    0xFF, 0x03, 0x83, 0xC1, 0xC0, 0xE0, 0xFC, 0x38, 0x1C, 0xF9, 0xDE, 0x07, 0x9A, 0x1F, 0x80, 0xF3,
    0x03, 0xE0, 0x3E, 0x61, 0xFF, 0x0E, 0xCF, 0xFC, 0xFC, 0xD9, 0xFE, 0x6F, 0x93, 0x34, 0x1C, 0x00,
    0x66, 0x0F, 0x00, 0x0C, 0xC7, 0xC6, 0x01, 0x99, 0xE3, 0xC0, 0x33, 0x00, 0xF0, 0x06, 0x60, 0xF8,
    0xC0, 0xCC, 0x7E, 0x3C, 0x19, 0x8E, 0x1F, 0x03, 0x00, 0x0F, 0xC0, 0x60, 0x0F, 0xE0, 0x0C, 0x1F,
    0xF0, 0x01, 0x83, 0xF0, 0x00, 0x30, 0x20, 0x00, 0x00, 0x02, 0x00, 0x00, 0x00, 0xE0, 0x00, 0x00,
    0x77, 0xFF, 0xF8, 0x1D, 0xFF, 0xFE, 0x06, 0x60, 0x01, 0x83, 0x98, 0x30, 0x60, 0xE6, 0x0C, 0x18,
    0x71, 0x83, 0x06, 0x1C, 0x6F, 0xFF, 0x8F, 0x1B, 0xFF, 0xE7, 0xC6, 0x0C, 0x1B, 0xF1, 0x83, 0x06,
    0xEC, 0x60, 0xC1, 0x93, 0x19, 0xFF, 0x60, 0xC6, 0x7F, 0xD8, 0x31, 0x98, 0x76, 0x0C, 0x66, 0x1D,
    0x83, 0x19, 0x87, 0x60, 0xC6, 0x61, 0xD8, 0x31, 0x9F, 0xF6, 0x0C, 0x67, 0xF9, 0x83, 0x18, 0x00,
    0x60, 0xC6, 0x00, 0x18, 0x31, 0xFF, 0xFE, 0x0C, 0x7F, 0xFF, 0x83, 0x18, 0x00, 0x60, 0xC6, 0x00,
    0x18, 0x00, 0x00, 0xC0, 0x00, 0x60, 0x70, 0x00, 0x38, 0x0C, 0x00, 0x0E, 0x03, 0x80, 0x07, 0x7F,
    0xFF, 0x81, 0xDF, 0xFF, 0xE0, 0xE1, 0xC0, 0xE0, 0x38, 0x70, 0x38, 0x1E, 0x0C, 0x0E, 0x0F, 0x83,
    0x87, 0x03, 0xE0, 0xE1, 0xC1, 0xF8, 0x18, 0x60, 0x7E, 0xFF, 0xFF, 0xDB, 0xBF, 0xFF, 0xF0, 0xE0,
    0x00, 0x00, 0x38, 0x00, 0x00, 0x0E, 0x3F, 0xFF, 0x03, 0x8F, 0xFF, 0xC0, 0xE3, 0x80, 0x70, 0x38,
    0xE0, 0x1C, 0x0E, 0x38, 0x07, 0x03, 0x8E, 0x01, 0xC0, 0xE3, 0x80, 0x70, 0x38, 0xFF, 0xFC, 0x0E,
    0x3F, 0xFF, 0x03, 0x8E, 0x01, 0xC0, 0xC1, 0x80, 0x20, 0x00, 0x00, 0x00, 0x00, 0x60, 0x00, 0x00,
    0x1C, 0x3F, 0xFC, 0x03, 0x87, 0xFF, 0x80, 0x60, 0x00, 0x60, 0x1C, 0x00, 0x0C, 0x03, 0xB0, 0x03,
    0x80, 0xE6, 0xFF, 0xFE, 0x1C, 0xDF, 0xFF, 0xC7, 0x98, 0x60, 0x00, 0xF3, 0x1C, 0x00, 0x3E, 0x63,
    0x80, 0x07, 0xCC, 0xFF, 0xF8, 0xD9, 0x9F, 0xFF, 0x03, 0x37, 0x1C, 0x00, 0x66, 0xE3, 0x80, 0x0C,
    0xD8, 0x70, 0x01, 0x9B, 0xFF, 0xF8, 0x33, 0x7F, 0xFF, 0x06, 0x60, 0x78, 0x00, 0xCC, 0x0F, 0x80,
    0x18, 0x03, 0xF8, 0x03, 0x00, 0xF7, 0x80, 0x60, 0x7C, 0x7C, 0x0C, 0x3F, 0x07, 0xC1, 0x87, 0x80,
    0x78, 0x30, 0x40, 0x00, 0x00, 0x00, 0x00, 0xC0, 0x00, 0xEC, 0x71, 0x80, 0x3B, 0x9C, 0xE0, 0x0C,
    0x77, 0x38, 0x07, 0x1D, 0xDC, 0x01, 0xC3, 0x66, 0x00, 0xE7, 0xFF, 0xF0, 0x39, 0xFF, 0xFC, 0x1E,
    0x03, 0x80, 0x0F, 0x81, 0xC0, 0x03, 0xE0, 0x70, 0x01, 0xFB, 0xFF, 0xFF, 0x7E, 0xFF, 0xFF, 0xDB,
    0x87, 0x07, 0x00, 0xE3, 0xC0, 0xE0, 0x39, 0xFF, 0xFE, 0x0E, 0xFF, 0xFF, 0xC3, 0xFF, 0x07, 0x70,
    0xED, 0xC1, 0xC8, 0x38, 0x70, 0x70, 0x0E, 0x1C, 0x7C, 0x03, 0x87, 0x1E, 0xC0, 0xE1, 0xC0, 0x30,
    0x38, 0x70, 0x1C, 0x0E, 0x1F, 0xFF, 0x03, 0x83, 0xFF, 0x80, 0x40, 0x00, 0x00, 0x01, 0x00, 0xC0,
    0x00, 0xE0, 0x38, 0x00, 0x38, 0x0C, 0x00, 0x0F, 0xFF, 0xFE, 0x07, 0x7F, 0xFF, 0x81, 0xC0, 0x70,
    0x00, 0xE0, 0x1C, 0x00, 0x78, 0x06, 0x00, 0x1E, 0x3F, 0xFF, 0x0F, 0x8F, 0xFF, 0xC7, 0xE3, 0x80,
    0x71, 0xF8, 0xE0, 0x1C, 0x7E, 0x3F, 0xFF, 0x1B, 0x8F, 0xFF, 0xC0, 0xE3, 0x80, 0x70, 0x38, 0xE0,
    0x1C, 0x0E, 0x3F, 0xFF, 0x03, 0x8F, 0xFF, 0xC0, 0xE3, 0x80, 0x70, 0x38, 0xE0, 0x1C, 0x0E, 0x3F,
    0xFF, 0x03, 0x8F, 0xFF, 0xC0, 0xE3, 0x80, 0x70, 0x38, 0xE0, 0x1C, 0x0F, 0xFF, 0xFF, 0xC3, 0xFF,
    0xFF, 0xF0, 0xC0, 0x00, 0x00, 0x02, 0x00, 0x00, 0x01, 0xC0, 0x00, 0x00, 0x70, 0x7F, 0xFC, 0x1B,
    0x1F, 0xFF, 0x0E, 0xE0, 0x38, 0x03, 0xB8, 0x0E, 0x01, 0xCE, 0x03, 0x80, 0x73, 0x8F, 0xFE, 0x3C,
    0xE3, 0xFF, 0x8F, 0x3F, 0xE0, 0xE7, 0xCF, 0xFB, 0xBB, 0xF3, 0x8E, 0xEE, 0xEC, 0xE3, 0xBB, 0x93,
    0x38, 0xEE, 0xE0, 0xCE, 0x3B, 0xB8, 0x33, 0x8E, 0xEE, 0x0C, 0xE3, 0xBB, 0x83, 0x3F, 0xEE, 0xE0,
    0xCF, 0xFB, 0xB8, 0x33, 0xEE, 0xCE, 0x0D, 0xE1, 0x70, 0x03, 0x20, 0x1F, 0x00, 0xC0, 0x0E, 0xF0,
    0x30, 0x07, 0x9E, 0x0C, 0x07, 0xC3, 0xC3, 0x03, 0xC0, 0x70, 0xC0, 0x40, 0x00, 0x00, 0x00, 0x80,
    0x00, 0x70, 0x70, 0x00, 0x18, 0x0C, 0x00, 0x0E, 0x03, 0x80, 0x03, 0xFF, 0xFF, 0x81, 0xDF, 0xFF,
    0xE0, 0x77, 0x00, 0x38, 0x39, 0xC0, 0x0E, 0x1E, 0x70, 0x03, 0x87, 0x9F, 0xFF, 0xE3, 0xE7, 0xFF,
    0xF9, 0xF9, 0xC0, 0x00, 0x7E, 0x7F, 0xFF, 0x9B, 0x9F, 0xFF, 0xF0, 0xE7, 0xDD, 0x9C, 0x39, 0xF7,
    0x67, 0x0E, 0x7D, 0xD9, 0xC3, 0x9F, 0x76, 0x70, 0xE7, 0xFF, 0xFC, 0x39, 0xBF, 0xFF, 0x0E, 0xED,
    0xD9, 0xC3, 0xBB, 0x76, 0x70, 0xEE, 0xDD, 0x9C, 0x3B, 0x37, 0x67, 0x0F, 0xCD, 0xDF, 0x83, 0xB3,
    0x01, 0xE0, 0x60, 0x00, 0x00, 0x00, 0x00, 0x00, 0x00, 0xC0, 0x00, 0x70, 0x77, 0xF8, 0x1C, 0x1F,
    0xFE, 0x67, 0x06, 0xE3, 0xB9, 0xC3, 0xB8, 0xEE, 0x70, 0xEE, 0x3B, 0x9C, 0x73, 0xFE, 0xE7, 0x3C,
    0xFF, 0xB9, 0xCF, 0x38, 0xEE, 0x77, 0xCE, 0x3B, 0x9F, 0xF3, 0x8E, 0xE7, 0xEC, 0xFF, 0xB9, 0xD3,
    0x3F, 0xEE, 0x70, 0xCE, 0x3B, 0x9C, 0x33, 0x8E, 0xE7, 0x0C, 0xE3, 0xB9, 0xC3, 0x38, 0xEE, 0x70,
    0xCF, 0xFB, 0x9C, 0x31, 0xFE, 0xE7, 0x0C, 0x33, 0x01, 0xC3, 0x1C, 0xC0, 0x70, 0xC7, 0x38, 0x1C,
    0x33, 0x86, 0x07, 0x0D, 0xC1, 0xCF, 0x83, 0x20, 0x03, 0xE0, 0x03, 0x06, 0x18, 0x00, 0xC3, 0x87,
    0x00, 0x70, 0xE1, 0xC0, 0x1F, 0xFF, 0xFE, 0x0E, 0xFF, 0xFF, 0x83, 0x83, 0x87, 0x00, 0xE0, 0xE1,
    0xC0, 0x70, 0x38, 0x70, 0x1C, 0xFF, 0xFF, 0xCF, 0x3F, 0xFF, 0xF7, 0xC1, 0xC0, 0x01, 0xF0, 0xE0,
    0x00, 0x7C, 0x7F, 0xFF, 0x9B, 0x7F, 0xFF, 0xE0, 0xFF, 0x0E, 0x38, 0x3F, 0xC3, 0x8E, 0x0D, 0x3F,
    0xFF, 0x83, 0x0F, 0xFF, 0xE0, 0xC3, 0x0E, 0x38, 0x30, 0xC3, 0x8E, 0x0C, 0x3F, 0xFF, 0x83, 0x0F,
    0xFF, 0xE0, 0xC3, 0x0E, 0x38, 0x30, 0xC3, 0x8E, 0x0C, 0x30, 0xEF, 0x83, 0x0C, 0x3B, 0xC0, 0x03,
    0x00, 0x00, 0x01, 0x00, 0x00, 0x00, 0x70, 0x18, 0x00, 0x0E, 0x03, 0x00, 0x01, 0xFF, 0xFF, 0xE0,
    0x7F, 0xFF, 0xFC, 0x0E, 0x01, 0x80, 0x03, 0x9F, 0xFF, 0xE0, 0xF3, 0xFF, 0xFC, 0x1E, 0x70, 0xC3,
    0x87, 0xCF, 0xFF, 0xF1, 0xF9, 0xFF, 0xFE, 0x7F, 0x38, 0x61, 0xCE, 0xE7, 0xFF, 0xF8, 0x9C, 0x7F,
    0xFF, 0x03, 0x80, 0x31, 0xE0, 0x77, 0xFF, 0xFE, 0x0E, 0xFF, 0xFF, 0xC1, 0xC0, 0x01, 0xD8, 0x3B,
    0xFF, 0xFF, 0x07, 0x7F, 0xFF, 0xE0, 0xE1, 0x80, 0xE0, 0x1C, 0x38, 0x1C, 0x03, 0x83, 0x83, 0x80,
    0x70, 0x38, 0x70, 0x0E, 0x06, 0xFC, 0x01, 0xC0, 0x1F, 0x80, 0x30, 0x00, 0x00, 0x00, 0x01, 0x08,
    0x00, 0x00, 0x73, 0x80, 0x00, 0x0E, 0x70, 0x00, 0x01, 0xDF, 0xFF, 0xE0, 0x73, 0xFF, 0xFC, 0x0E,
    0xE0, 0x00, 0x03, 0xBF, 0xFF, 0xC0, 0xF7, 0xFF, 0xF8, 0x1E, 0xDC, 0x07, 0x07, 0xC3, 0xFF, 0xE1,
    0xF8, 0x7F, 0xFC, 0x7F, 0x0E, 0x03, 0x8E, 0xE1, 0xFF, 0xF0, 0x9C, 0x3F, 0xFE, 0x03, 0x80, 0x00,
    0x00, 0x77, 0xFF, 0xFF, 0x0E, 0xFF, 0xFF, 0xC1, 0xC3, 0x80, 0x00, 0x38, 0xFF, 0xFF, 0x07, 0x3F,
    0xFF, 0xE0, 0xFE, 0x73, 0x98, 0x1F, 0x8C, 0x63, 0x03, 0x83, 0x9C, 0x60, 0x70, 0xE7, 0x1C, 0x0E,
    0x79, 0xE3, 0x81, 0xCE, 0x7B, 0xE0, 0x38, 0x06, 0x78, 0x00, 0x00, 0x0C, 0x0C, 0x00, 0x71, 0xC1,
    0xC0, 0x0E, 0x38, 0x38, 0x01, 0xFF, 0xFF, 0xE0, 0x7F, 0xFF, 0xFC, 0x0E, 0x1C, 0x1C, 0x03, 0x83,
    0x83, 0x80, 0xF0, 0x7F, 0xF0, 0x1E, 0x0F, 0xFC, 0x07, 0xC7, 0xFF, 0xF1, 0xF8, 0xFF, 0xFE, 0x7F,
    0x18, 0x71, 0xCE, 0xE3, 0x0E, 0x38, 0xDC, 0x61, 0xC7, 0x03, 0x8F, 0xFF, 0xE0, 0x71, 0xFF, 0xFC,
    0x0E, 0x00, 0xE0, 0x01, 0xCF, 0xFF, 0xF0, 0x39, 0xFF, 0xFE, 0x07, 0x00, 0x70, 0x00, 0xE3, 0xFF,
    0xF8, 0x1C, 0x7F, 0xFF, 0x03, 0x80, 0x38, 0x00, 0x70, 0x07, 0x00, 0x0E, 0xFF, 0xFF, 0xC1, 0xDF,
    0xFF, 0xF8, 0x00, 0x00, 0x00, 0x00, 0x00, 0x18, 0x00, 0x00, 0x07, 0x80, 0x00, 0x00, 0xE0, 0x00,
    0x00, 0x3C, 0x00, 0x00, 0x07, 0x0C, 0x00, 0x01, 0xC1, 0xC0, 0x00, 0x78, 0x1C, 0x00, 0x0E, 0x03,
    0xC0, 0x03, 0x80, 0x3C, 0x00, 0xE0, 0x03, 0x80, 0x3F, 0xFF, 0xF8, 0x0F, 0xFF, 0xFF, 0x81, 0xFF,
    0xFC, 0x70, 0x18, 0xE3, 0x86, 0x00, 0x1C, 0x70, 0x00, 0x03, 0x0E, 0x00, 0x00, 0xE1, 0xC0, 0x00,
    0x1C, 0x38, 0x00, 0x03, 0x87, 0x00, 0x00, 0x70, 0xE0, 0x60, 0x1C, 0x1C, 0x0C, 0x07, 0x83, 0x81,
    0x81, 0xE0, 0x70, 0x30, 0xF8, 0x0E, 0x0E, 0x7E, 0x01, 0xFF, 0xCF, 0x80, 0x1F, 0xF0, 0x80, 0x00,
    0x00, 0x00, 0x00, 0x1C, 0x00, 0x03, 0x8E, 0x00, 0x01, 0xC7, 0x00, 0x00, 0xE3, 0x80, 0x00, 0xE1,
    0xC0, 0x00, 0x7F, 0xFF, 0xF0, 0x3F, 0xFF, 0xF8, 0x38, 0x38, 0x00, 0x1C, 0x1C, 0x00, 0x1C, 0x0E,
    0x00, 0x0E, 0x07, 0x00, 0x02, 0x03, 0x80, 0x00, 0x01, 0xC0, 0x07, 0xFF, 0xFF, 0xFF, 0xFF, 0xFF,
    0xFE, 0x03, 0x83, 0x00, 0x01, 0xC1, 0x80, 0x00, 0xE0, 0xC0, 0x00, 0x70, 0x60, 0x00, 0x70, 0x30,
    0x00, 0x38, 0x18, 0x18, 0x38, 0x0C, 0x0C, 0x3C, 0x06, 0x0E, 0x3C, 0x03, 0x87, 0xFC, 0x01, 0xFF,
    0xFC, 0x00, 0xFF, 0x98, 0x00, 0x00, 0x00, 0x00, 0x0E, 0x00, 0x00, 0x03, 0x81, 0x00, 0xC0, 0xE0,
    0x70, 0x38, 0x38, 0x38, 0x0E, 0x0E, 0x0E, 0x01, 0xC3, 0x87, 0x00, 0x70, 0xE1, 0xC0, 0x0E, 0x38,
    0xE0, 0x03, 0x8E, 0x38, 0x00, 0x43, 0x84, 0x00, 0x00, 0xE0, 0x01, 0xFF, 0xFF, 0xFF, 0x7F, 0xFF,
    0xFF, 0xC0, 0x38, 0x30, 0x00, 0x0E, 0x0C, 0x00, 0x03, 0x83, 0x00, 0x00, 0xE0, 0xC0, 0x00, 0x38,
    0x30, 0x00, 0x1C, 0x0C, 0x00, 0x07, 0x03, 0x02, 0x03, 0xC0, 0xC0, 0xC1, 0xE0, 0x30, 0x30, 0xF0,
    0x0C, 0x0C, 0xF8, 0x03, 0x07, 0x7C, 0x00, 0xFF, 0xDC, 0x00, 0x3F, 0xE0, 0x00, 0x00, 0x00, 0x00,
    0x00, 0x00, 0x00, 0x70, 0x00, 0x00, 0x1E, 0x00, 0x00, 0x03, 0xC0, 0x00, 0x00, 0x70, 0x00, 0x00,
    0x0E, 0x00, 0x00, 0x03, 0xC0, 0x00, 0x00, 0x70, 0x00, 0x00, 0x1E, 0x00, 0x00, 0x0F, 0xC0, 0x00,
    0x03, 0xF0, 0x00, 0x00, 0xFE, 0x00, 0x00, 0x73, 0x80, 0x00, 0x1C, 0xF0, 0x00, 0x0F, 0x1C, 0x00,
    0x03, 0x83, 0x80, 0x01, 0xE0, 0xE0, 0x00, 0xF0, 0x1C, 0x00, 0x38, 0x07, 0x80, 0x1E, 0x00, 0xF0,
    0x0F, 0x00, 0x1E, 0x0F, 0x80, 0x07, 0xC7, 0xC0, 0x00, 0xFB, 0xE0, 0x00, 0x1E, 0x60, 0x00, 0x01,
    0x80, 0x01, 0x80, 0x00, 0x07, 0x80, 0x00, 0x07, 0x80, 0x00, 0x07, 0x00, 0x00, 0x07, 0x00, 0x00,
    0x0E, 0x00, 0x1F, 0xFF, 0xFF, 0xBF, 0xFF, 0xFF, 0x60, 0x3C, 0x0E, 0xC0, 0xF8, 0x1D, 0x81, 0xF0,
    0x3B, 0x07, 0x70, 0x76, 0x0E, 0xF0, 0xEC, 0x38, 0xE1, 0xD8, 0xF1, 0xE3, 0xB3, 0xC1, 0xE7, 0x6F,
    0x01, 0xFE, 0xFC, 0x01, 0xFD, 0xB0, 0x01, 0xBB, 0x00, 0x00, 0x76, 0x00, 0x00, 0xEC, 0x00, 0x01,
    0xD8, 0x00, 0x03, 0xB0, 0x00, 0xFE, 0x60, 0x00, 0xFC, 0x00, 0x00, 0x00, 0x00, 0x06, 0x00, 0x00,
    0x01, 0xC0, 0x00, 0x00, 0x7C, 0x00, 0x00, 0x1F, 0xC0, 0x00, 0x07, 0xBC, 0x00, 0x01, 0xE3, 0xC0,
    0x00, 0x78, 0x3C, 0x00, 0x1E, 0x03, 0xC0, 0x07, 0x80, 0x3E, 0x03, 0xE0, 0x03, 0xE1, 0xF8, 0x00,
    0x1F, 0x3F, 0xFF, 0xFF, 0xF7, 0x7F, 0xFF, 0xCC, 0x00, 0x1C, 0x00, 0x00, 0x03, 0x80, 0x00, 0x00,
    0x70, 0x00, 0x00, 0x0E, 0x00, 0x00, 0xFF, 0xFF, 0x80, 0x1F, 0xFF, 0xF0, 0x00, 0x07, 0x00, 0x00,
    0x00, 0xE0, 0x00, 0x00, 0x1C, 0x00, 0x00, 0x03, 0x80, 0x00, 0x00, 0x70, 0x00, 0x3F, 0xFF, 0xFF,
    0xC7, 0xFF, 0xFF, 0xF8, 0xFF, 0xFF, 0xFF, 0xFF, 0xFF, 0xFF, 0xC0, 0x07, 0x00, 0x00, 0x03, 0x80,
    0x00, 0x01, 0xC0, 0x00, 0x00, 0xE0, 0x00, 0xFF, 0xFF, 0xF8, 0x7F, 0xFF, 0xFC, 0x30, 0x1C, 0x06,
    0x18, 0x0E, 0x43, 0x0C, 0xC7, 0x71, 0x86, 0x73, 0x98, 0xC3, 0x39, 0xCE, 0x61, 0x9E, 0xE7, 0x30,
    0xCF, 0x77, 0xD8, 0x67, 0xBB, 0xEC, 0x37, 0xFD, 0xB6, 0x1B, 0x3F, 0xDF, 0x0F, 0x9F, 0xCF, 0x87,
    0x8F, 0xE3, 0xC3, 0x01, 0xC0, 0x61, 0x80, 0xE0, 0x30, 0xC0, 0x71, 0xF8, 0x60, 0x38, 0xF8, 0x30,
    0x00, 0x00, 0x00, 0x00, 0x00, 0x00, 0x01, 0xC0, 0x70, 0x00, 0xE0, 0x38, 0x00, 0x70, 0x1C, 0x00,
    0x38, 0x0E, 0x00, 0x1C, 0x07, 0x00, 0x0E, 0x03, 0x80, 0xFF, 0xFF, 0xFE, 0x7F, 0xFF, 0xFF, 0x01,
    0xC0, 0x70, 0x00, 0xE0, 0x38, 0x00, 0x70, 0x1C, 0x00, 0x38, 0x0E, 0x00, 0x1C, 0x07, 0x00, 0x0E,
    0x03, 0x81, 0xFF, 0xFF, 0xFF, 0xFF, 0xFF, 0xFF, 0x80, 0x00, 0x00, 0x00, 0x00, 0x20, 0x00, 0x38,
    0x38, 0x00, 0x3C, 0x1F, 0x00, 0x3C, 0x07, 0xC0, 0x3C, 0x00, 0xF0, 0x7C, 0x00, 0x3C, 0x78, 0x00,
    0x0F, 0x38, 0x00, 0x03, 0x88, 0x00, 0x00, 0x80, 0x00, 0x00, 0x00, 0x03, 0x80, 0x1C, 0x01, 0xC0,
    0x1C, 0x00, 0x70, 0x0E, 0x00, 0x38, 0x0E, 0x00, 0x0E, 0x07, 0x00, 0x06, 0x07, 0x00, 0x7F, 0xFF,
    0xFC, 0x3F, 0xFF, 0xFE, 0x00, 0x0E, 0x00, 0x00, 0x07, 0x00, 0x00, 0x03, 0x80, 0x00, 0x01, 0xC0,
    0x00, 0x00, 0xE0, 0x03, 0xFF, 0xFF, 0xFF, 0xFF, 0xFF, 0xFF, 0x00, 0x3E, 0x00, 0x00, 0x1F, 0x80,
    0x00, 0x1F, 0xC0, 0x00, 0x0E, 0x70, 0x00, 0x1F, 0x3C, 0x00, 0x1F, 0x0F, 0x80, 0x3F, 0x03, 0xE0,
    0x7E, 0x00, 0xFE, 0xFE, 0x00, 0x1F, 0xBC, 0x00, 0x03, 0x90, 0x00, 0x00, 0x00, 0x00, 0x00, 0x00,
    0x03, 0x80, 0x38, 0x01, 0xC0, 0x1C, 0x00, 0xE0, 0x0E, 0x07, 0xFF, 0xFF, 0xF3, 0xFF, 0xFF, 0xF8,
    0x1C, 0x01, 0xC0, 0x0E, 0x00, 0xE0, 0x07, 0x00, 0x70, 0x03, 0xFF, 0xF8, 0x01, 0xFF, 0xFC, 0x00,
    0xE0, 0x0E, 0x00, 0x70, 0x07, 0x00, 0x3F, 0xFF, 0x80, 0x1F, 0xFF, 0xC0, 0x0E, 0x00, 0xE0, 0x07,
    0x00, 0x70, 0x03, 0x80, 0x38, 0x3F, 0xFF, 0xFF, 0xFF, 0xFF, 0xFF, 0xF0, 0x08, 0x00, 0x00, 0x0F,
    0x0F, 0x00, 0x1F, 0x07, 0xE0, 0x7F, 0x00, 0xFC, 0xFE, 0x00, 0x1F, 0xF8, 0x00, 0x03, 0x80, 0x00,
    0x00, 0x00, 0x00, 0xE3, 0x80, 0x00, 0x71, 0xC0, 0x00, 0x38, 0xE0, 0x00, 0x1C, 0x70, 0x03, 0xFF,
    0xFF, 0xE1, 0xFF, 0xFF, 0xF0, 0xE3, 0x8E, 0x38, 0x71, 0xC7, 0x1C, 0x38, 0xE3, 0x8E, 0x1C, 0x71,
    0xC7, 0x0E, 0x38, 0xE3, 0x87, 0xFF, 0xFF, 0xC3, 0xFF, 0xFF, 0xE1, 0xC7, 0x1C, 0x70, 0xE3, 0x8E,
    0x38, 0x71, 0xC7, 0x1C, 0x38, 0xE3, 0x8E, 0x1C, 0x71, 0xC7, 0x3F, 0xFF, 0xFF, 0xFF, 0xFF, 0xFF,
    0xF0, 0x18, 0x08, 0x00, 0x1E, 0x0F, 0x00, 0x1F, 0x03, 0xE0, 0x7E, 0x00, 0x7C, 0xFE, 0x00, 0x1F,
    0x7C, 0x00, 0x03, 0x98, 0x00, 0x00, 0x00, 0x00, 0x38, 0x00, 0x00, 0x70, 0x00, 0x00, 0xE0, 0x00,
    0x01, 0xC0, 0x00, 0x03, 0x80, 0x1F, 0xFF, 0xFF, 0xFF, 0xFF, 0xFF, 0xF0, 0x1C, 0x07, 0xE0, 0x38,
    0x0F, 0xC0, 0x70, 0x1F, 0x80, 0xE0, 0x3F, 0x03, 0xC0, 0x7E, 0x07, 0xC0, 0xFC, 0x1F, 0xC1, 0xF8,
    0x39, 0xC3, 0xF0, 0xE1, 0xC7, 0xE3, 0xC1, 0xCF, 0xCF, 0x01, 0xDF, 0xFC, 0x03, 0xFF, 0x70, 0x03,
    0x7E, 0x00, 0x00, 0xFC, 0x00, 0x01, 0xF8, 0x00, 0x03, 0xF0, 0x00, 0x07, 0xE0, 0x01, 0xFF, 0xC0,
    0x01, 0xF8, 0x00, 0x00, 0x00, 0x1F, 0xE7, 0xFC, 0x0F, 0xF3, 0xFE, 0x06, 0x19, 0xC3, 0x03, 0x0C,
    0xE1, 0x81, 0x86, 0x70, 0xC0, 0xC3, 0x38, 0x60, 0x61, 0x9C, 0x30, 0x30, 0xCE, 0x18, 0x18, 0x67,
    0x0C, 0x0C, 0x33, 0x86, 0x3F, 0xFF, 0xFF, 0xFF, 0xFF, 0xFF, 0xF1, 0x86, 0x70, 0xC0, 0xC3, 0x38,
    0x60, 0x61, 0x9C, 0x30, 0x70, 0xCE, 0x18, 0x38, 0x67, 0x0C, 0x1C, 0x33, 0x06, 0x0E, 0x1B, 0x83,
    0x0E, 0x0D, 0xC1, 0x87, 0x06, 0xE0, 0xC7, 0x83, 0xE0, 0x63, 0x9F, 0xF3, 0xF1, 0x87, 0xF1, 0xF8,
    0x40, 0x00, 0x00, 0x00, 0x7F, 0xFF, 0xFF, 0x1F, 0xFF, 0xFF, 0xC0, 0x01, 0xC0, 0x00, 0x00, 0x70,
    0x00, 0x00, 0x1C, 0x00, 0x07, 0xFF, 0xFF, 0x01, 0xFF, 0xFF, 0xC0, 0x70, 0x70, 0x70, 0x1C, 0x1C,
    0x1C, 0x07, 0x07, 0x07, 0x01, 0xFF, 0xFF, 0xC0, 0x7F, 0xFF, 0xF0, 0x1C, 0x1C, 0x1C, 0x07, 0x07,
    0x07, 0x01, 0xC1, 0xC1, 0xC0, 0x70, 0x70, 0x70, 0xFF, 0xFF, 0xFF, 0xBF, 0xFF, 0xFF, 0xE1, 0xC0,
    0x01, 0xC0, 0x70, 0x00, 0x70, 0x1C, 0x00, 0x1C, 0x07, 0x00, 0x07, 0x01, 0xC0, 0x1F, 0xC0, 0x70,
    0x07, 0xE0, 0x00, 0x00, 0x00, 0x00, 0xFF, 0xFF, 0xFF, 0xFF, 0xFF, 0xFF, 0x8C, 0x00, 0x1F, 0x18,
    0x00, 0x3E, 0x70, 0x00, 0x78, 0xE0, 0x00, 0xC1, 0xFF, 0xFC, 0x03, 0xFF, 0xF8, 0x06, 0x00, 0x00,
    0x1C, 0x00, 0x00, 0x38, 0x00, 0x00, 0x7F, 0xFF, 0xC0, 0xFF, 0xFF, 0x80, 0x00, 0x07, 0x00, 0x00,
    0x0C, 0x00, 0x00, 0x18, 0xFF, 0xFF, 0x71, 0xFF, 0xFE, 0xE0, 0x00, 0x01, 0xC0, 0x00, 0x03, 0x80,
    0x00, 0x07, 0x00, 0x00, 0x1C, 0x00, 0x0F, 0xF8, 0x00, 0x0F, 0xE0, 0x00, 0x00, 0x00, 0x00, 0x01,
    0x80, 0x00, 0x00, 0xC0, 0x18, 0x00, 0x60, 0x1E, 0x00, 0x30, 0x07, 0x80, 0x18, 0x01, 0xE0, 0x0C,
    0x00, 0x7B, 0xFF, 0xFE, 0x19, 0xFF, 0xFF, 0x00, 0xC1, 0x83, 0x80, 0x60, 0xC1, 0xC0, 0x30, 0x60,
    0xE0, 0x18, 0x30, 0x70, 0x0C, 0x18, 0x38, 0x26, 0x0C, 0x1C, 0x3B, 0x86, 0x0E, 0x1D, 0xFF, 0xFF,
    0x1C, 0xFF, 0xFF, 0x8E, 0x60, 0xC1, 0xCE, 0x30, 0x60, 0xEF, 0x00, 0x30, 0x07, 0x00, 0x18, 0x07,
    0x80, 0x0C, 0x03, 0x80, 0x06, 0x00, 0x80, 0x03, 0x00, 0x00, 0x01, 0x80, 0x00, 0x00, 0xC0, 0x00,
    0x00, 0x60, 0x00, 0x00, 0x01, 0x00, 0x00, 0x01, 0xC0, 0x38, 0x00, 0xE0, 0x1E, 0x00, 0xF8, 0x07,
    0x00, 0xFC, 0x01, 0xC0, 0xF7, 0x00, 0xE0, 0x71, 0xC0, 0x38, 0x70, 0x70, 0x1C, 0x78, 0x3C, 0x00,
    0xFB, 0x8F, 0x80, 0xF8, 0xE3, 0xE0, 0x70, 0x78, 0xF0, 0x10, 0x1C, 0x10, 0x00, 0x00, 0x00, 0x03,
    0xFF, 0xF8, 0x39, 0xFF, 0xFC, 0x1C, 0x00, 0x1C, 0x0E, 0x00, 0x1C, 0x0E, 0x00, 0x1E, 0x07, 0x03,
    0x1E, 0x07, 0x03, 0xDE, 0x03, 0x80, 0xFE, 0x03, 0xC0, 0x3E, 0x01, 0xC0, 0x07, 0x80, 0xE0, 0x01,
    0xE0, 0x00, 0x00, 0x70, 0x00, 0x00, 0x10, 0x00, 0x00, 0x00, 0x00, 0x00, 0x1C, 0xE0, 0x38, 0x0E,
    0x70, 0x1C, 0x07, 0x1C, 0x07, 0x07, 0x0E, 0x03, 0xC3, 0x83, 0x00, 0xE3, 0xFF, 0xFE, 0x39, 0xFF,
    0xFF, 0x1D, 0xE0, 0xE0, 0x01, 0xF0, 0x70, 0x00, 0xF8, 0x38, 0x00, 0xFF, 0xFF, 0xE0, 0x67, 0xFF,
    0xF0, 0x13, 0x07, 0x00, 0x01, 0x83, 0x80, 0x18, 0xC1, 0xC0, 0x1C, 0x60, 0xE0, 0x0E, 0x3F, 0xFF,
    0x8F, 0x1F, 0xFF, 0xC7, 0x0C, 0x1C, 0x03, 0x86, 0x0E, 0x03, 0x83, 0x07, 0x01, 0xC1, 0xFF, 0xFF,
    0xC0, 0xFF, 0xFF, 0x60, 0x60, 0x00, 0x00, 0x30, 0x00, 0x00, 0x18, 0x00, 0x00, 0x00, 0x03, 0x80,
    0x00, 0x00, 0xE0, 0x0E, 0x00, 0x38, 0x03, 0xC3, 0xFF, 0xF8, 0x70, 0xFF, 0xFE, 0x0E, 0x00, 0xE0,
    0x03, 0xC0, 0x38, 0x00, 0x77, 0xFF, 0xFE, 0x1F, 0xFF, 0xFF, 0x80, 0x00, 0x00, 0x00, 0x01, 0xC7,
    0x00, 0x01, 0xE1, 0xF0, 0x00, 0xF6, 0x1F, 0x00, 0x79, 0xC1, 0xE0, 0x98, 0xE0, 0x30, 0x70, 0x7F,
    0xF0, 0x1C, 0x3F, 0xFC, 0x0E, 0x1E, 0x07, 0x03, 0x9F, 0xC3, 0x80, 0xEF, 0xF9, 0xE0, 0x71, 0x8F,
    0xF0, 0x1C, 0x01, 0xF8, 0x0E, 0x00, 0xFE, 0x03, 0x81, 0xFF, 0xF0, 0xC3, 0xFC, 0x3F, 0x80, 0xF8,
    0x03, 0xE0, 0x30, 0x00, 0x10, 0x00, 0x03, 0x00, 0x00, 0x00, 0xE0, 0x0E, 0x00, 0x30, 0x03, 0x87,
    0xFF, 0xFC, 0x71, 0xFF, 0xFF, 0x0E, 0x01, 0xC0, 0x03, 0x80, 0x70, 0x00, 0x73, 0xFF, 0xF8, 0x1C,
    0xFF, 0xFE, 0x00, 0x03, 0x80, 0x00, 0x01, 0xC0, 0x00, 0x0F, 0xFF, 0xFE, 0x03, 0xFF, 0xFF, 0x80,
    0x1C, 0x0E, 0x00, 0x8F, 0xFF, 0xC0, 0x77, 0xFF, 0xFC, 0x1F, 0xC3, 0x87, 0x87, 0xE0, 0xC0, 0xE3,
    0x80, 0x70, 0x00, 0xE3, 0xFF, 0xF8, 0x78, 0xFF, 0xFE, 0x1C, 0x03, 0xB0, 0x07, 0x01, 0xDF, 0x83,
    0x81, 0xE1, 0xF8, 0xE3, 0xF0, 0x1F, 0x00, 0x78, 0x01, 0xC0, 0x10, 0x00, 0x00, 0x01, 0x00, 0x00,
    0x00, 0x30, 0x03, 0xE0, 0x0E, 0xFF, 0xFC, 0x03, 0xBF, 0xFE, 0x00, 0x77, 0xFC, 0x00, 0x1C, 0x03,
    0x80, 0x07, 0x80, 0x70, 0x01, 0xF7, 0xFF, 0xFE, 0x7E, 0xFF, 0xFF, 0xCD, 0xC0, 0x38, 0x00, 0x38,
    0x07, 0x00, 0x07, 0x00, 0xE0, 0x00, 0xE7, 0xFF, 0xF8, 0x1C, 0xFF, 0xFF, 0x03, 0x80, 0x00, 0x00,
    0x00, 0x00, 0x00, 0x01, 0xFF, 0xF0, 0x00, 0x3F, 0xFE, 0x00, 0x07, 0x01, 0xC0, 0x00, 0xC0, 0x38,
    0x00, 0x38, 0x07, 0x08, 0x07, 0x00, 0xE1, 0xC1, 0xC0, 0x1C, 0x30, 0xF8, 0x03, 0x86, 0x7E, 0x00,
    0x3F, 0xCF, 0x00, 0x07, 0xF0, 0x80, 0x00, 0x00, 0x00, 0x00, 0x38, 0x00, 0x00, 0x70, 0x00, 0x00,
    0xE0, 0x01, 0xC1, 0xC0, 0xC3, 0x83, 0x81, 0xC7, 0x07, 0x03, 0x8E, 0x0E, 0x07, 0x1C, 0x1C, 0x0E,
    0x38, 0x38, 0x1C, 0x70, 0x70, 0x38, 0xE0, 0xE0, 0x71, 0xFF, 0xFF, 0xE3, 0xFF, 0xFF, 0xC0, 0x07,
    0x00, 0x18, 0x0E, 0x03, 0x70, 0x1C, 0x07, 0xE0, 0x38, 0x0F, 0xC0, 0x70, 0x1F, 0x80, 0xE0, 0x3F,
    0x01, 0xC0, 0x7E, 0x03, 0x80, 0xFC, 0x07, 0x01, 0xF8, 0x0E, 0x03, 0xFF, 0xFF, 0xFF, 0xFF, 0xFF,
    0xFE, 0x00, 0x00, 0x1C, 0x00, 0x00, 0x30, 0x00, 0x1C, 0x00, 0x00, 0x0E, 0x00, 0x00, 0x07, 0x00,
    0x00, 0x03, 0x80, 0x00, 0x01, 0xC0, 0x01, 0xFF, 0xFF, 0xF0, 0xFF, 0xFF, 0xF8, 0x00, 0x38, 0x00,
    0x00, 0x1C, 0x00, 0x00, 0x0E, 0x00, 0x00, 0x07, 0x00, 0x00, 0x03, 0x80, 0x0F, 0xFF, 0xFF, 0xFF,
    0xFF, 0xFF, 0xFC, 0x00, 0x70, 0x00, 0x00, 0x38, 0x00, 0x18, 0x1C, 0x0C, 0x0E, 0x0E, 0x06, 0x07,
    0x07, 0x03, 0x03, 0x83, 0x81, 0x81, 0xC1, 0xC0, 0xC0, 0xE0, 0xE0, 0x60, 0x70, 0x70, 0x30, 0x3F,
    0xFF, 0xF8, 0x1F, 0xFF, 0xFC, 0x00, 0x00, 0x06, 0x00, 0x00, 0x03, 0x00, 0x01, 0xC1, 0xC0, 0x00,
    0x70, 0x70, 0x00, 0x38, 0x0E, 0x00, 0x0E, 0x03, 0xC0, 0x07, 0x00, 0x70, 0x01, 0xC0, 0x0E, 0x00,
    0xE0, 0x03, 0xC0, 0x78, 0x00, 0x78, 0x3C, 0x00, 0x0F, 0x1E, 0x00, 0x01, 0xEF, 0xFF, 0xFF, 0xF9,
    0xBF, 0xFF, 0xEC, 0x00, 0x70, 0x38, 0x00, 0x1C, 0x0E, 0x00, 0x0E, 0x03, 0x80, 0x03, 0x80, 0xE0,
    0x00, 0xE0, 0x38, 0x00, 0x78, 0x0E, 0x00, 0x1C, 0x03, 0x80, 0x0F, 0x00, 0xE0, 0x07, 0x80, 0x38,
    0x03, 0xC0, 0x0E, 0x01, 0xE0, 0x07, 0x01, 0xF0, 0x3F, 0xC0, 0x78, 0x0F, 0xE0, 0x08, 0x00, 0x00,
    0x00, 0x0C, 0x00, 0x00, 0x03, 0x80, 0x00, 0x00, 0xE1, 0xFF, 0xFC, 0x38, 0x7F, 0xFF, 0x0E, 0x01,
    0xC1, 0xC3, 0x80, 0x70, 0x70, 0xEF, 0x1C, 0x1C, 0x7F, 0xC7, 0x07, 0xFF, 0xE1, 0xC1, 0xDF, 0x80,
    0x70, 0x74, 0xE0, 0x1C, 0x1C, 0x38, 0x07, 0x07, 0x0E, 0x01, 0xC1, 0x83, 0x80, 0x60, 0x60, 0xE0,
    0x38, 0x18, 0x38, 0xCE, 0x06, 0x0E, 0xF3, 0x83, 0x83, 0xFD, 0xC0, 0xE1, 0xFC, 0x70, 0x38, 0x7C,
    0x3C, 0x0E, 0x1C, 0x0E, 0x03, 0x80, 0x07, 0x00, 0xE0, 0x07, 0xC0, 0x78, 0x03, 0xE1, 0xFC, 0x00,
    0x70, 0x7E, 0x00, 0x00, 0x00, 0x00, 0x06, 0x00, 0x00, 0x03, 0x30, 0x01, 0xC1, 0xBC, 0x00, 0xE0,
    0xCF, 0x0E, 0x70, 0x63, 0xC7, 0x38, 0x38, 0xE3, 0x9C, 0x1C, 0x01, 0xCE, 0x0E, 0xFE, 0xE7, 0x7F,
    0xFF, 0x73, 0xBF, 0xFF, 0xB9, 0xDF, 0xC2, 0x1C, 0xE0, 0xE1, 0xCE, 0x70, 0x31, 0xC7, 0x38, 0x1C,
    0xE3, 0x9C, 0x0E, 0xE1, 0xCE, 0x07, 0x70, 0xE7, 0x03, 0xF0, 0x73, 0x80, 0xF0, 0x39, 0xC0, 0x78,
    0x1C, 0xE0, 0x78, 0x40, 0x70, 0x7E, 0x30, 0x38, 0x7F, 0x18, 0x1C, 0xF9, 0xCC, 0x0E, 0xF8, 0xFE,
    0x07, 0x70, 0x3F, 0x3F, 0x90, 0x0F, 0x1F, 0x80, 0x00, 0x00, 0x00, 0x00, 0x80, 0x00, 0x00, 0x70,
    0x01, 0xC0, 0x70, 0x00, 0xE0, 0x3C, 0x00, 0x70, 0x3F, 0x07, 0x38, 0x39, 0xC3, 0x9C, 0x1C, 0xF1,
    0xCE, 0x1C, 0x3C, 0xE7, 0x1C, 0x0E, 0x73, 0x9E, 0x03, 0xB9, 0xDE, 0x00, 0xDC, 0xEF, 0xFF, 0xCE,
    0x71, 0xFF, 0xC7, 0x38, 0xE0, 0xE3, 0x9C, 0x70, 0x71, 0xCE, 0x38, 0x38, 0xE7, 0x1C, 0x1C, 0x73,
    0x8E, 0x0E, 0x39, 0xC7, 0x3E, 0x1C, 0xE3, 0x9F, 0x0E, 0x71, 0xC0, 0x60, 0x38, 0xE0, 0x38, 0x1C,
    0x70, 0x1C, 0x0E, 0x18, 0x0E, 0x07, 0x0F, 0xFE, 0x3F, 0x87, 0xFF, 0x1F, 0x80, 0x00, 0x00, 0x00,
    0x04, 0x00, 0x00, 0x07, 0x00, 0x00, 0x01, 0xC0, 0x00, 0x00, 0xE3, 0xFF, 0xF0, 0x31, 0xFF, 0xF8,
    0x10, 0x0E, 0x0D, 0xFF, 0x87, 0x06, 0xFF, 0xC3, 0x83, 0x01, 0xC1, 0xC3, 0x80, 0xE0, 0xE1, 0xC0,
    0xE0, 0x70, 0xE0, 0x74, 0x38, 0x70, 0x77, 0x1C, 0x38, 0x7F, 0x0C, 0x1C, 0x7F, 0x0E, 0x0E, 0x7F,
    0x87, 0x07, 0x7F, 0xE3, 0x83, 0xBB, 0xB9, 0xC1, 0xD9, 0xD9, 0xC0, 0xE0, 0xE0, 0xE0, 0x70, 0x70,
    0xE0, 0x38, 0x38, 0x70, 0x18, 0x1C, 0x70, 0x1C, 0x0E, 0x78, 0x0E, 0x07, 0x78, 0xFF, 0x03, 0x98,
    0x3F, 0x01, 0x80, 0x00, 0x00, 0x00, 0x00, 0x03, 0x3F, 0x7F, 0x03, 0x3F, 0x7F, 0x03, 0x33, 0x73,
    0x33, 0x33, 0x73, 0x33, 0x33, 0x73, 0x33, 0x33, 0x73, 0x33, 0x33, 0x73, 0x33, 0x33, 0x73, 0x33,
    0x33, 0x73, 0x33, 0x33, 0x73, 0x33, 0x33, 0x73, 0x33, 0xFF, 0xFF, 0xB3, 0xFF, 0xFF, 0xB3, 0x33,
    0x73, 0x33, 0x33, 0x73, 0x33, 0x73, 0x73, 0x33, 0x73, 0x73, 0x33, 0x73, 0x73, 0x33, 0x73, 0x73,
    0x33, 0x73, 0x63, 0x03, 0x63, 0x63, 0x03, 0x63, 0x63, 0x03, 0xE3, 0xE3, 0x03, 0xFF, 0xFF, 0x1F,
    0xCF, 0xDF, 0x1F, 0x00, 0x00, 0x00, 0x00, 0x00, 0x07, 0x7F, 0xFE, 0x07, 0x7F, 0xFE, 0xE7, 0x07,
    0x00, 0xE7, 0x0E, 0x70, 0xE7, 0x0E, 0x70, 0xE7, 0x1C, 0x38, 0xE7, 0x38, 0x3C, 0xE7, 0x7F, 0xFC,
    0xE7, 0x7F, 0xFE, 0xE7, 0x3C, 0x06, 0xE7, 0x01, 0x80, 0xE7, 0x01, 0x80, 0xE7, 0x01, 0x80, 0xE7,
    0x7F, 0xFE, 0xE7, 0x7F, 0xFE, 0xE7, 0x01, 0x80, 0xE7, 0x01, 0x80, 0xE7, 0x01, 0x80, 0xE7, 0x01,
    0x86, 0x07, 0x01, 0xFE, 0x07, 0x3F, 0xFE, 0x07, 0xFF, 0xF0, 0x07, 0x7E, 0x00, 0x7F, 0x00, 0x00,
    0x3E, 0x01, 0x80, 0x00, 0x1D, 0xC0, 0x01, 0x8E, 0xE0, 0x00, 0xC7, 0x70, 0x0C, 0x63, 0x38, 0x07,
    0x33, 0xFF, 0xF3, 0x99, 0xFF, 0xF9, 0xCD, 0xC7, 0x00, 0xE6, 0xE3, 0x80, 0x73, 0x7F, 0xFF, 0xB9,
    0xBF, 0xFF, 0xDC, 0xC0, 0x70, 0x0E, 0x60, 0x38, 0x07, 0x30, 0x1C, 0x03, 0x99, 0xFF, 0xF9, 0xCC,
    0xFF, 0xFC, 0xE6, 0x73, 0x8E, 0x73, 0x39, 0xC7, 0x39, 0x9C, 0xE3, 0x98, 0xCE, 0x71, 0xC0, 0x67,
    0x38, 0xE0, 0x33, 0x9C, 0x70, 0x19, 0xCE, 0xF8, 0x0C, 0xE7, 0x78, 0x06, 0x03, 0x80, 0x3F, 0x01,
    0xC0, 0x1F, 0x80, 0x60, 0x00, 0x00, 0x00, 0x00, 0x01, 0x8F, 0xFF, 0x80, 0xCF, 0xFF, 0xDC, 0x67,
    0x00, 0xEE, 0x33, 0x80, 0x77, 0x19, 0xC0, 0x3B, 0x8C, 0xE0, 0x1D, 0xC6, 0x7F, 0xFE, 0xE3, 0x3F,
    0xFF, 0x71, 0x9C, 0x30, 0x38, 0xCE, 0x18, 0x1C, 0x67, 0xFF, 0xEE, 0x33, 0xFF, 0xF7, 0x19, 0xF3,
    0x1B, 0x8C, 0xF9, 0x8D, 0xC6, 0x7C, 0xC6, 0xE3, 0x3E, 0x63, 0x71, 0x9F, 0x31, 0xB8, 0xCF, 0x98,
    0xC8, 0x66, 0xCC, 0x60, 0x33, 0x67, 0xF0, 0x1B, 0xB3, 0xF8, 0x0D, 0xD9, 0x80, 0x0E, 0xC0, 0xC0,
    0x3F, 0x20, 0x60, 0x1F, 0x80, 0x00, 0x00, 0x00, 0x01, 0x00, 0x00, 0x01, 0xC0, 0x01, 0x80, 0xE0,
    0x00, 0xC0, 0x38, 0x00, 0x6F, 0xFF, 0xF6, 0x37, 0xFF, 0xFB, 0x18, 0x1C, 0x01, 0x8C, 0x1E, 0x00,
    0xC6, 0x0E, 0x18, 0x63, 0x0E, 0x1C, 0x31, 0x8E, 0x0E, 0x18, 0xCF, 0xFE, 0x0C, 0x67, 0xFE, 0x06,
    0x30, 0x0E, 0x23, 0x18, 0x0F, 0x39, 0x8C, 0x0F, 0x3C, 0xC6, 0x1F, 0x1C, 0x63, 0x3E, 0x1C, 0x31,
    0x9E, 0x1C, 0x18, 0xCC, 0x1E, 0x0C, 0x60, 0x3F, 0x80, 0x30, 0x3D, 0xE0, 0x18, 0x7C, 0x78, 0x0C,
    0xFC, 0x1E, 0x06, 0xF8, 0x06, 0x3F, 0x38, 0x00, 0x1F, 0x80, 0x00, 0x00, 0x00, 0x02, 0x00, 0x30,
    0x03, 0x80, 0x1C, 0x01, 0xC0, 0x1C, 0x00, 0x70, 0x0E, 0x00, 0x38, 0x0E, 0x07, 0xFF, 0xFF, 0xFF,
    0xFF, 0xFF, 0xFE, 0x00, 0x00, 0x00, 0x00, 0x00, 0x06, 0x1F, 0xF8, 0xC7, 0x0F, 0xFC, 0x73, 0x86,
    0x06, 0x39, 0xC3, 0x03, 0x1C, 0xE1, 0x81, 0x8E, 0x70, 0xFF, 0xC7, 0x38, 0x7F, 0xE3, 0x9C, 0x30,
    0x31, 0xCE, 0x18, 0x18, 0xE7, 0x0F, 0xFC, 0x73, 0x87, 0xFE, 0x39, 0xC3, 0x03, 0x1C, 0xE1, 0x81,
    0x80, 0x70, 0xC0, 0xC0, 0x38, 0x60, 0x60, 0x1C, 0x33, 0xF0, 0x7E, 0x18, 0xF8, 0x3E, 0x00, 0x00,
    0x00, 0x00, 0x03, 0x00, 0x60, 0x03, 0x80, 0x38, 0x00, 0xE0, 0x38, 0x1F, 0xFF, 0xFF, 0xFF, 0xFF,
    0xFF, 0xF8, 0x00, 0x00, 0x00, 0x7F, 0xC0, 0x38, 0x7F, 0xE3, 0x1C, 0x38, 0x31, 0x8E, 0x1F, 0xF8,
    0xC7, 0x0F, 0xFC, 0x63, 0x87, 0x06, 0x31, 0xC3, 0xFF, 0x18, 0xE1, 0xFF, 0x8C, 0x70, 0xE0, 0xC0,
    0x38, 0x71, 0xE0, 0xF8, 0x18, 0xE0, 0x38, 0x00, 0x00, 0x00, 0x1F, 0xFF, 0xFF, 0x8F, 0xFF, 0xFF,
    0xC0, 0x07, 0x00, 0xE0, 0x03, 0x80, 0x70, 0x07, 0x80, 0x38, 0x0F, 0x80, 0x38, 0xFF, 0x83, 0xFC,
    0x7F, 0x01, 0xFC, 0x18, 0x00, 0x00, 0x00, 0x01, 0x80, 0x00, 0x01, 0x80, 0x03, 0x3F, 0xFC, 0x03,
    0x7F, 0xFC, 0x03, 0x01, 0x8C, 0xE3, 0xFF, 0xFF, 0xE3, 0xFF, 0xFF, 0xE3, 0x01, 0x8C, 0xE3, 0x7F,
    0xFC, 0xE3, 0x3F, 0xFC, 0xE3, 0x7F, 0xFE, 0xE3, 0x7F, 0xFE, 0xE3, 0x01, 0x80, 0xE3, 0xFF, 0xFF,
    0xE3, 0xFF, 0xFF, 0xE3, 0x00, 0x00, 0xE3, 0x3F, 0xFC, 0xE3, 0x3F, 0xFC, 0xE3, 0x31, 0x8C, 0xE3,
    0x3F, 0xFC, 0xE3, 0x31, 0x8C, 0x03, 0x3F, 0xFC, 0x03, 0x3F, 0xFC, 0x03, 0x03, 0xFF, 0x03, 0xFF,
    0xFF, 0x3F, 0xFF, 0xF8, 0x3E, 0x00, 0x30, 0x00, 0x00, 0x38, 0x00, 0x00, 0x38, 0x00, 0x00, 0x38,
    0x00, 0x00, 0x38, 0x00, 0x00, 0x38, 0x00, 0x00, 0x38, 0x00, 0x7F, 0xFF, 0xFF, 0x7F, 0xFF, 0xFF,
    0x00, 0x30, 0x07, 0x00, 0x70, 0x07, 0x00, 0x70, 0x07, 0x00, 0x70, 0x07, 0x00, 0x70, 0x07, 0x00,
    0x70, 0x06, 0x00, 0xE0, 0x06, 0x00, 0xE0, 0x0E, 0x01, 0xC0, 0x0E, 0x01, 0xC0, 0x0E, 0x03, 0x80,
    0x0E, 0x07, 0x80, 0x0E, 0x0F, 0x00, 0x0E, 0x1E, 0x00, 0x1E, 0x3C, 0x00, 0x1C, 0xF8, 0x03, 0xFC,
    0x70, 0x03, 0xF8, 0x00, 0x00, 0x00, 0x00, 0x01, 0xC0, 0x00, 0x00, 0xE0, 0x00, 0x00, 0x70, 0x1F,
    0xFC, 0x38, 0x0F, 0xFE, 0x1C, 0x00, 0x70, 0x0C, 0x00, 0x38, 0xFF, 0xFE, 0x1C, 0x7F, 0xFF, 0x0E,
    0x01, 0x83, 0x87, 0x01, 0xC1, 0xC3, 0x80, 0xE0, 0xE1, 0xC0, 0x70, 0x70, 0xE0, 0x38, 0x38, 0x70,
    0x1C, 0x1C, 0x38, 0x0C, 0x0C, 0x1D, 0xCE, 0x06, 0x0F, 0xE7, 0x03, 0x3F, 0xF3, 0x81, 0xBF, 0xC3,
    0x81, 0xDE, 0x01, 0xC0, 0xE0, 0x01, 0xC0, 0x70, 0x01, 0xE0, 0x38, 0x01, 0xE0, 0x3C, 0x03, 0xE1,
    0xFC, 0x00, 0xE0, 0xFE, 0x00, 0x40, 0x00, 0x00, 0x07, 0x00, 0x00, 0x03, 0x80, 0x00, 0x01, 0xC0,
    0x00, 0x00, 0xE0, 0x3F, 0xF0, 0x70, 0x1F, 0xFB, 0xFF, 0xEE, 0x1D, 0xFF, 0xF7, 0x0E, 0x0E, 0x3B,
    0x87, 0x06, 0x1D, 0xC3, 0x83, 0x0E, 0xE1, 0xC1, 0x87, 0x70, 0xE0, 0xC3, 0xB8, 0x70, 0xE1, 0x9C,
    0x38, 0x70, 0xCE, 0x1C, 0x38, 0x67, 0x0E, 0x1C, 0x33, 0x87, 0x0E, 0x19, 0xC3, 0x86, 0x0C, 0xE1,
    0xC7, 0x06, 0x70, 0xE3, 0x87, 0x38, 0x71, 0x83, 0x9C, 0x39, 0xC1, 0xCF, 0xFD, 0xE0, 0xE7, 0xFE,
    0xE7, 0xF3, 0x87, 0x61, 0xF1, 0xC3, 0x90, 0x00, 0x00, 0x00, 0x00, 0x60, 0x00, 0x00, 0x38, 0x00,
    0x00, 0x1E, 0x00, 0x00, 0x0F, 0xFF, 0xF0, 0x07, 0xFF, 0xFC, 0x03, 0xC0, 0x0F, 0x01, 0xF8, 0x07,
    0x81, 0xF7, 0x07, 0xC0, 0x38, 0xF3, 0xC0, 0x08, 0x1F, 0xE0, 0x00, 0x0F, 0xFC, 0x00, 0x3F, 0xFF,
    0xFC, 0xFF, 0xC1, 0xFF, 0xBF, 0x86, 0x07, 0xE0, 0x01, 0x80, 0x00, 0x00, 0xE0, 0x00, 0x3F, 0xFF,
    0xFE, 0x0F, 0xFF, 0xFF, 0x80, 0x07, 0x00, 0xE0, 0x01, 0xC0, 0x38, 0x00, 0xE0, 0x0C, 0x00, 0x78,
    0x07, 0x00, 0x7C, 0x01, 0xC0, 0x7E, 0x00, 0x70, 0xFE, 0x07, 0xF8, 0x1E, 0x01, 0xFE, 0x04, 0x00,
    0x00, 0x00, 0x00, 0x00, 0xE0, 0x00, 0x00, 0x70, 0x1F, 0xFC, 0x38, 0x0F, 0xFE, 0x1C, 0x00, 0x00,
    0x0E, 0x00, 0x00, 0x07, 0x00, 0x00, 0x3F, 0xFE, 0x00, 0x1F, 0xFF, 0x00, 0x00, 0xE3, 0xFF, 0xFC,
    0x71, 0xFF, 0xFE, 0x38, 0xE1, 0xC0, 0x1C, 0x71, 0xC0, 0x0C, 0x38, 0xE7, 0x06, 0x1C, 0x73, 0x87,
    0x0E, 0x30, 0xC3, 0x87, 0x38, 0x71, 0xC3, 0x9C, 0x38, 0xE1, 0x9D, 0xFE, 0xE0, 0xCF, 0xFF, 0x70,
    0x67, 0xF3, 0xF0, 0x73, 0x80, 0xB8, 0x38, 0x00, 0x3C, 0x1C, 0x00, 0x3D, 0xFE, 0x00, 0x0C, 0x7E,
    0x00, 0x00, 0x00, 0x00, 0x03, 0x00, 0x00, 0x01, 0xC0, 0x00, 0x00, 0x70, 0x7F, 0xF0, 0x38, 0x1F,
    0xFC, 0xFF, 0xFB, 0x07, 0x3F, 0xFC, 0xE1, 0xC1, 0xC7, 0x38, 0xE0, 0xE1, 0xC7, 0x38, 0x3C, 0xE1,
    0xFC, 0x0F, 0xF8, 0x3E, 0x00, 0xFC, 0x07, 0x80, 0x1F, 0x87, 0xF0, 0x1F, 0xF7, 0xDF, 0x3F, 0x9F,
    0xE3, 0xEF, 0x81, 0xE0, 0x39, 0x00, 0x70, 0x00, 0x00, 0x18, 0x00, 0x0F, 0xFF, 0xFF, 0x83, 0xFF,
    0xFF, 0xE0, 0x00, 0xE0, 0x38, 0x00, 0x70, 0x0E, 0x00, 0x3C, 0x03, 0x80, 0x3E, 0x00, 0xE0, 0x3F,
    0x00, 0x70, 0x7F, 0x01, 0xFC, 0x1F, 0x00, 0x7E, 0x06, 0x00, 0x00, 0x00, 0x01, 0xF8, 0xE0, 0x7F,
    0xFC, 0x70, 0x3F, 0xF8, 0x38, 0x00, 0x60, 0x1C, 0x0F, 0xFF, 0xCE, 0x07, 0xFF, 0xE7, 0x00, 0x0C,
    0x1F, 0xFE, 0x07, 0xFF, 0xFF, 0x7F, 0xFC, 0xE3, 0xBF, 0xFE, 0x71, 0xD8, 0xC7, 0x38, 0xEF, 0xFF,
    0x9C, 0x77, 0xFF, 0xCE, 0x3B, 0x18, 0xE6, 0x1D, 0xFF, 0xF3, 0x0E, 0xFF, 0xFB, 0x86, 0x03, 0x01,
    0xC3, 0x01, 0x80, 0xE1, 0xBF, 0xFF, 0xE0, 0xCF, 0xFF, 0xF0, 0x60, 0x30, 0x70, 0x70, 0x1F, 0xF8,
    0x3B, 0xFF, 0xF8, 0x1D, 0xFF, 0xBC, 0xFE, 0x00, 0x1C, 0x7E, 0x00, 0x00, 0x00, 0x00, 0x00, 0x00,
    0xC0, 0x00, 0x00, 0x1C, 0x01, 0xFF, 0xC7, 0x00, 0x3F, 0xF9, 0xFF, 0xC0, 0x0F, 0x3F, 0xF8, 0x01,
    0xCF, 0x07, 0x07, 0x73, 0xF1, 0xC0, 0xFC, 0xEE, 0x78, 0x0F, 0x08, 0xFE, 0x00, 0xE0, 0x0F, 0x81,
    0xFF, 0xE3, 0xF8, 0x3F, 0xFD, 0xFF, 0xE0, 0x73, 0xFC, 0x7E, 0x1E, 0x7E, 0xC3, 0x83, 0xCC, 0x18,
    0x00, 0xFB, 0x87, 0x00, 0x1F, 0x6F, 0xFF, 0x87, 0x65, 0xFF, 0xF0, 0xEC, 0x03, 0x0E, 0x39, 0x80,
    0xE1, 0xC6, 0x30, 0x1C, 0x38, 0x46, 0x07, 0x07, 0x00, 0xC1, 0xE0, 0xE0, 0x18, 0x78, 0x38, 0x1F,
    0x3E, 0x3F, 0x03, 0xE7, 0x07, 0xC0, 0x00, 0x00, 0x00, 0x00, 0x18, 0x60, 0x00, 0x0C, 0x30, 0x30,
    0x06, 0x18, 0x18, 0x1F, 0xFF, 0x8C, 0x0F, 0xFF, 0xC6, 0x00, 0xC3, 0x03, 0x00, 0x7F, 0x81, 0x80,
    0x3F, 0xCF, 0xFF, 0x03, 0x07, 0xFF, 0xBF, 0xFC, 0x71, 0xDF, 0xFE, 0x38, 0xEC, 0x63, 0x1C, 0x76,
    0x31, 0x8E, 0x3B, 0xFF, 0xC7, 0x1D, 0xFF, 0xE3, 0x8E, 0x06, 0x01, 0xC7, 0x7F, 0xFC, 0xC3, 0xFF,
    0xFE, 0x61, 0xC0, 0xC0, 0x70, 0xEF, 0xFF, 0x38, 0x77, 0xFF, 0xB8, 0x38, 0x18, 0x1C, 0x18, 0x0D,
    0xFC, 0x0D, 0xFF, 0xFE, 0x0E, 0xFF, 0xFE, 0x3F, 0x60, 0x06, 0x1F, 0x00, 0x00, 0x00, 0x00, 0x01,
    0x00, 0x00, 0x00, 0x70, 0x00, 0x00, 0x38, 0x00, 0x00, 0x0E, 0x00, 0x00, 0x03, 0x80, 0x00, 0x01,
    0xFF, 0xFF, 0xE0, 0x7F, 0xFF, 0xF8, 0x38, 0xE1, 0xC6, 0x0E, 0x38, 0xE1, 0x87, 0x0E, 0x38, 0xE3,
    0xC7, 0x0E, 0x38, 0xE1, 0xC3, 0x8E, 0x70, 0x70, 0xC3, 0x9C, 0x38, 0x70, 0xE0, 0x0E, 0x1C, 0x38,
    0x07, 0x0E, 0x0E, 0x03, 0xC3, 0x83, 0x80, 0xE0, 0xE0, 0xE0, 0x70, 0x70, 0x38, 0x3C, 0x1C, 0x0E,
    0x1E, 0x0E, 0x03, 0x0F, 0x07, 0x81, 0xC3, 0x83, 0xC0, 0x70, 0x00, 0xE0, 0x1C, 0x00, 0x70, 0xFF,
    0x00, 0x1C, 0x3F, 0x80, 0x00, 0x00, 0x00, 0x00, 0xC0, 0x00, 0x00, 0x38, 0x00, 0x00, 0x07, 0x00,
    0x00, 0x01, 0xC0, 0x00, 0x00, 0x7F, 0xFF, 0xF0, 0x0F, 0xFF, 0xFE, 0x03, 0x80, 0x01, 0xC0, 0xF0,
    0x00, 0x38, 0x3C, 0x00, 0x07, 0x0F, 0xFF, 0xF0, 0xE1, 0xDF, 0xFE, 0x1C, 0x13, 0x81, 0xC3, 0x80,
    0x70, 0x38, 0x70, 0x0E, 0x07, 0x0E, 0x01, 0xC0, 0xE1, 0xC0, 0x38, 0x1C, 0x38, 0x07, 0xFF, 0x86,
    0x00, 0xFF, 0xF1, 0xC0, 0x1C, 0x01, 0xF8, 0x03, 0x80, 0x3E, 0x00, 0x70, 0x00, 0x08, 0x0E, 0x00,
    0x01, 0x81, 0xC0, 0x00, 0x70, 0x3C, 0x00, 0x1E, 0x07, 0xFF, 0xFF, 0x80, 0x7F, 0xFF, 0xF0, 0xFF,
    0xFF, 0xFE, 0xFF, 0xFF, 0xFE, 0xE0, 0x00, 0x00, 0xE0, 0x00, 0x60, 0xE2, 0x00, 0x70, 0xE7, 0x00,
    0xE0, 0xE7, 0x80, 0xE0, 0xE3, 0xC1, 0xC0, 0xE0, 0xE3, 0x80, 0xE0, 0x7F, 0x80, 0xE0, 0x3F, 0x00,
    0xE0, 0x1E, 0x00, 0xE0, 0x1F, 0x00, 0xE0, 0x3F, 0x80, 0xE0, 0x7B, 0xC0, 0xE1, 0xE1, 0xC0, 0xE3,
    0xC0, 0xE0, 0xE7, 0x80, 0xF0, 0xEF, 0x00, 0x78, 0xE6, 0x00, 0x30, 0xE0, 0x00, 0x00, 0xE0, 0x00,
    0x00, 0xFF, 0xFF, 0xFF, 0xFF, 0xFF, 0xFF, 0xFF, 0xFF, 0xFE, 0xFF, 0xFF, 0xFE, 0xE0, 0x00, 0x00,
    0xE0, 0xFF, 0xC0, 0xE1, 0xFF, 0xC0, 0xE1, 0xC0, 0xC0, 0xE1, 0xC0, 0xC0, 0xE1, 0xC0, 0xC0, 0xE1,
    0xFF, 0xC0, 0xE1, 0xFF, 0xC0, 0xE0, 0x00, 0x00, 0xE0, 0x00, 0x00, 0xEF, 0xF7, 0xF8, 0xEF, 0xF7,
    0xF8, 0xEE, 0x37, 0x18, 0xEE, 0x37, 0x18, 0xEE, 0x37, 0x18, 0xEF, 0xF7, 0xF8, 0xEF, 0xF7, 0xF8,
    0xE0, 0x00, 0x00, 0xE0, 0x00, 0x00, 0xFF, 0xFF, 0xFF, 0xFF, 0xFF, 0xFF, 0x00, 0x1C, 0x00, 0x00,
    0x0E, 0x00, 0x00, 0x07, 0x00, 0x00, 0x03, 0x80, 0x00, 0x01, 0xC0, 0x00, 0x00, 0xE0, 0x00, 0x00,
    0x70, 0x00, 0x00, 0x38, 0x00, 0x00, 0x1C, 0x00, 0x00, 0x0E, 0x00, 0x00, 0x07, 0x00, 0x1F, 0xFF,
    0xFF, 0xFF, 0xFF, 0xFF, 0xF8, 0x00, 0xE0, 0x00, 0x00, 0x70, 0x00, 0x00, 0x38, 0x00, 0x00, 0x1C,
    0x00, 0x00, 0x0E, 0x00, 0x00, 0x07, 0x00, 0x00, 0x03, 0x80, 0x00, 0x01, 0xC0, 0x00, 0x00, 0xE0,
    0x00, 0x00, 0x70, 0x00, 0x00, 0x38, 0x00, 0x00, 0x1C, 0x00, 0x00, 0x0E, 0x00, 0x00, 0x07, 0x00,
    0x00, 0x00, 0x00, 0x78, 0x00, 0x07, 0xFE, 0x01, 0xFF, 0xFE, 0x07, 0xFF, 0xF0, 0x03, 0xFF, 0xC0,
    0x00, 0x00, 0xE0, 0x00, 0x00, 0x70, 0x00, 0x00, 0x38, 0x00, 0x00, 0x1C, 0x00, 0x00, 0x0E, 0x00,
    0x00, 0x07, 0x00, 0x1F, 0xFF, 0xFF, 0xFF, 0xFF, 0xFF, 0xF8, 0x00, 0xE0, 0x00, 0x00, 0x70, 0x00,
    0x00, 0x38, 0x00, 0x00, 0x1C, 0x00, 0x00, 0x0E, 0x00, 0x00, 0x07, 0x00, 0x00, 0x03, 0x80, 0x00,
    0x01, 0xC0, 0x00, 0x00, 0xE0, 0x00, 0x00, 0x70, 0x00, 0x00, 0x38, 0x00, 0x00, 0x1C, 0x00, 0x00,
    0x0E, 0x00, 0x00, 0x00, 0x18, 0xE0, 0x00, 0x3E, 0x70, 0x00, 0xFE, 0x38, 0x07, 0xFC, 0x1C, 0x0F,
    0xF8, 0x0E, 0x03, 0xDC, 0x07, 0x00, 0x0E, 0x03, 0x80, 0x07, 0x01, 0xC0, 0x03, 0x80, 0xE0, 0x01,
    0xC0, 0x70, 0x00, 0xE0, 0x38, 0x1F, 0xFF, 0xFF, 0xFF, 0xFF, 0xFF, 0xF8, 0x1C, 0x07, 0x00, 0x0E,
    0x03, 0x80, 0x07, 0x01, 0xC0, 0x03, 0x00, 0xE0, 0x03, 0x80, 0x70, 0x01, 0xC0, 0x38, 0x01, 0xC0,
    0x1C, 0x00, 0xE0, 0x0E, 0x00, 0xE0, 0x07, 0x01, 0xF0, 0x03, 0x81, 0xF0, 0x01, 0xC0, 0xF0, 0x00,
    0xE0, 0x20, 0x00, 0x30, 0x00, 0x00, 0x1C, 0x00, 0x04, 0x0E, 0x06, 0x07, 0x07, 0x07, 0x03, 0x83,
    0x83, 0x80, 0xE1, 0xC3, 0x80, 0x70, 0xE1, 0xC0, 0x1C, 0x71, 0xC0, 0x0E, 0x38, 0xE0, 0x02, 0x1C,
    0x60, 0x00, 0x0E, 0x00, 0x0F, 0xFF, 0xFF, 0x87, 0xFF, 0xFF, 0xC0, 0x01, 0xC0, 0x00, 0x00, 0xE0,
    0x00, 0x00, 0x70, 0x00, 0x00, 0x38, 0x00, 0xFF, 0xFF, 0xFF, 0xFF, 0xFF, 0xFF, 0xC0, 0x07, 0x00,
    0x00, 0x03, 0x80, 0x00, 0x01, 0xC0, 0x00, 0x00, 0xE0, 0x00, 0x00, 0x70, 0x00, 0x00, 0x38, 0x00,
    0x00, 0x1C, 0x00, 0x00, 0x0E, 0x00, 0x00, 0x07, 0x00, 0x00, 0x00, 0x00, 0x20, 0x03, 0x80, 0x3C,
    0x00, 0xE0, 0x1C, 0x00, 0x78, 0x1C, 0x00, 0x1C, 0x0E, 0x00, 0xFF, 0xFF, 0xF0, 0x7F, 0xFF, 0xF8,
    0x30, 0x38, 0x1C, 0x18, 0x1C, 0x0E, 0x0C, 0x0E, 0x07, 0x07, 0xFF, 0xFF, 0x83, 0xFF, 0xFF, 0xC1,
    0x81, 0xC0, 0xE0, 0xC0, 0xE0, 0x70, 0x60, 0x70, 0x38, 0x3F, 0xFF, 0xFC, 0x1F, 0xFF, 0xFE, 0x00,
    0x0E, 0x00, 0x00, 0x07, 0x00, 0x1F, 0xFF, 0xFF, 0xFF, 0xFF, 0xFF, 0xF8, 0x00, 0xE0, 0x00, 0x00,
    0x70, 0x00, 0x00, 0x38, 0x00, 0x00, 0x1C, 0x00, 0x00, 0x0E, 0x00, 0x00, 0x07, 0x00, 0x00, 0x1C,
    0x01, 0xC0, 0x07, 0x00, 0x77, 0x01, 0xC0, 0x1D, 0xE0, 0x70, 0x07, 0x1C, 0x1C, 0xFF, 0xFF, 0x87,
    0x3F, 0xFF, 0xE1, 0xC0, 0x1C, 0x00, 0x71, 0xFF, 0xFC, 0xFF, 0xFF, 0xFF, 0x3F, 0xFC, 0x71, 0xC1,
    0xC7, 0xFF, 0xF0, 0x71, 0xFF, 0xFC, 0x1C, 0x71, 0xC7, 0x07, 0x1F, 0xFF, 0xC1, 0xC7, 0xFF, 0xF0,
    0x71, 0xC7, 0x1C, 0x1C, 0x71, 0xDF, 0x07, 0x00, 0x06, 0x01, 0xDF, 0xFF, 0xF8, 0x77, 0xFF, 0xFE,
    0x1C, 0x38, 0x18, 0x07, 0x0F, 0x06, 0x01, 0xC0, 0xE1, 0x80, 0x70, 0x38, 0x60, 0x1C, 0x05, 0xF8,
    0x07, 0x00, 0x7E, 0x01, 0xC0, 0x00, 0x00, 0x00, 0x18, 0x00, 0x00, 0x0C, 0x00, 0x00, 0x06, 0x00,
    0x00, 0x03, 0x00, 0x00, 0x01, 0x80, 0x00, 0x00, 0xFF, 0xE0, 0x00, 0x7F, 0xF0, 0x00, 0x30, 0x00,
    0x00, 0x18, 0x00, 0x00, 0x0C, 0x00, 0x00, 0x06, 0x00, 0x1F, 0xFF, 0xFF, 0xFF, 0xFF, 0xFF, 0xF8,
    0x00, 0xC0, 0x00, 0x00, 0x60, 0x00, 0x00, 0x30, 0x00, 0x00, 0x1B, 0x80, 0x00, 0x0F, 0xF0, 0x00,
    0x06, 0xFE, 0x00, 0x03, 0x0F, 0xC0, 0x01, 0x81, 0xF0, 0x00, 0xC0, 0x30, 0x00, 0x60, 0x00, 0x00,
    0x30, 0x00, 0x00, 0x18, 0x00, 0x00, 0x0C, 0x00, 0x00, 0x06, 0x00, 0x00, 0x00, 0x40, 0x00, 0x03,
    0xE0, 0x00, 0x1F, 0xE7, 0xFF, 0x7F, 0x87, 0xFF, 0x7C, 0x07, 0x07, 0x70, 0x07, 0x07, 0x70, 0x07,
    0x07, 0x70, 0x07, 0x07, 0x70, 0x07, 0x07, 0x70, 0x07, 0x07, 0x7F, 0xF7, 0x07, 0x7F, 0xF7, 0x07,
    0x70, 0x07, 0x07, 0x70, 0x07, 0x07, 0x70, 0x07, 0x07, 0x70, 0x07, 0x07, 0x70, 0x07, 0x07, 0x70,
    0x77, 0x07, 0x77, 0xF7, 0x3F, 0x7F, 0xE7, 0x7F, 0x7F, 0x07, 0x3E, 0x70, 0x07, 0x00, 0x00, 0x07,
    0x00, 0x00, 0x07, 0x00, 0x00, 0x07, 0x00, 0x00, 0x07, 0x00, 0x3F, 0xFB, 0xFF, 0x3F, 0xFB, 0xFF,
    0x30, 0x3B, 0x87, 0x30, 0x3B, 0x87, 0x30, 0x3B, 0x87, 0x30, 0x3B, 0x87, 0x3F, 0xFB, 0x87, 0x3F,
    0xFB, 0x87, 0x30, 0x3B, 0x87, 0x30, 0x3B, 0x87, 0x30, 0x3B, 0x87, 0x3F, 0xFB, 0x87, 0x3F, 0xFB,
    0x87, 0x30, 0x03, 0x87, 0x30, 0x03, 0x87, 0x31, 0xC3, 0x87, 0x30, 0xE3, 0x87, 0x30, 0xE3, 0xBF,
    0x30, 0xF3, 0xBE, 0x37, 0xF3, 0x80, 0x7F, 0xFB, 0x80, 0x7F, 0x3B, 0x80, 0x78, 0x1B, 0x80, 0x40,
    0x03, 0x80, 0x00, 0x01, 0x80, 0x03, 0x00, 0x00, 0x03, 0x80, 0x00, 0x03, 0x81, 0xFF, 0x03, 0x81,
    0xFF, 0x03, 0x81, 0x83, 0x7F, 0xF9, 0x83, 0x7F, 0xF9, 0x83, 0x03, 0x81, 0x83, 0x03, 0x81, 0x83,
    0x03, 0x81, 0x83, 0x03, 0x81, 0x83, 0x03, 0x81, 0x83, 0xFF, 0xFD, 0x83, 0xFF, 0xFD, 0x83, 0x07,
    0x01, 0x83, 0x07, 0x01, 0x83, 0x0E, 0x61, 0x83, 0x0E, 0x71, 0x83, 0x1C, 0x71, 0x83, 0x1C, 0x39,
    0x87, 0x39, 0xF9, 0xBF, 0x7F, 0xF9, 0x9E, 0x7F, 0xDD, 0x80, 0x78, 0x1D, 0x80, 0x00, 0x01, 0x80,
    0x00, 0x01, 0x80, 0x00, 0x01, 0x80, 0x00, 0x06, 0x00, 0x00, 0x61, 0xC3, 0x80, 0x0E, 0x38, 0x70,
    0x01, 0xC7, 0x1C, 0x00, 0x1C, 0xE7, 0x00, 0x3F, 0xFF, 0xFE, 0x07, 0xFF, 0xFF, 0xC0, 0x01, 0xC0,
    0x00, 0x00, 0x38, 0x00, 0x00, 0x0E, 0x00, 0x01, 0xFF, 0xFF, 0xFF, 0x3F, 0xFF, 0xFF, 0xE0, 0x1C,
    0x0F, 0x00, 0x0F, 0x00, 0xF0, 0x03, 0xE0, 0x0F, 0x00, 0xFF, 0xFF, 0xF8, 0x7D, 0xFF, 0xEF, 0xCF,
    0x30, 0x0C, 0x78, 0x86, 0x01, 0x83, 0x00, 0xC0, 0x70, 0x00, 0x18, 0xFE, 0x40, 0x03, 0x0F, 0x8C,
    0x00, 0x60, 0x01, 0x80, 0x0C, 0x00, 0x70, 0x01, 0xFF, 0xFE, 0x00, 0x3F, 0xFF, 0x80, 0x06, 0x00,
    0x00, 0x03, 0x80, 0x00, 0x00, 0xE0, 0x1F, 0xF8, 0x7F, 0xF7, 0xFE, 0x1F, 0xFD, 0xC1, 0x8E, 0x70,
    0x70, 0x67, 0x9C, 0x1C, 0x19, 0xC7, 0x07, 0x06, 0x21, 0xC1, 0xC1, 0x9F, 0xFF, 0xF0, 0x67, 0xFF,
    0xFC, 0x18, 0x07, 0x07, 0x06, 0x01, 0xC1, 0xC1, 0x86, 0x70, 0x70, 0x61, 0x9C, 0x1C, 0x18, 0x67,
    0xF7, 0x06, 0x19, 0xFD, 0xC1, 0x86, 0x70, 0x70, 0x61, 0x9C, 0x1C, 0x18, 0x67, 0x07, 0x0E, 0x19,
    0xCF, 0xDF, 0x86, 0x7F, 0xF3, 0xE7, 0xFF, 0xFC, 0x01, 0xFF, 0x87, 0x00, 0x7C, 0x01, 0xC0, 0x00,
    0x00, 0x70, 0x00, 0x00, 0x1C, 0x00, 0x03, 0x30, 0x00, 0x03, 0x9C, 0x7F, 0xC3, 0x87, 0x3F, 0xE1,
    0xC1, 0xDC, 0x31, 0xC0, 0xEE, 0x19, 0xC6, 0x3F, 0x0D, 0xE7, 0x1F, 0x86, 0x63, 0xC1, 0xC3, 0x03,
    0xF0, 0xE1, 0x83, 0xBC, 0x70, 0xC1, 0xCF, 0x38, 0x61, 0xC3, 0xDC, 0x31, 0xE0, 0xFE, 0x19, 0xE0,
    0x3F, 0x0D, 0xE0, 0x0B, 0x86, 0xFF, 0xF9, 0xC3, 0x2F, 0xFC, 0xE1, 0x86, 0x0E, 0x70, 0xC3, 0x07,
    0x38, 0xE1, 0x83, 0x9F, 0xF0, 0xC1, 0xCF, 0xF0, 0x60, 0xE7, 0x00, 0x3F, 0xF3, 0x80, 0x1F, 0xF9,
    0xC0, 0x0C, 0x1C, 0xE0, 0x06, 0x06, 0x70, 0x00, 0x00, 0x00, 0x00, 0x0F, 0xFF, 0xFF, 0xC7, 0xFF,
    0xFF, 0xE3, 0x00, 0x00, 0x01, 0x80, 0x00, 0x00, 0xC0, 0x00, 0x00, 0x60, 0x00, 0x00, 0x30, 0x00,
    0x00, 0x18, 0x00, 0x00, 0x0C, 0x00, 0x00, 0x06, 0x00, 0x00, 0x07, 0x00, 0x00, 0x03, 0x80, 0x00,
    0x01, 0xC0, 0x00, 0x00, 0xE0, 0x00, 0x00, 0x70, 0x00, 0x00, 0x38, 0x00, 0x00, 0x1C, 0x00, 0x00,
    0x0E, 0x00, 0x00, 0x0E, 0x00, 0x00, 0x07, 0x00, 0x00, 0x07, 0x80, 0x00, 0x03, 0x80, 0x00, 0x01,
    0xC0, 0x00, 0x00, 0x00, 0x00, 0x00, 0x00, 0x1F, 0xFF, 0xFF, 0xC7, 0xFF, 0xFF, 0xF1, 0xC0, 0x00,
    0x00, 0x70, 0x1C, 0x00, 0x1C, 0x07, 0x00, 0x07, 0x01, 0xC0, 0x01, 0xC0, 0x70, 0x00, 0x70, 0x1C,
    0x00, 0x1D, 0xFF, 0xFF, 0x87, 0x7F, 0xFF, 0xE1, 0xC0, 0x60, 0x30, 0x60, 0x38, 0x0C, 0x18, 0x0E,
    0x03, 0x06, 0x03, 0x80, 0xC1, 0x80, 0xE0, 0x70, 0xE0, 0x70, 0x1C, 0x38, 0x1C, 0x07, 0x0E, 0x07,
    0x01, 0xC3, 0x83, 0x80, 0x70, 0xE1, 0xE0, 0x1C, 0x70, 0xF0, 0x07, 0x1C, 0x78, 0x03, 0x87, 0x3C,
    0x1F, 0xE1, 0x8E, 0x03, 0xF0, 0x00, 0x00, 0x00, 0x00, 0x1F, 0xFF, 0xFF, 0xC7, 0xFF, 0xFF, 0xF1,
    0x80, 0x00, 0x00, 0x60, 0x0E, 0x00, 0x18, 0x03, 0x80, 0x06, 0x00, 0xE0, 0x01, 0x80, 0x38, 0x00,
    0x60, 0x0E, 0x00, 0x18, 0x03, 0x80, 0x06, 0x00, 0xE0, 0x01, 0x9F, 0xFF, 0xF8, 0x67, 0xFF, 0xFE,
    0x18, 0x03, 0x80, 0x06, 0x00, 0xE0, 0x01, 0x80, 0x3B, 0x80, 0xE0, 0x0E, 0x70, 0x38, 0x03, 0x8E,
    0x0E, 0x00, 0xE1, 0xC3, 0x80, 0x38, 0x30, 0xC0, 0x0E, 0x00, 0x70, 0x03, 0x80, 0x1D, 0xFF, 0xFF,
    0xF7, 0x7F, 0xFF, 0xFD, 0x80, 0x00, 0x00, 0x00, 0x00, 0x00, 0x00, 0x1F, 0xFF, 0xFF, 0xC3, 0xFF,
    0xFF, 0xF8, 0x70, 0x00, 0x00, 0x0E, 0x00, 0xC0, 0x01, 0xC0, 0x19, 0xC0, 0x38, 0x07, 0x3C, 0x07,
    0x00, 0xE3, 0xC0, 0xE0, 0x1C, 0x38, 0x1C, 0x03, 0x80, 0x03, 0xFF, 0xFF, 0xF8, 0x7F, 0xFF, 0xFF,
    0x0E, 0x01, 0xE0, 0x01, 0xC0, 0x7C, 0x00, 0x38, 0x0F, 0xC0, 0x07, 0x01, 0xF8, 0x00, 0xE0, 0x73,
    0x80, 0x18, 0x0E, 0x70, 0x07, 0x03, 0x87, 0x00, 0xE0, 0x70, 0xF0, 0x1C, 0x1C, 0x0F, 0x03, 0x87,
    0x00, 0xF0, 0xE3, 0xE0, 0x0F, 0x1D, 0xF8, 0x00, 0xF3, 0x1C, 0x00, 0x0E, 0x00, 0x00, 0x00, 0x00,
    0x1F, 0xFF, 0xFF, 0xC7, 0xFF, 0xFF, 0xF1, 0xC0, 0x00, 0x00, 0x73, 0xFF, 0xF8, 0x1C, 0xFF, 0xFE,
    0x07, 0x30, 0x01, 0x81, 0xCF, 0xFF, 0xE0, 0x73, 0xFF, 0xF8, 0x1C, 0xC0, 0x06, 0x07, 0x30, 0x01,
    0x81, 0xCF, 0xFF, 0xE0, 0x73, 0xFF, 0xF8, 0x1C, 0x00, 0x00, 0x07, 0x3F, 0xFF, 0x81, 0xCF, 0xFF,
    0xE0, 0x70, 0x07, 0xE0, 0x18, 0x03, 0xE0, 0x0F, 0xFF, 0xFF, 0xF3, 0xFF, 0xFF, 0xFC, 0xE0, 0x0E,
    0x00, 0x30, 0x03, 0x80, 0x1C, 0x00, 0xE0, 0x07, 0x03, 0xF8, 0x01, 0x80, 0xFC, 0x00, 0x00, 0x00,
    0x00, 0x00, 0x1F, 0xFF, 0xFF, 0xC7, 0xFF, 0xFF, 0xF1, 0xC0, 0x38, 0x00, 0x70, 0x0E, 0x00, 0x1C,
    0x07, 0x00, 0x07, 0x3F, 0xFF, 0xC1, 0xCF, 0xFF, 0xF0, 0x73, 0x00, 0x1C, 0x1C, 0xC0, 0x07, 0x07,
    0x3F, 0xFF, 0xC1, 0xCF, 0xFF, 0xF0, 0x73, 0x00, 0x1C, 0x1C, 0xC0, 0x07, 0x07, 0x3F, 0xFF, 0xC1,
    0xCF, 0xFF, 0xF0, 0x60, 0x0E, 0x00, 0x18, 0x73, 0x88, 0x0E, 0x1C, 0xE7, 0x03, 0x8E, 0x38, 0xE0,
    0xE7, 0x8E, 0x3C, 0x73, 0xC3, 0x87, 0x9D, 0xE0, 0xE0, 0xF6, 0x31, 0xF8, 0x18, 0x80, 0x7C, 0x00,
    0x1F, 0xFF, 0xFF, 0xC3, 0xFF, 0xFF, 0xF8, 0x60, 0x00, 0x60, 0x0D, 0xFF, 0x0F, 0x81, 0xBF, 0xE1,
    0xB8, 0x37, 0x1C, 0x33, 0x86, 0xFF, 0x86, 0x30, 0xDF, 0xF0, 0xC0, 0x1B, 0xFE, 0x18, 0x03, 0x7F,
    0xFF, 0xF8, 0x60, 0x07, 0xFF, 0x0D, 0xFF, 0x0E, 0x01, 0xBF, 0xE3, 0xC0, 0x76, 0x0C, 0x78, 0x0E,
    0xC1, 0x8F, 0x01, 0xDF, 0xF1, 0xF0, 0x3B, 0xFE, 0x3E, 0x07, 0x60, 0xC6, 0xC0, 0xEF, 0xF9, 0xDC,
    0x19, 0xFF, 0x3B, 0x87, 0x30, 0x6E, 0x38, 0xE6, 0x0F, 0xC7, 0x1C, 0xCF, 0xF0, 0x73, 0x18, 0xFC,
    0x06, 0x03, 0x00, 0x00, 0x80, 0x00, 0x00, 0x00, 0x0F, 0xFE, 0xFF, 0xF1, 0xFF, 0xDF, 0xFE, 0x00,
    0x19, 0x81, 0xC0, 0x07, 0x38, 0x38, 0x00, 0xE7, 0x07, 0x0C, 0x1C, 0xE0, 0xC1, 0xC3, 0x9C, 0x38,
    0x1C, 0x61, 0x87, 0x03, 0xDC, 0x38, 0xE0, 0x3B, 0x87, 0x38, 0x03, 0xF0, 0xE7, 0x00, 0x3C, 0x0F,
    0xC0, 0x07, 0x81, 0xF8, 0x00, 0x70, 0x3F, 0x00, 0x1F, 0x03, 0xC0, 0x03, 0xF0, 0x78, 0x00, 0xEE,
    0x1F, 0x00, 0x3D, 0xE3, 0xF0, 0x07, 0x1C, 0xEF, 0x01, 0xC3, 0x78, 0xF0, 0x78, 0x1F, 0x0F, 0x1E,
    0x07, 0x80, 0xF3, 0x80, 0xE0, 0x0E, 0x20, 0x08, 0x00, 0x80, 0x00, 0x00, 0x00, 0x00, 0x00, 0x7E,
    0x01, 0xFF, 0xFF, 0x03, 0xFF, 0xFE, 0x01, 0xFF, 0x80, 0x00, 0xE0, 0x00, 0x00, 0x70, 0x00, 0x00,
    0x38, 0x00, 0x00, 0x1C, 0x00, 0x00, 0x0F, 0xFF, 0xFE, 0x07, 0xFF, 0xFF, 0x03, 0xB8, 0x03, 0x81,
    0xCE, 0x03, 0x80, 0xE7, 0x01, 0xC0, 0x71, 0xC1, 0xE0, 0x38, 0xE0, 0xE0, 0x1C, 0x38, 0xE0, 0x0E,
    0x1E, 0xF0, 0x06, 0x07, 0xF0, 0x07, 0x01, 0xF0, 0x03, 0x80, 0xF8, 0x01, 0xC1, 0xFF, 0x01, 0xC1,
    0xF7, 0xC0, 0xE7, 0xE1, 0xFC, 0xF7, 0xE0, 0x3F, 0x73, 0xC0, 0x07, 0x88, 0x00, 0x00, 0x00, 0x00,
    0x0C, 0x00, 0x00, 0x61, 0xC7, 0x00, 0x1C, 0x38, 0xF0, 0x03, 0x8E, 0x0E, 0x00, 0x71, 0xC0, 0xE0,
    0x1C, 0x38, 0x0C, 0x03, 0x87, 0x00, 0x00, 0xFF, 0xFF, 0xFE, 0x1F, 0xFF, 0xFF, 0xC1, 0x07, 0x00,
    0x00, 0x00, 0xE0, 0x00, 0x00, 0x38, 0x00, 0x00, 0x07, 0xFF, 0xE0, 0x01, 0xFF, 0xFC, 0x00, 0x3C,
    0x07, 0x00, 0x0F, 0xC0, 0xE0, 0x01, 0xF8, 0x3C, 0x00, 0x7B, 0x87, 0x00, 0x1E, 0x39, 0xC0, 0x07,
    0x83, 0xF8, 0x01, 0xE0, 0x7E, 0x00, 0x78, 0x0F, 0xC0, 0x1E, 0x07, 0xFE, 0x03, 0x83, 0xF3, 0xF8,
    0x03, 0xF8, 0x1F, 0xC0, 0x3C, 0x00, 0xF8, 0x04, 0x00, 0x02, 0x00, 0xFF, 0xF8, 0x00, 0x3F, 0xFE,
    0x00, 0x03, 0x0E, 0xFF, 0xF0, 0xC3, 0xBF, 0xFC, 0x30, 0xE3, 0x03, 0x0C, 0x38, 0xE1, 0xC3, 0xFE,
    0x38, 0x70, 0xFF, 0x8E, 0x1C, 0x30, 0xE1, 0x86, 0x0C, 0x38, 0x63, 0x83, 0x0E, 0x1C, 0xE0, 0xC3,
    0x87, 0x30, 0x3F, 0xE0, 0xDC, 0x0F, 0xF8, 0x3F, 0x03, 0x0E, 0x0F, 0x80, 0xC3, 0x81, 0xE0, 0x30,
    0xF8, 0x70, 0x0D, 0xFE, 0x1E, 0x0F, 0xFF, 0x8F, 0x83, 0xFF, 0x87, 0xF0, 0xE0, 0xE3, 0xCE, 0x00,
    0x39, 0xE3, 0xC0, 0x0E, 0xF0, 0x78, 0x03, 0xB8, 0x0E, 0x00, 0x64, 0x00, 0x00, 0x00, 0x00, 0x3C,
    0x00, 0xFF, 0xFF, 0x1F, 0xFF, 0xFE, 0x0F, 0xFF, 0x81, 0x01, 0xC3, 0x81, 0xC0, 0xE0, 0xE0, 0xE0,
    0x38, 0x70, 0xE0, 0x1C, 0x38, 0x70, 0x06, 0x0C, 0x70, 0x3F, 0xFF, 0xFF, 0xDF, 0xFF, 0xFF, 0xEC,
    0x00, 0x00, 0x76, 0x00, 0x00, 0x3B, 0x00, 0x00, 0x1D, 0xBF, 0xFF, 0xEC, 0x1F, 0xFF, 0xF0, 0x07,
    0x00, 0x70, 0x01, 0xC0, 0x78, 0x00, 0x70, 0x78, 0x00, 0x3E, 0x78, 0x00, 0x07, 0xF8, 0x00, 0x01,
    0xF0, 0x00, 0x07, 0xFF, 0x00, 0x3F, 0xEF, 0xF8, 0xFF, 0xC1, 0xFF, 0xBF, 0x00, 0x1F, 0x90, 0x00,
    0x00, 0x40, 0x07, 0xFF, 0xF0, 0x07, 0xFF, 0xF8, 0x00, 0xF0, 0x38, 0x00, 0x3F, 0xF0, 0x00, 0x7F,
    0xFF, 0x00, 0x7F, 0x07, 0xC0, 0xFF, 0x9F, 0xF8, 0xFF, 0xEF, 0xFE, 0x38, 0xE3, 0x8E, 0x1F, 0xE3,
    0xFE, 0x07, 0xF0, 0xFF, 0x0F, 0xFF, 0xFB, 0xE7, 0xFF, 0xFF, 0xF3, 0xFF, 0xFF, 0xF9, 0xC0, 0x00,
    0x0C, 0xEF, 0xFF, 0xE6, 0x07, 0xFF, 0xF0, 0x03, 0x00, 0x18, 0x01, 0xFF, 0xFC, 0x00, 0xFF, 0xFE,
    0x00, 0x7F, 0xFF, 0x00, 0x3F, 0xFF, 0x80, 0x18, 0x00, 0xC1, 0xFF, 0xFF, 0xFF, 0xFF, 0xFF, 0xFF,
    0x80, 0x00, 0x00, 0x07, 0xFF, 0xFF, 0xFF, 0xFF, 0xFF, 0xC0, 0x00, 0x7E, 0x00, 0x03, 0xF0, 0x00,
    0x1F, 0x80, 0x00, 0xFC, 0x00, 0x07, 0xE0, 0x00, 0x3F, 0x00, 0x01, 0xF8, 0x00, 0x0F, 0xC0, 0x00,
    0x7E, 0x00, 0x03, 0xF0, 0x00, 0x1F, 0x80, 0x00, 0xFC, 0x00, 0x07, 0xE0, 0x00, 0x3F, 0x00, 0x01,
    0xFF, 0xFF, 0xFF, 0xFF, 0xFF, 0xFE, 0x00, 0x03, 0xF0, 0x00, 0x1F, 0x80, 0x00, 0xE0, 0x1F, 0xFF,
    0xFC, 0x0F, 0xFF, 0xFE, 0x07, 0x00, 0x07, 0x03, 0x80, 0x03, 0x81, 0xC0, 0x01, 0xC0, 0xE0, 0x00,
    0xE0, 0x70, 0x00, 0x70, 0x38, 0x00, 0x38, 0x1C, 0x00, 0x1C, 0x0E, 0x00, 0x0E, 0x07, 0xFF, 0xFF,
    0x03, 0xFF, 0xFF, 0x80, 0x00, 0x00, 0x00, 0x00, 0x00, 0x00, 0x00, 0x02, 0x00, 0x03, 0x83, 0x80,
    0x03, 0xC1, 0xE0, 0x03, 0xC0, 0x7C, 0x03, 0xC0, 0x0F, 0x03, 0xC0, 0x03, 0xC3, 0xC0, 0x00, 0xF7,
    0xC0, 0x00, 0x3F, 0xC0, 0x00, 0x0E, 0x80, 0x00, 0x00, 0x00, 0x00, 0x00, 0x7F, 0xFF, 0xFF, 0xFF,
    0xFF, 0xFF, 0xE0, 0x00, 0x03, 0x80, 0x00, 0x01, 0xC0, 0x00, 0x00, 0xE0, 0x00, 0x00, 0x70, 0x3F,
    0xFC, 0x38, 0x1F, 0xFE, 0x1C, 0x0E, 0x07, 0x0E, 0x07, 0x03, 0x87, 0x03, 0x81, 0xC3, 0x81, 0xC0,
    0xE1, 0xC0, 0xE0, 0x70, 0xE0, 0x70, 0x38, 0x70, 0x3F, 0xFC, 0x38, 0x1F, 0xFE, 0x1C, 0x0E, 0x00,
    0x0E, 0x07, 0x00, 0x07, 0x03, 0x00, 0x03, 0x80, 0x00, 0x01, 0xC0, 0x00, 0x00, 0xE0, 0x00, 0x1F,
    0xF0, 0x00, 0x07, 0xF0, 0x00, 0x00, 0x00, 0x00, 0x00, 0x0C, 0x00, 0x00, 0x07, 0x00, 0x00, 0x01,
    0xC0, 0x00, 0x00, 0x70, 0x00, 0x00, 0x1C, 0x00, 0x0F, 0xFF, 0xFF, 0x83, 0xFF, 0xFF, 0xE0, 0xE0,
    0x70, 0x18, 0x38, 0x1C, 0x06, 0x0E, 0x07, 0x01, 0x83, 0x81, 0xC0, 0x60, 0xE0, 0x70, 0x18, 0x3F,
    0xFF, 0xFE, 0x0F, 0xFF, 0xFF, 0x80, 0x01, 0xC0, 0x00, 0x70, 0x70, 0x00, 0x0E, 0x1C, 0x00, 0x03,
    0x8E, 0x00, 0x00, 0x73, 0x80, 0x00, 0x1F, 0xE0, 0x00, 0x03, 0xF0, 0x00, 0x00, 0x7E, 0x00, 0x00,
    0x7F, 0xF0, 0x00, 0xFE, 0xFF, 0xF8, 0xFE, 0x0F, 0xFF, 0x9E, 0x00, 0x3F, 0xE0, 0x00, 0x00, 0x00,
    0x00, 0x10, 0x00, 0x00, 0x07, 0x00, 0x00, 0x03, 0x80, 0x00, 0x00, 0xE0, 0x00, 0x00, 0x38, 0x00,
    0x00, 0x0C, 0x00, 0x07, 0xFF, 0xFF, 0xFD, 0xFF, 0xFF, 0xFF, 0x00, 0xE0, 0x00, 0x00, 0x38, 0x00,
    0x00, 0x1C, 0x00, 0x00, 0x07, 0x00, 0x00, 0x03, 0x80, 0x00, 0x00, 0xFF, 0xFF, 0xC0, 0x7F, 0xFF,
    0xF0, 0x3F, 0x00, 0x1C, 0x1F, 0xC0, 0x07, 0x0F, 0x70, 0x01, 0xC7, 0x9C, 0x00, 0x71, 0xC7, 0x00,
    0x1C, 0x61, 0xC0, 0x07, 0x00, 0x70, 0x01, 0xC0, 0x1C, 0x00, 0x70, 0x07, 0xFF, 0xFC, 0x01, 0xFF,
    0xFF, 0x00, 0x70, 0x01, 0xC0, 0x1C, 0x00, 0x70, 0x0F, 0xFF, 0xF8, 0x07, 0xFF, 0xFC, 0x03, 0x00,
    0x06, 0x01, 0x80, 0x03, 0x00, 0xC0, 0x01, 0x80, 0x7F, 0xFF, 0xC0, 0x3F, 0xFF, 0xE0, 0x00, 0x00,
    0x00, 0x00, 0x00, 0x00, 0x00, 0x00, 0x00, 0x3F, 0xFF, 0xFF, 0xFF, 0xFF, 0xFF, 0xF0, 0x38, 0x00,
    0x00, 0x38, 0x00, 0x00, 0x1C, 0x00, 0x00, 0x0F, 0xFF, 0xF0, 0x0F, 0xFF, 0xF8, 0x00, 0x00, 0x1C,
    0x00, 0x00, 0x0E, 0x00, 0x00, 0x07, 0x00, 0x00, 0x07, 0x00, 0x00, 0x03, 0x80, 0x00, 0x7F, 0xC0,
    0x00, 0x3F, 0xC0, 0x00, 0x03, 0x00, 0x00, 0x00, 0x04, 0x00, 0x00, 0x03, 0x80, 0x00, 0x01, 0xE0,
    0x00, 0x00, 0xF8, 0x00, 0x00, 0x7F, 0x00, 0x00, 0x3D, 0xE0, 0x00, 0x1E, 0x3E, 0x00, 0x0F, 0x07,
    0xC0, 0x0F, 0x80, 0x7C, 0x0F, 0xC0, 0x0F, 0xCF, 0xFF, 0xFF, 0xFB, 0xFF, 0xFF, 0xDE, 0x60, 0x00,
    0x01, 0x00, 0x00, 0x00, 0x00, 0x00, 0x00, 0x00, 0x3F, 0xFF, 0xE0, 0x0F, 0xFF, 0xF8, 0x03, 0x80,
    0x06, 0x00, 0xE0, 0x01, 0x80, 0x38, 0x00, 0x60, 0x0E, 0x00, 0x18, 0x03, 0x80, 0x06, 0x00, 0xE0,
    0x01, 0x80, 0x3F, 0xFF, 0xE0, 0x0F, 0xFF, 0xF8, 0x03, 0x80, 0x06, 0x00, 0xE0, 0x01, 0x80, 0xFF,
    0xFF, 0xFF, 0xFF, 0xFF, 0xFF, 0x80, 0x00, 0x3F, 0x00, 0x00, 0x7E, 0x00, 0x00, 0xFD, 0xFF, 0xFD,
    0xFB, 0xFF, 0xFB, 0xF0, 0x00, 0x07, 0xE0, 0x00, 0x0F, 0xC0, 0x00, 0x1F, 0x8F, 0xFE, 0x3F, 0x1F,
    0xFC, 0x7E, 0x30, 0x18, 0xFC, 0x60, 0x31, 0xF8, 0xC0, 0x63, 0xF1, 0x80, 0xC7, 0xE3, 0x01, 0x8F,
    0xC7, 0xFF, 0x1F, 0x8F, 0xFE, 0x3F, 0x18, 0x00, 0x7E, 0x30, 0x00, 0xFC, 0x00, 0x01, 0xF8, 0x00,
    0x3F, 0xF0, 0x00, 0x3E, 0x00, 0x00, 0x00, 0x00, 0x30, 0x00, 0x01, 0xC0, 0x00, 0x0F, 0x00, 0x00,
    0x7F, 0xFF, 0x03, 0xFF, 0xFC, 0x1E, 0x00, 0xE1, 0xF0, 0x07, 0x8F, 0x80, 0x1C, 0x79, 0x80, 0xE1,
    0xCF, 0x0F, 0x00, 0x1E, 0x7C, 0x00, 0x3F, 0xC0, 0x00, 0x7E, 0x00, 0x03, 0xF0, 0x00, 0x3F, 0x80,
    0x03, 0xFF, 0xFF, 0xFF, 0xFF, 0xFF, 0xFC, 0x00, 0x36, 0x70, 0x00, 0xC1, 0xC0, 0x03, 0x07, 0x00,
    0x0C, 0x1C, 0x00, 0x30, 0x70, 0x00, 0xC1, 0xFF, 0xFF, 0x07, 0xFF, 0xFC, 0x1C, 0x00, 0x30, 0x30,
    0x00, 0xC0, 0x00, 0x00, 0x00, 0x00, 0x00, 0x1F, 0x80, 0x07, 0xFF, 0xF0, 0x3F, 0xFF, 0xF0, 0x0F,
    0xFF, 0x00, 0x03, 0x80, 0x00, 0x00, 0xE0, 0x00, 0x00, 0x38, 0x00, 0x00, 0x0F, 0xFF, 0xFF, 0xC3,
    0xFF, 0xFF, 0xF0, 0xC0, 0x00, 0x00, 0x30, 0x00, 0x00, 0x0C, 0x00, 0x00, 0x03, 0x00, 0x00, 0x00,
    0xCF, 0xFF, 0xF0, 0x73, 0xFF, 0xFC, 0x1C, 0xE0, 0x07, 0x07, 0x38, 0x01, 0xC1, 0xCE, 0x00, 0x70,
    0x73, 0x80, 0x1C, 0x38, 0xE0, 0x07, 0x0E, 0x38, 0x01, 0xC3, 0x8E, 0x00, 0x71, 0xC3, 0xFF, 0xFC,
    0x70, 0xFF, 0xFF, 0x18, 0x38, 0x01, 0xC2, 0x0E, 0x00, 0x30, 0x00, 0x30, 0x00, 0x00, 0xE0, 0x00,
    0x01, 0xC0, 0x00, 0x07, 0x80, 0x00, 0x0E, 0x00, 0x1F, 0xFF, 0xFF, 0xFF, 0xFF, 0xFF, 0xF0, 0x00,
    0x07, 0xE0, 0x00, 0x0F, 0xC0, 0x00, 0x1F, 0x80, 0x00, 0x3F, 0x1F, 0xFC, 0x7E, 0x3F, 0xF8, 0xFC,
    0x60, 0x31, 0xF8, 0xC0, 0x63, 0xF1, 0x80, 0xC7, 0xE3, 0x01, 0x8F, 0xC6, 0x03, 0x1F, 0x8C, 0x06,
    0x3F, 0x1F, 0xFC, 0x7E, 0x3F, 0xF8, 0xFC, 0x60, 0x01, 0xF8, 0xC0, 0x03, 0xF0, 0x00, 0x07, 0xE0,
    0x01, 0xFF, 0xC0, 0x01, 0xF8, 0x00, 0x00, 0x00, 0x7F, 0xFF, 0xFF, 0xDF, 0xFF, 0xFF, 0xF0, 0x00,
    0x78, 0x00, 0x00, 0x3C, 0x00, 0x00, 0x1E, 0x00, 0x00, 0x1F, 0xB8, 0x00, 0x0F, 0xEF, 0x80, 0x0F,
    0xB9, 0xF8, 0x0F, 0xCE, 0x1F, 0x1F, 0xC3, 0x81, 0xF7, 0xC0, 0xE0, 0x3C, 0xC0, 0x38, 0x02, 0x00,
    0x0E, 0x00, 0x00, 0x01, 0x00, 0x00, 0xFF, 0xFF, 0xE0, 0x3F, 0xFF, 0xF8, 0x0E, 0x00, 0x0E, 0x03,
    0x80, 0x03, 0x80, 0xE0, 0x00, 0xE0, 0x38, 0x00, 0x38, 0x0E, 0x00, 0x0E, 0x03, 0xFF, 0xFF, 0x80,
    0xFF, 0xFF, 0xE0, 0x38, 0x00, 0x38, 0x06, 0x00, 0x0E, 0x00, 0x00, 0x04, 0x00, 0x00, 0x01, 0xE0,
    0x00, 0x00, 0x78, 0x00, 0x00, 0x1F, 0x80, 0x00, 0x07, 0xBC, 0x00, 0x01, 0xE3, 0xC0, 0x00, 0xFA,
    0x3E, 0x00, 0x3E, 0xE3, 0xF0, 0x3F, 0x9F, 0x1F, 0x8F, 0xC0, 0xF1, 0xF9, 0xE0, 0x0C, 0x07, 0x03,
    0xFF, 0xFE, 0x00, 0x7F, 0xFF, 0x80, 0x00, 0x00, 0xF0, 0x00, 0x00, 0x3C, 0x00, 0x00, 0x07, 0x00,
    0x00, 0x01, 0xC0, 0x01, 0xFF, 0xFF, 0xC0, 0x3F, 0xFF, 0xF8, 0x07, 0x00, 0x07, 0x00, 0xE0, 0x00,
    0xE0, 0x1C, 0x00, 0x1C, 0x03, 0x80, 0x03, 0x80, 0x7F, 0xFF, 0xF0, 0x0F, 0xFF, 0xFE, 0x01, 0xC0,
    0x01, 0xC0, 0x18, 0x00, 0x30, 0x00, 0x00, 0x04, 0x00, 0x00, 0x07, 0x00, 0x00, 0x03, 0x80, 0x00,
    0x01, 0xC0, 0x00, 0x00, 0x70, 0x00, 0x7F, 0xFF, 0xF8, 0x3F, 0xFF, 0xFC, 0x1C, 0x00, 0x0E, 0x0E,
    0x00, 0x07, 0x07, 0x00, 0x03, 0x83, 0xFF, 0xFF, 0xC1, 0xFF, 0xFF, 0xE0, 0xE0, 0x00, 0x00, 0x70,
    0x00, 0x00, 0x30, 0x00, 0x00, 0x1B, 0xFF, 0xFE, 0x1D, 0xFF, 0xFF, 0x0E, 0xE0, 0x01, 0x87, 0x70,
    0x00, 0xC3, 0xB8, 0x00, 0x61, 0x9C, 0x00, 0x31, 0xCE, 0x00, 0x18, 0xE7, 0xFF, 0xFC, 0xE3, 0xFF,
    0xFE, 0x71, 0xC0, 0x03, 0x30, 0xE0, 0x01, 0x80, 0x00, 0x00, 0x00, 0x00, 0x06, 0x00, 0x00, 0x01,
    0xC0, 0x00, 0x00, 0x7C, 0x00, 0x00, 0x1F, 0xC0, 0x00, 0x07, 0xBC, 0x00, 0x01, 0xE3, 0xC0, 0x00,
    0xF8, 0x3E, 0x00, 0x7E, 0x01, 0xF0, 0x7F, 0xFF, 0xFF, 0xCF, 0x9F, 0xFC, 0xF9, 0xC0, 0x00, 0x06,
    0x00, 0x00, 0x00, 0x01, 0xFF, 0x3F, 0xF0, 0x3F, 0xE7, 0xFE, 0x07, 0x1C, 0xE1, 0xC0, 0xE3, 0x9C,
    0x38, 0x1C, 0x73, 0x87, 0x03, 0x8E, 0x70, 0xE0, 0x71, 0xCE, 0x1C, 0x0E, 0x39, 0xC3, 0x81, 0xFF,
    0x38, 0x70, 0x3F, 0xE7, 0x7E, 0x07, 0x00, 0xEF, 0x80, 0xE0, 0x1C, 0x00, 0x08, 0x03, 0x80, 0x00,
    0x00, 0x70, 0x00, 0x00, 0x0E, 0x00, 0x00, 0x00, 0x00, 0x00, 0x00, 0x7C, 0x00, 0x07, 0xFE, 0x00,
    0x0F, 0xFC, 0x7F, 0xF3, 0xF8, 0x3F, 0xF8, 0x1C, 0x1C, 0x1C, 0x0E, 0x0E, 0x0E, 0x07, 0x07, 0x07,
    0x03, 0x83, 0x83, 0xBF, 0xFF, 0xC1, 0xDF, 0xFF, 0xE0, 0xE0, 0x70, 0x70, 0x70, 0x7C, 0x38, 0x38,
    0x3F, 0x1C, 0x1C, 0x3F, 0xCE, 0x0E, 0x1F, 0xE7, 0x07, 0x1F, 0xBB, 0x83, 0x8D, 0xCD, 0xC1, 0xCE,
    0xE6, 0xE0, 0xEE, 0x70, 0x70, 0x7F, 0x38, 0x38, 0x3B, 0x1C, 0x1F, 0xFD, 0x0E, 0x0F, 0xFE, 0x07,
    0x07, 0x07, 0x03, 0x83, 0x83, 0x81, 0xC0, 0x80, 0x00, 0x60, 0x00, 0x00, 0x00, 0x01, 0x80, 0x00,
    0x03, 0x80, 0x00, 0x03, 0x80, 0xFE, 0x03, 0x80, 0xFE, 0x07, 0x00, 0xC6, 0xFF, 0xFF, 0xC6, 0xFF,
    0xFF, 0xC6, 0xE0, 0x07, 0xC6, 0xE0, 0x07, 0xC6, 0xE0, 0x07, 0xC6, 0xE7, 0xE7, 0xC6, 0xE7, 0xE7,
    0xC6, 0xE6, 0x67, 0xC6, 0xE6, 0x67, 0xC6, 0xE6, 0x67, 0xC6, 0xE6, 0x67, 0xC6, 0xE6, 0x67, 0xFE,
    0xE6, 0x67, 0xFE, 0xE7, 0xE7, 0xC0, 0xE7, 0xE7, 0xC0, 0xE6, 0x07, 0xC0, 0xE0, 0x07, 0x00, 0xE0,
    0x07, 0x00, 0xE0, 0x07, 0x00, 0xE0, 0x3F, 0x00, 0xE0, 0x3E, 0x00, 0x00, 0x00, 0xFF, 0xEF, 0xFF,
    0xFF, 0xDF, 0xFF, 0x83, 0xB8, 0x3F, 0x07, 0x70, 0x7F, 0xFE, 0xFF, 0xFF, 0xFD, 0xFF, 0xF8, 0x3B,
    0x83, 0xF0, 0x77, 0x07, 0xFF, 0xEF, 0xFF, 0xFF, 0xDF, 0xFF, 0x80, 0x00, 0x3F, 0x00, 0x00, 0x7E,
    0x3F, 0xF8, 0xFC, 0x7F, 0xF1, 0xF8, 0xE0, 0xE3, 0xF1, 0xC1, 0xC7, 0xE3, 0x83, 0x8F, 0xC7, 0x07,
    0x1F, 0x8E, 0x0E, 0x3F, 0x1F, 0xFC, 0x7E, 0x3F, 0xF8, 0xFC, 0x70, 0x01, 0xF8, 0x00, 0x3F, 0xF0,
    0x00, 0x7E, 0x00, 0x00, 0x00, 0x01, 0x00, 0x20, 0x00, 0x70, 0x06, 0x00, 0x06, 0x01, 0xC0, 0x00,
    0xE0, 0x38, 0x01, 0xFF, 0xC7, 0x00, 0x3F, 0xF8, 0xE0, 0x06, 0x07, 0x3F, 0xF0, 0xC0, 0xE7, 0xFE,
    0x18, 0x1C, 0xE3, 0x83, 0x03, 0xBC, 0x70, 0x7F, 0xF7, 0x8E, 0x0F, 0xFF, 0xF1, 0x81, 0x80, 0x3F,
    0x70, 0x30, 0x02, 0xEE, 0x06, 0x00, 0x0D, 0xC0, 0xFF, 0xE1, 0xF0, 0x3F, 0xFC, 0x3E, 0x07, 0xE1,
    0x83, 0xC0, 0xFC, 0x30, 0x70, 0x1F, 0x86, 0x0E, 0x03, 0x70, 0xC3, 0xE0, 0xEE, 0x18, 0x7C, 0x1D,
    0xFF, 0x1D, 0xC3, 0xBF, 0xE7, 0x3C, 0x67, 0x0F, 0xE3, 0xC4, 0xE1, 0xF8, 0x38, 0x00, 0x04, 0x02,
    0x00, 0x01, 0x00, 0x60, 0x01, 0xC0, 0x70, 0x00, 0xE0, 0x38, 0x07, 0xFF, 0xFF, 0xC3, 0xFF, 0xFF,
    0xF0, 0x00, 0xE0, 0x00, 0x00, 0x70, 0x00, 0x3F, 0xFF, 0xF8, 0x1F, 0xFF, 0xFC, 0x00, 0x0E, 0x00,
    0x00, 0x07, 0x00, 0x0F, 0xFF, 0xFF, 0xE7, 0xFF, 0xFF, 0xF0, 0x70, 0xE1, 0xC0, 0x1C, 0x71, 0xC1,
    0xFF, 0xFF, 0xFF, 0xFF, 0xFF, 0xFF, 0x80, 0x00, 0x00, 0x00, 0x00, 0x00, 0x01, 0xFF, 0xFF, 0x80,
    0xFF, 0xFF, 0xC0, 0x60, 0x00, 0xE0, 0x30, 0x00, 0x70, 0x18, 0x00, 0x38, 0x0F, 0xFF, 0xFC, 0x07,
    0xFF, 0xFE, 0x03, 0x00, 0x06, 0x00, 0x3F, 0xF3, 0xFE, 0x1F, 0xFB, 0xFF, 0x0E, 0x1D, 0xC3, 0x87,
    0x0E, 0xE1, 0xC3, 0xFF, 0x7F, 0xE1, 0xFF, 0xBF, 0xF0, 0x00, 0x00, 0x00, 0x3F, 0xFF, 0xF8, 0x1F,
    0xFF, 0xFC, 0x0E, 0x0E, 0x06, 0x07, 0x07, 0x03, 0x03, 0xFF, 0xFF, 0x81, 0xFF, 0xFF, 0xC0, 0xE0,
    0xE0, 0x60, 0x70, 0x70, 0x30, 0x38, 0x38, 0x18, 0x1F, 0xFF, 0xFC, 0x0F, 0xFF, 0xFE, 0x00, 0x07,
    0x00, 0x1F, 0xFF, 0xFF, 0xFF, 0xFF, 0xFF, 0xF8, 0x00, 0xE0, 0x00, 0x00, 0x70, 0x00, 0x00, 0x38,
    0x00, 0x00, 0x1C, 0x00, 0x00, 0x1F, 0xF1, 0xFF, 0x03, 0xFE, 0x3F, 0xE0, 0x70, 0xC6, 0x1C, 0x0E,
    0x18, 0xC3, 0x81, 0xC3, 0x18, 0x70, 0x38, 0x63, 0x0E, 0x07, 0xFC, 0x7F, 0xC0, 0xFF, 0xEF, 0xF8,
    0x00, 0x1C, 0x78, 0x00, 0x07, 0x07, 0x81, 0xFF, 0xFF, 0xFF, 0x3F, 0xFF, 0xFF, 0xE0, 0x1E, 0x0E,
    0x00, 0x07, 0x80, 0xF0, 0x01, 0xE0, 0x0F, 0x80, 0xF8, 0x00, 0xFC, 0x7F, 0xF1, 0xFF, 0xCF, 0xFE,
    0x3F, 0xF8, 0xF0, 0xC6, 0x1C, 0x0E, 0x18, 0xC3, 0x81, 0xC3, 0x18, 0x70, 0x38, 0x63, 0x0E, 0x07,
    0xFC, 0x7F, 0xC0, 0xFF, 0x8F, 0xF8, 0x1C, 0x01, 0x83, 0x00, 0x00, 0x1C, 0x00, 0x00, 0x0E, 0x00,
    0x1F, 0xFF, 0xFF, 0xCF, 0xFF, 0xFF, 0xE1, 0xFF, 0xFF, 0xC0, 0xE0, 0xE0, 0xE0, 0x7F, 0xFF, 0xF0,
    0x00, 0x38, 0x00, 0x00, 0x1C, 0x00, 0x7F, 0xFF, 0xFF, 0xF8, 0x00, 0x00, 0xFD, 0xFE, 0xFF, 0x70,
    0xC3, 0x61, 0x80, 0x7F, 0xBF, 0xC0, 0xFF, 0xFF, 0xF8, 0x7F, 0xFF, 0xFC, 0x01, 0xC1, 0xC0, 0x1F,
    0xFF, 0xFF, 0x07, 0xFF, 0xFF, 0x1F, 0xFF, 0xFF, 0xF7, 0xFF, 0xFF, 0xF8, 0xFF, 0x39, 0xF3, 0xFC,
    0x0F, 0xE1, 0xE6, 0xF9, 0xF0, 0x07, 0xFC, 0x7F, 0x83, 0xF0, 0x07, 0xC1, 0x80, 0x00, 0x00, 0xFF,
    0xFF, 0xFF, 0xFF, 0xFF, 0xFF, 0x87, 0x1C, 0x3F, 0x0E, 0x38, 0x7E, 0x1C, 0x70, 0xFC, 0x38, 0xE1,
    0xF8, 0x71, 0xC3, 0xF0, 0xE3, 0x87, 0xE1, 0x87, 0x0F, 0xC7, 0x0E, 0x1F, 0x8E, 0x1C, 0x3F, 0x1C,
    0x38, 0x7E, 0x70, 0x7F, 0xFD, 0xE0, 0x7F, 0xFF, 0x80, 0x03, 0xFE, 0x00, 0x07, 0xE0, 0x00, 0x0F,
    0xC0, 0x00, 0x1F, 0xFF, 0xFF, 0xFF, 0xFF, 0xFF, 0xFE, 0x00, 0x00, 0xFC, 0x00, 0x01, 0xF8, 0x00,
    0x00, 0x00, 0x00, 0x00, 0x01, 0xFF, 0xFF, 0xFF, 0xFF, 0xFF, 0xFF, 0x00, 0x00, 0x7E, 0x00, 0x00,
    0xFC, 0x00, 0x01, 0xF8, 0x00, 0x03, 0xF1, 0xFF, 0xC7, 0xE3, 0xFF, 0x8F, 0xC6, 0x07, 0x1F, 0x8C,
    0x0E, 0x3F, 0x18, 0x1C, 0x7E, 0x30, 0x38, 0xFC, 0x60, 0x71, 0xF8, 0xC0, 0xE3, 0xF1, 0xFF, 0xC7,
    0xE3, 0xFF, 0x8F, 0xC0, 0x00, 0x1F, 0x80, 0x00, 0x3F, 0x00, 0x00, 0x7E, 0x00, 0x00, 0xFC, 0x00,
    0x01, 0xFF, 0xFF, 0xFF, 0xFF, 0xFF, 0xFF, 0xE0, 0x00, 0x0F, 0x80, 0x00, 0x0C, 0xFF, 0xFF, 0xFF,
    0xFF, 0xFF, 0xFF, 0x80, 0xC0, 0x1F, 0x01, 0xC0, 0x3E, 0x03, 0x80, 0x7D, 0xFF, 0xFC, 0xFB, 0xFF,
    0xF9, 0xF0, 0x1C, 0x03, 0xE0, 0x38, 0x07, 0xCF, 0xFF, 0x8F, 0x9F, 0xFF, 0x1F, 0x01, 0xC0, 0x3E,
    0x03, 0x80, 0x7F, 0xFF, 0xFE, 0xFF, 0xFF, 0xFD, 0xF0, 0x1C, 0x33, 0xE0, 0x38, 0x67, 0xC0, 0x77,
    0xCF, 0x80, 0xEF, 0x9F, 0x01, 0xC0, 0x3E, 0x03, 0x80, 0x7F, 0xFF, 0xFF, 0xFF, 0xFF, 0xFF, 0xF0,
    0x00, 0x03, 0xC0, 0x00, 0x06, 0xFF, 0xFF, 0xFF, 0xFF, 0xFF, 0xFF, 0x80, 0x00, 0x3F, 0x01, 0xC0,
    0x7E, 0x03, 0x80, 0xFC, 0x07, 0x01, 0xFB, 0xFF, 0xFB, 0xF7, 0xFF, 0xFF, 0xE0, 0x38, 0x0F, 0xC0,
    0x70, 0x1F, 0x80, 0xE0, 0x3F, 0x1F, 0xFE, 0x7E, 0x3F, 0xFC, 0xFC, 0x60, 0x39, 0xF8, 0xC0, 0x73,
    0xF1, 0x80, 0xE7, 0xE3, 0x01, 0xCF, 0xC7, 0xFF, 0x9F, 0x8F, 0xFF, 0x3F, 0x00, 0x00, 0x7E, 0x00,
    0x00, 0xFF, 0xFF, 0xFF, 0xFF, 0xFF, 0xFF, 0xF0, 0x00, 0x07, 0xE0, 0x00, 0x0E, 0xFF, 0xFF, 0xFF,
    0xFF, 0xFF, 0xFF, 0x81, 0x80, 0x3F, 0x07, 0x00, 0x7E, 0x1F, 0xFC, 0xFC, 0x7F, 0xF9, 0xF9, 0xE0,
    0xF3, 0xFF, 0xE3, 0xC7, 0xFC, 0xFF, 0x0F, 0xC0, 0xF8, 0x1F, 0x87, 0xFC, 0x3F, 0x7F, 0x7F, 0x7F,
    0xF8, 0x3F, 0xFF, 0xDF, 0x0F, 0xF8, 0x3F, 0x83, 0xF0, 0x0F, 0x87, 0xE3, 0xC2, 0x0F, 0xCF, 0xF8,
    0x1F, 0x83, 0xFE, 0x3F, 0x00, 0x7C, 0x7E, 0x00, 0x08, 0xFF, 0xFF, 0xFF, 0xFF, 0xFF, 0xFF, 0xF0,
    0x00, 0x07, 0xC0, 0x00, 0x06, 0xFF, 0xFF, 0xFF, 0xFF, 0xFF, 0xFF, 0x81, 0x80, 0x3F, 0x1F, 0xFC,
    0x7E, 0x7F, 0xF8, 0xFC, 0x1C, 0x31, 0xFB, 0xFF, 0xFB, 0xFF, 0xFF, 0xFF, 0xE0, 0x00, 0x0F, 0xCF,
    0xFF, 0x9F, 0x9C, 0x07, 0x3F, 0x38, 0x0E, 0x7E, 0x7F, 0xFC, 0xFC, 0x03, 0x81, 0xFB, 0xFF, 0xFF,
    0xF7, 0xFF, 0xF7, 0xE6, 0x1C, 0x0F, 0xCF, 0xFF, 0xDF, 0xBF, 0xFF, 0xBF, 0x00, 0xE0, 0x7E, 0x01,
    0xC0, 0xFF, 0xFF, 0xFF, 0xFF, 0xFF, 0xFF, 0xF0, 0x00, 0x07, 0xC0, 0x00, 0x06, 0xFF, 0xFF, 0xFF,
    0xFF, 0xFF, 0xFF, 0x8F, 0xFE, 0x1F, 0x3F, 0xFE, 0x3E, 0x70, 0x1C, 0x7C, 0xE0, 0x38, 0xF9, 0xFF,
    0xF1, 0xF1, 0xFF, 0xC3, 0xFF, 0xFF, 0xF7, 0xFF, 0xFF, 0xEF, 0x80, 0xE0, 0x1F, 0x7F, 0xFF, 0x3E,
    0xFF, 0xFE, 0x7D, 0xC0, 0x1C, 0xFB, 0xBF, 0xB9, 0xF7, 0x63, 0x73, 0xEE, 0xFE, 0xE7, 0xDC, 0x01,
    0xCF, 0xBF, 0xFF, 0x9F, 0x7F, 0xFF, 0x3E, 0x00, 0x00, 0x7F, 0xFF, 0xFF, 0xFF, 0xFF, 0xFF, 0xF0,
    0x00, 0x03, 0xC0, 0x00, 0x06, 0x00, 0x40, 0x00, 0x00, 0x38, 0x00, 0x00, 0x1C, 0x00, 0x00, 0x1C,
    0x00, 0x00, 0x0E, 0x00, 0x07, 0xFF, 0xFF, 0xFF, 0xFF, 0xFF, 0xFE, 0x03, 0x80, 0x00, 0x03, 0x81,
    0x80, 0x03, 0xC0, 0xE0, 0x01, 0xC0, 0x70, 0x01, 0xE0, 0x38, 0x01, 0xE0, 0x1C, 0x00, 0xF0, 0x0E,
    0x00, 0xF9, 0xFF, 0xFD, 0xFC, 0xFF, 0xFE, 0xEE, 0x01, 0xC0, 0x67, 0x00, 0xE0, 0x03, 0x80, 0x70,
    0x01, 0xC0, 0x38, 0x00, 0xE0, 0x1C, 0x00, 0x70, 0x0E, 0x00, 0x38, 0x07, 0x00, 0x1C, 0x03, 0x80,
    0x0E, 0xFF, 0xFF, 0x87, 0x7F, 0xFF, 0xC3, 0x00, 0x00, 0x00, 0x00, 0x00, 0x60, 0x01, 0xC0, 0x0C,
    0x00, 0x38, 0x01, 0x80, 0x07, 0x0E, 0x30, 0x00, 0xE1, 0xC6, 0x00, 0x1C, 0x38, 0xC3, 0x03, 0x87,
    0x1B, 0xE3, 0xFE, 0xE3, 0xFC, 0x7F, 0xDD, 0xFF, 0x81, 0xC3, 0xFE, 0x30, 0x38, 0x7F, 0x86, 0x07,
    0x3F, 0xB0, 0xC0, 0xEF, 0xC6, 0x38, 0x1C, 0xF8, 0xC7, 0x03, 0x87, 0x18, 0xE0, 0x70, 0xE3, 0x1C,
    0x0E, 0xDC, 0x63, 0x81, 0xFB, 0x8D, 0xF0, 0x7F, 0x71, 0xBC, 0x3F, 0x8E, 0x30, 0x07, 0xC1, 0xC6,
    0x0C, 0xE0, 0x38, 0x01, 0x80, 0x07, 0x00, 0x30, 0x00, 0xF0, 0x0E, 0x00, 0x0F, 0xFF, 0xC0, 0x01,
    0xFF, 0xF0, 0x00, 0x00, 0x30, 0x00, 0xC0, 0x0E, 0x00, 0x18, 0x01, 0xC0, 0x03, 0x00, 0x38, 0x00,
    0x60, 0x07, 0x00, 0x0C, 0x00, 0xE0, 0x01, 0x87, 0x1C, 0x03, 0xFF, 0xE3, 0x80, 0x7F, 0xFC, 0x70,
    0x00, 0xC3, 0x8E, 0x00, 0x18, 0x71, 0xFF, 0x03, 0x0E, 0x3F, 0xE0, 0x61, 0xC7, 0x00, 0x0C, 0x38,
    0xE0, 0x01, 0x87, 0x1C, 0x00, 0x33, 0xE3, 0x80, 0x07, 0xFC, 0x70, 0x01, 0xFF, 0x8E, 0x00, 0xFE,
    0x71, 0xC0, 0x3F, 0x0E, 0x38, 0x07, 0x81, 0xC7, 0x00, 0x00, 0x38, 0xE0, 0x00, 0x07, 0x1C, 0x00,
    0x07, 0xFF, 0xFE, 0x00, 0xFF, 0xFF, 0xC0, 0x00, 0x00, 0x00, 0x00, 0x0E, 0x00, 0x01, 0xC7, 0x0E,
    0x00, 0xE3, 0x87, 0x00, 0x61, 0xC3, 0x80, 0x70, 0xE1, 0x80, 0x38, 0x71, 0xC0, 0x1C, 0x38, 0xE0,
    0x1F, 0x1C, 0xF8, 0x1F, 0xCE, 0x7E, 0x0E, 0x77, 0x77, 0x8F, 0x3F, 0xF9, 0xEF, 0x0D, 0xF8, 0x7F,
    0x00, 0xF8, 0x1D, 0x00, 0x70, 0x04, 0x00, 0x38, 0x00, 0x3F, 0xFF, 0xFE, 0x1F, 0xFF, 0xFF, 0x00,
    0x07, 0x00, 0x00, 0x03, 0x80, 0x00, 0x01, 0xC0, 0x00, 0x00, 0xE0, 0x00, 0x00, 0x70, 0x01, 0xFF,
    0xFF, 0xFF, 0xFF, 0xFF, 0xFF, 0x80, 0x01, 0x80, 0x00, 0x18, 0xCF, 0xFF, 0x0C, 0x67, 0xFF, 0x86,
    0x31, 0x81, 0xC3, 0x18, 0xE1, 0xC1, 0x8C, 0x30, 0xE0, 0xC6, 0x1C, 0xE0, 0x63, 0x07, 0xF0, 0x31,
    0x83, 0xF0, 0x18, 0xC0, 0xF0, 0x0C, 0x60, 0xFC, 0x06, 0x31, 0xFF, 0x83, 0x1B, 0xF3, 0xF9, 0x8D,
    0xE0, 0x7C, 0x06, 0x40, 0x0C, 0x00, 0x38, 0x00, 0x00, 0x1C, 0x00, 0x0F, 0xFF, 0xFE, 0x07, 0xFF,
    0xFF, 0x00, 0x03, 0x80, 0x00, 0x01, 0xC0, 0x00, 0x00, 0xE0, 0x00, 0x00, 0x70, 0x01, 0xFF, 0xFF,
    0xFF, 0xFF, 0xFF, 0xFF, 0x80, 0x00, 0x00, 0x30, 0x01, 0x80, 0x06, 0xE0, 0x30, 0x00, 0xDE, 0x06,
    0x00, 0x19, 0xE0, 0xC0, 0x03, 0x18, 0x19, 0xFF, 0xFF, 0x83, 0x3F, 0xFF, 0xF0, 0x60, 0x01, 0x80,
    0x7F, 0x80, 0x30, 0x0F, 0xFF, 0xF6, 0x30, 0x31, 0xFE, 0xE6, 0x06, 0x39, 0xDD, 0xC0, 0xC7, 0x3B,
    0xB8, 0x18, 0xE7, 0x76, 0x03, 0x1C, 0xEF, 0xC0, 0x63, 0x9D, 0xF8, 0x0C, 0x7F, 0xBE, 0x01, 0xBF,
    0xF3, 0xC0, 0x3E, 0x00, 0x70, 0x0F, 0xC1, 0xEE, 0x07, 0xE3, 0xFF, 0xC8, 0xF1, 0xFE, 0xF9, 0x98,
    0x3E, 0x3B, 0xB0, 0x04, 0x1E, 0x76, 0x00, 0x03, 0x87, 0xC0, 0x00, 0x60, 0x70, 0x00, 0x00, 0x00,
    0x3F, 0xFB, 0xFF, 0x9F, 0xFD, 0xFF, 0xCE, 0x70, 0x60, 0xE7, 0x38, 0x38, 0x63, 0xFF, 0x9C, 0x71,
    0xFF, 0xC6, 0x38, 0xE0, 0x63, 0xB8, 0x70, 0x30, 0xFC, 0x3F, 0xF8, 0x7C, 0x1F, 0xFC, 0x3E, 0x0E,
    0x70, 0x3F, 0x87, 0x38, 0x3D, 0xE3, 0xFF, 0xFC, 0x7D, 0xFF, 0xFC, 0x1E, 0x00, 0x38, 0x02, 0x00,
    0x1C, 0x00, 0x0F, 0xFF, 0xFE, 0x07, 0xFF, 0xFF, 0x00, 0x03, 0x80, 0x00, 0x01, 0xC0, 0x00, 0x00,
    0xE0, 0x00, 0x00, 0x70, 0x01, 0xFF, 0xFF, 0xFF, 0xFF, 0xFF, 0xFF, 0x80, 0x00, 0x00, 0xC0, 0x03,
    0x00, 0x38, 0x00, 0xC0, 0x0E, 0x00, 0x31, 0xFF, 0xFE, 0x0C, 0x7F, 0xFF, 0x83, 0x06, 0x38, 0x80,
    0xC1, 0xCE, 0x71, 0xFE, 0x3B, 0xB8, 0x7F, 0x8E, 0xEE, 0x03, 0x01, 0xBB, 0x00, 0xCF, 0xFF, 0xFC,
    0x33, 0xFF, 0xFF, 0x0C, 0x00, 0x00, 0x03, 0x00, 0x00, 0x00, 0xC3, 0xFF, 0xF8, 0x30, 0xFF, 0xFE,
    0x0D, 0xB0, 0x03, 0x83, 0xED, 0xFE, 0xE3, 0xFB, 0x7F, 0xB9, 0xF8, 0xD8, 0x6E, 0x78, 0x37, 0x1B,
    0x98, 0x0D, 0xFE, 0xE0, 0x03, 0x00, 0x38, 0x00, 0xFF, 0xFE, 0x00, 0x3F, 0xFF, 0x80, 0x0C, 0x00,
    0xE0, 0x03, 0x00, 0x10, 0x00, 0x08, 0x08, 0x1C, 0x1C, 0x1C, 0x1C, 0x1C, 0x1C, 0x1C, 0x0E, 0x38,
    0x1C, 0x7F, 0xFF, 0x1C, 0x7F, 0xFF, 0x1C, 0x69, 0x87, 0xFF, 0x7D, 0x9F, 0xFF, 0x6D, 0x9F, 0x1C,
    0x6F, 0xB7, 0x1C, 0x67, 0xF7, 0x1C, 0x65, 0xA7, 0x1C, 0x7F, 0xFF, 0x1C, 0x7F, 0xFF, 0x1C, 0x00,
    0x00, 0x1C, 0x00, 0x00, 0x1C, 0x3F, 0xFE, 0x1C, 0x3F, 0xFE, 0x1F, 0xB8, 0x0E, 0x3F, 0x3F, 0xFE,
    0xFC, 0x3F, 0xFE, 0xF0, 0x38, 0x0E, 0xC0, 0x38, 0x0E, 0x00, 0x3F, 0xFE, 0x00, 0x3F, 0xFE, 0x00,
    0x38, 0x0E, 0x00, 0x30, 0x0C, 0x00, 0x00, 0x10, 0x0F, 0xFE, 0x0C, 0x03, 0xFF, 0x83, 0x80, 0xE0,
    0xFF, 0xFF, 0x38, 0x3F, 0xFF, 0x8E, 0x0E, 0x71, 0xC3, 0xFF, 0x9C, 0x60, 0xFF, 0xFF, 0xFF, 0x38,
    0x07, 0xFF, 0xCF, 0xFE, 0x0E, 0x03, 0xFF, 0x83, 0x80, 0xFF, 0xE0, 0xE0, 0x3C, 0x3F, 0xFF, 0xDF,
    0x0F, 0xFF, 0xF7, 0xFF, 0x83, 0x81, 0xBF, 0xE0, 0xE0, 0x20, 0x0E, 0x38, 0x00, 0x03, 0x80, 0x00,
    0x00, 0xE0, 0x00, 0x3F, 0xFF, 0xFC, 0x0F, 0xFF, 0xFF, 0x00, 0x03, 0x80, 0x00, 0x00, 0xE0, 0x00,
    0x00, 0x38, 0x00, 0x7F, 0xFF, 0xFF, 0xDF, 0xFF, 0xFF, 0xF0, 0x01, 0x80, 0x60, 0x00, 0x70, 0x1C,
    0x00, 0x0E, 0x03, 0x80, 0x01, 0xC0, 0x70, 0x02, 0x38, 0x0E, 0x00, 0xE7, 0x01, 0xC0, 0x0E, 0xE0,
    0x38, 0x01, 0xDC, 0x07, 0x00, 0x1F, 0x80, 0xE0, 0x03, 0xF0, 0x1C, 0x00, 0x2F, 0xFF, 0xFF, 0x01,
    0xFF, 0xFF, 0xE0, 0x38, 0x0E, 0x00, 0x07, 0x01, 0xC0, 0x00, 0xE0, 0x38, 0x00, 0x1C, 0x07, 0x00,
    0x0F, 0x80, 0xE0, 0x03, 0xF0, 0x1C, 0x01, 0xFE, 0x03, 0x80, 0x3D, 0xC0, 0x70, 0x06, 0x38, 0x0E,
    0x00, 0x07, 0x01, 0xC0, 0x00, 0xE0, 0x38, 0x00, 0x1D, 0xFF, 0xFE, 0x03, 0xBF, 0xFF, 0xC0, 0x70,
    0x00, 0x00, 0x04, 0x00, 0x00, 0x00, 0x00, 0xC0, 0x60, 0x00, 0x38, 0x0E, 0x00, 0xE7, 0x01, 0xC0,
    0x1C, 0xE0, 0x38, 0x03, 0x9C, 0x07, 0x00, 0x73, 0x80, 0xE0, 0x0E, 0x70, 0x1C, 0x01, 0xCE, 0x03,
    0x80, 0x39, 0xC0, 0x70, 0x07, 0xF8, 0x0E, 0x00, 0xFF, 0xFF, 0xFF, 0x00, 0xFF, 0xFF, 0xE0, 0x1C,
    0x07, 0x00, 0x03, 0x80, 0xE0, 0x00, 0x70, 0x1C, 0x03, 0xFE, 0x03, 0x80, 0x7F, 0xC0, 0x70, 0x07,
    0x38, 0x0E, 0x00, 0xE7, 0x01, 0xC0, 0x1C, 0xE0, 0x38, 0x03, 0x9C, 0x07, 0x00, 0x73, 0x80, 0xE0,
    0x0C, 0x70, 0x1C, 0x03, 0x8E, 0xFF, 0xFE, 0x71, 0xDF, 0xFF, 0xCC, 0x38, 0x00, 0x00, 0x02, 0x00,
    0x00, 0x00, 0x00, 0x0E, 0x00, 0x00, 0x03, 0x80, 0x00, 0x00, 0xE0, 0x00, 0xFF, 0xFF, 0xFF, 0x3F,
    0xFF, 0xFF, 0xC0, 0x03, 0x80, 0x00, 0x00, 0xE0, 0x00, 0x7F, 0xFF, 0xFC, 0x1F, 0xFF, 0xFF, 0x00,
    0x00, 0x00, 0x00, 0x00, 0x00, 0x00, 0x3F, 0xFF, 0xFC, 0x0F, 0xFF, 0xFF, 0x03, 0x83, 0x81, 0xC0,
    0xE0, 0xE0, 0x70, 0x38, 0x38, 0x1C, 0x0C, 0x0E, 0x07, 0x03, 0x03, 0x81, 0xC0, 0xFF, 0xFF, 0xF0,
    0x7F, 0xFF, 0xFC, 0x1C, 0x00, 0x07, 0x07, 0x00, 0x00, 0x83, 0x80, 0x00, 0x00, 0xE0, 0x00, 0x00,
    0x70, 0x00, 0x00, 0x1C, 0x00, 0x00, 0x02, 0x00, 0x00, 0x00, 0x00, 0x00, 0x60, 0x00, 0xE0, 0x1C,
    0x00, 0x1C, 0x03, 0x80, 0x03, 0x80, 0x70, 0x00, 0x70, 0x0E, 0x00, 0x0F, 0xF9, 0xC0, 0x03, 0xFF,
    0x38, 0x00, 0x70, 0xE7, 0x80, 0x0E, 0x1C, 0xF8, 0x03, 0xC3, 0x9F, 0x80, 0x78, 0x63, 0xF8, 0x0F,
    0x1C, 0x77, 0x03, 0xE3, 0x8E, 0x70, 0xFE, 0x71, 0xC7, 0x1D, 0xDC, 0x38, 0xF0, 0x1F, 0x87, 0x0C,
    0x03, 0xE0, 0xE0, 0x00, 0x3C, 0x1C, 0x00, 0x07, 0x83, 0x80, 0x01, 0xF8, 0x70, 0x00, 0x3F, 0x8E,
    0x00, 0x0E, 0x7C, 0x00, 0x07, 0xC7, 0xF8, 0x01, 0xF0, 0x7F, 0xFE, 0x78, 0x01, 0xFF, 0xC6, 0x00,
    0x00, 0x00, 0x00, 0x00, 0x00, 0x00, 0x00, 0x30, 0x00, 0x00, 0x0E, 0x00, 0x00, 0x03, 0xC0, 0x00,
    0x00, 0xFF, 0xFE, 0x00, 0x3F, 0xFF, 0xC0, 0x0F, 0x80, 0xF0, 0x07, 0xF8, 0x3C, 0x01, 0xF7, 0x8F,
    0x00, 0x38, 0x7F, 0xC0, 0x00, 0x07, 0xF0, 0x00, 0x03, 0xFF, 0xC0, 0x07, 0xFD, 0xFF, 0x87, 0xFC,
    0x07, 0xFC, 0xFE, 0x00, 0x1F, 0x9F, 0xFF, 0xFF, 0x80, 0x7F, 0xFF, 0xF0, 0x0E, 0x0E, 0x0E, 0x01,
    0xC1, 0xC1, 0xC0, 0x38, 0x38, 0x38, 0x07, 0xFF, 0xFF, 0x00, 0xFF, 0xFF, 0xE0, 0x1C, 0x1C, 0x1C,
    0x03, 0x83, 0x83, 0x80, 0x70, 0x70, 0x70, 0x0F, 0xFF, 0xFE, 0x01, 0xFF, 0xFF, 0xC0, 0x38, 0x00,
    0x38, 0x00, 0x01, 0x00, 0x00, 0x00, 0x70, 0x00, 0x00, 0x0E, 0x00, 0x00, 0x03, 0xFF, 0xFF, 0xC0,
    0xFF, 0xFF, 0xF8, 0x3C, 0x00, 0x00, 0x0F, 0x00, 0x00, 0x03, 0xFF, 0xFF, 0xF0, 0x37, 0xFF, 0xFE,
    0x04, 0xE0, 0x01, 0xC0, 0x1F, 0xFF, 0xF8, 0x03, 0xFF, 0xFF, 0x00, 0x70, 0x00, 0xE0, 0x0F, 0xFF,
    0xFC, 0x01, 0xFF, 0xFF, 0x80, 0x07, 0x00, 0x00, 0x01, 0xC0, 0x00, 0x00, 0x7F, 0xFF, 0x80, 0x1F,
    0xFF, 0xF0, 0x0F, 0xE0, 0x3C, 0x03, 0xCF, 0x1F, 0x00, 0x30, 0xFF, 0xC0, 0x00, 0x0F, 0xE0, 0x00,
    0x3F, 0xFF, 0xF0, 0x7F, 0xF1, 0xFF, 0xCF, 0xF0, 0x03, 0xF8, 0x80, 0x00, 0x00, 0x00, 0x06, 0x01,
    0xC0, 0x01, 0xC0, 0x70, 0x00, 0xE0, 0x1C, 0x00, 0x38, 0x07, 0x00, 0x0E, 0x01, 0xC0, 0x03, 0xFE,
    0x70, 0x01, 0xFF, 0x9C, 0x00, 0x70, 0xE7, 0x00, 0x38, 0x39, 0xC0, 0x0E, 0x0E, 0x78, 0x07, 0x83,
    0x9F, 0x81, 0xE1, 0xC7, 0xF0, 0xFC, 0x71, 0xDE, 0x3F, 0xDC, 0x73, 0xC4, 0x7E, 0x1C, 0x78, 0x0F,
    0x87, 0x0E, 0x01, 0xE1, 0xC1, 0x80, 0x70, 0x70, 0x00, 0x3C, 0x1C, 0x00, 0x1E, 0x07, 0x00, 0x07,
    0x01, 0xC0, 0x03, 0xC0, 0x70, 0x03, 0xE0, 0x1C, 0x01, 0xF0, 0x07, 0x00, 0xF8, 0x01, 0xC0, 0x18,
    0x00, 0x70, 0x00, 0x00, 0x1C, 0x00, 0x00, 0x20, 0x00, 0x00, 0x78, 0x00, 0x00, 0xF0, 0x00, 0x01,
    0xFF, 0xF0, 0x03, 0xFF, 0xF0, 0x0F, 0x81, 0xE0, 0x3E, 0x03, 0xC0, 0x7F, 0x87, 0x80, 0x73, 0xCF,
    0x00, 0x01, 0xFE, 0x00, 0x00, 0xFF, 0x80, 0x03, 0xF7, 0x80, 0x1F, 0xCF, 0x00, 0xFF, 0x1F, 0xFF,
    0xF8, 0x3F, 0xFF, 0x40, 0xF8, 0x0E, 0x01, 0xE0, 0x1C, 0x0F, 0xD0, 0x3C, 0x1F, 0x38, 0x78, 0x0C,
    0x1F, 0xF0, 0x00, 0x0F, 0xE0, 0x00, 0x1F, 0x80, 0x00, 0xFF, 0x00, 0x1F, 0xFC, 0x00, 0xFF, 0xE0,
    0x00, 0xFF, 0x00, 0x00, 0x60, 0x00, 0x00, 0x00, 0x1C, 0x00, 0x00, 0x0E, 0x00, 0x00, 0x07, 0x00,
    0x00, 0x03, 0x80, 0x00, 0x01, 0xC0, 0x00, 0x00, 0xE0, 0x00, 0x00, 0x70, 0x00, 0x00, 0x38, 0x00,
    0x00, 0x1C, 0x00, 0x7F, 0xFF, 0xFF, 0xFF, 0xFF, 0xFF, 0xE0, 0x07, 0xC0, 0x00, 0x03, 0xE0, 0x00,
    0x01, 0xF8, 0x00, 0x01, 0xDC, 0x00, 0x00, 0xEE, 0x00, 0x00, 0xF3, 0x80, 0x00, 0x71, 0xE0, 0x00,
    0x78, 0x70, 0x00, 0x78, 0x1C, 0x00, 0x38, 0x0F, 0x00, 0x3C, 0x03, 0xC0, 0x7C, 0x00, 0xF0, 0x7C,
    0x00, 0x3E, 0xF8, 0x00, 0x0F, 0xB8, 0x00, 0x03, 0x80, 0x00, 0x00, 0x40, 0x00, 0x00, 0x00, 0x1F,
    0xFF, 0xFF, 0xC7, 0xFF, 0xFF, 0xF0, 0x00, 0x70, 0x00, 0x00, 0x1C, 0x00, 0x00, 0x07, 0x00, 0x00,
    0x01, 0xC0, 0x00, 0x00, 0x70, 0x00, 0x00, 0x1C, 0x00, 0x3F, 0xFF, 0xFF, 0xEF, 0xFF, 0xFF, 0xF8,
    0x00, 0xF8, 0x00, 0x00, 0x3E, 0x00, 0x00, 0x0F, 0xC0, 0x00, 0x07, 0x70, 0x00, 0x03, 0xCE, 0x00,
    0x00, 0xE3, 0x80, 0x00, 0x78, 0x70, 0x00, 0x3C, 0x1E, 0x00, 0x1E, 0x03, 0xE0, 0x1F, 0x00, 0x7C,
    0x1F, 0x80, 0x0F, 0xCF, 0x80, 0x00, 0xF9, 0xC0, 0x00, 0x1E, 0x00, 0x00, 0x00, 0x00, 0x00, 0x1C,
    0x00, 0x01, 0xC7, 0x00, 0x00, 0x71, 0xC0, 0x00, 0x38, 0x70, 0x00, 0x0E, 0x1C, 0x00, 0x03, 0x87,
    0x00, 0x01, 0xFF, 0xFF, 0xE0, 0x7F, 0xFF, 0xF8, 0x38, 0x1C, 0x00, 0x1E, 0x07, 0x00, 0x07, 0x01,
    0xC0, 0x01, 0x80, 0x70, 0x00, 0x00, 0x1C, 0x00, 0x3F, 0xFF, 0xFF, 0xEF, 0xFF, 0xFF, 0xF8, 0x00,
    0xF8, 0x00, 0x00, 0x3E, 0x00, 0x00, 0x1D, 0xC0, 0x00, 0x0F, 0x78, 0x00, 0x03, 0x8F, 0x00, 0x01,
    0xE1, 0xC0, 0x01, 0xF0, 0x3C, 0x00, 0xF8, 0x0F, 0x80, 0xFC, 0x00, 0xFC, 0xFC, 0x00, 0x1F, 0xBC,
    0x00, 0x01, 0xE4, 0x00, 0x00, 0x10, 0x06, 0x00, 0x00, 0x03, 0x80, 0x00, 0x00, 0xE0, 0x00, 0x00,
    0x38, 0x3F, 0xFE, 0x0E, 0x0F, 0xFF, 0x83, 0x00, 0x01, 0xC7, 0xFF, 0x00, 0xE1, 0xFF, 0xC0, 0x78,
    0x1C, 0x70, 0x3C, 0x07, 0x1C, 0x0E, 0x01, 0x86, 0x03, 0x00, 0x61, 0x80, 0xC0, 0x38, 0xE0, 0x30,
    0x0E, 0x3F, 0xFF, 0xF3, 0x8F, 0xFF, 0xFC, 0xE3, 0x00, 0xC0, 0x3D, 0xC0, 0x30, 0x07, 0xF0, 0x0C,
    0x00, 0xF8, 0x03, 0x00, 0x1F, 0x00, 0xC0, 0x07, 0xE0, 0x30, 0x03, 0xBC, 0x0C, 0x01, 0xE7, 0x03,
    0x01, 0xF0, 0x81, 0xC0, 0x78, 0x03, 0xF0, 0x18, 0x00, 0xFC, 0x00, 0x00, 0x00, 0x00, 0x06, 0x00,
    0x00, 0x07, 0x00, 0x00, 0x03, 0x80, 0x00, 0x01, 0xC0, 0xFF, 0xE0, 0xE0, 0x7F, 0xF0, 0x60, 0x38,
    0x1B, 0xFF, 0xDC, 0x0D, 0xFF, 0xEE, 0x06, 0x1C, 0x77, 0x03, 0x0E, 0x3B, 0x81, 0x86, 0x1D, 0xC0,
    0xC7, 0x0E, 0xE0, 0x63, 0x87, 0x70, 0x31, 0xC3, 0x38, 0x18, 0xC3, 0x9C, 0x0C, 0xF1, 0xCE, 0x06,
    0x3C, 0xE7, 0x03, 0x0F, 0xE3, 0x81, 0x83, 0xF1, 0xC0, 0xC0, 0xF0, 0xE0, 0x60, 0x7C, 0x70, 0x30,
    0x3F, 0x38, 0x18, 0x3F, 0xDF, 0xFC, 0x7C, 0xEF, 0xFE, 0xFC, 0x07, 0x03, 0x78, 0x03, 0x81, 0x90,
    0x00, 0x00, 0x00, 0x0C, 0x00, 0x80, 0x07, 0x00, 0x70, 0x01, 0xC0, 0x1C, 0x00, 0x70, 0x0E, 0x00,
    0x18, 0x03, 0x88, 0x06, 0x01, 0xC7, 0x0F, 0xFC, 0x71, 0xC3, 0xFF, 0x38, 0x38, 0x39, 0xDC, 0x07,
    0x0E, 0x77, 0x7F, 0xC3, 0x1B, 0xFF, 0xF8, 0xC6, 0xFF, 0xFE, 0x71, 0xBC, 0x01, 0x9C, 0xE0, 0x00,
    0x46, 0x38, 0x00, 0x01, 0xCE, 0x7F, 0xFC, 0x7B, 0x1F, 0xFF, 0x0F, 0xC7, 0x01, 0xC1, 0xF1, 0xC0,
    0x70, 0x3E, 0x70, 0x1C, 0x0F, 0x9C, 0x07, 0x07, 0x77, 0x01, 0xC3, 0xCD, 0xC0, 0x71, 0xE2, 0x7F,
    0xFC, 0xF0, 0x1F, 0xFF, 0x38, 0x07, 0x01, 0xC0, 0x01, 0x80, 0x30, 0x00, 0x00, 0x00, 0x0F, 0xFF,
    0xFF, 0x07, 0xFF, 0xFF, 0x80, 0x00, 0x0F, 0x00, 0x00, 0x0F, 0x00, 0x00, 0x1F, 0x00, 0x00, 0x3E,
    0x00, 0x00, 0x3E, 0x00, 0x00, 0x1C, 0x00, 0x00, 0x0E, 0x00, 0x00, 0x07, 0x00, 0x1F, 0xFF, 0xFF,
    0xFF, 0xFF, 0xFF, 0xF8, 0x00, 0xE0, 0x00, 0x00, 0x70, 0x00, 0x00, 0x38, 0x00, 0x00, 0x1C, 0x00,
    0x00, 0x0E, 0x00, 0x00, 0x07, 0x00, 0x00, 0x03, 0x80, 0x00, 0x01, 0xC0, 0x00, 0x00, 0xE0, 0x00,
    0x0F, 0xF0, 0x00, 0x07, 0xF0, 0x00, 0x00, 0x00, 0x00, 0x00, 0x00, 0x18, 0x00, 0x00, 0x1C, 0x00,
    0x00, 0x07, 0x00, 0x00, 0x03, 0x80, 0x07, 0xFF, 0xFF, 0xF3, 0xFF, 0xFF, 0xF9, 0xC0, 0x00, 0x1C,
    0xE0, 0x00, 0x0E, 0x70, 0x00, 0x07, 0x03, 0xFF, 0xF8, 0x01, 0xFF, 0xFC, 0x00, 0x00, 0x3C, 0x00,
    0x00, 0x3C, 0x00, 0x00, 0x78, 0x00, 0x00, 0x78, 0x00, 0x00, 0x38, 0x00, 0xFF, 0xFF, 0xFF, 0xFF,
    0xFF, 0xFF, 0xC0, 0x07, 0x00, 0x00, 0x03, 0x80, 0x00, 0x01, 0xC0, 0x00, 0x00, 0xE0, 0x00, 0x00,
    0x70, 0x00, 0x00, 0x38, 0x00, 0x01, 0xFC, 0x00, 0x00, 0xFC, 0x00, 0x00, 0x00, 0x30, 0x00, 0x00,
    0x0E, 0x00, 0x00, 0x07, 0x00, 0x00, 0x01, 0xC0, 0x00, 0x7F, 0xFF, 0xFF, 0xDF, 0xFF, 0xFF, 0xF0,
    0x0E, 0x00, 0x00, 0x07, 0x00, 0x00, 0x01, 0xC0, 0x00, 0x00, 0xE7, 0xFF, 0xC0, 0x39, 0xFF, 0xF0,
    0x1C, 0x00, 0x38, 0x0F, 0x00, 0x1C, 0x07, 0xC0, 0x1E, 0x03, 0xF0, 0x0F, 0x01, 0xFC, 0x03, 0x80,
    0x77, 0x00, 0xE0, 0x19, 0xDF, 0xFF, 0xF0, 0x77, 0xFF, 0xFC, 0x1C, 0x03, 0x80, 0x07, 0x00, 0xE0,
    0x01, 0xC0, 0x38, 0x00, 0x70, 0x0E, 0x00, 0x1C, 0x03, 0x80, 0x07, 0x0F, 0xE0, 0x01, 0xC3, 0xF0,
    0x00, 0x00, 0x18, 0x00, 0x0E, 0x1C, 0x0E, 0x07, 0x87, 0x07, 0x01, 0xC3, 0x87, 0x00, 0x70, 0xE3,
    0x83, 0xFF, 0xFF, 0xF9, 0xFF, 0xFF, 0xFC, 0xC0, 0x00, 0x06, 0x60, 0x00, 0x03, 0x30, 0x00, 0x01,
    0x99, 0xFF, 0xFC, 0xC0, 0xFF, 0xFE, 0x00, 0x00, 0x1E, 0x00, 0x00, 0x7C, 0x00, 0x00, 0x78, 0x00,
    0x00, 0x38, 0x00, 0xFF, 0xFF, 0xFF, 0xFF, 0xFF, 0xFF, 0xC0, 0x07, 0x00, 0x00, 0x03, 0x80, 0x00,
    0x01, 0xC0, 0x00, 0x00, 0xE0, 0x00, 0x00, 0x70, 0x00, 0x00, 0x38, 0x00, 0x03, 0xFC, 0x00, 0x00,
    0xFC, 0x00, 0x00, 0x00, 0x00, 0x00, 0x07, 0xDB, 0x7F, 0x0F, 0xEF, 0xBF, 0x87, 0x07, 0xC1, 0xC3,
    0xFF, 0x7F, 0xE1, 0xFD, 0x37, 0xF0, 0x61, 0xF8, 0x38, 0x3F, 0x79, 0xFC, 0x1F, 0xBE, 0xFE, 0x0C,
    0x3B, 0x86, 0x1F, 0xFF, 0xFF, 0xCF, 0xFF, 0xFF, 0xF6, 0x00, 0x00, 0x3B, 0x00, 0x00, 0x1D, 0x9F,
    0xFF, 0xCE, 0xCF, 0xFF, 0xE7, 0x00, 0x03, 0xC0, 0x00, 0x07, 0xC0, 0x00, 0x07, 0x80, 0x1F, 0xFF,
    0xFF, 0xFF, 0xFF, 0xFF, 0xF8, 0x00, 0xE0, 0x00, 0x00, 0x70, 0x00, 0x00, 0x38, 0x00, 0x01, 0xFC,
    0x00, 0x00, 0x7E, 0x00, 0x00, 0x00, 0x00, 0x00, 0x00, 0x08, 0x00, 0x00, 0x0E, 0x00, 0x00, 0x07,
    0x00, 0x00, 0x03, 0xC0, 0x00, 0x00, 0xE0, 0x03, 0xFF, 0xFF, 0xF9, 0xFF, 0xFF, 0xFC, 0xE0, 0x00,
    0x0E, 0x70, 0x00, 0x07, 0x38, 0x00, 0x03, 0x80, 0x00, 0x00, 0x00, 0x00, 0x00, 0x07, 0xFF, 0xFF,
    0xFB, 0xFF, 0xFF, 0xFC, 0x00, 0x70, 0x00, 0x00, 0x38, 0x00, 0x00, 0x1C, 0x00, 0x00, 0x0E, 0x00,
    0x00, 0x07, 0x00, 0x00, 0x03, 0x80, 0x00, 0x01, 0xC0, 0x00, 0x00, 0xE0, 0x00, 0x00, 0x70, 0x00,
    0x00, 0x38, 0x00, 0x03, 0xFC, 0x00, 0x01, 0xFC, 0x00, 0x00, 0x00, 0x00, 0x00, 0x00, 0x18, 0x00,
    0x00, 0x1C, 0x00, 0x00, 0x0F, 0x00, 0x00, 0x03, 0x80, 0x07, 0xFF, 0xFF, 0xF3, 0xFF, 0xFF, 0xF9,
    0xC0, 0x00, 0x1C, 0xE0, 0x70, 0x0E, 0x70, 0x78, 0x07, 0x38, 0x38, 0x03, 0x80, 0x1C, 0x00, 0x00,
    0x1C, 0x00, 0x0F, 0xFF, 0xFF, 0xFF, 0xFF, 0xFF, 0xFC, 0x0F, 0x03, 0x80, 0x07, 0x01, 0xC0, 0x07,
    0x01, 0xC0, 0x07, 0xC1, 0xE0, 0x03, 0xFD, 0xE0, 0x00, 0x3F, 0xE0, 0x00, 0x07, 0xF8, 0x00, 0x03,
    0xFF, 0x00, 0x07, 0xEF, 0xE0, 0x1F, 0xC1, 0xFC, 0x7F, 0x80, 0x3F, 0x1F, 0x00, 0x07, 0x08, 0x00,
    0x00, 0x00, 0x00, 0x18, 0x00, 0x00, 0x1C, 0x00, 0x00, 0x07, 0x00, 0x00, 0x03, 0x80, 0x07, 0xFF,
    0xFF, 0xF3, 0xFF, 0xFF, 0xF9, 0xC0, 0x00, 0x1C, 0xE0, 0x00, 0x0E, 0x70, 0x00, 0x07, 0x3B, 0xFF,
    0xFB, 0x81, 0xFF, 0xFC, 0x00, 0x00, 0x00, 0x00, 0x00, 0x00, 0x00, 0x00, 0x00, 0x03, 0xFF, 0xFF,
    0xFF, 0xFF, 0xFF, 0xFF, 0x01, 0xC3, 0x80, 0x00, 0xE1, 0xC0, 0x00, 0x70, 0xE0, 0x00, 0x38, 0x70,
    0x00, 0x38, 0x38, 0x10, 0x1C, 0x1C, 0x0C, 0x1E, 0x0E, 0x06, 0x3E, 0x07, 0x07, 0xFE, 0x03, 0xFF,
    0xFC, 0x00, 0xFF, 0x90, 0x00, 0x00, 0x00, 0x00, 0x38, 0x00, 0x00, 0x38, 0x00, 0x00, 0x38, 0x00,
    0xFF, 0xFF, 0xFE, 0xFF, 0xFF, 0xFE, 0xC0, 0x00, 0x06, 0xC0, 0x00, 0x06, 0xC0, 0x00, 0x06, 0x1F,
    0xFF, 0xF0, 0x1F, 0xFF, 0xF0, 0x1C, 0x00, 0x70, 0x1C, 0x00, 0x70, 0x1C, 0x00, 0x70, 0x1F, 0xFF,
    0xF0, 0x1F, 0xFF, 0xF0, 0x1C, 0x00, 0x00, 0x1C, 0x00, 0x00, 0x1C, 0x00, 0x00, 0x1F, 0xFF, 0xF8,
    0x1F, 0xFF, 0xF8, 0x1C, 0x00, 0x38, 0x1C, 0x00, 0x38, 0x1C, 0x00, 0x38, 0x1F, 0xFF, 0xF8, 0x1F,
    0xFF, 0xF8, 0x1C, 0x00, 0x38, 0x1C, 0x00, 0x10, 0x00, 0x0C, 0x00, 0x00, 0x07, 0x00, 0x00, 0x00,
    0xE0, 0x00, 0x00, 0x38, 0x00, 0x3F, 0xFF, 0xFF, 0x8F, 0xFF, 0xFF, 0xE3, 0x80, 0x00, 0x38, 0xE0,
    0x00, 0x0E, 0x38, 0x00, 0x03, 0x8F, 0xFF, 0xFF, 0xE0, 0x7F, 0xFF, 0xC0, 0x00, 0x38, 0x00, 0x00,
    0x0E, 0x00, 0x00, 0xC3, 0x80, 0x00, 0x30, 0xE0, 0x00, 0x1C, 0x38, 0x00, 0x07, 0x0F, 0xFE, 0x01,
    0xC3, 0xFF, 0x80, 0x70, 0xE0, 0x00, 0x3E, 0x38, 0x00, 0x0F, 0xCE, 0x00, 0x07, 0x7B, 0x80, 0x01,
    0xCF, 0xE0, 0x00, 0xE1, 0xFF, 0x00, 0x78, 0x3F, 0xFF, 0xDC, 0x03, 0xFF, 0xF2, 0x00, 0x00, 0x00,
    0x00, 0x18, 0x00, 0x00, 0x1E, 0x00, 0x00, 0x07, 0x00, 0x00, 0x03, 0xC0, 0x07, 0xFF, 0xFF, 0xF3,
    0xFF, 0xFF, 0xF9, 0xC0, 0x00, 0x1C, 0xE6, 0x1C, 0x0E, 0x77, 0x8E, 0x07, 0x39, 0xE7, 0x03, 0x80,
    0x7B, 0x80, 0x01, 0x09, 0xC0, 0x01, 0xC0, 0xE0, 0x00, 0xF8, 0x70, 0x00, 0x3C, 0x30, 0x00, 0x06,
    0x38, 0x00, 0x00, 0x1C, 0x00, 0x3F, 0xFF, 0xFF, 0xDF, 0xFF, 0xFF, 0xE0, 0x07, 0x40, 0x00, 0x07,
    0x38, 0x00, 0x07, 0x9F, 0x80, 0x0F, 0x83, 0xF0, 0x3F, 0x80, 0x7C, 0x7F, 0x00, 0x0F, 0x1E, 0x00,
    0x03, 0x88, 0x00, 0x00, 0x00, 0x00, 0x18, 0x00, 0x00, 0x0E, 0x00, 0x00, 0x07, 0x00, 0x0F, 0xFF,
    0xFF, 0xE7, 0xFF, 0xFF, 0xF3, 0x80, 0x00, 0x39, 0xC7, 0x02, 0x1C, 0xE7, 0x83, 0xCE, 0x07, 0x80,
    0xF0, 0x07, 0x8E, 0x3C, 0x07, 0x87, 0x0F, 0x0F, 0x87, 0xC1, 0xC3, 0x87, 0xF0, 0x60, 0x07, 0x9C,
    0x00, 0x0F, 0x87, 0x80, 0x0F, 0x01, 0xE0, 0x1F, 0x00, 0x7C, 0x3F, 0xFF, 0xFF, 0xFF, 0xFF, 0xFF,
    0xFC, 0xC0, 0x07, 0x60, 0x60, 0x03, 0x80, 0x30, 0x01, 0xC0, 0x18, 0x00, 0xE0, 0x0C, 0x00, 0x70,
    0x07, 0xFF, 0xF8, 0x03, 0xFF, 0xFC, 0x01, 0x80, 0x0C, 0x00, 0x00, 0x18, 0x00, 0x00, 0x07, 0x00,
    0x00, 0x01, 0xC0, 0x01, 0xFF, 0xFF, 0xFC, 0x7F, 0xFF, 0xFF, 0x18, 0x00, 0x00, 0xC6, 0x1C, 0x1C,
    0x31, 0x87, 0x07, 0x0C, 0x1F, 0xFF, 0xFC, 0x07, 0xFF, 0xFF, 0x00, 0x1C, 0x1C, 0x00, 0x03, 0x06,
    0x00, 0x0F, 0xFF, 0xF8, 0x03, 0xFF, 0xFE, 0x00, 0xE0, 0x03, 0x80, 0x38, 0x60, 0xE0, 0x0E, 0x18,
    0x38, 0x03, 0x86, 0x0E, 0x00, 0xE3, 0xE3, 0x80, 0x38, 0xFC, 0xE0, 0x0E, 0x7F, 0x39, 0x83, 0x3D,
    0xC0, 0x60, 0x1E, 0x70, 0x18, 0x3F, 0x1C, 0x0E, 0x7F, 0x87, 0xFF, 0xBF, 0x81, 0xFF, 0xC7, 0x00,
    0x00, 0x00, 0x00, 0x18, 0x00, 0x00, 0x0E, 0x00, 0x00, 0x07, 0x00, 0x0F, 0xFF, 0xFF, 0xE7, 0xFF,
    0xFF, 0xF3, 0x03, 0x00, 0x19, 0x83, 0xE1, 0x8C, 0xC0, 0x79, 0xC6, 0x69, 0x9D, 0xE3, 0x0E, 0xC3,
    0xEE, 0x0E, 0x63, 0xC7, 0x87, 0x37, 0xC7, 0xE7, 0x1F, 0x83, 0x77, 0x1F, 0x83, 0x9D, 0x3F, 0xFF,
    0xC5, 0xFF, 0xFF, 0xC0, 0xF8, 0x00, 0x00, 0x30, 0x0E, 0x00, 0x07, 0x07, 0x03, 0x03, 0x83, 0x81,
    0x81, 0xC1, 0xC0, 0xC0, 0xE0, 0xE0, 0x60, 0x70, 0x70, 0x30, 0x3F, 0xFF, 0xF8, 0x1F, 0xFF, 0xFC,
    0x00, 0x00, 0x06, 0x00, 0x00, 0x03, 0x00, 0x00, 0x18, 0x00, 0x00, 0x1C, 0x00, 0x00, 0x07, 0x00,
    0x0F, 0xFF, 0xFF, 0xE7, 0xFF, 0xFF, 0xF3, 0x00, 0x00, 0x19, 0x9F, 0xFF, 0xEC, 0xCF, 0xFF, 0xF6,
    0xFF, 0xFF, 0xFF, 0xFF, 0xFF, 0xFF, 0xC3, 0x87, 0x0E, 0x01, 0xFF, 0xFF, 0x00, 0xFF, 0xFF, 0x00,
    0x7F, 0xFF, 0xC0, 0x3F, 0xFF, 0xF0, 0x18, 0x00, 0x38, 0x0F, 0xFF, 0xFC, 0x07, 0xFF, 0xFE, 0x03,
    0xFF, 0xFF, 0x01, 0xFF, 0xFF, 0x80, 0xC0, 0x01, 0xC0, 0x7F, 0xFF, 0xE0, 0x3F, 0xFF, 0xE0, 0x0F,
    0xC7, 0xF0, 0x7F, 0x80, 0xFF, 0x3F, 0x00, 0x0F, 0x88, 0x00, 0x00, 0x80, 0x00, 0x18, 0x00, 0x00,
    0x1C, 0x00, 0x00, 0x07, 0x00, 0x0F, 0xFF, 0xFF, 0xE7, 0xFF, 0xFF, 0xF3, 0x01, 0xC0, 0x19, 0x9F,
    0xF9, 0xCC, 0xDF, 0x9C, 0x76, 0x0F, 0xC0, 0xF8, 0x0E, 0xE0, 0x6E, 0x0F, 0x3F, 0xF3, 0x03, 0x0F,
    0xF1, 0x01, 0xFF, 0xFF, 0xC0, 0xFF, 0xFF, 0xE0, 0x61, 0x8C, 0x30, 0x30, 0xC6, 0x18, 0x7F, 0xFF,
    0xFF, 0xFF, 0xFF, 0xFF, 0xC0, 0x00, 0x00, 0x03, 0xFF, 0xFF, 0xC3, 0xFF, 0xFF, 0xE0, 0x00, 0xE0,
    0x00, 0x00, 0x70, 0x00, 0x00, 0x38, 0x00, 0x01, 0xFC, 0x00, 0x00, 0xFC, 0x00, 0x00, 0x00, 0x00,
    0x00, 0x00, 0x18, 0x00, 0x00, 0x1C, 0x00, 0x00, 0x07, 0x00, 0x0F, 0xFF, 0xFF, 0xE7, 0xFF, 0xFF,
    0xF3, 0x01, 0x00, 0x19, 0x87, 0xC0, 0x0C, 0xDF, 0xCF, 0xF6, 0x0F, 0x07, 0xF8, 0x06, 0x00, 0x0C,
    0x03, 0xFD, 0xFE, 0x01, 0xFE, 0xFF, 0x00, 0xC0, 0x01, 0x80, 0x60, 0x00, 0xC0, 0x3F, 0xFF, 0xE0,
    0x1F, 0xFF, 0xF0, 0x03, 0x80, 0x00, 0x03, 0xFF, 0xFF, 0x87, 0xFF, 0xFF, 0xCF, 0xC0, 0x18, 0xEF,
    0xF6, 0xEE, 0x67, 0xBB, 0x37, 0x30, 0x19, 0xDD, 0xF8, 0x1C, 0xEE, 0x1C, 0x1C, 0x72, 0xFE, 0x02,
    0x00, 0x7E, 0x00, 0x00, 0x00, 0x00, 0x00, 0x18, 0x00, 0x00, 0x1E, 0x00, 0x00, 0x07, 0x00, 0x0F,
    0xFF, 0xFF, 0xF7, 0xFF, 0xFF, 0xFB, 0x06, 0x0C, 0x1D, 0x83, 0x06, 0x0E, 0xFF, 0xFF, 0xFF, 0x1F,
    0xFF, 0xFC, 0x00, 0x60, 0xC0, 0x03, 0xFF, 0xFF, 0x01, 0xFF, 0xFF, 0x80, 0xC0, 0x01, 0xC0, 0x7F,
    0xFF, 0xE0, 0x3F, 0xFF, 0xF0, 0x18, 0x00, 0x38, 0x0F, 0xFF, 0xFC, 0x07, 0xFF, 0xFE, 0x03, 0x00,
    0x07, 0x01, 0xFF, 0xFF, 0x80, 0xFF, 0xFF, 0x80, 0x0E, 0x1F, 0xE8, 0x0F, 0x0E, 0x7E, 0x1F, 0x07,
    0x1B, 0xFF, 0x03, 0xFF, 0xFE, 0x01, 0xFF, 0x98, 0x00, 0x00, 0x00, 0x00, 0x00, 0x0C, 0x00, 0x00,
    0x0E, 0x00, 0x00, 0x07, 0x00, 0x00, 0x03, 0x87, 0xFF, 0x01, 0xC3, 0xFF, 0x80, 0xE0, 0x01, 0x80,
    0x70, 0x00, 0xDF, 0xFF, 0x00, 0xEF, 0xFF, 0x80, 0x70, 0x0E, 0x0C, 0x38, 0x07, 0x0F, 0x1C, 0x03,
    0x83, 0xDC, 0x61, 0xC0, 0xFE, 0x38, 0xE0, 0x3F, 0x1C, 0x70, 0x0F, 0x07, 0x38, 0x03, 0xC3, 0x9C,
    0x03, 0xE0, 0xCE, 0x01, 0xF8, 0x67, 0x01, 0xFE, 0x03, 0x80, 0xE7, 0x81, 0xC0, 0xE1, 0x80, 0xE0,
    0xF0, 0x80, 0x70, 0xF0, 0x00, 0x38, 0xF0, 0x01, 0xFC, 0x30, 0x00, 0xFC, 0x00, 0x00, 0x00, 0x00,
    0x3F, 0xFF, 0xFC, 0x1F, 0xFF, 0xFE, 0x0E, 0x00, 0x07, 0x07, 0x00, 0x03, 0x83, 0xFF, 0xFF, 0xC1,
    0xFF, 0xFF, 0xE0, 0xE0, 0x00, 0x08, 0x70, 0x00, 0x0E, 0x38, 0x00, 0x07, 0x0F, 0xFF, 0xFF, 0x83,
    0xFF, 0xFF, 0x80, 0x00, 0x0C, 0x00, 0x00, 0x0E, 0x00, 0x00, 0x07, 0x03, 0xFF, 0xFF, 0xFF, 0xFF,
    0xFF, 0xFF, 0x06, 0x00, 0xE0, 0x03, 0x80, 0x70, 0x00, 0xE0, 0x38, 0x00, 0x38, 0x1C, 0x00, 0x0E,
    0x0E, 0x00, 0x06, 0x07, 0x00, 0x00, 0x7F, 0x80, 0x00, 0x1F, 0x80, 0x07, 0x00, 0x00, 0x03, 0x80,
    0x07, 0x01, 0xC0, 0x03, 0x80, 0xE0, 0x01, 0xC7, 0xFF, 0x00, 0xE3, 0xFF, 0x80, 0x70, 0x1C, 0x00,
    0x38, 0x0E, 0x0F, 0xFF, 0x07, 0x07, 0xFF, 0x83, 0x80, 0x07, 0x3F, 0xFE, 0x03, 0x9F, 0xFF, 0x21,
    0xC0, 0x70, 0x30, 0xE0, 0x38, 0x1C, 0x70, 0x1C, 0x0E, 0x38, 0x0E, 0x03, 0x9C, 0xFF, 0xF9, 0xCE,
    0x3F, 0xFC, 0x77, 0x01, 0xC0, 0x33, 0x80, 0xE0, 0x01, 0xC0, 0x70, 0x00, 0xE0, 0x3F, 0xC0, 0x73,
    0xFF, 0xE0, 0x39, 0xFF, 0xC0, 0x1C, 0xF8, 0x00, 0xFC, 0x00, 0x00, 0x7E, 0x00, 0x01, 0x00, 0x06,
    0x00, 0xE0, 0x01, 0x80, 0x38, 0x00, 0x60, 0x0E, 0x00, 0x18, 0x1F, 0xF8, 0x06, 0x07, 0xFE, 0x01,
    0x81, 0xC3, 0x80, 0x60, 0x70, 0xFF, 0xFF, 0x1F, 0xFF, 0xFF, 0xC7, 0xFE, 0x01, 0x81, 0xC3, 0x80,
    0x60, 0x7F, 0xE4, 0x18, 0x1F, 0xFB, 0x86, 0x07, 0x0E, 0x71, 0x81, 0xC3, 0x9C, 0x60, 0x70, 0xE3,
    0x98, 0x7F, 0xF8, 0xE6, 0x1F, 0xFE, 0x19, 0x80, 0x1F, 0x87, 0x60, 0x0F, 0xE0, 0x18, 0x07, 0xB8,
    0x06, 0x07, 0xCE, 0x01, 0x83, 0xC3, 0x80, 0x61, 0xE0, 0xE0, 0x18, 0x21, 0xF8, 0x7E, 0x00, 0x7C,
    0x1F, 0x80, 0x00, 0x00, 0x00, 0x06, 0x00, 0x80, 0x03, 0x80, 0xE0, 0x01, 0xC0, 0xF0, 0x00, 0xE0,
    0xFF, 0xE4, 0x70, 0xFF, 0xF7, 0x39, 0xE0, 0x7B, 0xDF, 0xF8, 0x78, 0xFE, 0xCE, 0x78, 0x3F, 0x07,
    0xF8, 0x0F, 0x81, 0xF8, 0x05, 0xC1, 0xF8, 0x00, 0xE7, 0xF3, 0x80, 0x77, 0xE1, 0xC0, 0x3B, 0x80,
    0xE0, 0x3F, 0xFF, 0xFE, 0x3F, 0xFF, 0xFF, 0x3F, 0x00, 0x1C, 0x3F, 0x9C, 0x0E, 0x39, 0xC7, 0x07,
    0x18, 0xE3, 0xC3, 0x80, 0x70, 0xE1, 0xC0, 0x38, 0x38, 0xE0, 0x1C, 0x18, 0x70, 0x0E, 0x00, 0x38,
    0x07, 0x01, 0xFC, 0x03, 0x80, 0xFC, 0x00, 0x01, 0x80, 0x60, 0x00, 0x70, 0x3C, 0x03, 0x1C, 0x0E,
    0x00, 0xC7, 0x07, 0xFE, 0x31, 0xC7, 0xFF, 0x8C, 0x73, 0xF0, 0xE3, 0x1D, 0xEE, 0x70, 0xC7, 0xF1,
    0xF8, 0x31, 0xF6, 0x3C, 0x0F, 0xF1, 0xCE, 0x03, 0xFC, 0x3F, 0x00, 0x07, 0x0F, 0xB8, 0x01, 0xDF,
    0x8E, 0x00, 0x7F, 0xC3, 0x80, 0x1D, 0x80, 0xE1, 0xFF, 0xFF, 0xFF, 0x7F, 0xFF, 0xFF, 0xCE, 0x71,
    0x03, 0x83, 0x9C, 0xE0, 0xE0, 0xE7, 0x1C, 0x38, 0x39, 0xC7, 0x8E, 0x0C, 0x70, 0xE3, 0x83, 0x1C,
    0x18, 0xE1, 0xC7, 0x00, 0x38, 0x71, 0xC0, 0xFE, 0x18, 0x70, 0x3F, 0x02, 0x18, 0x00, 0x00, 0x0C,
    0xC0, 0x0C, 0x26, 0x64, 0x07, 0x3B, 0x37, 0x03, 0x8F, 0x9B, 0x81, 0xC3, 0xCF, 0x80, 0xE1, 0xE7,
    0x80, 0x70, 0x73, 0x80, 0x39, 0xFF, 0xF8, 0x1C, 0xFF, 0xFF, 0xFF, 0x9C, 0x3B, 0xFF, 0xC7, 0x1C,
    0x03, 0x83, 0x9C, 0x01, 0xC0, 0xCE, 0x00, 0xE3, 0xFF, 0xDC, 0x71, 0xFF, 0xE7, 0x38, 0x06, 0x03,
    0x9C, 0x03, 0x00, 0xCE, 0x1F, 0xFC, 0x77, 0x1F, 0xFE, 0x3B, 0x80, 0x60, 0x01, 0xC0, 0x30, 0x00,
    0xE0, 0x1B, 0xE0, 0x71, 0xFF, 0xF0, 0x39, 0xFF, 0xF0, 0x1C, 0xFC, 0x00, 0xFC, 0x00, 0x00, 0x7E,
    0x00, 0x00, 0x18, 0x18, 0x38, 0x0C, 0x1C, 0x1E, 0x07, 0x0E, 0x07, 0xBF, 0xFF, 0xF1, 0xDF, 0xFF,
    0xF8, 0x60, 0x18, 0x00, 0x01, 0xFF, 0xF9, 0xF8, 0xE0, 0x1C, 0xFC, 0x70, 0x0E, 0x06, 0x3F, 0xFF,
    0x03, 0x1C, 0x03, 0x81, 0x8F, 0xFF, 0xC0, 0xC6, 0x00, 0xE0, 0xF3, 0xFF, 0xF0, 0xFE, 0x00, 0x00,
    0xE7, 0xE0, 0x7F, 0xE1, 0xFF, 0xFF, 0xA0, 0x1F, 0xFF, 0xC0, 0x00, 0x18, 0x1F, 0xFF, 0xFF, 0xFF,
    0xFF, 0xFF, 0xF8, 0x38, 0x03, 0x00, 0x1F, 0x01, 0x80, 0x03, 0x80, 0xC0, 0x00, 0xC7, 0xE0, 0x00,
    0x03, 0xF0, 0x00, 0x00, 0x0E, 0x00, 0x00, 0x01, 0xC0, 0x00, 0x00, 0x38, 0x00, 0x00, 0x07, 0x00,
    0x00, 0x00, 0xE0, 0x00, 0x00, 0x1C, 0x00, 0x01, 0x83, 0x83, 0x00, 0x38, 0x70, 0xE0, 0x07, 0x0E,
    0x1E, 0x01, 0xC1, 0xC1, 0xC0, 0x38, 0x38, 0x3C, 0x07, 0x07, 0x03, 0x81, 0xE0, 0xE0, 0x78, 0x38,
    0x1C, 0x07, 0x07, 0x03, 0x80, 0xE1, 0xC0, 0x70, 0x0E, 0x78, 0x0E, 0x01, 0xCE, 0x01, 0xC0, 0x39,
    0xC0, 0x38, 0x03, 0x80, 0x07, 0x00, 0x40, 0x00, 0xE0, 0x00, 0x00, 0x1C, 0x00, 0x00, 0x03, 0x80,
    0x00, 0x0F, 0xF0, 0x00, 0x00, 0xFC, 0x00, 0x00, 0x08, 0x00, 0x00, 0x00, 0x0E, 0x00, 0x00, 0x03,
    0x80, 0x00, 0x00, 0xE0, 0x00, 0x00, 0x38, 0x00, 0x03, 0x0E, 0x18, 0x01, 0xC3, 0x87, 0x00, 0x70,
    0xE0, 0xE0, 0x38, 0x38, 0x38, 0x0E, 0x0E, 0x07, 0x07, 0x03, 0x81, 0xC1, 0xC0, 0xE0, 0x38, 0xE0,
    0x38, 0x07, 0x78, 0x0E, 0x01, 0xCC, 0x03, 0x80, 0x20, 0x00, 0xE0, 0xC0, 0x00, 0x38, 0x70, 0x00,
    0x0C, 0x3C, 0x00, 0x00, 0x1E, 0x00, 0x00, 0x1F, 0x00, 0x00, 0x1F, 0x80, 0x00, 0x1F, 0x80, 0x00,
    0x7F, 0x80, 0x07, 0xFF, 0x80, 0x01, 0xFF, 0x00, 0x00, 0x7C, 0x00, 0x00, 0x00, 0x00, 0x70, 0x02,
    0x03, 0x81, 0xB8, 0x1C, 0x0E, 0xE0, 0xE0, 0xE7, 0x87, 0x07, 0x1C, 0x38, 0x70, 0x71, 0xC7, 0x03,
    0x8E, 0x38, 0x00, 0x70, 0x07, 0xFF, 0xFF, 0xFF, 0xFF, 0xFF, 0xC0, 0x00, 0x3E, 0x00, 0x01, 0xF3,
    0xFF, 0x8F, 0x9F, 0xFC, 0x7C, 0xE0, 0xE3, 0xE7, 0x07, 0x1F, 0x38, 0x38, 0xF9, 0xC1, 0xC7, 0xCE,
    0x0E, 0x3E, 0x7F, 0xF1, 0xF3, 0xFF, 0x8F, 0x9C, 0x00, 0x7C, 0xE0, 0x03, 0xE0, 0x03, 0xFF, 0x00,
    0x0F, 0xC0, 0x00, 0x00, 0x0F, 0xFF, 0xFE, 0x07, 0xFF, 0xFF, 0x03, 0x80, 0x03, 0x81, 0xC0, 0x01,
    0xC0, 0xE0, 0x00, 0xE0, 0x7F, 0xFF, 0xF0, 0x3F, 0xFF, 0xF8, 0x1C, 0x00, 0x00, 0x0C, 0x00, 0x00,
    0x06, 0x00, 0x00, 0x03, 0xFF, 0xFF, 0xE1, 0xFF, 0xFF, 0xF1, 0xC0, 0x00, 0x38, 0xE0, 0x00, 0x1C,
    0x73, 0xFF, 0x8E, 0x39, 0xFF, 0xC7, 0x1C, 0xE0, 0xE3, 0x9C, 0x70, 0x71, 0xCE, 0x38, 0x38, 0xE7,
    0x1F, 0xFC, 0x77, 0x0F, 0xFE, 0x33, 0x87, 0x00, 0x39, 0x83, 0x01, 0xFC, 0x40, 0x00, 0xFC, 0x00,
    0x00, 0x00, 0x00, 0x1F, 0xFF, 0xFF, 0x07, 0xFF, 0xFF, 0xC1, 0xC0, 0x00, 0x30, 0x70, 0x00, 0x0C,
    0x1C, 0x00, 0x03, 0x07, 0xFF, 0xFF, 0xC1, 0xFF, 0xFF, 0xF0, 0x70, 0x00, 0x00, 0x1C, 0x00, 0x00,
    0x07, 0x3F, 0xFF, 0xC1, 0xCF, 0xFF, 0xF0, 0x70, 0x00, 0x00, 0x1C, 0x00, 0x00, 0x07, 0x00, 0x00,
    0x01, 0xFF, 0xFF, 0xFC, 0x7F, 0xFF, 0xFF, 0x18, 0x1E, 0x00, 0x0E, 0x0F, 0x0E, 0x03, 0x83, 0x81,
    0xC0, 0xE1, 0xC0, 0x78, 0x38, 0xF0, 0x0E, 0x1C, 0x7F, 0xFF, 0xC7, 0x1F, 0xFF, 0xF1, 0x87, 0xF8,
    0x0E, 0x00, 0x00, 0x03, 0x00, 0x0F, 0xFF, 0xFF, 0x03, 0xFF, 0xFF, 0xC0, 0xC0, 0x00, 0x70, 0x30,
    0x00, 0x1C, 0x0C, 0x00, 0x07, 0x03, 0xFF, 0xFF, 0xC0, 0xFF, 0xFF, 0xF0, 0x30, 0x0E, 0x00, 0x0C,
    0x03, 0x80, 0x03, 0x00, 0xE0, 0x01, 0xFF, 0xFF, 0xFC, 0x7F, 0xFF, 0xFF, 0x1C, 0x03, 0x80, 0x07,
    0x00, 0xE0, 0x01, 0xC0, 0x38, 0x00, 0x73, 0xFF, 0xFC, 0x1C, 0xFF, 0xFF, 0x07, 0x30, 0x01, 0xC3,
    0x8C, 0x00, 0x70, 0xE3, 0x00, 0x1C, 0x38, 0xC0, 0x07, 0x1C, 0x3F, 0xFF, 0xC7, 0x0F, 0xFF, 0xF1,
    0x83, 0x00, 0x1C, 0x00, 0xC0, 0x00, 0x00, 0x1F, 0xFF, 0xFF, 0x87, 0xFF, 0xFF, 0xE1, 0xC0, 0x00,
    0x38, 0x70, 0x00, 0x0E, 0x1C, 0x00, 0x03, 0x87, 0xFF, 0xFF, 0xE1, 0xFF, 0xFF, 0xF8, 0x71, 0xC0,
    0x70, 0x1C, 0x38, 0x1C, 0x07, 0x0E, 0x0E, 0x01, 0xFF, 0xFF, 0xF8, 0x7F, 0xFF, 0xFE, 0x1C, 0x18,
    0x38, 0x07, 0x06, 0x0E, 0x01, 0xC1, 0x83, 0x80, 0x70, 0x60, 0xE0, 0x1F, 0xFF, 0xFF, 0xC6, 0xFF,
    0xFF, 0xF3, 0x83, 0x83, 0x80, 0xE0, 0xE0, 0xE0, 0x38, 0x70, 0x38, 0x1C, 0x7C, 0x0E, 0x07, 0x3E,
    0x03, 0x81, 0x8E, 0x00, 0xE0, 0x21, 0x00, 0x38, 0x00, 0x1F, 0xFF, 0xFF, 0x03, 0xFF, 0xFF, 0xE0,
    0x70, 0x00, 0x0C, 0x0E, 0x00, 0x01, 0x81, 0xC0, 0x00, 0x30, 0x3F, 0xFF, 0xFE, 0x07, 0xFF, 0xFF,
    0xC0, 0xE1, 0xC1, 0x80, 0x1C, 0x38, 0x30, 0x03, 0xFF, 0xFF, 0xF0, 0x7F, 0xFF, 0xFE, 0x0E, 0x1C,
    0x18, 0x01, 0xC3, 0x83, 0x00, 0x38, 0x70, 0x60, 0x07, 0xFF, 0xFF, 0xF0, 0xFF, 0xFF, 0xFE, 0x1C,
    0x61, 0x83, 0x03, 0x0C, 0x39, 0xE0, 0xE1, 0x83, 0xF8, 0x1C, 0x30, 0x7E, 0x03, 0x86, 0x1F, 0x80,
    0xE1, 0xFF, 0x7C, 0x1C, 0x7F, 0xC3, 0xF3, 0x07, 0xC0, 0x3E, 0x20, 0x80, 0x00, 0x80, 0x1F, 0xFF,
    0xFF, 0x0F, 0xFF, 0xFF, 0x87, 0x00, 0x00, 0xC3, 0x80, 0x00, 0x61, 0xFF, 0xFF, 0xF0, 0xFF, 0xFF,
    0xF8, 0x70, 0xE0, 0x60, 0x3B, 0xFF, 0xFE, 0x1D, 0xFF, 0xFF, 0x0E, 0xC9, 0xC9, 0x87, 0x6E, 0xEE,
    0xC3, 0xB3, 0x76, 0x61, 0xD9, 0xBF, 0x30, 0xEF, 0xFF, 0xF8, 0x77, 0xFF, 0xFC, 0x38, 0x00, 0x00,
    0x18, 0xFF, 0xFE, 0x1C, 0x7F, 0xFF, 0x0E, 0x38, 0x01, 0x87, 0x1F, 0xFF, 0xC3, 0x8F, 0xFF, 0xE3,
    0x87, 0x00, 0x31, 0xC3, 0xFF, 0xF8, 0xC1, 0xFF, 0xFC, 0x00, 0xC0, 0x06, 0x00, 0x00, 0x00, 0x00,
    0x00, 0x70, 0x00, 0x00, 0xE0, 0x00, 0x01, 0xC0, 0x00, 0x03, 0x80, 0x00, 0x07, 0x00, 0x18, 0x0E,
    0x03, 0x30, 0x1C, 0x07, 0x60, 0x38, 0x0E, 0xC0, 0x70, 0x1D, 0x80, 0xE0, 0x3B, 0x01, 0xC0, 0x76,
    0x03, 0x80, 0xEC, 0x07, 0x01, 0xD8, 0x0E, 0x03, 0xB0, 0x1C, 0x07, 0x60, 0x38, 0x0E, 0xC0, 0x70,
    0x1D, 0x80, 0xE0, 0x3B, 0x01, 0xC0, 0x76, 0x03, 0x80, 0xEC, 0x07, 0x01, 0xDF, 0xFF, 0xFF, 0xBF,
    0xFF, 0xFF, 0x00, 0x00, 0x0E, 0x00, 0x00, 0x1C, 0x00, 0x00, 0x30, 0x00, 0x1C, 0x00, 0x1C, 0x0E,
    0x03, 0x0E, 0x07, 0x01, 0x87, 0x03, 0x80, 0xC3, 0xFF, 0xFF, 0xE1, 0xFF, 0xFF, 0xF0, 0x00, 0x06,
    0x00, 0x70, 0xC7, 0x00, 0x38, 0x63, 0x80, 0x1C, 0x31, 0xFF, 0xFF, 0xFF, 0xFF, 0xFF, 0xFF, 0xE0,
    0x73, 0x86, 0x77, 0x31, 0xC3, 0x3B, 0x98, 0xE1, 0xB9, 0xDC, 0x7F, 0xDC, 0xE4, 0x3F, 0xE0, 0x70,
    0x1C, 0x30, 0x38, 0x0E, 0x18, 0x3E, 0x07, 0x0C, 0x1F, 0x03, 0x86, 0x1D, 0xC1, 0xFF, 0x1E, 0x70,
    0xFF, 0x9E, 0x3C, 0x70, 0xDE, 0x0F, 0x38, 0x6E, 0x03, 0x98, 0x02, 0x00, 0x80, 0x0E, 0x00, 0x03,
    0x07, 0x03, 0x01, 0x83, 0x81, 0x80, 0xC1, 0xC0, 0xC0, 0x60, 0xE0, 0x60, 0x30, 0x70, 0x30, 0x18,
    0x38, 0x18, 0x0C, 0x1C, 0x0C, 0x06, 0x0E, 0x06, 0x03, 0x07, 0x03, 0x01, 0x83, 0x81, 0x80, 0xC1,
    0xC0, 0xC0, 0x60, 0xE0, 0x60, 0x30, 0x70, 0x30, 0x18, 0x30, 0x18, 0x0C, 0x38, 0x0C, 0x06, 0x1C,
    0x06, 0x03, 0x0E, 0x03, 0x01, 0x87, 0x01, 0x80, 0xC7, 0x00, 0xC0, 0x63, 0x80, 0x60, 0x33, 0xC0,
    0x30, 0x19, 0xC0, 0x00, 0x0C, 0xC0, 0x00, 0x06, 0x00, 0x20, 0x00, 0x00, 0x1C, 0x00, 0x00, 0x07,
    0x00, 0x00, 0x01, 0xC0, 0x00, 0x00, 0x70, 0x00, 0x00, 0x1C, 0x00, 0x07, 0xFF, 0xFF, 0xFD, 0xFF,
    0xFF, 0xFF, 0x00, 0xE0, 0x00, 0x00, 0x38, 0x00, 0x00, 0x1C, 0x00, 0x00, 0x07, 0x00, 0x00, 0x01,
    0xC0, 0x00, 0x00, 0xFF, 0xFF, 0xE0, 0x3F, 0xFF, 0xF8, 0x0E, 0x07, 0x00, 0x07, 0x01, 0xC0, 0x01,
    0xC0, 0x70, 0x00, 0xE0, 0x1C, 0x00, 0x78, 0x07, 0x00, 0x1C, 0x01, 0xC0, 0x0E, 0x00, 0x70, 0x07,
    0x80, 0x1C, 0x01, 0xC0, 0x07, 0x00, 0x63, 0xFF, 0xFF, 0xC0, 0xFF, 0xFF, 0xF0, 0xFF, 0xFF, 0xF1,
    0xFF, 0xFF, 0xE0, 0x00, 0x01, 0xC0, 0x00, 0x03, 0x80, 0x00, 0x07, 0x00, 0x00, 0x0E, 0x00, 0x00,
    0x1C, 0x00, 0x00, 0x38, 0x00, 0x00, 0x70, 0xFF, 0xFF, 0xE1, 0xFF, 0xFF, 0xC3, 0x80, 0x03, 0x87,
    0x00, 0x07, 0x0E, 0x00, 0x00, 0x1C, 0x00, 0x00, 0x38, 0x00, 0x00, 0x70, 0x00, 0x04, 0xE0, 0x00,
    0x1D, 0xC0, 0x00, 0x3B, 0x80, 0x00, 0x77, 0x00, 0x00, 0xEF, 0x00, 0x07, 0xDF, 0xFF, 0xFF, 0x1F,
    0xFF, 0xFC, 0xFF, 0xFF, 0xF8, 0xFF, 0xFF, 0xF8, 0x00, 0x00, 0x38, 0x00, 0x00, 0x38, 0x00, 0x00,
    0x38, 0x30, 0x00, 0x38, 0x30, 0x00, 0x38, 0x30, 0x00, 0x38, 0x30, 0x00, 0x38, 0x30, 0x00, 0x38,
    0x3F, 0xFF, 0xF8, 0x3F, 0xFF, 0xF8, 0x30, 0x00, 0x38, 0x30, 0x00, 0x38, 0x30, 0x00, 0x00, 0x30,
    0x00, 0x00, 0x30, 0x00, 0x06, 0x30, 0x00, 0x07, 0x30, 0x00, 0x07, 0x30, 0x00, 0x07, 0x30, 0x00,
    0x07, 0x3C, 0x00, 0x1E, 0x3F, 0xFF, 0xFE, 0x1F, 0xFF, 0xFC, 0x00, 0x10, 0x00, 0x00, 0x0E, 0x00,
    0x00, 0x03, 0x80, 0x00, 0x01, 0xC0, 0x00, 0x00, 0x70, 0x00, 0x1F, 0xFF, 0xFF, 0xF7, 0xFF, 0xFF,
    0xFC, 0x03, 0x80, 0x00, 0x01, 0xC7, 0x00, 0x00, 0x71, 0xC0, 0x00, 0x38, 0x70, 0x00, 0x1E, 0x1C,
    0x00, 0x0F, 0xFF, 0xFF, 0x03, 0xFF, 0xFF, 0xC1, 0xF0, 0x70, 0x31, 0xFC, 0x1C, 0x0C, 0x7B, 0x07,
    0x03, 0x1C, 0xC1, 0xC0, 0xC0, 0x30, 0x70, 0x30, 0x0C, 0x1C, 0x0C, 0x03, 0x07, 0x03, 0x00, 0xC1,
    0xC0, 0xC0, 0x30, 0x77, 0xF0, 0x0C, 0x1C, 0xF8, 0x00, 0x07, 0x00, 0x00, 0x01, 0xC0, 0x00, 0x00,
    0x30, 0x00, 0x06, 0x00, 0x00, 0x06, 0x00, 0x00, 0x06, 0xFF, 0xFF, 0x46, 0xFF, 0xFF, 0xE6, 0x03,
    0x80, 0xE6, 0x03, 0x80, 0xE6, 0x03, 0x80, 0xE6, 0x7F, 0xFE, 0xE6, 0x7F, 0xFE, 0xE6, 0x73, 0x8E,
    0xE6, 0x73, 0x8E, 0xE6, 0x73, 0x8E, 0xEE, 0x73, 0x8E, 0xEE, 0x73, 0x8E, 0xEE, 0x73, 0x8E, 0xEE,
    0x73, 0x8E, 0xEE, 0x73, 0x8E, 0x4E, 0x73, 0x8E, 0x0E, 0x73, 0x8E, 0x0C, 0x73, 0x8E, 0x1C, 0x73,
    0xBE, 0x1C, 0x73, 0xBC, 0x38, 0x63, 0x80, 0x78, 0x03, 0x80, 0x70, 0x03, 0x80, 0x60, 0x03, 0x80,
    0x00, 0x01, 0x80, 0x00, 0x30, 0x00, 0x00, 0x78, 0x00, 0x00, 0x38, 0x00, 0xFF, 0xFF, 0xFE, 0xFF,
    0xFF, 0xFE, 0xC0, 0x00, 0x06, 0xC1, 0x83, 0x06, 0xC7, 0xC7, 0xE6, 0x1F, 0x81, 0xF8, 0x7E, 0x00,
    0x7C, 0x78, 0x38, 0x1C, 0x20, 0x38, 0x04, 0x00, 0x38, 0x00, 0x3F, 0xFF, 0xFC, 0x3F, 0xFF, 0xFC,
    0x30, 0x38, 0x1C, 0x30, 0x38, 0x1C, 0x30, 0x38, 0x1C, 0x30, 0x38, 0x1C, 0x30, 0x38, 0x1C, 0x30,
    0x38, 0x1C, 0x30, 0x38, 0x1C, 0x30, 0x39, 0xFC, 0x30, 0x39, 0xF8, 0x00, 0x38, 0x00, 0x00, 0x38,
    0x00, 0x00, 0x18, 0x00, 0x0E, 0x1C, 0x38, 0x07, 0x0E, 0x1C, 0x03, 0x87, 0x0E, 0x1F, 0xFF, 0xFF,
    0xFF, 0xFF, 0xFF, 0xF8, 0x70, 0xE1, 0xC0, 0x38, 0x70, 0xE0, 0x0C, 0x38, 0x70, 0x00, 0x00, 0x00,
    0x3F, 0xFF, 0xFF, 0x9F, 0xFF, 0xFF, 0xCC, 0x03, 0x80, 0x66, 0x01, 0xC0, 0x33, 0x00, 0xE0, 0x19,
    0xBF, 0xFF, 0xFC, 0x1F, 0xFF, 0xF8, 0x0C, 0x1C, 0x1C, 0x06, 0x0E, 0x0E, 0x03, 0x07, 0x07, 0x01,
    0x83, 0x83, 0x80, 0xC1, 0xC1, 0xC0, 0x60, 0xE7, 0xE0, 0x30, 0x73, 0xE0, 0x00, 0x38, 0x00, 0x00,
    0x1C, 0x00, 0x00, 0x0E, 0x00, 0x00, 0x0C, 0x01, 0xC0, 0x1C, 0x01, 0xC0, 0x1C, 0x01, 0xC0, 0x1C,
    0x01, 0xFF, 0x1C, 0x01, 0xFF, 0x1C, 0x01, 0xC0, 0xFF, 0xC1, 0xC0, 0xFF, 0xDF, 0xFE, 0xDD, 0xDF,
    0xFE, 0xDD, 0xD8, 0x0E, 0xDD, 0xD8, 0x0E, 0xDD, 0xD9, 0xCE, 0xDD, 0xD9, 0xCE, 0xDD, 0xD9, 0xCE,
    0xDD, 0xD9, 0xCE, 0xDD, 0xD9, 0xCE, 0xDD, 0xD9, 0xCE, 0xDD, 0xD9, 0xCE, 0xDF, 0xD9, 0xCE, 0xDF,
    0x99, 0xCE, 0xDC, 0x1B, 0x8E, 0x1C, 0x07, 0xF0, 0x1C, 0x0F, 0x78, 0x1C, 0x1E, 0x3E, 0x1C, 0xFC,
    0x0F, 0x1C, 0x70, 0x07, 0x0C, 0x00, 0x02, 0x18, 0x00, 0x00, 0x1C, 0x00, 0x00, 0x1C, 0x7F, 0xFF,
    0x18, 0x7F, 0xFF, 0x38, 0x01, 0xC0, 0xFF, 0x81, 0xC0, 0xFF, 0x81, 0xC0, 0xC3, 0x81, 0xC0, 0xC3,
    0xBF, 0xFE, 0xC3, 0xBF, 0xFE, 0xC3, 0xB9, 0xC6, 0xFF, 0xB9, 0xC6, 0xFF, 0xB9, 0xC6, 0xC0, 0x39,
    0xC6, 0xC0, 0x39, 0xC6, 0xFF, 0xB9, 0xC6, 0xFF, 0xB9, 0xC6, 0xC3, 0xB9, 0xC6, 0xC3, 0xB9, 0xC6,
    0xC3, 0xB9, 0xC6, 0xC3, 0xB9, 0xFE, 0xC3, 0xB9, 0xDE, 0xFF, 0xB1, 0xC0, 0xFF, 0x81, 0xC0, 0xC0,
    0x01, 0xC0, 0xC0, 0x01, 0xC0, 0x00, 0x01, 0xC0, 0x00, 0x00, 0x00, 0x70, 0x70, 0x70, 0x70, 0xE1,
    0xE0, 0xF1, 0xC3, 0x80, 0xE3, 0x8E, 0x1F, 0xFF, 0xFF, 0xFF, 0xFF, 0xFF, 0xF0, 0x00, 0x03, 0xE0,
    0x00, 0x07, 0xDF, 0xFF, 0xCF, 0xBF, 0xFF, 0x98, 0x70, 0x07, 0x00, 0xE0, 0x0E, 0x01, 0xFF, 0xFC,
    0x03, 0xFF, 0xF8, 0x00, 0x1C, 0x00, 0x00, 0x38, 0x00, 0x7F, 0xFF, 0xF8, 0xFF, 0xFF, 0xF1, 0xC1,
    0xC0, 0xE3, 0x83, 0x81, 0xC7, 0x07, 0x03, 0x8E, 0x0E, 0x07, 0x1C, 0x1C, 0xFE, 0x38, 0x39, 0xF8,
    0x00, 0x70, 0x00, 0x00, 0x60, 0x00, 0x0C, 0x00, 0x00, 0x06, 0x00, 0x00, 0x03, 0x0F, 0xFF, 0xE1,
    0x87, 0xFF, 0xF0, 0xC0, 0x00, 0x00, 0x60, 0x00, 0x03, 0xFF, 0x3F, 0xFD, 0xFF, 0x9F, 0xFE, 0xEC,
    0xCC, 0x07, 0x76, 0x66, 0x03, 0xBB, 0x33, 0x01, 0xDD, 0x99, 0xFF, 0xEE, 0xCC, 0xFF, 0xF7, 0x66,
    0x00, 0x03, 0xB3, 0x7F, 0xFF, 0xD9, 0xFF, 0xFF, 0xEC, 0xF8, 0xE3, 0xF6, 0x7C, 0x71, 0xFB, 0xFE,
    0x38, 0xFD, 0xFF, 0xFF, 0xF4, 0xC3, 0xFF, 0xF8, 0x61, 0xC7, 0x1C, 0x30, 0xE3, 0x8E, 0x18, 0x71,
    0xC7, 0x0C, 0x3F, 0xFF, 0x86, 0x1F, 0xFF, 0xC3, 0x06, 0x00, 0xE0, 0x00, 0xC0, 0x60, 0x00, 0x18,
    0x0C, 0x01, 0xFF, 0xFF, 0xFF, 0x3F, 0xFF, 0xFF, 0xE0, 0x0C, 0x06, 0x00, 0x01, 0x80, 0xC0, 0x03,
    0xFF, 0xFF, 0x80, 0x7F, 0xFF, 0xF0, 0x0E, 0x00, 0x0E, 0x01, 0xFF, 0xFF, 0xC0, 0x3F, 0xFF, 0xF8,
    0x07, 0x00, 0x07, 0x00, 0xFF, 0xFF, 0xE0, 0x1F, 0xFF, 0xFC, 0x00, 0x1C, 0x00, 0x03, 0xFF, 0xFF,
    0xFE, 0x7F, 0xFF, 0xFF, 0xC0, 0x71, 0xC7, 0x00, 0x3C, 0x38, 0x78, 0x0F, 0xFF, 0xFF, 0xC7, 0xFF,
    0xFF, 0xFC, 0xEE, 0x1C, 0x3B, 0x81, 0xC3, 0x87, 0x00, 0x38, 0x70, 0xE0, 0x07, 0x0E, 0x7C, 0x00,
    0xE1, 0xCF, 0x00, 0x00, 0x38, 0x00, 0x00, 0x02, 0x00, 0x20, 0x03, 0x80, 0x3C, 0x01, 0xE0, 0x1C,
    0x00, 0x70, 0x1E, 0x00, 0x1C, 0x0E, 0x00, 0x0E, 0x0E, 0x01, 0xFF, 0xFF, 0xFC, 0xFF, 0xFF, 0xFE,
    0x03, 0x80, 0xE0, 0x01, 0xC0, 0x70, 0x00, 0xE0, 0x38, 0x00, 0x70, 0x1C, 0x00, 0x38, 0x0E, 0x00,
    0x1C, 0x07, 0x00, 0x0E, 0x03, 0x81, 0xFF, 0xFF, 0xFF, 0xFF, 0xFF, 0xFF, 0x81, 0xC0, 0x70, 0x00,
    0xE0, 0x38, 0x00, 0xF0, 0x1C, 0x00, 0x70, 0x0E, 0x00, 0x78, 0x07, 0x00, 0x78, 0x03, 0x80, 0x7C,
    0x01, 0xC0, 0x7C, 0x00, 0xE0, 0x78, 0x00, 0x70, 0x18, 0x00, 0x38, 0x00, 0x00, 0x02, 0x00, 0x00,
    0x01, 0xC0, 0x00, 0x00, 0x70, 0x00, 0x00, 0x1C, 0x00, 0x1F, 0xFF, 0xFF, 0xC7, 0xFF, 0xFF, 0xF1,
    0xC0, 0x00, 0x00, 0x70, 0x00, 0x00, 0x1D, 0xFF, 0xFE, 0x07, 0x7F, 0xFF, 0x81, 0xC0, 0x03, 0xC0,
    0x70, 0xE1, 0xE0, 0x1C, 0x3F, 0xE0, 0x07, 0x03, 0xF0, 0x01, 0xC0, 0x3E, 0x00, 0x6F, 0xFF, 0xFF,
    0x1B, 0xFF, 0xFF, 0x86, 0x00, 0xE1, 0xE3, 0x80, 0x38, 0x70, 0xE0, 0x0E, 0x38, 0x38, 0x03, 0x8C,
    0x0E, 0x00, 0xE0, 0x07, 0x00, 0x38, 0x01, 0xC0, 0x0E, 0x00, 0x70, 0x7F, 0x80, 0x18, 0x0F, 0xC0,
    0x00, 0x00, 0x00, 0x00, 0x00, 0x06, 0x00, 0x00, 0x01, 0xC0, 0x00, 0x00, 0x70, 0x00, 0x7F, 0xFF,
    0xFF, 0x1F, 0xFF, 0xFF, 0xC7, 0x00, 0x00, 0x01, 0xC0, 0xE0, 0x00, 0x70, 0x38, 0x00, 0x1C, 0x0E,
    0x00, 0x07, 0x7F, 0xFF, 0xE1, 0xDF, 0xFF, 0xF8, 0x70, 0xE0, 0x00, 0x1C, 0x38, 0xC0, 0x07, 0x1C,
    0x30, 0x01, 0xC7, 0x0C, 0x00, 0x73, 0xFF, 0xFC, 0x18, 0xFF, 0xFF, 0x06, 0x00, 0x30, 0x03, 0x80,
    0x0C, 0x00, 0xE0, 0x03, 0x00, 0x3B, 0xFF, 0xFF, 0xCE, 0xFF, 0xFF, 0xF3, 0x00, 0x0C, 0x01, 0xC0,
    0x03, 0x00, 0x70, 0x00, 0xC0, 0x18, 0x00, 0x30, 0x02, 0x00, 0x0C, 0x00, 0x00, 0x06, 0x00, 0x00,
    0x01, 0xC0, 0x00, 0x00, 0x70, 0x00, 0x00, 0x1E, 0x00, 0x1F, 0xFF, 0xFF, 0xC7, 0xFF, 0xFF, 0xF1,
    0xC0, 0x00, 0x00, 0x70, 0x00, 0x00, 0x1C, 0x06, 0x03, 0x07, 0x21, 0xC1, 0xC1, 0xDC, 0x70, 0x70,
    0x77, 0x1C, 0x1C, 0x1C, 0xC3, 0x07, 0x07, 0x38, 0xE3, 0x81, 0xCE, 0x38, 0xE0, 0x71, 0x8E, 0x30,
    0x18, 0x71, 0x9C, 0x06, 0x1C, 0x67, 0x01, 0x87, 0x13, 0x80, 0xE0, 0xC0, 0xE0, 0x38, 0x00, 0x70,
    0x0E, 0x00, 0x1C, 0x03, 0x80, 0x0E, 0x01, 0xDF, 0xFF, 0xFF, 0x77, 0xFF, 0xFF, 0xDC, 0x00, 0x00,
    0x02, 0x00, 0x00, 0x00, 0x00, 0x0C, 0x00, 0x00, 0x03, 0x80, 0x00, 0x00, 0xE0, 0x00, 0xFF, 0xFF,
    0xFE, 0x3F, 0xFF, 0xFF, 0x8E, 0x18, 0x0C, 0x03, 0x87, 0x03, 0x00, 0xE1, 0xC0, 0xC0, 0x3F, 0xFF,
    0xFF, 0x8F, 0xFF, 0xFF, 0xE3, 0x87, 0x03, 0x00, 0xE1, 0xC0, 0xC0, 0x38, 0x70, 0x30, 0x0E, 0x1F,
    0xFC, 0x03, 0x87, 0xFF, 0x00, 0xE0, 0x00, 0x00, 0x38, 0x00, 0x00, 0x0D, 0xFF, 0xFF, 0x83, 0x7F,
    0xFF, 0xC1, 0xC3, 0x80, 0xF0, 0x70, 0x78, 0x78, 0x1C, 0x0F, 0x7C, 0x07, 0x01, 0xFC, 0x03, 0x81,
    0xFF, 0xC0, 0xEF, 0xFD, 0xFF, 0xBB, 0xF8, 0x0F, 0xE4, 0x40, 0x00, 0x30, 0x00, 0x06, 0x00, 0x00,
    0x01, 0xE0, 0x00, 0x00, 0x1C, 0x00, 0x0F, 0xFF, 0xFF, 0xE3, 0xFF, 0xFF, 0xFC, 0x70, 0x40, 0x00,
    0x0E, 0x8C, 0x8E, 0x01, 0xF9, 0x99, 0xC0, 0x3B, 0xB7, 0x30, 0x07, 0x36, 0xC6, 0x00, 0xE6, 0xF1,
    0xFF, 0x1C, 0x18, 0x3F, 0xE3, 0xBF, 0xFF, 0x38, 0x77, 0xFF, 0xE7, 0x0E, 0xC0, 0xFC, 0xC1, 0xDB,
    0xDF, 0x98, 0x3B, 0xFB, 0xBF, 0x07, 0x79, 0x63, 0xE0, 0xEF, 0x2C, 0x78, 0x1D, 0xE5, 0x8F, 0x03,
    0x3F, 0xB0, 0xE0, 0x67, 0xF6, 0x3C, 0x1C, 0xF0, 0xCF, 0xC3, 0x98, 0x1B, 0xDC, 0x63, 0x1F, 0xF3,
    0xCC, 0x63, 0xFC, 0x38, 0x08, 0x02, 0x00, 0x00, 0x00, 0x01, 0x80, 0x00, 0x00, 0xE0, 0x0F, 0xF0,
    0x38, 0x03, 0xFD, 0xFF, 0xF8, 0x07, 0x7F, 0xFE, 0x03, 0x80, 0xE1, 0x80, 0xE0, 0x38, 0x60, 0x73,
    0xFF, 0xFE, 0x1C, 0xFF, 0xFF, 0x8E, 0x00, 0xE1, 0x87, 0xF7, 0xFF, 0xE1, 0xFD, 0xFF, 0xF8, 0x63,
    0x03, 0x80, 0x01, 0xC0, 0xE0, 0x02, 0x77, 0xFF, 0xF1, 0x9D, 0xFF, 0xFC, 0x76, 0x03, 0x80, 0x0F,
    0x80, 0xE0, 0x03, 0xEF, 0xFF, 0xF8, 0xF3, 0xFF, 0xFE, 0x1C, 0x03, 0x80, 0x07, 0xC0, 0xE0, 0x03,
    0xF8, 0x38, 0x01, 0xEF, 0xF0, 0x00, 0xF1, 0xFF, 0xFF, 0xB8, 0x0F, 0xFF, 0xE4, 0x00, 0x00, 0x00,
    0x7F, 0xFF, 0xFF, 0x3F, 0xFF, 0xFF, 0x80, 0x60, 0x38, 0x00, 0x30, 0x1C, 0x00, 0x18, 0x0E, 0x00,
    0x0C, 0x07, 0x00, 0x06, 0x03, 0x80, 0x03, 0x01, 0xC0, 0x01, 0x80, 0xE0, 0x00, 0xC0, 0x70, 0x3F,
    0xFF, 0xFF, 0xFF, 0xFF, 0xFF, 0xF0, 0x38, 0x0E, 0x00, 0x1C, 0x07, 0x00, 0x0E, 0x03, 0x80, 0x07,
    0x01, 0xC0, 0x07, 0x00, 0xE0, 0x03, 0x80, 0x70, 0x03, 0xC0, 0x38, 0x01, 0xC0, 0x1C, 0x01, 0xE0,
    0x0E, 0x01, 0xE0, 0x07, 0x03, 0xE0, 0x03, 0x80, 0xE0, 0x01, 0xC0, 0x20, 0x00, 0xE0, 0x00, 0x3F,
    0xFF, 0xFC, 0x1F, 0xFF, 0xFE, 0x0E, 0x00, 0x07, 0x07, 0x00, 0x03, 0x83, 0x80, 0x01, 0xC1, 0xFF,
    0xFF, 0xE0, 0xFF, 0xFF, 0xF0, 0x70, 0x00, 0x06, 0x38, 0x00, 0x03, 0x0E, 0x00, 0x03, 0x87, 0xFF,
    0xFF, 0xC1, 0xFF, 0xFF, 0xC0, 0x00, 0x00, 0x00, 0x18, 0x07, 0x00, 0x0C, 0x03, 0x80, 0x06, 0x01,
    0xC0, 0xFF, 0xFF, 0xFF, 0xFF, 0xFF, 0xFF, 0xC1, 0xC0, 0x38, 0x01, 0xE0, 0x1C, 0x00, 0xE0, 0x0E,
    0x01, 0xE0, 0x07, 0x03, 0xE0, 0x03, 0x81, 0xE0, 0x01, 0xC0, 0x60, 0x00, 0x60, 0x00, 0x00, 0x03,
    0x00, 0x00, 0x00, 0xEE, 0x00, 0x00, 0x3B, 0xC0, 0x00, 0x0E, 0x78, 0x00, 0x03, 0x87, 0x00, 0x00,
    0xE1, 0x8F, 0xFF, 0xFF, 0xFB, 0xFF, 0xFF, 0xFE, 0x00, 0x03, 0x80, 0x00, 0x00, 0xE0, 0x00, 0x00,
    0x38, 0x00, 0x00, 0x06, 0x00, 0x7F, 0xFD, 0xC0, 0x1F, 0xFF, 0x70, 0x00, 0x38, 0x1C, 0x00, 0x0E,
    0x07, 0x00, 0x03, 0x81, 0xC0, 0x00, 0xE0, 0x30, 0x00, 0x38, 0x0E, 0x00, 0x0E, 0x03, 0x86, 0x03,
    0x8C, 0xE1, 0xC0, 0xFF, 0x9C, 0x63, 0xFF, 0xC7, 0x9B, 0xFF, 0x80, 0xFE, 0x7C, 0x00, 0x3F, 0x90,
    0x00, 0x07, 0xC0, 0x00, 0x00, 0x00, 0x00, 0x00, 0x1D, 0xFF, 0xE0, 0x77, 0xFF, 0x81, 0xC0, 0x0E,
    0x07, 0x00, 0x38, 0x1C, 0x00, 0xE0, 0x70, 0x03, 0x81, 0xDF, 0xFE, 0x07, 0x7F, 0xF8, 0x1D, 0xC0,
    0x00, 0x77, 0x00, 0x01, 0xDC, 0x00, 0x07, 0x60, 0x00, 0x1D, 0x80, 0x00, 0x7F, 0xFF, 0x81, 0xFF,
    0xFE, 0x07, 0x00, 0x38, 0x1C, 0x00, 0xE0, 0x70, 0x03, 0x81, 0xC0, 0x0E, 0x07, 0x00, 0x38, 0x1C,
    0x01, 0xC0, 0x70, 0x07, 0x01, 0xC3, 0xFC, 0x07, 0x0F, 0xE0, 0x1C, 0x00, 0x00, 0x60, 0xFF, 0x9F,
    0xFE, 0x3F, 0xE7, 0xFF, 0x80, 0x19, 0x80, 0xE0, 0x06, 0x60, 0x38, 0x01, 0x98, 0x0E, 0x00, 0x67,
    0xFF, 0x87, 0xF9, 0xFF, 0xE1, 0xFE, 0x03, 0x00, 0x60, 0x00, 0xC0, 0x18, 0x00, 0x30, 0x0E, 0x03,
    0xFF, 0xF3, 0x80, 0xFF, 0xFC, 0xFF, 0xB8, 0xC7, 0x3F, 0xEE, 0x31, 0xCF, 0xFB, 0x8C, 0x70, 0x0E,
    0xFF, 0xFC, 0x03, 0xBF, 0xFF, 0x00, 0xE0, 0x31, 0x00, 0x38, 0x0C, 0xE0, 0x0E, 0x03, 0x38, 0x03,
    0x80, 0xC7, 0x01, 0xC3, 0xFF, 0xC3, 0xF7, 0xFF, 0xF8, 0xF9, 0xFE, 0x06, 0x00, 0x00, 0x01, 0x00,
    0x00, 0x70, 0x00, 0x03, 0x80, 0x38, 0x1C, 0x0F, 0xC0, 0xE0, 0x77, 0x07, 0x07, 0x1C, 0x38, 0x38,
    0xE1, 0xC3, 0x83, 0x8E, 0x1C, 0x1C, 0x71, 0xC0, 0xC3, 0x86, 0x00, 0x1C, 0x01, 0xFF, 0xFF, 0xFF,
    0xFF, 0xFF, 0x80, 0x00, 0x1C, 0x00, 0x00, 0xE0, 0x00, 0x07, 0x00, 0x00, 0x3B, 0xFF, 0xFF, 0xDF,
    0xFF, 0xFE, 0x00, 0x00, 0x70, 0x00, 0x03, 0x80, 0x00, 0x1C, 0x00, 0x00, 0xFF, 0xFF, 0xFF, 0xFF,
    0xFF, 0xF8, 0x00, 0x01, 0xC0, 0x00, 0x0E, 0x3F, 0xFF, 0xFC, 0x1F, 0xFF, 0xFE, 0x00, 0x00, 0x07,
    0x00, 0x00, 0x03, 0x00, 0x00, 0x01, 0x80, 0xFF, 0xFF, 0xC0, 0x7F, 0xFF, 0xE0, 0x00, 0x00, 0x70,
    0x00, 0x00, 0x38, 0x7F, 0xFF, 0xFF, 0xFF, 0xFF, 0xFF, 0xE0, 0x03, 0x80, 0x01, 0xC1, 0xC0, 0xC0,
    0xF0, 0xF0, 0xF0, 0x3C, 0x79, 0xF0, 0x0F, 0x3F, 0xE0, 0x03, 0xBF, 0xE0, 0x00, 0x7F, 0xE0, 0x00,
    0xFF, 0x78, 0x03, 0xFB, 0x9F, 0x07, 0xF1, 0xC7, 0xE3, 0xE0, 0xE0, 0xFD, 0xC0, 0x70, 0x3E, 0x03,
    0xF8, 0x06, 0x00, 0xF8, 0x00, 0x00, 0x3F, 0xFC, 0x06, 0x0F, 0xFF, 0x03, 0xC3, 0x00, 0xC1, 0xE0,
    0xFF, 0xF0, 0xF0, 0x3F, 0xFC, 0x78, 0x0C, 0x03, 0x7C, 0x03, 0x00, 0xDE, 0x00, 0xFF, 0xF2, 0x00,
    0x3F, 0xFC, 0x03, 0x80, 0xE0, 0x01, 0xCF, 0xFF, 0xE0, 0xE3, 0xFF, 0xF8, 0xF0, 0x00, 0x00, 0x78,
    0x0F, 0xFF, 0x7C, 0x03, 0xFF, 0xDE, 0x00, 0xC0, 0x72, 0x00, 0x30, 0x1C, 0x03, 0x8F, 0xFF, 0x00,
    0xE3, 0xFF, 0xC0, 0x70, 0x66, 0xC0, 0x38, 0x39, 0xB8, 0x3C, 0x1C, 0x67, 0x1E, 0x07, 0x18, 0xCF,
    0x03, 0xBE, 0x3F, 0x80, 0x0F, 0x81, 0xC0, 0x00, 0x00, 0x00, 0x00, 0x00, 0x00, 0x00, 0x00, 0xE0,
    0x00, 0x00, 0x7B, 0xFF, 0xF0, 0x3C, 0xFF, 0xFC, 0x1E, 0x00, 0x0E, 0x0F, 0x00, 0x07, 0x87, 0x80,
    0x03, 0xC0, 0xC6, 0x01, 0xE0, 0x03, 0x81, 0xF0, 0x01, 0xC0, 0xFF, 0x00, 0x70, 0xFF, 0xF0, 0x38,
    0xFC, 0x3E, 0x1E, 0xFC, 0x03, 0xCF, 0x9C, 0x00, 0x77, 0xE0, 0x00, 0x01, 0xD8, 0xFF, 0xFE, 0x26,
    0x3F, 0xFF, 0x81, 0x80, 0x38, 0x00, 0x60, 0x0E, 0x00, 0x18, 0x03, 0x80, 0x06, 0x00, 0xE0, 0x01,
    0x80, 0x38, 0x00, 0x60, 0x0E, 0x00, 0x18, 0x03, 0x80, 0x06, 0xFF, 0xFF, 0xC1, 0xBF, 0xFF, 0xF0,
    0x60, 0x00, 0x00, 0x00, 0x00, 0xC0, 0x00, 0x70, 0x1C, 0x00, 0x1C, 0x03, 0x80, 0x07, 0x80, 0x70,
    0x01, 0xE3, 0xFF, 0xF8, 0x78, 0x7F, 0xFF, 0x1E, 0x00, 0x38, 0x03, 0x8C, 0x07, 0x00, 0x03, 0x80,
    0xE0, 0x00, 0xE0, 0x1C, 0x00, 0x1F, 0xFF, 0xFF, 0x07, 0x7F, 0xFF, 0xE1, 0xE0, 0x00, 0xE0, 0x7C,
    0x00, 0x1C, 0x1F, 0x80, 0x03, 0x83, 0xB3, 0xFF, 0xFE, 0x66, 0x7F, 0xFF, 0xC0, 0xC1, 0x01, 0xC0,
    0x18, 0x70, 0x38, 0x03, 0x07, 0x07, 0x00, 0x60, 0xF0, 0xE0, 0x0C, 0x0E, 0x1C, 0x01, 0x80, 0xC3,
    0x80, 0x30, 0x00, 0x70, 0x06, 0x00, 0xFC, 0x00, 0xC0, 0x1F, 0x80, 0x00, 0x00, 0x00, 0x00, 0x02,
    0x00, 0x00, 0x00, 0x70, 0x38, 0x00, 0x1C, 0x0E, 0x00, 0x07, 0x03, 0x86, 0x01, 0xC0, 0xE1, 0xE0,
    0x78, 0x38, 0x78, 0x1E, 0x7F, 0xFE, 0x03, 0x1F, 0xFF, 0x20, 0x03, 0xBB, 0xCE, 0x00, 0xE1, 0xF1,
    0xC0, 0x38, 0x78, 0x3C, 0x0F, 0x3F, 0xFF, 0xC3, 0xE7, 0xFF, 0xFC, 0xFC, 0xCF, 0x03, 0x9F, 0x81,
    0xC0, 0x23, 0x70, 0x7F, 0xF8, 0x0E, 0x3F, 0xFE, 0x01, 0xCF, 0xC1, 0xC0, 0x3B, 0xF8, 0x70, 0x07,
    0x73, 0x9E, 0x00, 0xE4, 0x3F, 0x80, 0x1C, 0x03, 0xE0, 0x03, 0x80, 0xFE, 0x00, 0x70, 0x7F, 0xF0,
    0x0E, 0xFF, 0x1F, 0xC1, 0xDF, 0x80, 0xF8, 0x3B, 0x80, 0x07, 0x00, 0x02, 0x00, 0x00, 0x00, 0x70,
    0x00, 0x00, 0x1D, 0xFF, 0xFF, 0x07, 0x3F, 0xFF, 0xE1, 0xC0, 0x00, 0x00, 0x70, 0x18, 0xC7, 0x1C,
    0x67, 0x39, 0xC3, 0x1C, 0xC7, 0x38, 0x03, 0xB9, 0xCE, 0x00, 0xEE, 0x73, 0x80, 0x39, 0xCE, 0x70,
    0x0F, 0x1C, 0xE7, 0x03, 0xE3, 0x9C, 0x70, 0xFC, 0x39, 0xCE, 0x3F, 0x83, 0x1C, 0xE3, 0x70, 0x73,
    0x8C, 0x0E, 0x00, 0x00, 0x01, 0xC7, 0xFF, 0xF0, 0x38, 0xFF, 0xFE, 0x07, 0x00, 0x70, 0x00, 0xE0,
    0x0E, 0x00, 0x1C, 0x01, 0xC0, 0x03, 0x80, 0x38, 0x00, 0x70, 0x07, 0x00, 0x0E, 0xFF, 0xFF, 0xC1,
    0xDF, 0xFF, 0xF8, 0x18, 0x00, 0x00, 0x00, 0x02, 0x00, 0xE0, 0x00, 0x70, 0x1C, 0x00, 0x1C, 0x03,
    0x80, 0x07, 0x00, 0x70, 0x01, 0xC3, 0xFF, 0xF8, 0xF0, 0x7F, 0xFF, 0x1C, 0x60, 0x38, 0x03, 0x1C,
    0x07, 0x00, 0x07, 0x00, 0xE0, 0x00, 0xE0, 0x1C, 0x00, 0x3B, 0xFF, 0xFF, 0x0F, 0x7F, 0xFF, 0xE3,
    0xE0, 0x0E, 0x00, 0xFC, 0x01, 0xC0, 0x3F, 0x86, 0x38, 0x03, 0x71, 0xC7, 0x00, 0x0E, 0x38, 0xFF,
    0x81, 0xC7, 0x1F, 0xF0, 0x38, 0xE3, 0x80, 0x07, 0x1C, 0x70, 0x00, 0xE7, 0xCE, 0x00, 0x1C, 0xFD,
    0xC0, 0x03, 0x9F, 0xF8, 0x00, 0x77, 0x3F, 0x00, 0x0F, 0xE3, 0xFF, 0xE1, 0xF8, 0x1F, 0xF8, 0x1A,
    0x00, 0x00, 0x00, 0x02, 0x06, 0x0C, 0x00, 0x70, 0xC1, 0xC0, 0x1C, 0x38, 0x30, 0x07, 0x07, 0x06,
    0x01, 0xC0, 0xE1, 0xC0, 0x70, 0x3C, 0x38, 0x1C, 0x67, 0xCF, 0x83, 0x1D, 0xFD, 0xF8, 0x07, 0x39,
    0xF7, 0x80, 0xEE, 0x3E, 0x78, 0x3B, 0xC3, 0x87, 0x0F, 0x30, 0x70, 0x63, 0xE0, 0x0E, 0x00, 0xFC,
    0x31, 0xC0, 0x3F, 0x87, 0x38, 0x03, 0x70, 0xE7, 0x00, 0x0E, 0x18, 0xFF, 0x81, 0xC3, 0x1F, 0xF0,
    0x38, 0xF3, 0x80, 0x07, 0x1E, 0x70, 0x00, 0xE3, 0xCE, 0x00, 0x1C, 0xFD, 0xC0, 0x03, 0x9D, 0xF8,
    0x00, 0x77, 0x3F, 0x00, 0x0F, 0xE1, 0xFF, 0xC1, 0xD8, 0x1F, 0xF8, 0x18, 0x00, 0x00, 0x00, 0x02,
    0x0C, 0x00, 0x00, 0xF1, 0xC0, 0x00, 0x1C, 0x78, 0x00, 0x07, 0x0F, 0xFF, 0xE1, 0xC1, 0xFF, 0xFC,
    0xF0, 0x70, 0x00, 0x1C, 0x7C, 0x00, 0x03, 0x1F, 0xFF, 0xF8, 0x07, 0xFF, 0xFF, 0x00, 0xE3, 0x80,
    0x60, 0x38, 0x7F, 0xFC, 0x0F, 0x0F, 0xFF, 0x83, 0xE1, 0xC0, 0x30, 0xFC, 0x3F, 0xFE, 0x3F, 0x87,
    0xFF, 0xC3, 0x70, 0x1C, 0x00, 0x0E, 0x07, 0x00, 0x01, 0xC1, 0xFF, 0xE0, 0x38, 0x7F, 0xFC, 0x07,
    0x3F, 0x87, 0x00, 0xEF, 0x79, 0xC0, 0x1C, 0xC7, 0xF0, 0x03, 0x80, 0x7C, 0x00, 0x70, 0x7F, 0xF0,
    0x0E, 0xFF, 0x9F, 0xC1, 0xDF, 0x80, 0xF8, 0x19, 0x00, 0x02, 0x00, 0x04, 0x08, 0x18, 0x01, 0xC3,
    0x83, 0x00, 0x38, 0x70, 0x60, 0x0E, 0x6E, 0xCC, 0x03, 0x8D, 0xDB, 0x80, 0xF1, 0xBB, 0x70, 0x1D,
    0xB7, 0x6F, 0xF3, 0x3E, 0xED, 0xFE, 0x0E, 0xFF, 0xB1, 0x81, 0xDF, 0xFE, 0x30, 0x70, 0x01, 0xC6,
    0x1E, 0x00, 0x39, 0xC3, 0xDF, 0xFF, 0xB8, 0xFB, 0xFF, 0xF7, 0x3B, 0x00, 0x16, 0xC3, 0x63, 0xF8,
    0xF8, 0x0C, 0xFF, 0x1F, 0x01, 0x9C, 0x63, 0xC0, 0x33, 0x8C, 0x38, 0x06, 0x71, 0xE7, 0x00, 0xCE,
    0x3F, 0xE0, 0x19, 0xCF, 0xBE, 0x03, 0x31, 0xCF, 0xC0, 0x6E, 0x13, 0x9E, 0x0D, 0xC1, 0xE1, 0xC1,
    0xB0, 0x38, 0x18, 0x30, 0x02, 0x00, 0x00, 0x02, 0x00, 0xE0, 0x00, 0x70, 0x1C, 0x00, 0x1C, 0x03,
    0x80, 0x07, 0x7F, 0xFF, 0xE1, 0xC7, 0xFF, 0xFC, 0x70, 0x03, 0x80, 0x1C, 0x4F, 0xFF, 0xE3, 0x1D,
    0xFF, 0xFC, 0x03, 0xB3, 0x39, 0x80, 0xE6, 0x67, 0x30, 0x3C, 0xCC, 0xE6, 0x07, 0x19, 0x9C, 0xC1,
    0xE3, 0xFF, 0xF8, 0x7C, 0x7F, 0xFF, 0x1F, 0x80, 0x00, 0x03, 0xF7, 0xFF, 0xFE, 0x6E, 0xFF, 0xFF,
    0xC1, 0xC0, 0x38, 0x00, 0x38, 0x07, 0x00, 0x07, 0x37, 0x71, 0x80, 0xE7, 0xEE, 0x38, 0x1C, 0xDC,
    0x87, 0x03, 0xBB, 0x83, 0x70, 0x77, 0x70, 0x6E, 0x0F, 0xCF, 0xFC, 0xC1, 0xC0, 0xFF, 0x80, 0x18,
    0x00, 0x00, 0x00, 0x00, 0x40, 0x00, 0x00, 0x38, 0x00, 0x00, 0x0F, 0x80, 0x00, 0x00, 0xF0, 0x00,
    0x00, 0x1E, 0x00, 0x00, 0x03, 0xC0, 0x00, 0x00, 0x78, 0x00, 0x06, 0x0E, 0x00, 0x01, 0x81, 0x00,
    0x0C, 0x60, 0x07, 0x03, 0x98, 0x00, 0xE0, 0xE6, 0x00, 0x38, 0x39, 0x80, 0x0E, 0x0C, 0x60, 0x01,
    0xC7, 0x18, 0x00, 0x71, 0xC6, 0x00, 0x1C, 0x71, 0x80, 0x03, 0x9C, 0x60, 0x0C, 0xEE, 0x18, 0x03,
    0xBB, 0x86, 0x00, 0xC6, 0xE1, 0x80, 0x31, 0x00, 0x60, 0x1C, 0x00, 0x1C, 0x07, 0x00, 0x07, 0xFF,
    0xC0, 0x00, 0xFF, 0xE0, 0x00, 0x00, 0x00, 0x00, 0x00, 0x0C, 0x00, 0x00, 0x03, 0xE0, 0x18, 0x00,
    0x1E, 0x07, 0x80, 0x01, 0xE0, 0xE0, 0x00, 0x1F, 0x3C, 0x00, 0x01, 0xE7, 0x00, 0x07, 0x09, 0xC0,
    0x00, 0xE0, 0x78, 0x03, 0x9C, 0x0E, 0x00, 0x73, 0x83, 0xB8, 0x0E, 0x70, 0xF7, 0x01, 0xCE, 0x3C,
    0xF0, 0x31, 0xCF, 0x0E, 0x0E, 0x3B, 0xC0, 0xE1, 0xC7, 0xF0, 0x1C, 0x70, 0xFC, 0x01, 0xCE, 0x1F,
    0x00, 0x39, 0x83, 0xC0, 0x07, 0x81, 0xF0, 0x0E, 0x60, 0x7E, 0x01, 0xC0, 0x3F, 0xC0, 0x38, 0x1F,
    0xB8, 0x07, 0x03, 0xC7, 0x01, 0xC0, 0x20, 0xFF, 0xF8, 0x00, 0x0F, 0xFE, 0x00, 0x00, 0x00, 0x00,
    0x00, 0x00, 0x1C, 0x00, 0x00, 0x0E, 0x00, 0x00, 0x07, 0x00, 0x00, 0x03, 0x80, 0x00, 0x01, 0xC0,
    0x07, 0xFF, 0xFF, 0xFF, 0xFF, 0xFF, 0xFE, 0x00, 0x38, 0x00, 0x00, 0x1C, 0x00, 0x00, 0x0E, 0x00,
    0x00, 0x07, 0x00, 0x07, 0xFF, 0xFF, 0xC3, 0xFF, 0xFF, 0xE0, 0x01, 0x00, 0x00, 0x01, 0xC0, 0x00,
    0x00, 0xF8, 0x00, 0x03, 0x1E, 0x00, 0x0D, 0xC7, 0x8E, 0x0E, 0xE1, 0xE7, 0x07, 0x70, 0x61, 0xC3,
    0x38, 0x02, 0xE3, 0x9C, 0x01, 0xB9, 0xCE, 0x00, 0xDD, 0xC7, 0x00, 0xE7, 0xE3, 0xFF, 0xF3, 0x80,
    0xFF, 0xF0, 0x00, 0x06, 0x00, 0x00, 0x01, 0xC0, 0x38, 0x00, 0x38, 0x03, 0x80, 0x07, 0x00, 0x38,
    0x00, 0xE0, 0x07, 0x00, 0x5F, 0x00, 0x40, 0x0F, 0xEF, 0xFF, 0xF1, 0xFF, 0xFF, 0xFE, 0x7E, 0xCE,
    0x00, 0x0F, 0xD9, 0xC0, 0x01, 0xBB, 0x38, 0x00, 0x37, 0x07, 0x00, 0x06, 0xE0, 0xE0, 0x00, 0xDC,
    0x1C, 0x00, 0x03, 0x83, 0x80, 0x00, 0x70, 0x70, 0x00, 0x0E, 0x0E, 0x00, 0x01, 0xC1, 0xC0, 0x00,
    0x38, 0x38, 0x00, 0x07, 0x07, 0x00, 0x00, 0xE0, 0xE0, 0x00, 0x1C, 0x1C, 0x00, 0x03, 0x83, 0x80,
    0x00, 0x70, 0x7F, 0xFE, 0x0E, 0x0F, 0xFF, 0xC1, 0xC0, 0x00, 0x00, 0x18, 0x00, 0x00, 0x00, 0x0E,
    0x00, 0xC0, 0x01, 0xC0, 0x38, 0x00, 0x38, 0x07, 0x00, 0x07, 0x00, 0xE0, 0x00, 0xE0, 0x1C, 0x00,
    0x1F, 0x7F, 0xFE, 0x0F, 0xEF, 0xFF, 0xC1, 0xFE, 0x0E, 0x38, 0x7E, 0xC1, 0xC7, 0x0F, 0xD8, 0x38,
    0xE1, 0xBB, 0x07, 0x1C, 0x37, 0x00, 0xE3, 0x86, 0xE0, 0x1C, 0x70, 0x1C, 0xFF, 0xFF, 0x83, 0x9F,
    0xFF, 0xF0, 0x70, 0x0F, 0x00, 0x0E, 0x03, 0xF0, 0x01, 0xC0, 0x7E, 0x00, 0x38, 0x0F, 0xE0, 0x07,
    0x03, 0x9C, 0x00, 0xE0, 0x73, 0xC0, 0x1C, 0x1C, 0x3C, 0x03, 0x87, 0x03, 0xC0, 0x73, 0xE0, 0x3E,
    0x0E, 0xF8, 0x03, 0xC1, 0xDC, 0x00, 0x38, 0x39, 0x00, 0x02, 0x00, 0x01, 0x00, 0x00, 0x01, 0xC0,
    0x00, 0x00, 0xE0, 0x00, 0x00, 0xE0, 0x00, 0x00, 0xFF, 0xFF, 0xE0, 0x7F, 0xFF, 0xF0, 0x71, 0xC7,
    0x38, 0x71, 0xC3, 0x1C, 0xF0, 0xE3, 0x8E, 0x30, 0xE3, 0x87, 0x00, 0xE1, 0xC3, 0x81, 0xE1, 0xC1,
    0xC1, 0xE1, 0xC1, 0xC0, 0xE1, 0xC0, 0xE0, 0x23, 0xE7, 0xF0, 0x00, 0xC3, 0xF0, 0x00, 0x18, 0x00,
    0x19, 0x8E, 0x06, 0x0E, 0xC7, 0x87, 0x06, 0x61, 0xE1, 0xC7, 0x30, 0x72, 0xF3, 0x98, 0x13, 0xBB,
    0x8C, 0x01, 0xDF, 0xC7, 0x00, 0xE7, 0xC3, 0xFF, 0xE3, 0x00, 0xFF, 0xF0, 0x00, 0x00, 0x1C, 0x00,
    0x00, 0x0E, 0x00, 0x00, 0x07, 0x00, 0x00, 0x03, 0x80, 0x00, 0x01, 0xC0, 0x07, 0xFF, 0xFF, 0xFF,
    0xFF, 0xFF, 0xFE, 0x00, 0x7E, 0x00, 0x00, 0x77, 0x00, 0x00, 0x39, 0xC0, 0x00, 0x38, 0xF0, 0x00,
    0x3C, 0x3C, 0x00, 0x3F, 0x8F, 0x00, 0x7F, 0xE3, 0xE1, 0xFC, 0x78, 0xFF, 0xF8, 0x1E, 0x1F, 0x70,
    0x3C, 0x03, 0x09, 0x9E, 0x0E, 0x06, 0xE7, 0x87, 0x07, 0x71, 0xE1, 0xC3, 0xB8, 0x70, 0xE1, 0x9C,
    0x11, 0xB9, 0xCE, 0x00, 0xDC, 0xE7, 0x00, 0xE6, 0xE3, 0xFF, 0xF3, 0x80, 0xFF, 0xF0, 0x00, 0x0C,
    0x00, 0x00, 0x06, 0x00, 0x70, 0x03, 0x00, 0x38, 0x01, 0x80, 0x38, 0x00, 0xC0, 0x1C, 0x00, 0x68,
    0x0E, 0x01, 0xBE, 0xFF, 0xFE, 0xDF, 0x7F, 0xFF, 0x6D, 0xB8, 0x03, 0xB6, 0xFC, 0x01, 0xFB, 0x3E,
    0x00, 0xFD, 0x87, 0x00, 0x7C, 0xC3, 0x80, 0x3E, 0x61, 0xC0, 0x1C, 0x30, 0xFF, 0xFE, 0x18, 0x7F,
    0xFF, 0x0C, 0x38, 0x03, 0x86, 0x1C, 0x01, 0xC3, 0x0E, 0x00, 0xE1, 0x87, 0x00, 0x70, 0xC3, 0x80,
    0x38, 0x61, 0xC0, 0x1C, 0x30, 0xE0, 0x0E, 0x18, 0x7F, 0xFF, 0x0C, 0x3F, 0xFF, 0x86, 0x1C, 0x01,
    0xC3, 0x0E, 0x00, 0xC0, 0x01, 0x00, 0x40, 0x01, 0xC0, 0x38, 0x00, 0xE0, 0x38, 0x00, 0x38, 0x1C,
    0x00, 0x0E, 0x1C, 0x00, 0x07, 0x1E, 0x00, 0x3F, 0xFF, 0xF0, 0x1F, 0xFF, 0xF8, 0x0E, 0x00, 0x1C,
    0x07, 0x00, 0x0E, 0x03, 0x80, 0x07, 0x01, 0xC0, 0x03, 0x80, 0xE0, 0x01, 0xC0, 0x7F, 0xFF, 0xE0,
    0x3F, 0xFF, 0xF0, 0x00, 0x20, 0x00, 0x00, 0x3C, 0x00, 0x01, 0xCF, 0x06, 0x0E, 0xE3, 0xC7, 0x87,
    0x70, 0xF1, 0xC7, 0x38, 0x30, 0x73, 0x9C, 0x01, 0xBD, 0xCE, 0x00, 0xEF, 0xC7, 0x00, 0x63, 0x63,
    0xFF, 0xF1, 0x00, 0xFF, 0xF0, 0x00, 0x1C, 0x0E, 0x00, 0x0E, 0x07, 0x00, 0x07, 0x03, 0x80, 0x03,
    0x81, 0xC0, 0x01, 0xC0, 0xE0, 0x00, 0xF7, 0xFF, 0xFD, 0xFF, 0xFF, 0xFE, 0xFE, 0x38, 0x00, 0x7F,
    0x9C, 0x30, 0x3F, 0xCE, 0x18, 0x3F, 0x67, 0x4C, 0xDF, 0x83, 0x7E, 0x6D, 0xC3, 0xBF, 0x36, 0xE1,
    0xDB, 0xB8, 0x70, 0xCD, 0xDC, 0x38, 0xEE, 0xCC, 0x1C, 0x76, 0x6E, 0x0E, 0x73, 0x7E, 0x07, 0x38,
    0x3C, 0x03, 0xB8, 0x1F, 0x01, 0xFC, 0x1F, 0x80, 0xEC, 0x1E, 0xE0, 0x70, 0x0E, 0x78, 0x38, 0x1E,
    0x1E, 0x1C, 0x3E, 0x07, 0x8E, 0x0E, 0x01, 0xC7, 0x04, 0x00, 0x00, 0x00, 0x00, 0x40, 0x0F, 0xFF,
    0x1C, 0x01, 0xFF, 0xE3, 0xC0, 0x0C, 0x30, 0x3C, 0x01, 0x86, 0x01, 0xC0, 0x30, 0xC0, 0x3C, 0x06,
    0x18, 0x3B, 0x00, 0xFF, 0x07, 0x00, 0x1F, 0xE6, 0xE3, 0x03, 0x0C, 0xDC, 0x60, 0x61, 0x9B, 0x8E,
    0x0C, 0x33, 0x71, 0xC1, 0xFE, 0xEE, 0x18, 0x3F, 0xDD, 0xC3, 0x86, 0x1B, 0xB8, 0x70, 0xC3, 0x67,
    0x0E, 0x18, 0x7C, 0xE0, 0xC3, 0x0C, 0x1C, 0x18, 0x6F, 0xE3, 0x83, 0x3F, 0xFC, 0x70, 0xC7, 0xFE,
    0x0E, 0x18, 0xE0, 0xC1, 0xC3, 0x00, 0x18, 0x38, 0xE0, 0x03, 0x07, 0xFC, 0x00, 0x60, 0x7F, 0x00,
    0x0C, 0x00, 0x00, 0x00, 0x1C, 0x00, 0x00, 0x0E, 0x00, 0x00, 0x0F, 0x00, 0x01, 0xFF, 0xFF, 0x00,
    0xFF, 0xFF, 0x80, 0x70, 0x01, 0xC0, 0x38, 0x00, 0xE0, 0x1F, 0xFF, 0xF0, 0x0F, 0xFF, 0xF8, 0x07,
    0x00, 0x1C, 0x03, 0x80, 0x0E, 0x01, 0xFF, 0xFF, 0x00, 0xFF, 0xFF, 0x80, 0x70, 0x01, 0xC0, 0x38,
    0x00, 0xE0, 0x1F, 0xFF, 0xF0, 0x0F, 0xFF, 0xF8, 0x00, 0x1C, 0x00, 0x04, 0xC7, 0x03, 0x07, 0x61,
    0xC1, 0xC3, 0xB0, 0x70, 0xE3, 0x98, 0x31, 0xB9, 0xCC, 0x01, 0xDF, 0xC7, 0x00, 0xE7, 0xE3, 0xFF,
    0xF3, 0x00, 0xFF, 0xF0, 0x00, 0x01, 0x0C, 0x00, 0x00, 0xE3, 0x80, 0x00, 0x39, 0xC0, 0x00, 0x1C,
    0x7F, 0xFF, 0x07, 0x3F, 0xFF, 0xC3, 0x8E, 0x00, 0xE1, 0xE7, 0x0E, 0x38, 0xFB, 0x83, 0x9C, 0x7E,
    0x6C, 0xE4, 0x1D, 0x83, 0xBB, 0x80, 0x61, 0xCE, 0x70, 0x18, 0x73, 0x9C, 0x06, 0x38, 0xE3, 0x81,
    0x9C, 0x38, 0xE0, 0x67, 0x0E, 0x18, 0x18, 0x1F, 0x80, 0x06, 0x1F, 0xC0, 0x00, 0x07, 0x80, 0x00,
    0x98, 0xF0, 0x60, 0x76, 0x1C, 0x1C, 0x1D, 0x83, 0x87, 0x0E, 0x60, 0xC7, 0xE3, 0x98, 0x01, 0xF9,
    0xC7, 0x00, 0xE7, 0x71, 0xFF, 0xF9, 0xC0, 0x3F, 0xFC, 0x00, 0x00, 0xE3, 0x80, 0x00, 0x71, 0xC0,
    0x00, 0x38, 0xE0, 0x0F, 0xFC, 0x7F, 0xF7, 0xFE, 0x3F, 0xF8, 0x07, 0x1C, 0x00, 0x03, 0x8E, 0x00,
    0x7F, 0xC7, 0xFE, 0x7F, 0xE3, 0xFF, 0x00, 0x71, 0xC0, 0x00, 0x38, 0xE0, 0x00, 0x1C, 0x70, 0x0F,
    0xFE, 0x3F, 0xFF, 0xFF, 0x1F, 0xFC, 0x03, 0x8E, 0x00, 0x01, 0xC7, 0x00, 0x00, 0x19, 0x00, 0x00,
    0xCE, 0x0C, 0x07, 0x67, 0x87, 0x07, 0x31, 0xE3, 0x83, 0x98, 0x70, 0xE3, 0x8C, 0x1B, 0xB9, 0xC6,
    0x01, 0xDD, 0xC3, 0x80, 0xE7, 0xE1, 0xFF, 0xE3, 0x80, 0xFF, 0xF0, 0x00, 0x03, 0x00, 0x00, 0x00,
    0xE0, 0x00, 0x00, 0x38, 0x7F, 0xF8, 0x0E, 0x1F, 0xFE, 0x03, 0x87, 0x03, 0x9F, 0xFF, 0xC0, 0xE7,
    0xFF, 0xFF, 0xF8, 0x1E, 0x1F, 0xFE, 0x07, 0x87, 0x03, 0x83, 0xF9, 0xC0, 0xE0, 0xFF, 0x70, 0x38,
    0x7F, 0xFF, 0xFE, 0x3B, 0xBF, 0xFF, 0x9C, 0xE5, 0xC0, 0xE7, 0x38, 0x70, 0x38, 0x8E, 0x1F, 0xFE,
    0x03, 0x8B, 0xFF, 0x80, 0x07, 0x00, 0x81, 0x9C, 0xE0, 0x60, 0x77, 0x1C, 0x1C, 0x19, 0xC7, 0x87,
    0x8E, 0x70, 0xCE, 0xE3, 0x9C, 0x03, 0x9D, 0xC7, 0x00, 0xC7, 0x71, 0xFF, 0xF0, 0x80, 0x3F, 0xF8,
    0x00, 0x00, 0x18, 0x00, 0x00, 0x0E, 0x00, 0x00, 0x07, 0x00, 0x07, 0xFF, 0xFF, 0xC3, 0xFF, 0xFF,
    0xE0, 0x1C, 0x07, 0x00, 0x06, 0x03, 0x80, 0xFF, 0xFF, 0xFF, 0x7F, 0xFF, 0xFF, 0x80, 0x00, 0x00,
    0x03, 0xFF, 0xFE, 0x01, 0xFF, 0xFF, 0x00, 0xC0, 0x01, 0x80, 0x7F, 0xFF, 0xC0, 0x3F, 0xFF, 0xE0,
    0x18, 0x00, 0x30, 0x0C, 0x00, 0x18, 0x07, 0xFF, 0xFC, 0x03, 0xFF, 0xFE, 0x00, 0x07, 0x81, 0x01,
    0xD9, 0xE1, 0xC0, 0xCC, 0x3A, 0x70, 0xE6, 0x0B, 0xBC, 0xE3, 0x01, 0xCE, 0x71, 0xFF, 0xE3, 0x10,
    0xFF, 0xE0, 0x00, 0x60, 0x00, 0x00, 0x1E, 0x1F, 0xFF, 0xC7, 0xC7, 0xFF, 0xF0, 0x79, 0x87, 0x00,
    0x0C, 0x7F, 0xFE, 0x00, 0x1F, 0xFF, 0x80, 0x06, 0x1C, 0x00, 0x01, 0xFF, 0xF8, 0x06, 0x7F, 0xFE,
    0x03, 0x98, 0x70, 0x00, 0xE7, 0xFF, 0xF0, 0x71, 0xFF, 0xFC, 0x38, 0xC1, 0x73, 0x1E, 0x76, 0xEC,
    0xCF, 0x1D, 0x99, 0xF1, 0x8E, 0x76, 0x1C, 0x03, 0x98, 0x3E, 0x00, 0x4E, 0x07, 0x81, 0x9B, 0xC0,
    0x80, 0x77, 0x38, 0x70, 0x39, 0xC7, 0x6E, 0x0E, 0x70, 0x1D, 0xC7, 0x1C, 0x07, 0x7B, 0xC7, 0xFF,
    0x8E, 0x60, 0xFF, 0xE1, 0x00, 0x00, 0x06, 0x00, 0x00, 0x01, 0xC0, 0x00, 0x00, 0x70, 0x00, 0x7F,
    0xFF, 0xFF, 0x1F, 0xFF, 0xFF, 0xC6, 0x19, 0xDC, 0x01, 0x8E, 0x73, 0x00, 0x63, 0xBF, 0xFE, 0x19,
    0xCF, 0xFF, 0x86, 0xF7, 0x8E, 0x01, 0xFF, 0xFF, 0xF8, 0x7F, 0xFF, 0xFC, 0x1E, 0xCE, 0x38, 0x06,
    0x33, 0xFF, 0xE3, 0x8C, 0xFF, 0xF0, 0xE3, 0x38, 0xE0, 0x38, 0xCF, 0xFF, 0xCE, 0x33, 0xFF, 0xF3,
    0x80, 0x78, 0x00, 0xE2, 0x6F, 0x98, 0x31, 0xD8, 0xEE, 0x0C, 0x66, 0x19, 0xC7, 0x39, 0x81, 0xB9,
    0xDC, 0x60, 0x67, 0x67, 0x1F, 0xF9, 0xD8, 0x87, 0xFE, 0x20, 0x00, 0x00, 0x00, 0x00, 0x01, 0x90,
    0x00, 0x00, 0xEF, 0x00, 0x00, 0x39, 0xE0, 0x00, 0x0E, 0x3C, 0x00, 0x03, 0x83, 0x07, 0xFF, 0xFF,
    0xF1, 0xFF, 0xFF, 0xFC, 0x70, 0x06, 0x00, 0x1C, 0x01, 0xC0, 0x07, 0x00, 0x70, 0xC1, 0xC0, 0x1C,
    0x70, 0x7F, 0xE7, 0x1C, 0x1F, 0xF9, 0xC6, 0x07, 0x0E, 0x73, 0x81, 0xC3, 0x8C, 0xE0, 0x70, 0xE3,
    0xF0, 0x1C, 0x38, 0xFC, 0x07, 0x0E, 0x3E, 0x01, 0xC3, 0x8F, 0x00, 0x60, 0xE3, 0xC3, 0x3B, 0xF1,
    0xF0, 0xCE, 0xFC, 0xFE, 0x33, 0x80, 0x7B, 0x9D, 0xC0, 0x7C, 0xFF, 0x70, 0x1E, 0x1F, 0xDC, 0x07,
    0x03, 0xE2, 0x00, 0x00, 0x00, 0x00, 0x01, 0x00, 0x00, 0x1C, 0xE4, 0x00, 0xFF, 0xBB, 0x81, 0xFF,
    0xCE, 0x70, 0x7F, 0x83, 0x8E, 0x18, 0xE0, 0xE3, 0xC0, 0x38, 0x38, 0x70, 0x0E, 0x0E, 0x08, 0x03,
    0x83, 0x80, 0x3F, 0xFF, 0xFF, 0xEF, 0xFF, 0xFF, 0xF8, 0x0E, 0x0E, 0x00, 0x03, 0x81, 0x86, 0x00,
    0xE0, 0x73, 0x80, 0x3B, 0xDC, 0xE0, 0x0F, 0xF7, 0x70, 0x7F, 0xF9, 0xF8, 0x3F, 0xE0, 0x3E, 0x0F,
    0xB8, 0x0F, 0x00, 0x0E, 0x07, 0x86, 0x03, 0x83, 0xE1, 0x80, 0xE3, 0xFC, 0x60, 0x39, 0xF7, 0x98,
    0x0E, 0xF0, 0xFE, 0x3F, 0xB8, 0x1F, 0x8F, 0xC0, 0x03, 0xC0, 0x00, 0x00, 0x00, 0x00, 0x03, 0x00,
    0x00, 0x00, 0xCE, 0x00, 0x00, 0x3B, 0xE0, 0x00, 0x0E, 0x3C, 0x00, 0x03, 0x86, 0x3F, 0xFF, 0xFF,
    0xEF, 0xFF, 0xFF, 0xF8, 0x00, 0x0E, 0x00, 0x00, 0x03, 0x80, 0x00, 0x00, 0xE1, 0x83, 0xFF, 0x38,
    0xE0, 0xFF, 0xCE, 0x38, 0x38, 0x73, 0x8E, 0x0E, 0x1C, 0x67, 0x03, 0x87, 0x1D, 0xC0, 0xE1, 0xC7,
    0xE0, 0x3F, 0xF1, 0xF8, 0x0F, 0xFC, 0x7C, 0x00, 0x00, 0x0E, 0x00, 0x00, 0x67, 0x86, 0x01, 0xFB,
    0xE1, 0x8F, 0xFF, 0xFC, 0x6F, 0xFC, 0xF7, 0x19, 0xF0, 0xF8, 0xFE, 0x00, 0x7C, 0x3F, 0x80, 0x0E,
    0x07, 0xC0, 0x00, 0x00, 0x00, 0x01, 0x81, 0x80, 0x01, 0xC0, 0xEC, 0x00, 0xE0, 0x7F, 0x0F, 0xFF,
    0xBB, 0xC7, 0xFF, 0xDC, 0xF0, 0x1C, 0x0E, 0x38, 0x0E, 0x07, 0x01, 0xFF, 0xFF, 0xFF, 0xFF, 0xFF,
    0xFF, 0x86, 0x40, 0xE0, 0x07, 0x70, 0x70, 0x03, 0x9C, 0x38, 0xE3, 0xFF, 0xDC, 0x61, 0xFF, 0xEE,
    0x71, 0xE3, 0x03, 0x39, 0xF1, 0x81, 0xB8, 0xFF, 0xFC, 0xFC, 0x1F, 0xFE, 0x7C, 0x0E, 0x30, 0x3E,
    0x07, 0xFF, 0x8E, 0x23, 0xFF, 0xCF, 0x19, 0xC6, 0x07, 0x8C, 0xFF, 0xF7, 0xE6, 0x7F, 0xFF, 0x7F,
    0x38, 0x0F, 0x1F, 0x9C, 0x03, 0x07, 0x80, 0x00, 0x00, 0x00, 0x00, 0x00, 0x00, 0x00, 0x01, 0xF8,
    0x00, 0xFF, 0xF0, 0x3F, 0xFF, 0x00, 0xFF, 0xC0, 0x01, 0xC0, 0x00, 0x03, 0x80, 0x00, 0x07, 0x00,
    0x00, 0x0F, 0xFF, 0xFE, 0x1F, 0xFF, 0xFC, 0x38, 0x00, 0x38, 0x70, 0x00, 0x70, 0xE0, 0x00, 0xE1,
    0xC0, 0x01, 0xC3, 0x80, 0x03, 0x87, 0xFF, 0xFF, 0x0F, 0xFF, 0xFE, 0x1C, 0x00, 0x1C, 0x38, 0x00,
    0x38, 0xE0, 0x00, 0x01, 0xC0, 0x00, 0x03, 0x80, 0x00, 0x0E, 0x00, 0x00, 0x1C, 0x00, 0x00, 0x70,
    0x00, 0x00, 0xE0, 0x00, 0x00, 0x80, 0x00, 0x00, 0x00, 0x04, 0x00, 0x00, 0x1C, 0x00, 0x00, 0x38,
    0x00, 0x00, 0x38, 0x00, 0x00, 0x70, 0x01, 0xFF, 0xFF, 0xC3, 0xFF, 0xFF, 0x87, 0x00, 0x07, 0x0E,
    0x00, 0x0E, 0x1C, 0x00, 0x1C, 0x38, 0x00, 0x38, 0x70, 0x00, 0x70, 0xE0, 0x00, 0xE1, 0xFF, 0xFF,
    0xC3, 0xFF, 0xFF, 0x87, 0x00, 0x07, 0x0E, 0x00, 0x0E, 0x1C, 0x00, 0x00, 0x30, 0x00, 0x00, 0xE0,
    0x00, 0x01, 0xC0, 0x00, 0x03, 0x80, 0x00, 0x0E, 0x00, 0x00, 0x1C, 0x00, 0x00, 0x70, 0x00, 0x00,
    0xE0, 0x00, 0x00, 0x80, 0x00, 0x00, 0x00, 0x00, 0x00, 0x00, 0x0E, 0x00, 0xE0, 0xFF, 0x87, 0xFC,
    0xFF, 0xCF, 0xFC, 0x3F, 0x03, 0xF8, 0x0E, 0x00, 0xE0, 0x03, 0x80, 0x38, 0x00, 0xFF, 0xCE, 0x00,
    0x3F, 0xF3, 0x80, 0x0E, 0x0C, 0xE0, 0x03, 0x83, 0x3F, 0xFC, 0xE0, 0xCF, 0xFF, 0x38, 0x33, 0x8E,
    0x0E, 0x0C, 0xE3, 0x83, 0xFF, 0x38, 0xE0, 0xFF, 0xCE, 0x38, 0x38, 0x03, 0x8E, 0x0E, 0x00, 0xE3,
    0x83, 0x80, 0x30, 0xE0, 0xE0, 0x1C, 0x38, 0x38, 0x07, 0x0E, 0x0C, 0x01, 0xC3, 0x87, 0x00, 0xE0,
    0xE1, 0xC0, 0x38, 0x38, 0x70, 0x1C, 0x0E, 0x18, 0x07, 0x03, 0x82, 0x00, 0x80, 0x60, 0x00, 0x00,
    0x08, 0x00, 0x01, 0xFE, 0x03, 0xFF, 0xFF, 0x07, 0xFF, 0xFC, 0x03, 0xFF, 0xC0, 0x00, 0x00, 0xE0,
    0x00, 0x00, 0x70, 0x00, 0x00, 0x38, 0x00, 0x00, 0x1C, 0x00, 0x1F, 0xFF, 0xFF, 0x8F, 0xFF, 0xFF,
    0xC0, 0x03, 0x80, 0x00, 0x01, 0xC0, 0x00, 0x00, 0xE0, 0x00, 0x00, 0x70, 0x01, 0xFF, 0xFF, 0xFF,
    0xFF, 0xFF, 0xFF, 0x80, 0x0E, 0x00, 0x00, 0x07, 0x00, 0x00, 0x03, 0x80, 0x00, 0x01, 0xC0, 0x00,
    0x00, 0xE0, 0x00, 0x00, 0x70, 0x00, 0x00, 0x38, 0x00, 0x07, 0xFC, 0x00, 0x01, 0xFC, 0x00, 0x00,
    0x00, 0x00, 0x00, 0x00, 0x00, 0xC0, 0x00, 0x00, 0x38, 0x00, 0x00, 0x0E, 0x00, 0x00, 0x03, 0x80,
    0x00, 0x00, 0xE0, 0x00, 0x00, 0x38, 0x07, 0xFF, 0xFF, 0xFD, 0xFF, 0xFF, 0xFF, 0x00, 0x07, 0xE0,
    0x00, 0x01, 0xF8, 0x00, 0x00, 0xEE, 0x00, 0x00, 0x7B, 0x80, 0x00, 0x3C, 0xE0, 0x00, 0x1E, 0x38,
    0x00, 0x07, 0x0E, 0x00, 0x03, 0xC3, 0x80, 0x01, 0xE0, 0xE0, 0x01, 0xF0, 0x38, 0x00, 0xF8, 0x0E,
    0x00, 0x7C, 0x03, 0x80, 0x7E, 0x00, 0xE0, 0x1E, 0x00, 0x38, 0x03, 0x00, 0x0E, 0x00, 0x00, 0x07,
    0x00, 0x00, 0x1F, 0xC0, 0x00, 0x07, 0xF0, 0x00, 0x00, 0x00, 0x00, 0x0E, 0x00, 0x00, 0x03, 0x80,
    0x00, 0x00, 0xE0, 0x00, 0x00, 0x38, 0xFF, 0xFE, 0x0E, 0x3F, 0xFF, 0x83, 0x80, 0x0E, 0x0F, 0xFE,
    0x03, 0x83, 0xFF, 0x80, 0xE0, 0x0E, 0x00, 0x38, 0x03, 0x80, 0x0E, 0x00, 0xE0, 0x03, 0x80, 0x38,
    0x00, 0xE0, 0x0E, 0xE0, 0x38, 0x03, 0xF8, 0x0E, 0x03, 0xFE, 0x03, 0x83, 0xFC, 0x00, 0xE0, 0xFE,
    0x00, 0x38, 0x33, 0x80, 0x0E, 0x00, 0xE0, 0x03, 0x80, 0x38, 0x00, 0xE0, 0x0E, 0x00, 0x38, 0x03,
    0x80, 0x0E, 0x00, 0xE0, 0x03, 0x80, 0x38, 0x00, 0xE0, 0x7E, 0x07, 0xF0, 0x1F, 0x01, 0xFC, 0x00,
    0x00, 0x30, 0x00, 0x0C, 0x00, 0x00, 0x0E, 0x00, 0xE0, 0x07, 0x00, 0x38, 0x03, 0x80, 0x1C, 0x01,
    0xC0, 0x06, 0x00, 0xE1, 0xFF, 0xFF, 0xFE, 0xFF, 0xFF, 0xFF, 0x70, 0x00, 0x1C, 0x38, 0x00, 0x0E,
    0x1C, 0x00, 0x07, 0x0E, 0x00, 0x03, 0x87, 0x00, 0x01, 0xC3, 0x80, 0x00, 0xFD, 0xC0, 0x01, 0xFE,
    0xE0, 0x01, 0xFC, 0x70, 0x00, 0xFC, 0x38, 0x00, 0x4E, 0x18, 0x00, 0x07, 0x0C, 0x00, 0x03, 0x8E,
    0x00, 0x01, 0xC7, 0x00, 0x00, 0xE3, 0x80, 0x00, 0x73, 0x80, 0x00, 0x39, 0xC0, 0x00, 0xFD, 0xC0,
    0x00, 0x3C, 0xE0, 0x00, 0x00, 0x00, 0x00, 0x00, 0x0C, 0x00, 0x00, 0x0E, 0x00, 0x00, 0x0E, 0x00,
    0x00, 0x0E, 0x3F, 0xFF, 0x0E, 0x3F, 0xFF, 0x0E, 0x00, 0x07, 0xFF, 0xC0, 0x07, 0xFF, 0xC0, 0x07,
    0x0E, 0x00, 0x07, 0x0E, 0x00, 0x07, 0x0E, 0x00, 0x07, 0x0E, 0x00, 0x07, 0x0E, 0x5F, 0xFF, 0x0F,
    0xDF, 0xFF, 0x7F, 0xC0, 0x07, 0xFF, 0x00, 0x07, 0xFE, 0x00, 0x07, 0x0E, 0x00, 0x07, 0x0E, 0x00,
    0x07, 0x0E, 0x00, 0x07, 0x0E, 0x00, 0x07, 0x0E, 0x00, 0x07, 0x0E, 0x3F, 0xFF, 0x0E, 0x3F, 0xFF,
    0x7E, 0x00, 0x07, 0x7C, 0x00, 0x07, 0x00, 0x00, 0x02, 0x06, 0x03, 0x80, 0x00, 0xC0, 0x73, 0x00,
    0x18, 0x0E, 0xF0, 0x03, 0x01, 0xCF, 0x00, 0x60, 0x38, 0xF0, 0x0C, 0x07, 0x0E, 0x1F, 0xF8, 0xE0,
    0x23, 0xFF, 0x1F, 0xFE, 0x06, 0x3F, 0xFF, 0xC0, 0xC7, 0xFF, 0x80, 0x18, 0x67, 0x00, 0x03, 0x00,
    0xE1, 0x80, 0x66, 0x1C, 0x70, 0x0F, 0xC3, 0x8E, 0x0F, 0xF8, 0x73, 0x83, 0xFC, 0x07, 0xF0, 0x7E,
    0x00, 0xFC, 0x08, 0xC0, 0x1F, 0x00, 0x18, 0x03, 0xE0, 0x03, 0x00, 0x78, 0x40, 0x60, 0x3F, 0x0E,
    0x0C, 0x0F, 0xF1, 0xC1, 0x87, 0xCE, 0x30, 0x31, 0xF0, 0xFE, 0x3E, 0x3C, 0x1F, 0xC7, 0xC0, 0x01,
    0xF0, 0x00, 0x00, 0x0C, 0x00, 0x06, 0x00, 0x80, 0x00, 0xC0, 0x38, 0x00, 0x18, 0x07, 0x00, 0x03,
    0x00, 0x70, 0x00, 0x60, 0x0E, 0x00, 0x0C, 0x00, 0xC0, 0x1F, 0xFF, 0xFF, 0xF3, 0xFF, 0xFF, 0xFE,
    0x06, 0x00, 0x00, 0x00, 0xC0, 0x00, 0x00, 0x18, 0x1F, 0xF0, 0x03, 0x03, 0xFE, 0x00, 0x64, 0x60,
    0xC0, 0x0F, 0xCC, 0x18, 0x0F, 0xF9, 0x83, 0x03, 0xF8, 0x30, 0x60, 0x7E, 0x06, 0x0C, 0x00, 0xC1,
    0xC1, 0x80, 0x18, 0x38, 0x30, 0x03, 0x07, 0x06, 0x40, 0x60, 0xE0, 0xCC, 0x0C, 0x38, 0x19, 0x81,
    0x87, 0x03, 0x30, 0x31, 0xC0, 0x66, 0x7E, 0xF8, 0x0F, 0xC7, 0xCE, 0x01, 0xF8, 0x01, 0x00, 0x00,
    0x00, 0x06, 0x00, 0x00, 0x01, 0x80, 0x00, 0x00, 0x61, 0xFF, 0xF8, 0x18, 0x7F, 0xFE, 0x06, 0x1C,
    0x00, 0x01, 0x87, 0x00, 0x07, 0xFF, 0xC0, 0x01, 0xFF, 0xF0, 0x00, 0x06, 0x1C, 0x00, 0x01, 0x87,
    0xFF, 0xC0, 0x61, 0xFF, 0xF0, 0x18, 0x70, 0x1C, 0x06, 0x1C, 0x07, 0x01, 0xFF, 0x01, 0xC1, 0xFF,
    0xC0, 0x71, 0xFE, 0x70, 0x1C, 0x7E, 0x1F, 0xFF, 0x19, 0x87, 0xFF, 0xC0, 0x61, 0xC0, 0x00, 0x18,
    0x70, 0x00, 0x06, 0x1C, 0x00, 0x01, 0x87, 0x00, 0x00, 0x61, 0xC0, 0x00, 0x18, 0x7F, 0xFF, 0x7E,
    0x1F, 0xFF, 0xCF, 0x80, 0x00, 0x00, 0x06, 0x00, 0x00, 0x01, 0xC0, 0x00, 0x00, 0x38, 0xFF, 0xFE,
    0x07, 0x1F, 0xFF, 0xC0, 0xE0, 0xE0, 0x70, 0x1C, 0x0E, 0x1C, 0x1F, 0xF0, 0xE7, 0x03, 0xFE, 0x0F,
    0xC0, 0x0E, 0x00, 0xF0, 0x01, 0xC0, 0x7F, 0x80, 0x38, 0x3F, 0xFC, 0x07, 0x3F, 0x87, 0xE0, 0xE7,
    0xC6, 0x7C, 0x1F, 0xE1, 0xC1, 0x87, 0xF0, 0x38, 0x03, 0xF8, 0xFF, 0xF8, 0x7E, 0x1F, 0xFF, 0x09,
    0xC0, 0x1C, 0x00, 0x38, 0x03, 0x80, 0x07, 0x00, 0x70, 0x00, 0xE3, 0xFF, 0xFC, 0x1C, 0x7F, 0xFF,
    0x83, 0x80, 0x38, 0x00, 0x70, 0x07, 0x00, 0x3E, 0x00, 0xE0, 0x07, 0x80, 0x1C, 0x00, 0x00, 0x01,
    0x80, 0x00, 0x0E, 0x00, 0x00, 0x01, 0xC0, 0x03, 0xE0, 0x38, 0x1F, 0xFE, 0x07, 0x0F, 0xFE, 0x00,
    0xE1, 0xFE, 0x00, 0x1C, 0x00, 0xC0, 0x1F, 0xF0, 0x18, 0x03, 0xFE, 0x03, 0x00, 0x0E, 0x00, 0x60,
    0x01, 0xC7, 0xFF, 0xF8, 0x38, 0xFF, 0xFF, 0x07, 0x00, 0x30, 0x00, 0xE0, 0x06, 0x00, 0x1F, 0x80,
    0xC0, 0x07, 0xF0, 0x18, 0x03, 0xFC, 0x03, 0x00, 0x7E, 0x1F, 0xFF, 0x8D, 0xC3, 0xFF, 0xF0, 0x38,
    0x70, 0x0E, 0x07, 0x0E, 0x01, 0xC0, 0xE1, 0xC0, 0x38, 0x1C, 0x38, 0x07, 0x03, 0x87, 0x00, 0xE0,
    0x70, 0xFF, 0xFC, 0x7E, 0x1F, 0xFF, 0x8F, 0x83, 0x80, 0x70, 0x00, 0x60, 0x04, 0x00, 0x0E, 0x01,
    0xC0, 0x01, 0xC0, 0x38, 0x00, 0x38, 0x07, 0x06, 0x07, 0x00, 0xE1, 0xC0, 0xE1, 0xFF, 0xF8, 0x1C,
    0x3F, 0xFE, 0x1F, 0xF0, 0x73, 0x83, 0xFE, 0x0E, 0x70, 0x7F, 0x81, 0xDC, 0x01, 0xCF, 0xFF, 0xF8,
    0x39, 0xFF, 0xFF, 0x07, 0x00, 0x70, 0x00, 0xE0, 0x3C, 0x00, 0x1F, 0x8F, 0xFF, 0x07, 0xF3, 0xFF,
    0xE3, 0xFD, 0xF8, 0x00, 0x7E, 0xFF, 0x00, 0x0D, 0xDE, 0xE0, 0x00, 0x3B, 0x1F, 0xFC, 0x07, 0x03,
    0xFF, 0x80, 0xE0, 0x00, 0x70, 0x1C, 0x00, 0x0E, 0x03, 0x80, 0x01, 0xC0, 0x70, 0x00, 0x30, 0x7E,
    0x01, 0xFE, 0x07, 0x80, 0x3F, 0x80, 0x00, 0x00, 0x00, 0x00, 0x0E, 0x00, 0x60, 0x03, 0x80, 0x18,
    0x00, 0xE0, 0x06, 0x00, 0x38, 0x01, 0x80, 0x0E, 0x1F, 0xFF, 0x83, 0x87, 0xFF, 0xE7, 0xFC, 0x06,
    0x01, 0xFF, 0x01, 0x80, 0x0E, 0x00, 0x60, 0x03, 0x80, 0x18, 0x00, 0xE7, 0xFF, 0xFC, 0x39, 0xFF,
    0xFF, 0x0E, 0x00, 0x0E, 0x03, 0xF0, 0x03, 0x80, 0xFC, 0x00, 0xE1, 0xFE, 0xFF, 0xFF, 0x7E, 0x3F,
    0xFF, 0xDB, 0x81, 0x03, 0x80, 0xE0, 0xE0, 0xE0, 0x38, 0x3C, 0x38, 0x0E, 0x07, 0x0E, 0x03, 0x80,
    0xE3, 0x80, 0xE0, 0x38, 0xE0, 0x38, 0x00, 0x38, 0x7E, 0x00, 0xFE, 0x0F, 0x00, 0x1F, 0x00, 0x00,
    0x00, 0x00, 0x06, 0x00, 0xC0, 0x03, 0x80, 0x38, 0x00, 0xE0, 0x0E, 0x00, 0x38, 0x03, 0x80, 0x0E,
    0x3F, 0xFF, 0xC3, 0x8F, 0xFF, 0xF7, 0xFF, 0x80, 0x1D, 0xFF, 0xE7, 0x07, 0x0E, 0x39, 0xC1, 0xC3,
    0x8E, 0x70, 0x70, 0xE0, 0x38, 0x00, 0x38, 0x0E, 0x00, 0x0E, 0x7F, 0xFF, 0xC3, 0x9F, 0xFF, 0xF0,
    0xFC, 0x70, 0xE0, 0x7F, 0x38, 0x38, 0x7F, 0x8E, 0x0E, 0x1F, 0x87, 0x87, 0x04, 0xE1, 0xF1, 0xC0,
    0x38, 0x1F, 0xE0, 0x0E, 0x01, 0xF8, 0x03, 0x80, 0x3F, 0x00, 0xE0, 0x3F, 0xE0, 0x38, 0x7F, 0x3E,
    0x7E, 0x3F, 0x03, 0xCF, 0x0F, 0x00, 0x60, 0x00, 0x00, 0x00, 0x06, 0x00, 0x60, 0x01, 0x80, 0x3B,
    0x00, 0x60, 0x0E, 0xF0, 0x18, 0x03, 0x9E, 0x06, 0x00, 0xE1, 0x81, 0x8F, 0xFF, 0xF7, 0xFF, 0xFF,
    0xFD, 0xFF, 0x03, 0x80, 0x06, 0x00, 0xE0, 0x01, 0x8F, 0xFF, 0xE0, 0x63, 0xFF, 0xF8, 0x18, 0xE3,
    0x86, 0x06, 0x38, 0xE1, 0x81, 0xFE, 0x38, 0x60, 0xFF, 0xFF, 0xF9, 0xFE, 0xFF, 0xFE, 0x7E, 0x38,
    0xE1, 0x99, 0x8E, 0x38, 0x60, 0x63, 0x8E, 0x18, 0x18, 0xFF, 0xFE, 0x06, 0x3F, 0xFF, 0x81, 0x8E,
    0x38, 0x60, 0x63, 0x8E, 0x18, 0x18, 0xE3, 0x86, 0x7E, 0x38, 0xE1, 0x8F, 0x8E, 0x3B, 0xE0, 0x01,
    0x80, 0xF8, 0x0E, 0x03, 0x00, 0x01, 0xC0, 0x70, 0x00, 0x38, 0x1C, 0x00, 0x07, 0x03, 0xFF, 0x00,
    0xE0, 0xFF, 0xE0, 0x1C, 0x38, 0x38, 0x1F, 0xEF, 0x07, 0x03, 0xFD, 0xC1, 0xC0, 0x0E, 0x7F, 0xFF,
    0x01, 0xC7, 0xFF, 0xE0, 0x38, 0x63, 0x9C, 0x07, 0x0C, 0x73, 0x80, 0xE1, 0x8E, 0x70, 0x1F, 0xB1,
    0xCE, 0x07, 0xF6, 0x39, 0xC3, 0xFC, 0xC7, 0x38, 0x7E, 0x7F, 0xFF, 0xCD, 0xCF, 0xFF, 0xF8, 0x38,
    0x07, 0x80, 0x07, 0x01, 0xF8, 0x00, 0xE0, 0x7B, 0x80, 0x1C, 0x1E, 0x38, 0x03, 0x87, 0x87, 0x80,
    0x73, 0xE0, 0x7C, 0x3F, 0xF0, 0x03, 0xC7, 0x9C, 0x00, 0x38, 0x00, 0x00, 0x00, 0x00, 0x0C, 0x01,
    0x80, 0x07, 0x00, 0xE0, 0x01, 0xC0, 0x3C, 0x00, 0x70, 0x1F, 0x80, 0x1C, 0x0E, 0x70, 0x07, 0x07,
    0x0F, 0x0F, 0xF3, 0x81, 0xE3, 0xFF, 0xC0, 0x3E, 0x1D, 0xFF, 0xFB, 0x87, 0x37, 0xFE, 0x61, 0xC0,
    0x18, 0x00, 0x70, 0x06, 0x00, 0x1C, 0x01, 0x80, 0x07, 0xFF, 0xFF, 0xC1, 0xFF, 0xFF, 0xF3, 0xFC,
    0x06, 0x00, 0xFC, 0x01, 0x80, 0x37, 0x0F, 0xFF, 0x81, 0xC3, 0xFF, 0xE0, 0x70, 0xC0, 0x38, 0x1C,
    0x30, 0x0E, 0x07, 0x0C, 0x03, 0x81, 0xC3, 0x00, 0xE0, 0x70, 0xFF, 0xF8, 0x7C, 0x3F, 0xFE, 0x1E,
    0x0C, 0x03, 0x80, 0x03, 0x00, 0x00, 0x0C, 0x00, 0x00, 0x03, 0x80, 0x00, 0x00, 0xE3, 0xFF, 0xF8,
    0x38, 0xFF, 0xFE, 0x0E, 0x38, 0x01, 0x83, 0x8E, 0x00, 0x67, 0xFF, 0x80, 0x19, 0xFF, 0xFF, 0xFE,
    0x0E, 0x3F, 0xFF, 0x83, 0x8E, 0x0C, 0x00, 0xE3, 0x83, 0x00, 0x38, 0xE0, 0xC0, 0x0E, 0x3F, 0xFF,
    0xC3, 0xFF, 0xFF, 0xF1, 0xFF, 0x83, 0x01, 0xFC, 0xE0, 0xC0, 0x7E, 0x38, 0x30, 0x13, 0x8F, 0xFF,
    0xE0, 0xE3, 0x7F, 0xF8, 0x39, 0xD8, 0x06, 0x0E, 0x76, 0x01, 0x83, 0x9D, 0x80, 0x60, 0xEE, 0x60,
    0x18, 0x3B, 0x9F, 0xFE, 0x7F, 0xE7, 0xFF, 0x8F, 0x31, 0x80, 0x60, 0x00, 0x60, 0x08, 0x0E, 0x00,
    0x00, 0x03, 0x87, 0xFF, 0xC0, 0xE1, 0xFF, 0xF0, 0x38, 0x00, 0x1C, 0x0E, 0x00, 0x07, 0x03, 0x87,
    0xFF, 0xC7, 0xFD, 0xFF, 0xF1, 0xFF, 0x00, 0x1C, 0x0E, 0x1F, 0xFF, 0x03, 0x8F, 0xFF, 0xC0, 0xE0,
    0x00, 0x00, 0x39, 0xFF, 0xFF, 0x0F, 0xFF, 0xFF, 0xC3, 0xFC, 0x38, 0x77, 0xFF, 0x0E, 0x1F, 0xF9,
    0xC3, 0x87, 0x7E, 0x7F, 0xFF, 0xC3, 0x87, 0xFF, 0xC0, 0xE1, 0x8E, 0x30, 0x38, 0x63, 0x8C, 0x0E,
    0x18, 0xE3, 0x03, 0x86, 0x38, 0xC0, 0xE1, 0x8E, 0x30, 0x38, 0x63, 0xFC, 0x7E, 0x00, 0xEE, 0x0F,
    0x00, 0x38, 0x00, 0x00, 0x00, 0x00, 0x0C, 0x00, 0x80, 0x01, 0xC0, 0x38, 0x00, 0x38, 0x03, 0x80,
    0x07, 0x1F, 0xFF, 0xC0, 0xE3, 0xFF, 0xF8, 0x1C, 0x08, 0x18, 0x1F, 0xE3, 0x83, 0x83, 0xFC, 0x38,
    0x60, 0x0E, 0x07, 0x1C, 0x01, 0xC0, 0x63, 0x00, 0x39, 0xFF, 0xFF, 0x07, 0x3F, 0xFF, 0xE0, 0xE0,
    0x1C, 0x00, 0x1F, 0x03, 0x00, 0x07, 0xE0, 0xE0, 0x03, 0xFB, 0xFF, 0xFE, 0x7E, 0x7F, 0xFF, 0xC9,
    0xC1, 0xC1, 0xC0, 0x38, 0x38, 0x30, 0x07, 0x0F, 0x0E, 0x00, 0xE1, 0xFF, 0x80, 0x1C, 0x0F, 0xF0,
    0x03, 0x80, 0x7F, 0x00, 0x70, 0xFF, 0xF8, 0x7C, 0x7F, 0x8F, 0x87, 0x8F, 0x80, 0x70, 0x00, 0x00,
    0x00, 0x00, 0x0E, 0x00, 0x40, 0x01, 0xC0, 0x1C, 0x00, 0x38, 0x03, 0x80, 0x07, 0x00, 0x70, 0x00,
    0xE3, 0xFF, 0xFC, 0x1C, 0x7F, 0xFF, 0x9F, 0xFC, 0x00, 0x33, 0xFF, 0x88, 0x46, 0x0E, 0x33, 0x9C,
    0xC1, 0xC0, 0xE3, 0xC0, 0x38, 0x3C, 0x3C, 0x07, 0x0F, 0x03, 0xC0, 0xE3, 0xC0, 0x38, 0x1D, 0x70,
    0x03, 0x03, 0xE4, 0x00, 0x01, 0xFC, 0xFF, 0xFC, 0x7E, 0x1F, 0xFF, 0x8F, 0xC0, 0x1C, 0x00, 0x38,
    0x03, 0x80, 0x07, 0x00, 0x70, 0x00, 0xE0, 0x0E, 0x00, 0x1C, 0x01, 0xC0, 0x03, 0x80, 0x38, 0x00,
    0x70, 0x07, 0x00, 0x7E, 0x7F, 0xFF, 0xCF, 0x8F, 0xFF, 0xF8, 0x00, 0x00, 0x00, 0x00, 0x0E, 0x00,
    0x00, 0x03, 0x81, 0xDC, 0x00, 0xE0, 0x77, 0x00, 0x38, 0x38, 0xE0, 0x0E, 0x0E, 0x38, 0x03, 0x87,
    0x06, 0x07, 0xFD, 0xFF, 0xFD, 0xFF, 0xFF, 0xFF, 0x0E, 0x3C, 0x30, 0x03, 0x9F, 0x0C, 0x00, 0xEF,
    0xC3, 0x00, 0x3B, 0xFF, 0xFE, 0x0E, 0xDF, 0xFF, 0x83, 0xF7, 0x0C, 0x01, 0xFD, 0xC3, 0x01, 0xFE,
    0x70, 0xC0, 0x7E, 0x1C, 0x30, 0x1B, 0x87, 0xFF, 0xE0, 0xE1, 0xFF, 0xF8, 0x38, 0x70, 0xC0, 0x0E,
    0x1C, 0x30, 0x03, 0x87, 0x0C, 0x00, 0xE1, 0xFF, 0xFC, 0x38, 0x7F, 0xFF, 0x7E, 0x1C, 0x00, 0x0F,
    0x07, 0x00, 0x00, 0x00, 0xC0, 0x00, 0x0C, 0x06, 0x0C, 0x03, 0x81, 0xC3, 0x80, 0xE0, 0x70, 0xE0,
    0x38, 0x1C, 0x38, 0x0E, 0x07, 0x0E, 0x03, 0x9F, 0xFF, 0xF7, 0xFF, 0xFF, 0xFD, 0xFF, 0x1C, 0x38,
    0x0E, 0x07, 0x0E, 0x03, 0x81, 0xC3, 0x80, 0xE0, 0x00, 0x00, 0x38, 0x7F, 0xFE, 0x0E, 0x1F, 0xFF,
    0x83, 0xE6, 0x38, 0xE3, 0xFD, 0x8E, 0x3B, 0xFC, 0x63, 0x8E, 0x7E, 0x18, 0xE3, 0x93, 0x87, 0xFF,
    0xE0, 0xE1, 0xFF, 0xF8, 0x38, 0x63, 0x8E, 0x0E, 0x18, 0xE3, 0x83, 0x86, 0x38, 0xE0, 0xE1, 0x8E,
    0x38, 0x38, 0x7F, 0xFE, 0x7E, 0x1F, 0xFF, 0x9F, 0x06, 0x00, 0xE0, 0x01, 0x80, 0x10, 0x0E, 0x00,
    0x00, 0x01, 0xC3, 0xFF, 0xE0, 0x38, 0x7F, 0xFC, 0x07, 0x0C, 0x01, 0x80, 0xE1, 0x80, 0x30, 0x1C,
    0x3F, 0xFE, 0x1F, 0xF7, 0xFF, 0xC3, 0xFE, 0xC0, 0x18, 0x0E, 0x18, 0x03, 0x01, 0xC3, 0xFF, 0xE0,
    0x38, 0x7F, 0xFC, 0x07, 0x00, 0x00, 0x00, 0xE0, 0x00, 0x00, 0x1F, 0xFF, 0xFF, 0x83, 0xFF, 0xFF,
    0xF3, 0xFC, 0x07, 0x00, 0x7E, 0x1C, 0xE0, 0x0D, 0xC3, 0x9C, 0x00, 0x38, 0x63, 0xFC, 0x07, 0x0C,
    0x7F, 0x80, 0xE3, 0xCE, 0x00, 0x1C, 0x7D, 0xC0, 0x03, 0x9D, 0xF8, 0x00, 0x73, 0xBF, 0x00, 0x7E,
    0xE3, 0xFF, 0xEF, 0xB8, 0x1F, 0xF8, 0x00, 0x00, 0x00, 0x00, 0x0C, 0x02, 0x00, 0x01, 0x80, 0x70,
    0x00, 0x30, 0x1C, 0x00, 0x06, 0x03, 0xFC, 0x00, 0xC0, 0xFF, 0x80, 0x18, 0x38, 0x70, 0x1F, 0xE7,
    0x1C, 0x03, 0xFD, 0xFF, 0xFC, 0x0C, 0x7F, 0xFF, 0x81, 0x87, 0x00, 0x70, 0x30, 0x66, 0xCE, 0x06,
    0x0C, 0xDD, 0xC0, 0xC1, 0xB9, 0xB8, 0x1F, 0x36, 0x3F, 0x0F, 0xE7, 0xC3, 0xE7, 0xF0, 0xF7, 0x7C,
    0x7C, 0x18, 0xE3, 0x89, 0x83, 0x1C, 0x70, 0x33, 0xFF, 0xFF, 0x06, 0x7F, 0xFF, 0xE0, 0xC0, 0x1F,
    0x00, 0x18, 0x07, 0x70, 0x03, 0x01, 0xEF, 0x00, 0x60, 0xF8, 0xF8, 0x7C, 0xFE, 0x0F, 0xCF, 0x9F,
    0x00, 0x78, 0x01, 0x00, 0x00, 0x00, 0x1C, 0x01, 0xC0, 0x07, 0x00, 0x70, 0x01, 0xC0, 0xFC, 0x00,
    0x71, 0xFF, 0xFC, 0x1C, 0x79, 0xFF, 0x07, 0x1C, 0x70, 0xCF, 0xFF, 0x1C, 0x33, 0xFF, 0xFF, 0xFC,
    0x1C, 0x7F, 0xFF, 0x07, 0x1C, 0x70, 0xC1, 0xC7, 0x1C, 0x30, 0x71, 0xFF, 0xFC, 0x1F, 0xFF, 0xFF,
    0x07, 0xE0, 0x70, 0x07, 0xF0, 0x1C, 0x03, 0xF0, 0x07, 0x00, 0xFC, 0x7F, 0xFF, 0x27, 0x1F, 0xFF,
    0x81, 0xC3, 0x80, 0xE0, 0x70, 0x70, 0x70, 0x1C, 0x0F, 0x38, 0x07, 0x01, 0xFC, 0x01, 0xC0, 0x3E,
    0x00, 0x70, 0x7F, 0xF8, 0xFD, 0xFE, 0x3F, 0x9E, 0x7E, 0x03, 0xE0, 0x08, 0x00, 0x00, 0x0E, 0x00,
    0x00, 0x03, 0x8F, 0xFF, 0xE0, 0xE3, 0xFF, 0xF8, 0x38, 0xCE, 0x66, 0x0E, 0x33, 0x99, 0x83, 0x8C,
    0xE6, 0x67, 0xFF, 0xFF, 0xF9, 0xFF, 0xFF, 0xFE, 0x0E, 0x00, 0xE0, 0x03, 0x8F, 0xFF, 0xE0, 0xE3,
    0xFF, 0xF8, 0x38, 0x03, 0x80, 0x0E, 0x80, 0xE0, 0x03, 0xFF, 0xFF, 0xF3, 0xFF, 0xFF, 0xFD, 0xFC,
    0x18, 0x38, 0x7E, 0x07, 0x0C, 0x03, 0x8F, 0xFF, 0xE0, 0xE3, 0xFF, 0xF8, 0x38, 0x03, 0x80, 0x0E,
    0x00, 0xE0, 0x03, 0x9F, 0xFF, 0xF0, 0xE7, 0xFF, 0xFC, 0x38, 0x03, 0x80, 0x7E, 0x00, 0xE0, 0x0F,
    0x00, 0x38, 0x00, 0x00, 0x0E, 0x00, 0x06, 0x00, 0x00, 0x01, 0xC0, 0xFF, 0x0F, 0xFF, 0xBF, 0xC1,
    0xFF, 0xCC, 0x70, 0x7F, 0xF7, 0x1C, 0x19, 0xCF, 0xC7, 0xE7, 0xFF, 0xE0, 0xF9, 0x9C, 0xFF, 0xF8,
    0x7F, 0xF7, 0xFE, 0x01, 0xC0, 0xE3, 0x0F, 0xFF, 0x9F, 0xC3, 0xFF, 0xC3, 0xE0, 0x67, 0x37, 0xFF,
    0x1F, 0xFF, 0xE7, 0xE3, 0xFF, 0xFF, 0xF9, 0xFF, 0xFF, 0xF8, 0x3F, 0xFC, 0x00, 0x00, 0x07, 0x00,
    0x03, 0xFF, 0xFF, 0xE0, 0xFF, 0xFF, 0xF0, 0x00, 0x1C, 0x00, 0x3F, 0xFF, 0xFF, 0xEF, 0xFF, 0xFF,
    0xF8, 0x00, 0x70, 0x00, 0x00, 0x1C, 0x00, 0x00, 0x7F, 0x00, 0x00, 0x0F, 0x80, 0x00, 0x18, 0x00,
    0x00, 0x07, 0x00, 0x00, 0x01, 0xC1, 0xFF, 0xC0, 0x70, 0x7F, 0xF0, 0x1C, 0x1C, 0x1C, 0x07, 0x07,
    0x07, 0x0F, 0xF1, 0xFF, 0xC3, 0xFC, 0x7F, 0xF0, 0x1C, 0x00, 0x00, 0x07, 0x3F, 0xDF, 0xE1, 0xCF,
    0xF7, 0xF8, 0x73, 0x8D, 0x8E, 0x1C, 0xE3, 0x63, 0x87, 0xF8, 0xD8, 0xE3, 0xFF, 0xF7, 0xFB, 0xF9,
    0xFF, 0xFC, 0xFC, 0x01, 0xC0, 0x07, 0x3F, 0xFF, 0xE1, 0xCF, 0xFF, 0xF8, 0x70, 0x1F, 0xC0, 0x1C,
    0x0F, 0xF8, 0x07, 0x07, 0xFF, 0x01, 0xC7, 0xDD, 0xE0, 0x77, 0xC7, 0x3E, 0x7B, 0xE1, 0xC3, 0x9E,
    0x60, 0x70, 0x40, 0x00, 0x18, 0x00, 0x0C, 0x00, 0xC0, 0x01, 0x80, 0x18, 0x00, 0x30, 0x03, 0xFC,
    0x06, 0x00, 0x7F, 0xC0, 0xC0, 0x0C, 0x00, 0x18, 0x7F, 0xFF, 0x9F, 0xFF, 0xFF, 0xF3, 0xFF, 0x8E,
    0x0C, 0x0C, 0x71, 0xFD, 0x81, 0x8F, 0xFF, 0xB0, 0x31, 0xFF, 0x86, 0x06, 0x38, 0xFF, 0xC0, 0xC7,
    0x0F, 0xF8, 0x1F, 0xFF, 0xFF, 0x0F, 0xFF, 0xFF, 0xE3, 0xF3, 0x87, 0x00, 0x7C, 0x73, 0xE1, 0x89,
    0x8F, 0xEE, 0xF0, 0x31, 0xF3, 0xF8, 0x06, 0x31, 0xDF, 0x00, 0xC7, 0xF7, 0xF0, 0x19, 0xF9, 0xF6,
    0x03, 0x38, 0xF6, 0xE0, 0x6E, 0x78, 0xCE, 0x7D, 0xDE, 0x38, 0xCF, 0xB3, 0x1E, 0x00, 0x00, 0x03,
    0x80, 0x00, 0x0C, 0x00, 0xC0, 0x01, 0xC0, 0x1C, 0x00, 0x38, 0x03, 0x80, 0x07, 0x1F, 0xFF, 0xE0,
    0xE7, 0xFF, 0xFC, 0x1C, 0xE3, 0x18, 0x1F, 0xFC, 0x63, 0x03, 0xFF, 0xFF, 0xFC, 0x0E, 0x7F, 0xFF,
    0x81, 0xCE, 0x31, 0x80, 0x39, 0xFF, 0xFF, 0x07, 0x3F, 0xFF, 0xE0, 0xE7, 0x07, 0x00, 0x1F, 0xE0,
    0xE0, 0x07, 0xFF, 0xFF, 0xE3, 0xFB, 0xFF, 0xFC, 0x7E, 0x7E, 0x71, 0x81, 0xCF, 0xFF, 0xF0, 0x39,
    0xBF, 0xFE, 0x07, 0x37, 0x38, 0xC0, 0xEE, 0xFF, 0xF8, 0x1D, 0xDF, 0xFF, 0x03, 0xB0, 0xE3, 0x80,
    0x7E, 0x7C, 0x78, 0x7F, 0xBF, 0x07, 0xCF, 0xB7, 0x80, 0x38, 0x00, 0x40, 0x02, 0x00, 0x00, 0x0E,
    0x00, 0x00, 0x01, 0xC0, 0x00, 0x00, 0x38, 0x00, 0x00, 0x07, 0x00, 0x00, 0x00, 0xE0, 0x00, 0x7F,
    0xFF, 0xFF, 0x0F, 0xFF, 0xFF, 0xE0, 0x00, 0x70, 0x00, 0x00, 0x0E, 0x00, 0x00, 0x01, 0xC0, 0x00,
    0x00, 0x38, 0x00, 0x0F, 0xFF, 0xFF, 0x01, 0xFF, 0xFF, 0xE0, 0x0E, 0x00, 0x38, 0x00, 0xE0, 0x0F,
    0x00, 0x0E, 0x01, 0xC0, 0x01, 0xE0, 0x70, 0x00, 0x1E, 0x1E, 0x00, 0x01, 0xE7, 0x80, 0x00, 0x1F,
    0xE0, 0x00, 0x01, 0xF8, 0x00, 0x00, 0xFF, 0x80, 0x00, 0x7F, 0xFC, 0x00, 0xFF, 0x8F, 0xFC, 0x7F,
    0xC0, 0x7F, 0xCF, 0xC0, 0x01, 0xF8, 0x80, 0x00, 0x00, 0x00, 0x00, 0x03, 0x00, 0x00, 0x70, 0xE0,
    0x00, 0x1C, 0x38, 0x00, 0xC7, 0x0E, 0x00, 0x71, 0xC7, 0x00, 0x1C, 0x71, 0xC0, 0x07, 0x1C, 0x7F,
    0xF9, 0xC7, 0x1F, 0xFE, 0x71, 0xCE, 0x0E, 0x1C, 0x73, 0x83, 0x87, 0x1D, 0xF0, 0xE1, 0xC7, 0x7C,
    0x38, 0x71, 0xFB, 0x1C, 0x1C, 0x7E, 0xE7, 0x07, 0x1D, 0x39, 0xC1, 0xC7, 0x07, 0xE0, 0x71, 0xC1,
    0xF8, 0x1F, 0xF0, 0x3C, 0x07, 0xFC, 0x0F, 0x03, 0xF7, 0x03, 0xC0, 0x71, 0xC1, 0xF8, 0x00, 0x70,
    0xFF, 0x00, 0x1C, 0x79, 0xE0, 0x07, 0x3C, 0x3C, 0x01, 0xFE, 0x07, 0x80, 0x77, 0x00, 0xE0, 0x0C,
    0x00, 0x00, 0x00, 0x00, 0x00, 0x00, 0x00, 0x60, 0x00, 0x00, 0x38, 0x01, 0xFF, 0x8E, 0x00, 0x7F,
    0xE3, 0x80, 0x00, 0x38, 0xC0, 0x00, 0x0E, 0x7F, 0xF8, 0x03, 0x9F, 0xFE, 0x00, 0xE7, 0x0E, 0x00,
    0x3B, 0xC3, 0x80, 0x0E, 0xF0, 0xE1, 0xFF, 0xFC, 0x38, 0x7F, 0xFF, 0x8C, 0x1C, 0x0E, 0xE7, 0x07,
    0x01, 0x99, 0xC1, 0xC0, 0x07, 0xE0, 0x70, 0x01, 0xF8, 0x1C, 0x00, 0x3E, 0x07, 0x00, 0x0F, 0x01,
    0xC3, 0x83, 0xC0, 0x73, 0xE1, 0xF8, 0x1F, 0xF8, 0xFF, 0x07, 0xF0, 0x79, 0xE3, 0xF0, 0x7C, 0x3C,
    0x60, 0x3E, 0x07, 0x80, 0x0F, 0x00, 0xE0, 0x01, 0x00, 0x00, 0x03, 0x00, 0xC0, 0x00, 0xE0, 0x1C,
    0x00, 0x0E, 0x03, 0x80, 0x01, 0xC0, 0x60, 0x00, 0x38, 0x1C, 0x00, 0xFF, 0xFB, 0x80, 0x1F, 0xFF,
    0x7F, 0xF0, 0x70, 0x0F, 0xFE, 0x0E, 0x03, 0x83, 0x01, 0xC0, 0x78, 0xE0, 0x38, 0x1F, 0x1C, 0x07,
    0xFB, 0xE3, 0x80, 0xFF, 0xEC, 0x60, 0x1C, 0x7D, 0x9C, 0x03, 0x8D, 0x3B, 0x80, 0x71, 0x87, 0x70,
    0x0E, 0x30, 0x7C, 0x01, 0x86, 0x0F, 0x80, 0x71, 0xC0, 0xE0, 0x0E, 0x38, 0x3C, 0x01, 0xC7, 0x0F,
    0xC0, 0x70, 0xE1, 0xFC, 0x0E, 0x1C, 0xF3, 0xC3, 0xC3, 0xBC, 0x3C, 0x73, 0xFF, 0x03, 0xCC, 0x7D,
    0xC0, 0x38, 0x00, 0x00, 0x00, 0x00, 0x06, 0x01, 0x00, 0x01, 0xC0, 0xE0, 0x00, 0x70, 0x38, 0x00,
    0x1C, 0x0E, 0x00, 0x07, 0x03, 0x80, 0x01, 0xC1, 0xC0, 0x0F, 0xFF, 0x7F, 0xFB, 0xFF, 0xDF, 0xFE,
    0x07, 0x0F, 0x0E, 0x01, 0xC3, 0xC3, 0x80, 0x71, 0xF0, 0xE0, 0x1C, 0x7C, 0x38, 0x07, 0x3B, 0x8C,
    0x1F, 0xFE, 0xE7, 0x07, 0xFE, 0x19, 0xC1, 0xC1, 0x87, 0xE0, 0x70, 0x61, 0xF8, 0x1C, 0x18, 0x3C,
    0x07, 0x06, 0x0F, 0x01, 0xC1, 0x83, 0xC0, 0x70, 0x61, 0xF8, 0x1F, 0xF8, 0xFF, 0x07, 0xFE, 0xF9,
    0xE1, 0xC0, 0x7C, 0x3C, 0x70, 0x3E, 0x07, 0x80, 0x0E, 0x00, 0xE0, 0x00, 0x00, 0x00, 0x00, 0x00,
    0x60, 0x00, 0xE0, 0x0E, 0x00, 0x0E, 0x01, 0x80, 0x01, 0xC0, 0x30, 0x00, 0x18, 0x0E, 0x00, 0xFF,
    0xF9, 0xC0, 0x1F, 0xFF, 0x3F, 0xF0, 0x61, 0x07, 0xFE, 0x0C, 0x71, 0xC3, 0x83, 0x8F, 0x38, 0x60,
    0x70, 0xEF, 0x1C, 0x1C, 0x0F, 0xE3, 0x87, 0x07, 0xFC, 0x70, 0xF9, 0xCF, 0x8C, 0x0B, 0xB8, 0xBB,
    0x80, 0x7E, 0x03, 0x70, 0x07, 0xC0, 0x7C, 0x00, 0x78, 0x0F, 0x80, 0x0F, 0x00, 0xF0, 0x03, 0xF0,
    0x1C, 0x00, 0x77, 0x07, 0xC0, 0x1C, 0xF1, 0xFC, 0x07, 0x0E, 0x7B, 0xC3, 0xE0, 0x9E, 0x3C, 0x70,
    0x0F, 0x83, 0xC4, 0x01, 0xC0, 0x38, 0x00, 0x10, 0x02, 0x00, 0x08, 0x00, 0x60, 0x01, 0xC0, 0x0C,
    0x00, 0x70, 0x03, 0x80, 0x0E, 0x00, 0x70, 0x01, 0xFF, 0xEE, 0x00, 0x7F, 0xFD, 0xC0, 0x0E, 0x00,
    0x3F, 0xF3, 0x80, 0x0F, 0xFE, 0x7F, 0xF9, 0xC3, 0x8F, 0xFF, 0x78, 0x60, 0x7C, 0x6F, 0x0C, 0x0D,
    0xCF, 0xF3, 0x81, 0x9D, 0xFE, 0x70, 0x31, 0xB5, 0xCE, 0x1F, 0xFF, 0x99, 0x83, 0xFF, 0xF3, 0xF0,
    0x3B, 0x18, 0x7E, 0x07, 0x77, 0x07, 0x80, 0xE6, 0xE0, 0xF0, 0x1C, 0xFC, 0x1E, 0x03, 0xFF, 0xE7,
    0xC0, 0x7F, 0xFC, 0xFC, 0x00, 0x0E, 0x3B, 0xC0, 0x01, 0xDE, 0x3C, 0x03, 0xF7, 0x83, 0xC0, 0x7E,
    0xE0, 0x38, 0x00, 0x00, 0x02, 0x00, 0x00, 0x00, 0x80, 0x00, 0x00, 0x18, 0x00, 0xFF, 0xC7, 0x00,
    0x1F, 0xF8, 0xE0, 0x03, 0x83, 0x1C, 0x00, 0x70, 0x63, 0x00, 0x0E, 0x0C, 0xFF, 0xF1, 0xFF, 0x9F,
    0xFE, 0x3F, 0xF7, 0x87, 0x07, 0x06, 0xF0, 0xE0, 0xE0, 0xFE, 0x1C, 0x1C, 0x1F, 0xE3, 0x83, 0xFF,
    0xDC, 0xE0, 0x7F, 0xFB, 0x9C, 0x0E, 0x0C, 0x3B, 0x81, 0xC1, 0x87, 0xE0, 0x38, 0x30, 0xFC, 0x07,
    0xFE, 0x0F, 0x00, 0xFF, 0xC1, 0xE0, 0x04, 0x20, 0x3C, 0x01, 0xCE, 0x0F, 0xC0, 0x39, 0xE3, 0xFC,
    0x0E, 0x1C, 0xF3, 0xC1, 0xC1, 0xFC, 0x3C, 0x70, 0x3F, 0x03, 0xCE, 0x01, 0xC0, 0x38, 0x80, 0x00,
    0x02, 0x00, 0x03, 0x00, 0x00, 0x08, 0xCC, 0x30, 0x07, 0x33, 0x9C, 0x00, 0xCD, 0xC7, 0x00, 0x3B,
    0x71, 0xC0, 0x06, 0xD8, 0x60, 0x0F, 0xFF, 0xDF, 0xFB, 0xFF, 0xFF, 0xFE, 0x0F, 0xC3, 0x8E, 0x07,
    0xFC, 0xE3, 0x83, 0xF7, 0xF8, 0xE3, 0xCC, 0xDF, 0x38, 0xE3, 0x0F, 0xCC, 0x11, 0x83, 0xB7, 0x00,
    0xE0, 0x4F, 0xC1, 0xFF, 0xE3, 0xE0, 0x7F, 0xF0, 0x78, 0x07, 0x1C, 0x1E, 0x03, 0x87, 0x07, 0x00,
    0xF3, 0x81, 0xE0, 0x1F, 0xC0, 0xFC, 0x01, 0xF0, 0x77, 0x00, 0xFE, 0x3C, 0xE0, 0xFB, 0x9E, 0x1E,
    0xFC, 0x1F, 0x07, 0xBC, 0x07, 0x00, 0x60, 0x00, 0x80, 0x00, 0x00, 0x00, 0x60, 0x01, 0xC0, 0x18,
    0x00, 0x38, 0x06, 0x00, 0x0E, 0x01, 0x80, 0xFF, 0xFC, 0x60, 0x3F, 0xFF, 0x1F, 0xE0, 0x00, 0x07,
    0xF8, 0xFF, 0xC1, 0x80, 0x3F, 0xF0, 0x60, 0x0E, 0x1C, 0x18, 0x03, 0x87, 0x7F, 0xF0, 0xFF, 0xDF,
    0xFC, 0x3F, 0xF3, 0x87, 0x00, 0x00, 0x61, 0xC7, 0xFF, 0x98, 0x71, 0xFF, 0xE7, 0x38, 0x60, 0x18,
    0xCE, 0x1B, 0xF6, 0x3F, 0x06, 0xFD, 0x87, 0xC1, 0xB3, 0x61, 0xE0, 0x6C, 0xD8, 0x78, 0x1B, 0xF6,
    0x1E, 0x06, 0xFD, 0x8F, 0xC1, 0xB0, 0x6F, 0x3C, 0x68, 0xFF, 0x87, 0x98, 0x3F, 0xC0, 0xE4, 0x00,
    0x00, 0x00, 0x03, 0x00, 0x80, 0x00, 0xC0, 0x30, 0x0F, 0xFF, 0x9C, 0x03, 0xFF, 0xE7, 0x00, 0x03,
    0x03, 0xFF, 0x9F, 0xFC, 0xFF, 0xE7, 0xFF, 0xF8, 0xE1, 0x8C, 0xFF, 0x38, 0x63, 0x3E, 0xDC, 0x1F,
    0xFE, 0x3F, 0x07, 0xFF, 0x07, 0x80, 0x7F, 0x81, 0xE0, 0x3F, 0x71, 0xFE, 0x3E, 0xCD, 0xF3, 0xEE,
    0x30, 0xF8, 0x79, 0x0C, 0x18, 0x04, 0x3F, 0xFF, 0xFE, 0x0F, 0xFF, 0xFF, 0x80, 0x01, 0xC0, 0x00,
    0x38, 0x70, 0x00, 0x0E, 0x1F, 0xFC, 0x03, 0x87, 0xFF, 0x00, 0xE1, 0xC0, 0x00, 0x38, 0x70, 0x00,
    0xFF, 0xFF, 0xFF, 0xBF, 0xFF, 0xFF, 0xE0, 0x03, 0x00, 0x00, 0x00, 0xE0, 0x18, 0x03, 0xFF, 0x86,
    0x00, 0xFF, 0xE3, 0x80, 0x33, 0x98, 0xE0, 0x3F, 0xFF, 0xB8, 0x0F, 0xFF, 0xEF, 0xF8, 0xCE, 0x63,
    0xFE, 0x3F, 0xF9, 0xC6, 0x0F, 0xFE, 0x71, 0x80, 0x38, 0x1E, 0xE1, 0xFF, 0xFF, 0xB8, 0x7F, 0xFF,
    0xEE, 0x18, 0xE7, 0xDB, 0x07, 0xFF, 0xC7, 0xC1, 0xFF, 0xF1, 0xF0, 0x07, 0x00, 0x3C, 0x1F, 0xFE,
    0x0E, 0x07, 0xFF, 0x83, 0x80, 0x70, 0xC0, 0xE0, 0x3C, 0x70, 0x7C, 0x0F, 0xF8, 0x1F, 0x80, 0xFC,
    0x0E, 0xE0, 0x3F, 0xC7, 0x1C, 0x7E, 0x7B, 0x83, 0xBE, 0x0C, 0xC0, 0x64, 0x00, 0x20, 0x00, 0x00,
    0x0C, 0x00, 0x00, 0x03, 0x80, 0x00, 0x00, 0x38, 0x00, 0x00, 0x07, 0x00, 0x00, 0x00, 0x70, 0x00,
    0x00, 0x0E, 0x00, 0x1F, 0xFF, 0xFF, 0xF3, 0xFF, 0xFF, 0xFE, 0x07, 0x00, 0x1C, 0x00, 0x70, 0x07,
    0x00, 0x0E, 0x00, 0xE0, 0x00, 0xE0, 0x38, 0x00, 0x1C, 0x07, 0x00, 0x01, 0xC1, 0xC0, 0x00, 0x3C,
    0x78, 0x00, 0x03, 0xCE, 0x00, 0x00, 0x3F, 0x80, 0x00, 0x03, 0xF0, 0x00, 0x00, 0x7C, 0x00, 0x00,
    0x1F, 0xC0, 0x00, 0x07, 0xFC, 0x00, 0x03, 0xF3, 0xE0, 0x01, 0xF8, 0x3F, 0x00, 0xFE, 0x01, 0xFC,
    0x7F, 0x00, 0x1F, 0xCF, 0x80, 0x00, 0x78, 0x80, 0x00, 0x00, 0x00, 0x00, 0x80, 0x07, 0x00, 0x38,
    0x00, 0xE0, 0x07, 0x02, 0x1C, 0x01, 0xF0, 0xE3, 0x80, 0x7F, 0x9E, 0x70, 0x1C, 0x78, 0xEE, 0x07,
    0x07, 0x8F, 0xC3, 0xE0, 0x70, 0xF8, 0xFF, 0xFC, 0x07, 0x0F, 0xFF, 0x20, 0xE0, 0x06, 0x0E, 0x1C,
    0x00, 0xC1, 0xF3, 0x80, 0x18, 0x0F, 0x70, 0xFF, 0xF8, 0xEE, 0x1F, 0xFF, 0x09, 0xC0, 0x0C, 0x00,
    0x3A, 0x01, 0x90, 0x0F, 0xC3, 0xB7, 0x1F, 0xFC, 0x66, 0xEF, 0xFC, 0x1C, 0xCF, 0xF3, 0x83, 0x99,
    0xC0, 0x70, 0xE3, 0x18, 0x0E, 0x1C, 0x63, 0x01, 0xC1, 0x0C, 0x00, 0x38, 0x0F, 0x80, 0x07, 0x01,
    0xF0, 0x00, 0xE0, 0x00, 0x00, 0x00, 0x00, 0x01, 0x80, 0x02, 0x61, 0xC0, 0x0F, 0xB6, 0xEC, 0x3F,
    0xDB, 0x76, 0xFF, 0x8D, 0xBB, 0x7C, 0x06, 0x7F, 0xB8, 0x03, 0x3F, 0x9C, 0x01, 0x9F, 0xCE, 0x00,
    0xC3, 0x87, 0x00, 0x7F, 0xFF, 0x80, 0x3F, 0xFF, 0xFF, 0xD8, 0x70, 0xFF, 0xEC, 0x7C, 0x71, 0xC6,
    0x3F, 0x38, 0xE3, 0x3F, 0xDC, 0x71, 0x9F, 0xEE, 0x38, 0xDF, 0xB7, 0x1C, 0x7D, 0xC3, 0x0E, 0x3C,
    0xE1, 0x87, 0x1A, 0x70, 0xC3, 0x8C, 0x38, 0xE1, 0xC6, 0x00, 0x70, 0xE3, 0xFF, 0xF8, 0x71, 0xFF,
    0xF8, 0x38, 0x00, 0x1C, 0x1C, 0x00, 0x0E, 0x0E, 0x00, 0x02, 0x06, 0x00, 0x06, 0x00, 0x00, 0x03,
    0x80, 0x07, 0x01, 0xC0, 0x7F, 0xDF, 0xFF, 0x7F, 0xCF, 0xFF, 0xBE, 0x01, 0xC3, 0x18, 0x00, 0xE3,
    0x8C, 0x00, 0x31, 0xC6, 0x00, 0x18, 0xE3, 0x00, 0x0C, 0x61, 0x80, 0x3F, 0xFE, 0xFF, 0xFF, 0xFF,
    0x7F, 0xF0, 0x70, 0x30, 0xC0, 0x38, 0x18, 0x60, 0x1C, 0x0C, 0x31, 0xFF, 0xF6, 0x18, 0xFF, 0xFF,
    0x0C, 0x03, 0x83, 0x86, 0x0D, 0xD9, 0xC3, 0x06, 0xEE, 0xE1, 0x87, 0x73, 0x70, 0xC7, 0x39, 0xF0,
    0x63, 0x9C, 0xF8, 0x30, 0x0E, 0x1C, 0x18, 0x1F, 0x1C, 0x0C, 0x07, 0x06, 0x06, 0x00, 0x00, 0x03,
    0x00, 0x00, 0x00, 0x00, 0xCC, 0x30, 0x1E, 0xCC, 0x60, 0xFE, 0xDF, 0x6D, 0xF8, 0xDF, 0xF9, 0xC0,
    0xFE, 0xF9, 0x80, 0xFE, 0xF9, 0x80, 0xDE, 0x79, 0x80, 0xFF, 0xFD, 0x80, 0xFF, 0xED, 0x80, 0xC0,
    0x01, 0xFF, 0xFF, 0xFD, 0xFF, 0xFF, 0xFD, 0x9C, 0xCC, 0x31, 0x9C, 0xCC, 0x69, 0x9C, 0xDB, 0x7D,
    0x9C, 0xFF, 0xFB, 0x9C, 0xFE, 0xF3, 0x9C, 0xCC, 0x7B, 0x9C, 0xDE, 0x7B, 0x9C, 0xFF, 0xFB, 0x9C,
    0xFF, 0xEF, 0x1C, 0xC0, 0x03, 0x1C, 0xFF, 0xFF, 0x1C, 0xFF, 0xFE, 0x1C, 0x00, 0x06, 0x1C, 0x00,
    0x00, 0x0C, 0x00, 0x08, 0x00, 0x00, 0x0E, 0x00, 0x00, 0x07, 0x00, 0x00, 0x01, 0xC0, 0x00, 0x00,
    0xE0, 0x07, 0xFF, 0xFF, 0xFF, 0xFF, 0xFF, 0xFE, 0x01, 0xC0, 0x00, 0x00, 0xE0, 0x00, 0x00, 0x70,
    0x00, 0x00, 0x38, 0x00, 0x00, 0x1C, 0x00, 0x00, 0x1F, 0xFF, 0xC0, 0x0F, 0xFF, 0xE0, 0x07, 0x00,
    0x70, 0x03, 0x80, 0x38, 0x01, 0xC0, 0x1C, 0x01, 0xC0, 0x0E, 0x00, 0xE0, 0x07, 0x00, 0xE0, 0x03,
    0x00, 0x70, 0x03, 0x80, 0x70, 0x01, 0xC0, 0x78, 0x00, 0xE0, 0x78, 0x00, 0xF0, 0xF8, 0x0F, 0xF0,
    0x78, 0x07, 0xF8, 0x10, 0x00, 0x40, 0x00, 0x06, 0x00, 0x30, 0x01, 0xE0, 0x0E, 0x00, 0x1C, 0x01,
    0xC0, 0x01, 0xC0, 0x3C, 0x00, 0x38, 0x0F, 0x80, 0xFF, 0xF1, 0xF8, 0x1F, 0xFE, 0x73, 0x80, 0x60,
    0x1C, 0x78, 0x0C, 0x07, 0x87, 0x81, 0x81, 0xE0, 0x78, 0x30, 0x78, 0x07, 0x07, 0xFE, 0x20, 0x60,
    0xFF, 0x0E, 0x00, 0x38, 0xE1, 0xF0, 0x07, 0x1C, 0x0F, 0x00, 0xE3, 0x80, 0xE0, 0x1C, 0x70, 0x08,
    0x03, 0x8C, 0x00, 0x00, 0x71, 0x80, 0x00, 0x0C, 0x30, 0xC0, 0x03, 0x86, 0x3E, 0x00, 0x71, 0xC3,
    0xE0, 0x0E, 0x38, 0x3F, 0x03, 0x87, 0x01, 0xF0, 0x77, 0xE0, 0x0E, 0x0C, 0xF8, 0x00, 0x80, 0x00,
    0x00, 0x00, 0x00, 0x02, 0x01, 0x00, 0x00, 0xE0, 0x30, 0x00, 0x1C, 0x0E, 0x00, 0x01, 0xC1, 0xC0,
    0x00, 0x38, 0x38, 0x00, 0xFF, 0xEF, 0xFF, 0x9F, 0xFD, 0xFF, 0xF0, 0x60, 0x71, 0x80, 0x0C, 0x0E,
    0x38, 0x01, 0x83, 0xE7, 0x30, 0x30, 0x3C, 0xFE, 0x07, 0xF1, 0x9F, 0xC0, 0xFE, 0x3F, 0xD8, 0x38,
    0xC7, 0xF3, 0x07, 0x1B, 0xFE, 0x60, 0xE3, 0xF9, 0xCC, 0x1C, 0x6F, 0x39, 0x83, 0x8C, 0x67, 0x30,
    0x71, 0x8C, 0xFE, 0x0C, 0x31, 0x9F, 0xC3, 0x8E, 0x33, 0x80, 0x71, 0xC6, 0x61, 0x8E, 0x38, 0xC0,
    0x33, 0x87, 0x18, 0x06, 0x77, 0xE3, 0xFF, 0xCC, 0xF8, 0x7F, 0xF0, 0x00, 0x00, 0x00, 0x00, 0x00,
    0x01, 0x00, 0x01, 0xC0, 0x70, 0x00, 0x1C, 0x0E, 0x00, 0x03, 0x81, 0xC0, 0x00, 0x38, 0x7F, 0xFC,
    0xFF, 0xEF, 0xFF, 0x9F, 0xFF, 0x80, 0x00, 0x60, 0xF0, 0x00, 0x0C, 0x1C, 0x00, 0x01, 0x81, 0xFF,
    0xF8, 0x30, 0x1F, 0xFF, 0x07, 0xF0, 0x18, 0xC0, 0xFE, 0x03, 0x38, 0x18, 0xC4, 0x67, 0x07, 0x19,
    0xCC, 0x40, 0xE3, 0x39, 0x80, 0x1C, 0x67, 0x3F, 0x83, 0x8C, 0xE7, 0xF0, 0x73, 0x9C, 0xC0, 0x0C,
    0x73, 0x98, 0x03, 0x8E, 0x73, 0x00, 0x71, 0xDF, 0x60, 0x0E, 0x3B, 0xFC, 0x03, 0x87, 0xE7, 0xC0,
    0x77, 0xFC, 0x7F, 0xCC, 0xFB, 0x07, 0xF8, 0x00, 0x00, 0x00, 0x00, 0x3F, 0xFF, 0xFF, 0x1F, 0xFF,
    0xFF, 0x80, 0x06, 0x00, 0x00, 0x03, 0x00, 0x00, 0x03, 0x80, 0x00, 0x01, 0xC0, 0x00, 0x00, 0xE0,
    0x00, 0x00, 0x70, 0x00, 0xFF, 0xFF, 0xFF, 0xFF, 0xFF, 0xFF, 0xC0, 0x0F, 0x80, 0x00, 0x0F, 0xC0,
    0x00, 0x07, 0xE0, 0x00, 0x03, 0xF0, 0x00, 0x03, 0xB8, 0x00, 0x01, 0xDC, 0x00, 0x01, 0xCE, 0x01,
    0x01, 0xE7, 0x00, 0xC1, 0xE3, 0x80, 0x61, 0xE1, 0xC0, 0x73, 0xE0, 0x70, 0x3F, 0xE0, 0x3F, 0xFF,
    0xC0, 0x1F, 0xFC, 0x80, 0x00, 0x00, 0x00, 0x00, 0x1F, 0xFF, 0xFF, 0xFF, 0xFF, 0xF0, 0x00, 0x7E,
    0x00, 0x0F, 0xC0, 0x01, 0xF8, 0x00, 0x3F, 0x00, 0x07, 0xE0, 0x00, 0xFC, 0x00, 0x1F, 0xFF, 0xFF,
    0xFF, 0xFF, 0xFE, 0x00, 0x0F, 0xC0, 0x01, 0xF8, 0x00, 0x3F, 0x00, 0x07, 0xE0, 0x00, 0xFC, 0x00,
    0x1F, 0x80, 0x03, 0xF0, 0x00, 0x7F, 0xFF, 0xFF, 0xFF, 0xFF, 0xF8, 0x00, 0x3F, 0x00, 0x07, 0xE0,
    0x00, 0x03, 0x8F, 0xFF, 0xEE, 0x3F, 0xFF, 0xB8, 0xE0, 0x06, 0xE3, 0x80, 0x1B, 0x8E, 0x00, 0x6E,
    0x38, 0x01, 0xB8, 0xE0, 0x06, 0xE3, 0x80, 0x1B, 0x8E, 0x00, 0x6E, 0x3F, 0xFF, 0xB8, 0xFF, 0xFE,
    0xE3, 0x80, 0x1B, 0x8E, 0x00, 0x6E, 0x38, 0x01, 0xB8, 0xE0, 0x06, 0xE3, 0x80, 0x1B, 0x8E, 0x00,
    0x6E, 0x38, 0x01, 0xB8, 0xE0, 0x06, 0xE3, 0xFF, 0xFB, 0x8F, 0xFF, 0xEE, 0x38, 0x01, 0xB8, 0xE0,
    0x06, 0xC1, 0x80, 0x00, 0x00, 0x00, 0x18, 0x00, 0x00, 0x1C, 0x00, 0x00, 0x0E, 0x1F, 0xF0, 0x07,
    0x0F, 0xF8, 0x03, 0x87, 0x1C, 0x01, 0xC3, 0x8E, 0xFF, 0xFD, 0xC7, 0x7F, 0xFE, 0xE3, 0x80, 0x38,
    0x71, 0xC0, 0x1C, 0x38, 0xE2, 0x0E, 0x1F, 0xF3, 0x87, 0x0F, 0xF9, 0xC3, 0x87, 0x1C, 0x71, 0xC3,
    0x8E, 0x3C, 0xE1, 0xC7, 0x0E, 0x70, 0xE3, 0x83, 0xB8, 0x71, 0xC1, 0xDC, 0x38, 0xE0, 0x0E, 0x1F,
    0xF0, 0x07, 0x0F, 0xF8, 0x03, 0x87, 0x00, 0x01, 0xC3, 0x80, 0x00, 0xE1, 0x80, 0x00, 0x70, 0x00,
    0x07, 0xF8, 0x00, 0x03, 0xF8, 0x00, 0x00, 0x00, 0x00, 0xFF, 0x9F, 0xFE, 0xFF, 0x9F, 0xFE, 0xC1,
    0x9C, 0x06, 0xC1, 0x9C, 0x06, 0xC1, 0x9C, 0x06, 0xC1, 0x9C, 0x06, 0xC1, 0x9C, 0x06, 0xC1, 0x9F,
    0xFE, 0xFF, 0x9F, 0xFE, 0xFF, 0x9C, 0x06, 0xC1, 0x9C, 0x06, 0xC1, 0x9C, 0x06, 0xC1, 0x9C, 0x06,
    0xC1, 0x9F, 0xFE, 0xC1, 0x9F, 0xFE, 0xFF, 0x98, 0x06, 0xFF, 0xB8, 0x06, 0xC0, 0x38, 0x06, 0xC0,
    0x30, 0x06, 0xC0, 0x70, 0x06, 0x00, 0xF0, 0x06, 0x01, 0xE0, 0x06, 0x03, 0xC0, 0xFE, 0x01, 0x80,
    0x7E, 0x00, 0x00, 0x00, 0x00, 0x01, 0x80, 0x00, 0x00, 0xC0, 0x00, 0x00, 0x60, 0x1F, 0xE0, 0x30,
    0x0F, 0xF0, 0x18, 0x06, 0x39, 0xFF, 0xF3, 0x1D, 0xFF, 0xF9, 0x8E, 0xE3, 0x1C, 0xC7, 0x71, 0x8E,
    0x63, 0xB8, 0xC7, 0x31, 0xDC, 0x63, 0x9F, 0xEE, 0x31, 0xCF, 0xF7, 0x18, 0xE6, 0x3B, 0x8C, 0x73,
    0x1F, 0xFF, 0xFF, 0x8F, 0xFF, 0xFF, 0xC7, 0x03, 0xC0, 0x63, 0x81, 0xE0, 0x31, 0xC1, 0xF8, 0x1F,
    0xE0, 0xFC, 0x0F, 0xF0, 0xE7, 0x06, 0x00, 0xF3, 0xC3, 0x00, 0xF0, 0xF1, 0x80, 0xF0, 0x3C, 0x01,
    0xF0, 0x0F, 0x00, 0xE0, 0x03, 0x80, 0x00, 0x00, 0x80, 0x0F, 0xFF, 0xFE, 0x01, 0xFF, 0xFF, 0xC0,
    0x38, 0x00, 0x38, 0x07, 0xFF, 0xFF, 0x00, 0xFF, 0xFF, 0xE0, 0x1C, 0x00, 0x1C, 0x03, 0x80, 0x03,
    0x80, 0x7F, 0xFF, 0xF0, 0x0F, 0xFF, 0xFE, 0x00, 0x00, 0x00, 0x00, 0x00, 0x00, 0x00, 0x3F, 0xFF,
    0xFF, 0xE7, 0xFF, 0xFF, 0xFC, 0x04, 0x1C, 0x00, 0x00, 0xE3, 0x80, 0x00, 0x38, 0x70, 0x00, 0x07,
    0x0F, 0xFF, 0x00, 0xE1, 0xFF, 0xE0, 0x3E, 0x38, 0x00, 0x07, 0xE7, 0x00, 0x01, 0xDE, 0xE0, 0x00,
    0x79, 0xFC, 0x00, 0x1E, 0x0F, 0xFF, 0xF3, 0x80, 0x7F, 0xFE, 0x20, 0x00, 0x00, 0x00, 0x1F, 0xFF,
    0xFC, 0x0F, 0xFF, 0xFE, 0x07, 0x00, 0x07, 0x03, 0x80, 0x03, 0x81, 0xFF, 0xFF, 0xC0, 0xFF, 0xFF,
    0xE0, 0x70, 0x00, 0x70, 0x38, 0x00, 0x38, 0x1C, 0x00, 0x1C, 0x0F, 0xFF, 0xFE, 0x07, 0xFF, 0xFF,
    0x00, 0x08, 0x20, 0x00, 0x0E, 0x38, 0x01, 0xC7, 0x1C, 0x70, 0xE3, 0x8E, 0x38, 0x39, 0xC7, 0x38,
    0x0C, 0xE3, 0x9C, 0x07, 0x71, 0xDC, 0x01, 0xB8, 0xFC, 0x00, 0x9C, 0x74, 0x00, 0x0E, 0x38, 0x07,
    0xFF, 0xFF, 0xFF, 0xFF, 0xFF, 0xFE, 0x00, 0x00, 0x00, 0x00, 0x00, 0xC0, 0x3F, 0xC0, 0x60, 0x1F,
    0xE0, 0x30, 0x0C, 0x37, 0xFF, 0xE6, 0x1B, 0xFF, 0xF3, 0x0C, 0x06, 0x01, 0x86, 0x03, 0x00, 0xC3,
    0x01, 0x80, 0x61, 0xFF, 0xFF, 0xB0, 0xFF, 0xFF, 0xDF, 0xE0, 0x07, 0x0F, 0xF0, 0x03, 0x86, 0x18,
    0x01, 0xC3, 0x0F, 0xFF, 0xFD, 0x87, 0xFF, 0xFE, 0xC3, 0x00, 0x38, 0x61, 0x98, 0x1C, 0x30, 0xCE,
    0x0E, 0x1F, 0xE3, 0x87, 0x0F, 0xF1, 0xE3, 0x86, 0x00, 0x71, 0xC3, 0x00, 0x18, 0xE0, 0x00, 0x00,
    0x70, 0x00, 0x03, 0xF8, 0x00, 0x00, 0xF8, 0x00, 0x1F, 0xFF, 0xFE, 0x1F, 0xFF, 0xFF, 0x0E, 0x00,
    0x03, 0x87, 0x00, 0x01, 0xC3, 0xFF, 0xFF, 0xE1, 0xFF, 0xFF, 0xF0, 0xE0, 0x00, 0x38, 0x70, 0x00,
    0x1C, 0x3F, 0xFF, 0xFE, 0x1F, 0xFF, 0xFF, 0x03, 0x07, 0x06, 0x03, 0xC3, 0x83, 0x80, 0xE1, 0xC3,
    0x80, 0x38, 0xE3, 0x80, 0x1C, 0x71, 0xC1, 0xFF, 0xFF, 0xFF, 0xFF, 0xFF, 0xFF, 0x80, 0xE1, 0xC0,
    0x00, 0x70, 0xE0, 0x00, 0x38, 0x70, 0x00, 0x38, 0x38, 0x18, 0x3C, 0x1C, 0x0C, 0x7C, 0x0E, 0x0F,
    0xFC, 0x07, 0xFF, 0xF8, 0x01, 0xFF, 0x20, 0x00, 0x00, 0x00, 0x1F, 0xFF, 0xFC, 0x0F, 0xFF, 0xFE,
    0x07, 0x00, 0x07, 0x03, 0x80, 0x03, 0x81, 0xFF, 0xFF, 0xC0, 0xFF, 0xFF, 0xE0, 0x70, 0x00, 0x70,
    0x3F, 0xFF, 0xF8, 0x1F, 0xFF, 0xFC, 0x00, 0x0E, 0x00, 0x3F, 0xFF, 0xFF, 0xFF, 0xFF, 0xFF, 0xF0,
    0x00, 0x00, 0x00, 0x7F, 0xFF, 0xC0, 0x3F, 0xFF, 0xE0, 0x1C, 0x00, 0x30, 0x0E, 0x00, 0x18, 0x07,
    0xFF, 0xFC, 0x03, 0xFF, 0xFE, 0x00, 0x03, 0x80, 0x00, 0x79, 0xCE, 0x00, 0xF8, 0xE7, 0xE1, 0xF8,
    0x70, 0xF9, 0xF0, 0x38, 0x1F, 0x60, 0xFC, 0x03, 0x00, 0x7C, 0x00, 0x00, 0x06, 0x00, 0x00, 0x07,
    0x80, 0x0F, 0xBF, 0xFE, 0xFF, 0xDF, 0xFF, 0x7F, 0x01, 0xC0, 0x30, 0x01, 0xCC, 0x18, 0x01, 0xC6,
    0x0C, 0x00, 0xFF, 0xF7, 0xFF, 0x7F, 0xFB, 0xFF, 0x80, 0xC1, 0x8E, 0x00, 0x62, 0xC7, 0x0F, 0xFF,
    0xE3, 0x8F, 0xFF, 0xF1, 0xC7, 0xFC, 0x70, 0xE0, 0x06, 0x38, 0x70, 0x03, 0x08, 0x18, 0x1F, 0xFF,
    0xFC, 0x0F, 0xFF, 0xFE, 0x07, 0x00, 0x07, 0x03, 0x80, 0x03, 0x81, 0xFF, 0xFF, 0xC0, 0xFF, 0xFF,
    0xE0, 0x70, 0x00, 0x70, 0x38, 0x00, 0x38, 0x1F, 0xFF, 0xFC, 0x0F, 0xFF, 0xFE, 0x07, 0x00, 0x07,
    0x00, 0x00, 0x01, 0x00, 0x00, 0x03, 0x80, 0x00, 0x03, 0x80, 0xFF, 0x01, 0xC0, 0xFF, 0x7F, 0xFF,
    0xC7, 0x7F, 0xFE, 0xC7, 0x18, 0x1C, 0xC7, 0x1C, 0x18, 0xC7, 0x1C, 0x38, 0xC7, 0x0C, 0x38, 0xC7,
    0xFF, 0xFF, 0xFF, 0xFF, 0xFF, 0xFF, 0x00, 0x00, 0xC7, 0x00, 0x00, 0xC7, 0x3F, 0xFE, 0xC7, 0x3F,
    0xFE, 0xC7, 0x30, 0x0E, 0xC7, 0x30, 0x0E, 0xC7, 0x30, 0x0E, 0xFF, 0x3F, 0xFE, 0xFF, 0x3F, 0xFE,
    0xC0, 0x30, 0x0E, 0xC0, 0x30, 0x0E, 0xC0, 0x3F, 0xFE, 0x00, 0x3F, 0xFE, 0x00, 0x30, 0x0E, 0x00,
    0x30, 0x0C, 0x03, 0x00, 0x00, 0x03, 0x80, 0x07, 0xBF, 0xFE, 0xFF, 0xDF, 0xFF, 0x7F, 0x80, 0x70,
    0x30, 0x03, 0xFF, 0x98, 0x01, 0x9C, 0xCC, 0x00, 0xFF, 0xE7, 0xFF, 0x67, 0x33, 0xFF, 0xB3, 0x99,
    0x8E, 0x1F, 0xFC, 0xC7, 0x00, 0xE0, 0xE3, 0x8F, 0xFF, 0xF1, 0xC7, 0xFF, 0xF0, 0xE0, 0x1C, 0x38,
    0x70, 0x00, 0x08, 0x18, 0x0F, 0xFF, 0xF8, 0x07, 0xFF, 0xFC, 0x03, 0x80, 0x06, 0x01, 0xC0, 0x03,
    0x00, 0xFF, 0xFF, 0x80, 0x7F, 0xFF, 0xC0, 0x38, 0x00, 0x60, 0x1C, 0x00, 0x30, 0x0F, 0xFF, 0xF8,
    0x07, 0xFF, 0xFC, 0x03, 0x00, 0x06, 0x00, 0xFF, 0xFF, 0xFF, 0xBF, 0xFF, 0xFF, 0xE0, 0x01, 0xC0,
    0x00, 0x00, 0x70, 0x00, 0x1F, 0xFF, 0xFE, 0x07, 0xFF, 0xFF, 0x81, 0xC1, 0xC0, 0xE0, 0x70, 0x70,
    0x38, 0x1C, 0x1C, 0x0E, 0x07, 0xFF, 0xFF, 0x81, 0xFF, 0xFF, 0xE0, 0x70, 0x70, 0x38, 0x1C, 0x1C,
    0x0E, 0x07, 0xFF, 0xFF, 0x81, 0xFF, 0xFF, 0xE0, 0x30, 0x70, 0x00, 0x0E, 0x38, 0x00, 0x01, 0xCE,
    0x00, 0x00, 0x7F, 0x00, 0x00, 0x0F, 0xC0, 0x00, 0x07, 0xFC, 0x00, 0x0F, 0xFF, 0xFF, 0x0F, 0xF0,
    0xFF, 0xF9, 0xE0, 0x07, 0xFE, 0x00, 0x00, 0x00, 0x00, 0x00, 0x1C, 0x00, 0x00, 0x0E, 0x00, 0x07,
    0xFF, 0xFE, 0x03, 0xFF, 0xFF, 0x80, 0x01, 0xC1, 0xC7, 0xFF, 0xFF, 0xFF, 0xFF, 0xFF, 0xFE, 0x00,
    0x38, 0x38, 0x1F, 0xFF, 0xFC, 0x0F, 0xFF, 0xFE, 0x00, 0x07, 0x00, 0x07, 0xFF, 0xFF, 0xC3, 0xFF,
    0xFF, 0xE0, 0x00, 0xE0, 0x00, 0x00, 0x70, 0x01, 0xFF, 0xFF, 0xFF, 0xFF, 0xFF, 0xFF, 0x87, 0xFF,
    0xFE, 0x03, 0xFF, 0xFF, 0x01, 0x80, 0x03, 0x80, 0xC0, 0x01, 0xC0, 0x7F, 0xFF, 0xE0, 0x3F, 0xFF,
    0xF0, 0x18, 0x00, 0x38, 0x0F, 0xFF, 0xFC, 0x07, 0xFF, 0xFE, 0x03, 0x00, 0x07, 0x00, 0x0F, 0xFF,
    0xFC, 0x07, 0xFF, 0xFF, 0x01, 0xC0, 0x01, 0xC0, 0x70, 0x00, 0x70, 0x1F, 0xFF, 0xFC, 0x07, 0xFF,
    0xFF, 0x01, 0xC0, 0x01, 0xC0, 0x7F, 0xFF, 0xF0, 0x1F, 0xFF, 0xFC, 0x00, 0x00, 0x00, 0x0F, 0xFF,
    0xFF, 0xFB, 0xFF, 0xFF, 0xFE, 0x18, 0x70, 0x00, 0x06, 0x1C, 0x00, 0x01, 0xFF, 0xFF, 0xF0, 0x7F,
    0xFF, 0xFC, 0x18, 0x73, 0x06, 0x07, 0xFC, 0xE3, 0x81, 0xFF, 0x1D, 0xC0, 0x61, 0xC7, 0xF0, 0x18,
    0x78, 0xF8, 0x3F, 0xFE, 0x3E, 0x0F, 0xFF, 0x1F, 0xC3, 0xF1, 0xDF, 0x7E, 0x00, 0x7F, 0x07, 0x80,
    0x1D, 0x00, 0x40, 0x00, 0x08, 0x00, 0x00, 0x07, 0x00, 0x00, 0x03, 0xE0, 0x00, 0x01, 0xDC, 0x00,
    0x01, 0xE3, 0xC0, 0x01, 0xFF, 0xFC, 0x01, 0xFF, 0xFF, 0xC3, 0xF8, 0x00, 0xFE, 0xFF, 0xFF, 0xFF,
    0x97, 0xFF, 0xFF, 0x41, 0xD9, 0xCD, 0xC0, 0x76, 0x73, 0x70, 0x1D, 0xDD, 0xDC, 0x07, 0x37, 0x67,
    0x01, 0xFF, 0xFF, 0xC0, 0x7F, 0xFF, 0xF0, 0x00, 0x00, 0x00, 0x01, 0xFF, 0xFE, 0x00, 0x7F, 0xFF,
    0x80, 0x18, 0x00, 0xE0, 0x07, 0xFF, 0xF8, 0x01, 0xFF, 0xFE, 0x00, 0x60, 0x03, 0x80, 0x18, 0x00,
    0xE0, 0x07, 0xFF, 0xF8, 0x01, 0xFF, 0xFE, 0x00, 0x60, 0x03, 0x00, 0x00, 0x60, 0x00, 0x00, 0x38,
    0x00, 0x00, 0x1C, 0x00, 0x00, 0x1C, 0x00, 0x0F, 0xFF, 0xFF, 0xFF, 0xFF, 0xFF, 0xFC, 0x07, 0x00,
    0x00, 0x07, 0x00, 0x00, 0x03, 0x80, 0x00, 0x03, 0xFF, 0xFE, 0x03, 0xFF, 0xFF, 0x01, 0xE0, 0x03,
    0x81, 0xF0, 0x01, 0xC1, 0xF8, 0x00, 0xE1, 0xEF, 0xFF, 0xF1, 0xE7, 0xFF, 0xF8, 0xE3, 0x00, 0x1C,
    0x01, 0x80, 0x0E, 0x00, 0xC0, 0x07, 0x00, 0x7F, 0xFF, 0x80, 0x3F, 0xFF, 0xC0, 0x18, 0x00, 0xE0,
    0x0C, 0x00, 0x70, 0x06, 0x00, 0x38, 0x03, 0x03, 0xF8, 0x01, 0x80, 0xFC, 0x00, 0x00, 0x00, 0x00,
    0x1F, 0xE7, 0xFF, 0x83, 0xFC, 0xFF, 0xF0, 0x61, 0x98, 0x0E, 0x0C, 0x33, 0x01, 0xC1, 0x86, 0x60,
    0x38, 0x30, 0xCC, 0x7F, 0x07, 0xF9, 0x87, 0xC0, 0xFF, 0x30, 0x00, 0x18, 0x66, 0x00, 0x03, 0x0C,
    0xFF, 0xF8, 0x61, 0x9F, 0xFF, 0x0C, 0x33, 0xE0, 0xC3, 0x86, 0x6C, 0x38, 0x7F, 0xCD, 0xC7, 0x0F,
    0xF9, 0x98, 0xC1, 0xC3, 0x33, 0xB8, 0x38, 0x66, 0x37, 0x07, 0x0C, 0xC7, 0xC0, 0xC1, 0x98, 0x70,
    0x18, 0x33, 0x1F, 0x07, 0x06, 0x67, 0xF0, 0xE1, 0xCF, 0xEF, 0x19, 0xF9, 0xF8, 0xF3, 0x1E, 0x3E,
    0x06, 0x00, 0x00, 0x00, 0x00, 0x00, 0x0E, 0x00, 0x00, 0x01, 0xC0, 0x00, 0x00, 0x38, 0x00, 0x00,
    0x07, 0x00, 0x00, 0x00, 0xE0, 0x00, 0x3F, 0xFF, 0xFE, 0x07, 0xFF, 0xFF, 0xC0, 0x00, 0x70, 0x00,
    0x00, 0x0E, 0x00, 0x00, 0x01, 0xC0, 0x00, 0x00, 0x38, 0x00, 0x00, 0x07, 0x00, 0x07, 0xFF, 0xFF,
    0xFC, 0xFF, 0xFF, 0xFF, 0x80, 0x0F, 0xE0, 0x00, 0x01, 0xFC, 0x00, 0x00, 0x7F, 0xC0, 0x00, 0x1D,
    0xDC, 0x00, 0x07, 0xBB, 0xC0, 0x01, 0xE7, 0x3C, 0x00, 0xF8, 0xE3, 0xE0, 0x3E, 0x1C, 0x3E, 0x1F,
    0x03, 0x81, 0xF3, 0xC0, 0x70, 0x1E, 0x30, 0x0E, 0x00, 0x80, 0x01, 0xC0, 0x00, 0x00, 0x38, 0x00,
    0x00, 0x00, 0x1C, 0x00, 0x00, 0x07, 0x00, 0x00, 0x01, 0xC0, 0x00, 0x00, 0x70, 0x00, 0x00, 0x1C,
    0x00, 0x00, 0x07, 0x00, 0x00, 0x01, 0xC0, 0x03, 0xFF, 0xFF, 0xFE, 0xFF, 0xFF, 0xFF, 0x80, 0x3F,
    0xE0, 0x00, 0x0F, 0xF8, 0x00, 0x07, 0x77, 0x00, 0x01, 0xDD, 0xC0, 0x00, 0xE7, 0x38, 0x00, 0x79,
    0xCF, 0x00, 0x1C, 0x71, 0xC0, 0x0E, 0x1C, 0x38, 0x07, 0x07, 0x0F, 0x03, 0xC1, 0xC1, 0xF3, 0xFF,
    0xFF, 0xFE, 0xF7, 0xFF, 0xF7, 0x90, 0x07, 0x00, 0x40, 0x01, 0xC0, 0x00, 0x00, 0x70, 0x00, 0x00,
    0x1C, 0x00, 0x00, 0x07, 0x00, 0x00, 0x01, 0xC0, 0x00, 0x03, 0x00, 0x00, 0x00, 0x60, 0x00, 0x00,
    0x0C, 0x1F, 0xF8, 0x01, 0x83, 0xFF, 0x00, 0x30, 0x70, 0xE0, 0x06, 0x0E, 0x1C, 0x00, 0xC1, 0xC3,
    0x83, 0xFF, 0xB8, 0x70, 0x7F, 0xF7, 0x0E, 0x00, 0xE0, 0xE1, 0xC0, 0x1C, 0x1C, 0x38, 0x07, 0x83,
    0x87, 0x00, 0xF8, 0x70, 0xE0, 0x1F, 0x8E, 0x1C, 0x07, 0xF9, 0xC3, 0x80, 0xDB, 0xB8, 0x70, 0x3B,
    0x76, 0x0E, 0x06, 0x64, 0xC1, 0xC1, 0xCC, 0x38, 0x38, 0x31, 0x87, 0x07, 0x36, 0x30, 0xE0, 0xE6,
    0x06, 0x38, 0x1C, 0xC0, 0xC7, 0x03, 0xB8, 0x19, 0xC0, 0x77, 0x03, 0x78, 0x0F, 0xE0, 0x66, 0x00,
    0xF8, 0x0C, 0x00, 0x00, 0x00, 0x03, 0x00, 0x00, 0x00, 0xE0, 0x00, 0x00, 0x1C, 0x00, 0x00, 0x03,
    0x8F, 0xFF, 0xE0, 0x71, 0xFF, 0xF8, 0x0E, 0x1C, 0x03, 0x01, 0xC3, 0x80, 0xE3, 0xFF, 0xF0, 0x1C,
    0x7F, 0xF6, 0x03, 0x80, 0xE0, 0xE0, 0x60, 0x3E, 0x1C, 0x1C, 0x07, 0xE3, 0x83, 0x80, 0xFC, 0x30,
    0x70, 0x3F, 0xC7, 0x1C, 0x07, 0xDC, 0xE3, 0x81, 0xF9, 0x8E, 0xE0, 0x3F, 0x31, 0xDC, 0x0E, 0xE0,
    0x1F, 0x01, 0xDC, 0x03, 0xE0, 0x73, 0x80, 0x78, 0x06, 0x70, 0x1F, 0x80, 0x0E, 0x07, 0xF8, 0x01,
    0xC1, 0xE7, 0xC0, 0x38, 0x78, 0x7C, 0x07, 0x3E, 0x07, 0xC0, 0xE7, 0x00, 0x38, 0x0C, 0x40, 0x02,
    0x00, 0x00, 0x30, 0x00, 0x00, 0x0F, 0x00, 0x00, 0x03, 0xC0, 0x00, 0x00, 0x7F, 0xFC, 0x00, 0x1F,
    0xFF, 0x80, 0x0F, 0x80, 0xE0, 0x03, 0xF8, 0x3C, 0x01, 0xF7, 0x8F, 0x00, 0x3C, 0x7F, 0xC0, 0x02,
    0x03, 0xF0, 0x00, 0x01, 0xFF, 0x00, 0x01, 0xFF, 0xFC, 0x03, 0xFE, 0x0F, 0xFC, 0xFF, 0x1C, 0x7F,
    0x9E, 0x03, 0x80, 0xE0, 0x00, 0x70, 0x00, 0x0F, 0xFF, 0xFE, 0x01, 0xFF, 0xFF, 0xC0, 0x00, 0x38,
    0x00, 0x00, 0xE7, 0x38, 0x00, 0x3C, 0xE7, 0x80, 0x0F, 0x1C, 0x78, 0x03, 0xC3, 0x87, 0x81, 0xF0,
    0x70, 0x78, 0x18, 0x7E, 0x07, 0x00, 0x07, 0x80, 0x00, 0x06, 0x00, 0x00, 0x01, 0xC0, 0x47, 0x00,
    0x70, 0x39, 0xC0, 0x1C, 0x0E, 0x70, 0x07, 0x03, 0x8E, 0x01, 0xC1, 0xC3, 0x80, 0x70, 0x70, 0xE1,
    0xFF, 0x9C, 0x1C, 0x7F, 0xEE, 0x07, 0x01, 0xC3, 0x80, 0xE0, 0xF1, 0xCE, 0x38, 0x3E, 0xF3, 0x87,
    0x0F, 0xF8, 0xE1, 0xC7, 0xF6, 0x70, 0x21, 0xFE, 0x1C, 0x00, 0x7F, 0x87, 0x00, 0x3F, 0x63, 0x80,
    0x0D, 0xC0, 0xE3, 0x07, 0x70, 0x78, 0xE1, 0x9C, 0x1C, 0x38, 0x67, 0x07, 0x07, 0x01, 0xC3, 0x81,
    0xC0, 0x70, 0xFF, 0xF8, 0x1C, 0x7F, 0xFE, 0x07, 0x1F, 0xF1, 0xC1, 0xC6, 0x00, 0x60, 0x70, 0x00,
    0x00, 0x03, 0x00, 0x00, 0x01, 0xC0, 0x01, 0xC0, 0x70, 0x07, 0xF0, 0x1C, 0x1F, 0xF8, 0x07, 0x07,
    0xF8, 0x01, 0xC1, 0xE0, 0x00, 0x70, 0x60, 0x01, 0xFF, 0xD8, 0x00, 0x7F, 0xF6, 0x00, 0x01, 0xC1,
    0x80, 0x00, 0x70, 0x7F, 0xFC, 0x3E, 0x1F, 0xFF, 0x0F, 0xC6, 0x0C, 0x07, 0xF9, 0x83, 0x01, 0xFE,
    0x60, 0xC0, 0x7D, 0xD8, 0x30, 0x3F, 0x2E, 0x0C, 0x1D, 0xC3, 0x83, 0x07, 0x70, 0xE0, 0xC1, 0x9C,
    0x38, 0x30, 0x67, 0x0E, 0x0C, 0x01, 0xC3, 0x03, 0x00, 0x71, 0xC0, 0xC0, 0x1C, 0x70, 0x30, 0x07,
    0x38, 0x0C, 0x01, 0xCE, 0x03, 0x00, 0x30, 0x00, 0xC0, 0x0F, 0xFF, 0xFE, 0x01, 0xFF, 0xFF, 0xC0,
    0x38, 0x38, 0x38, 0x07, 0x07, 0x07, 0x00, 0xE0, 0xE0, 0xE0, 0x1F, 0xFF, 0xFC, 0x03, 0xFF, 0xFF,
    0x80, 0x70, 0x70, 0x70, 0x0E, 0x0E, 0x0E, 0x01, 0xFF, 0xFF, 0xC0, 0x3F, 0xFF, 0xF8, 0x00, 0x07,
    0x00, 0x00, 0x00, 0xE0, 0x00, 0xFF, 0xFF, 0xFF, 0x9F, 0xFF, 0xFF, 0xF0, 0x01, 0xFC, 0x00, 0x00,
    0x7F, 0xC0, 0x00, 0x1D, 0xDE, 0x00, 0x0F, 0xB9, 0xE0, 0x03, 0xC7, 0x1F, 0x01, 0xF0, 0xE1, 0xF8,
    0xFC, 0x1C, 0x0F, 0x9E, 0x03, 0x80, 0xF1, 0x00, 0x70, 0x00, 0x00, 0x0E, 0x00, 0x00, 0x07, 0x00,
    0x00, 0x01, 0xC0, 0x00, 0x07, 0xFF, 0xDF, 0xF9, 0xFF, 0xE7, 0xFE, 0x07, 0x19, 0x83, 0x81, 0x86,
    0x60, 0xE0, 0xE1, 0x98, 0x38, 0x38, 0xE6, 0x0E, 0x0E, 0x39, 0x83, 0x87, 0x0E, 0x7F, 0xE3, 0x9F,
    0x9F, 0xF9, 0xE7, 0xD0, 0x00, 0x60, 0x0E, 0x00, 0x00, 0x03, 0x80, 0x00, 0x00, 0xE0, 0x01, 0xFF,
    0xFF, 0xFE, 0x7F, 0xFF, 0xFF, 0x80, 0x0F, 0xE0, 0x00, 0x07, 0xFC, 0x00, 0x07, 0xBB, 0xC0, 0x03,
    0xCE, 0x78, 0x03, 0xE3, 0x8F, 0x83, 0xF0, 0xE1, 0xFD, 0xF0, 0x38, 0x1F, 0x30, 0x0E, 0x01, 0x80,
    0x03, 0x80, 0x00, 0x00, 0x0E, 0x00, 0x00, 0x01, 0xC0, 0x00, 0x00, 0x38, 0x00, 0x00, 0x07, 0x00,
    0x07, 0xFF, 0xFF, 0xFC, 0xFF, 0xFF, 0xFF, 0x80, 0x1F, 0xF0, 0x00, 0x07, 0xFF, 0x00, 0x01, 0xEE,
    0xF0, 0x00, 0x79, 0xCF, 0x00, 0x3E, 0x38, 0xF8, 0x1F, 0x87, 0x07, 0xC7, 0xC0, 0x00, 0x7C, 0xE7,
    0xFF, 0xF3, 0x00, 0xFF, 0xFE, 0x00, 0x18, 0x00, 0xC0, 0x03, 0xFF, 0xF8, 0x00, 0x7F, 0xFF, 0x00,
    0x0C, 0x00, 0x60, 0x01, 0x80, 0x0C, 0x00, 0x3F, 0xFF, 0x80, 0x07, 0xFF, 0xF0, 0x00, 0x00, 0x00,
    0x00, 0x00, 0x00, 0x00, 0x3F, 0xFF, 0xFF, 0xC7, 0xFF, 0xFF, 0xF8, 0x07, 0x00, 0x00, 0x01, 0xC0,
    0x00, 0x00, 0x70, 0x00, 0x00, 0x1C, 0x3F, 0xFE, 0x07, 0x0F, 0xFF, 0x81, 0xC0, 0x00, 0x07, 0xFE,
    0x00, 0x01, 0xFF, 0x80, 0x00, 0x07, 0x00, 0x00, 0x03, 0xC7, 0xFF, 0xF0, 0xF9, 0xFF, 0xFC, 0x3F,
    0x01, 0xC0, 0x1F, 0xE0, 0x70, 0x07, 0xF8, 0x1C, 0x03, 0xF6, 0x67, 0x60, 0xDC, 0x19, 0xDC, 0x77,
    0x0E, 0x77, 0x3D, 0xC3, 0x9C, 0xE6, 0x70, 0xC7, 0x39, 0x1C, 0x71, 0xC6, 0x07, 0x18, 0x71, 0xC1,
    0xCE, 0x1C, 0x70, 0x73, 0x07, 0x1C, 0x1C, 0x41, 0xC2, 0x07, 0x07, 0xE0, 0x01, 0xC0, 0xF8, 0x00,
    0x20, 0x00, 0x00, 0x06, 0x00, 0x00, 0x01, 0xC1, 0x81, 0xC0, 0x70, 0x70, 0x70, 0x1C, 0x1C, 0x38,
    0x07, 0x03, 0x8E, 0x01, 0xC0, 0xE7, 0x07, 0xFE, 0x11, 0xC1, 0xFF, 0xFF, 0xFE, 0x07, 0x1F, 0xFF,
    0x83, 0xC0, 0x00, 0x00, 0xF8, 0x00, 0x00, 0x3E, 0x00, 0x00, 0x0F, 0xC0, 0x00, 0x07, 0xF8, 0x00,
    0x01, 0xFE, 0x00, 0x00, 0xFD, 0x3F, 0xFC, 0x3F, 0x0F, 0xFF, 0x1D, 0xC0, 0x00, 0x07, 0x70, 0x00,
    0x01, 0x9C, 0x00, 0x00, 0x67, 0x00, 0x00, 0x01, 0xC0, 0x00, 0x00, 0x70, 0x00, 0x00, 0x1C, 0xFF,
    0xFF, 0x07, 0x3F, 0xFF, 0xC1, 0xC0, 0x00, 0x00, 0x60, 0x00, 0x00, 0x06, 0x00, 0xC0, 0x00, 0xC0,
    0x38, 0x00, 0x18, 0x03, 0x80, 0x03, 0x00, 0x38, 0x00, 0x60, 0x07, 0x00, 0x0C, 0x7F, 0xFF, 0x81,
    0x8F, 0xFF, 0xF3, 0xFF, 0x10, 0x40, 0x7F, 0xE3, 0x1C, 0x01, 0xC0, 0xE1, 0xC0, 0x3C, 0x38, 0x1C,
    0x07, 0x8F, 0x01, 0xC0, 0xFB, 0xE0, 0xFC, 0x3F, 0xFE, 0x1F, 0x87, 0xF5, 0xC7, 0x21, 0xF7, 0x18,
    0xE0, 0x36, 0x43, 0x9C, 0x06, 0xC0, 0x3F, 0x01, 0xD8, 0x07, 0xE0, 0x33, 0x00, 0x78, 0x06, 0x60,
    0x0F, 0x00, 0x0C, 0x07, 0xF8, 0x01, 0x81, 0xEF, 0x80, 0x30, 0xF8, 0x7C, 0x06, 0x3E, 0x07, 0xC0,
    0xC7, 0x00, 0x38, 0x18, 0x40, 0x00, 0x00, 0x06, 0x00, 0x02, 0x01, 0x83, 0x81, 0xC0, 0x60, 0xE0,
    0x70, 0x18, 0x1C, 0x1C, 0x06, 0x07, 0x0E, 0x01, 0x80, 0xC3, 0x87, 0xFF, 0xFF, 0xF9, 0xFF, 0xFF,
    0xFE, 0x0E, 0x00, 0x60, 0x03, 0x80, 0x18, 0x00, 0xF0, 0x06, 0x00, 0x3E, 0x01, 0x80, 0x1F, 0x9F,
    0xFF, 0x87, 0xF7, 0xFF, 0xE1, 0xEC, 0x06, 0x00, 0xFB, 0x01, 0x80, 0x36, 0x00, 0x60, 0x1D, 0x80,
    0x18, 0x07, 0x67, 0xFF, 0xFD, 0x99, 0xFF, 0xFF, 0x66, 0x00, 0x60, 0x01, 0x80, 0x18, 0x00, 0x60,
    0x06, 0x00, 0x18, 0x01, 0x80, 0x06, 0x00, 0x60, 0x01, 0x80, 0x18, 0x00, 0x60, 0x06, 0x00, 0x06,
    0x00, 0x60, 0x00, 0xE0, 0x1C, 0x00, 0x1C, 0x01, 0xC0, 0x03, 0x80, 0x38, 0x00, 0x71, 0xFF, 0xFC,
    0x0E, 0x7F, 0xFF, 0x9F, 0xF8, 0x70, 0x03, 0xFF, 0x0E, 0x00, 0x07, 0x03, 0x84, 0x01, 0xE0, 0x71,
    0xC0, 0x3E, 0x1C, 0x38, 0x07, 0xCF, 0xFE, 0x01, 0xFD, 0xFF, 0x80, 0x3F, 0xFE, 0xF2, 0x07, 0xF0,
    0x3C, 0xE1, 0xF8, 0x0F, 0x1C, 0x37, 0x07, 0xC7, 0x0E, 0xE1, 0xE1, 0xE1, 0x9C, 0x78, 0x78, 0x33,
    0x8C, 0x1E, 0x00, 0x70, 0x07, 0xC0, 0x0E, 0x03, 0xFC, 0x01, 0xC1, 0xF3, 0xC0, 0x38, 0xFC, 0x1E,
    0x07, 0x7F, 0x01, 0xC0, 0xE7, 0x00, 0x18, 0x18, 0x80, 0x00, 0x00, 0x06, 0x00, 0x00, 0x00, 0xE0,
    0x38, 0x00, 0x1C, 0x0F, 0x00, 0x03, 0x81, 0xC0, 0x00, 0x70, 0x3F, 0xF0, 0x0E, 0x0F, 0xFE, 0x01,
    0xC3, 0xC1, 0xC3, 0xFF, 0xF8, 0x70, 0x7F, 0xFF, 0x9E, 0x00, 0xE7, 0x3B, 0x80, 0x3C, 0xC7, 0xE0,
    0x07, 0xC0, 0x78, 0x00, 0xFC, 0x1F, 0x80, 0x3F, 0xC7, 0xFC, 0x07, 0xFB, 0xE7, 0xF0, 0xFB, 0xF8,
    0x3F, 0x3F, 0x7F, 0xFF, 0xCE, 0xE5, 0xFF, 0xE1, 0xDC, 0x38, 0x0C, 0x33, 0x87, 0x01, 0x86, 0x70,
    0xE0, 0x30, 0x0E, 0x1C, 0x06, 0x01, 0xC3, 0x80, 0xC0, 0x38, 0x7F, 0xF8, 0x07, 0x0F, 0xFF, 0x00,
    0xE1, 0xC0, 0x60, 0x18, 0x38, 0x0C, 0x00, 0x06, 0x00, 0x00, 0x00, 0xC0, 0x00, 0x00, 0x18, 0xFF,
    0xFF, 0x03, 0x1F, 0xFF, 0xE0, 0x63, 0x80, 0x00, 0x0C, 0x70, 0x00, 0x1F, 0xFE, 0x00, 0x03, 0xFF,
    0xFF, 0xFC, 0x0E, 0x3B, 0xFF, 0x81, 0xE7, 0x07, 0x00, 0x3E, 0xE0, 0xE0, 0x07, 0xDC, 0x1C, 0x01,
    0xFF, 0xBF, 0xF8, 0x3D, 0xF7, 0xFF, 0x0F, 0x9E, 0x0E, 0x01, 0xB1, 0xC1, 0xC0, 0x76, 0x38, 0x38,
    0x0E, 0xC7, 0x07, 0x01, 0x98, 0xFF, 0xFF, 0x33, 0x1F, 0xFF, 0xE0, 0x63, 0x80, 0x00, 0x0C, 0x70,
    0x00, 0x01, 0x8E, 0x00, 0x00, 0x31, 0xFF, 0xFE, 0x06, 0x3F, 0xFF, 0xC0, 0xC0, 0x00, 0x00, 0x18,
    0x00, 0x00, 0x00, 0x06, 0x00, 0x60, 0x01, 0xC0, 0x38, 0x00, 0x70, 0x8E, 0x10, 0x1C, 0x63, 0x8E,
    0x07, 0x1C, 0xE3, 0x81, 0xC7, 0x38, 0xC0, 0x70, 0xCE, 0x71, 0xFF, 0xBB, 0x9C, 0x7F, 0xEE, 0xEE,
    0x03, 0xC1, 0xBB, 0x80, 0xF0, 0x0E, 0x00, 0x3E, 0xFF, 0xFE, 0x1F, 0xBF, 0xFF, 0x87, 0xF0, 0x00,
    0xE1, 0xFE, 0x00, 0x38, 0xFF, 0x80, 0x0E, 0x37, 0x40, 0x03, 0x9D, 0xC7, 0xFF, 0xE7, 0x71, 0xFF,
    0xFB, 0x9C, 0x00, 0x0E, 0x67, 0x00, 0x03, 0x81, 0xC0, 0x00, 0xE0, 0x73, 0xFF, 0xF8, 0x1C, 0xFF,
    0xFE, 0x07, 0x00, 0x03, 0x81, 0xC0, 0x00, 0xE0, 0x60, 0x00, 0x00, 0x02, 0x00, 0x80, 0x00, 0x60,
    0x18, 0x00, 0x1C, 0x07, 0x00, 0x03, 0x81, 0xFF, 0xC0, 0x6C, 0x7F, 0xF0, 0x1D, 0x9E, 0x0E, 0x03,
    0xB7, 0xE3, 0x80, 0xE6, 0xEE, 0xE0, 0x1C, 0xC8, 0xFC, 0x07, 0x98, 0x1F, 0x00, 0xF3, 0x07, 0xF0,
    0x3E, 0x63, 0xFF, 0x87, 0xCF, 0xF8, 0xFC, 0xD9, 0xFC, 0xE7, 0x83, 0x36, 0x1C, 0x20, 0x66, 0x03,
    0x80, 0x0C, 0xDF, 0xFF, 0xC1, 0x9B, 0xFF, 0xF8, 0x33, 0x01, 0xC0, 0x06, 0x63, 0x3B, 0x00, 0xCC,
    0xE7, 0x70, 0x19, 0xB8, 0xE7, 0x03, 0x07, 0x1C, 0x70, 0x61, 0xC3, 0x8E, 0x0C, 0x33, 0xF0, 0x81,
    0x80, 0x7C, 0x00, 0x30, 0x00, 0x00, 0x00, 0x06, 0x00, 0xC0, 0x01, 0xC0, 0x1C, 0x00, 0x38, 0x07,
    0x80, 0x07, 0x00, 0xF8, 0x00, 0xE0, 0x3F, 0x80, 0x1C, 0x0E, 0x78, 0x1F, 0xF3, 0xC7, 0x83, 0xFE,
    0xF0, 0x78, 0x0E, 0x3C, 0x07, 0x81, 0xCF, 0xFF, 0xF8, 0x3F, 0xFF, 0xF7, 0x0F, 0xE0, 0x00, 0x01,
    0xF8, 0x00, 0x00, 0x3F, 0x81, 0x87, 0x0F, 0xB6, 0x30, 0xE1, 0xF4, 0xC6, 0x18, 0x7E, 0x1C, 0xE7,
    0x0F, 0xC3, 0x9C, 0xC1, 0xB8, 0x31, 0xB8, 0x37, 0x06, 0x37, 0x00, 0xE0, 0xC0, 0xC0, 0x1C, 0x00,
    0x38, 0x03, 0x80, 0x06, 0x00, 0x73, 0xFF, 0xFE, 0x0E, 0x7F, 0xFF, 0xC1, 0xC0, 0x00, 0x00, 0x18,
    0x00, 0x00, 0x00, 0x06, 0x00, 0x60, 0x03, 0x82, 0x38, 0xC0, 0xE1, 0xCE, 0x30, 0x38, 0x3B, 0x9C,
    0x0E, 0x0E, 0xEE, 0x03, 0x81, 0xBB, 0x07, 0xFF, 0xFF, 0xFD, 0xFF, 0xFF, 0xFF, 0x0E, 0x03, 0xF8,
    0x03, 0x81, 0xFF, 0x80, 0xF1, 0xEE, 0xF0, 0x7E, 0xF3, 0x9F, 0x1F, 0xF8, 0xE3, 0xC7, 0xFC, 0x78,
    0x23, 0xEC, 0x1C, 0x00, 0xFA, 0x06, 0x00, 0x3E, 0x7F, 0xFF, 0xDF, 0x9F, 0xFF, 0xF6, 0xE0, 0x70,
    0xE1, 0xB8, 0x38, 0x70, 0x4E, 0x0F, 0x1C, 0x03, 0x83, 0xFE, 0x00, 0xE0, 0x3F, 0x80, 0x38, 0x1F,
    0xF8, 0x0E, 0x7F, 0xDF, 0x83, 0x9F, 0x81, 0xE0, 0x62, 0x00, 0x00, 0x06, 0x00, 0x60, 0x01, 0x80,
    0x38, 0x00, 0x61, 0xFF, 0xF0, 0x18, 0x7F, 0xFE, 0x06, 0x18, 0xE3, 0x81, 0x9F, 0xFF, 0xF7, 0xFF,
    0xFF, 0xFD, 0xFE, 0x63, 0x8E, 0x0E, 0x1F, 0xFF, 0x83, 0x87, 0xFF, 0xE0, 0xF0, 0x0E, 0x00, 0x3C,
    0xFF, 0xFE, 0x1F, 0xBF, 0xFF, 0x87, 0xFE, 0x38, 0x61, 0xFF, 0xFF, 0xF8, 0xFA, 0xFF, 0xFE, 0x36,
    0x03, 0x80, 0x1D, 0x9F, 0xFF, 0xF6, 0x67, 0xFF, 0xFD, 0x98, 0x38, 0x38, 0x46, 0x0E, 0x0C, 0x01,
    0x87, 0xE7, 0x00, 0x61, 0xFF, 0x80, 0x18, 0x07, 0xF8, 0x06, 0x7F, 0xFF, 0x81, 0x9F, 0xC1, 0xE0,
    0x67, 0x00, 0x00, 0x06, 0x00, 0x00, 0x00, 0xC0, 0x00, 0x00, 0x18, 0xFF, 0xFF, 0x03, 0x1F, 0xFF,
    0xE0, 0x60, 0x19, 0x80, 0x0C, 0x3F, 0xFF, 0x81, 0x87, 0xFF, 0xF3, 0xFE, 0xCC, 0xCE, 0x7F, 0xD9,
    0x99, 0xC1, 0xC3, 0x33, 0x38, 0x38, 0x7F, 0xFF, 0x07, 0x8F, 0xFF, 0xE0, 0xF8, 0x00, 0x00, 0x3F,
    0x00, 0x00, 0x07, 0xF3, 0xFF, 0xE1, 0xF7, 0x7F, 0xFC, 0x36, 0xC0, 0x00, 0x06, 0xC7, 0xFF, 0xF9,
    0xD8, 0xFF, 0xFF, 0x33, 0x00, 0x30, 0x06, 0x60, 0xE6, 0x60, 0x0C, 0x1C, 0xCE, 0x01, 0x87, 0x18,
    0xE0, 0x31, 0xC3, 0x0E, 0x06, 0x70, 0x61, 0xC0, 0xC4, 0x7C, 0x18, 0x18, 0x0F, 0x80, 0x00, 0x00,
    0x03, 0x0C, 0x01, 0xC0, 0xE3, 0x80, 0x38, 0x1C, 0x70, 0x07, 0x3F, 0xFF, 0xE0, 0xE7, 0xFF, 0xFC,
    0x1C, 0x0E, 0x38, 0x1F, 0xF1, 0xC7, 0x03, 0xFE, 0xFF, 0xF8, 0x0E, 0x1F, 0xFF, 0x81, 0xC3, 0x00,
    0x70, 0x3C, 0x60, 0x0E, 0x0F, 0x8F, 0xFF, 0xC1, 0xF9, 0xFF, 0xF8, 0x3F, 0xB0, 0x07, 0x0F, 0xB7,
    0xFF, 0xE1, 0xF6, 0xFF, 0xFC, 0x3E, 0x00, 0xE0, 0x0F, 0xC0, 0x1C, 0x01, 0xB9, 0xFF, 0xFF, 0x37,
    0x3F, 0xFF, 0xE0, 0xE0, 0x1F, 0x00, 0x1C, 0x07, 0x70, 0x03, 0x81, 0xE7, 0x00, 0x70, 0xF8, 0xF8,
    0x0E, 0xFE, 0x0F, 0xC1, 0xCF, 0x00, 0x78, 0x19, 0x00, 0x02, 0x00, 0x06, 0x00, 0x04, 0x00, 0xC0,
    0xC0, 0xC0, 0x18, 0x1C, 0x38, 0x03, 0x01, 0x86, 0x00, 0x63, 0xFF, 0xFC, 0x0C, 0x3F, 0xFF, 0x81,
    0x80, 0x18, 0x03, 0xFF, 0x7F, 0xFC, 0x7F, 0xEF, 0xFF, 0x81, 0xC0, 0x0C, 0x00, 0x3C, 0xFF, 0xFF,
    0x07, 0x9F, 0xFF, 0xE0, 0xF8, 0x1E, 0x00, 0x3F, 0x83, 0xF0, 0x07, 0xF0, 0x0F, 0x01, 0xF7, 0x7F,
    0x60, 0x36, 0x4F, 0xE1, 0x8E, 0xC0, 0x0E, 0x79, 0xD8, 0xFD, 0xDE, 0x33, 0x1F, 0xBF, 0x06, 0x60,
    0x77, 0xC0, 0x0C, 0x0C, 0xDC, 0x01, 0x83, 0x9B, 0xC0, 0x31, 0xE3, 0x3E, 0x06, 0x78, 0x63, 0xE0,
    0xCE, 0x7C, 0x18, 0x18, 0x0F, 0x00, 0x00, 0x06, 0x03, 0x0C, 0x00, 0xC0, 0x61, 0x80, 0x18, 0x0C,
    0x30, 0x03, 0x1F, 0xFF, 0xE0, 0x63, 0xFF, 0xFC, 0x0C, 0x06, 0x18, 0x01, 0x80, 0xC3, 0x03, 0xFF,
    0x18, 0x60, 0x7F, 0xFF, 0xFF, 0xC1, 0xC7, 0xFF, 0xF8, 0x38, 0x01, 0x80, 0x07, 0x8F, 0xFF, 0xC0,
    0xF9, 0xFF, 0xF8, 0x3F, 0x30, 0xC3, 0x07, 0xF6, 0x18, 0x61, 0xF7, 0xFF, 0xFC, 0x36, 0xDF, 0xFF,
    0x8E, 0xC3, 0x0C, 0x31, 0xD8, 0x61, 0x86, 0x73, 0x0F, 0xFF, 0xC6, 0x61, 0xFF, 0xF8, 0x0C, 0x04,
    0x00, 0x01, 0x81, 0xE3, 0x80, 0x30, 0xF8, 0x7C, 0x06, 0x7E, 0x07, 0xC0, 0xCF, 0x00, 0x38, 0x18,
    0x80, 0x02, 0x00, 0x0C, 0x00, 0x80, 0x01, 0x83, 0x38, 0xC0, 0x30, 0x67, 0x38, 0x06, 0x0C, 0xE6,
    0x00, 0xC3, 0x1D, 0xD8, 0x18, 0xEF, 0xB7, 0x1F, 0xFF, 0xFF, 0xC3, 0xFF, 0xEF, 0xF8, 0x0C, 0x5C,
    0xCF, 0x83, 0x87, 0xD9, 0xB0, 0x78, 0xDB, 0x7E, 0x0F, 0x3F, 0xFF, 0xE1, 0xF7, 0xFF, 0xCC, 0x7F,
    0x75, 0xDC, 0x0F, 0x6E, 0x39, 0xC1, 0xEF, 0xFF, 0xFE, 0x7C, 0xFF, 0xFF, 0xCD, 0x87, 0x0C, 0x61,
    0xB0, 0xF1, 0xDC, 0x26, 0x1F, 0x3F, 0x00, 0xC3, 0x73, 0xE0, 0x18, 0xE6, 0x79, 0x83, 0x38, 0x1F,
    0x30, 0x6F, 0x0F, 0xF6, 0x0D, 0xC7, 0xCF, 0xC1, 0xB0, 0x60, 0xF0, 0x30, 0x00, 0x00, 0x00, 0x06,
    0x07, 0x0C, 0x00, 0xC0, 0xE1, 0x80, 0x18, 0x1C, 0x30, 0x03, 0x1F, 0xFF, 0xE0, 0x63, 0xFF, 0xFC,
    0x0C, 0x0E, 0x18, 0x01, 0x81, 0xC3, 0x03, 0xFF, 0x3F, 0xE0, 0x7F, 0xE7, 0xFC, 0x01, 0xC0, 0x00,
    0x00, 0x39, 0xFF, 0xFF, 0x07, 0x3F, 0xFF, 0xE0, 0xF0, 0x0E, 0x00, 0x3F, 0x3F, 0xFF, 0x07, 0xF7,
    0xFF, 0xE1, 0xF7, 0xC7, 0x1C, 0x3E, 0xDF, 0xFF, 0x86, 0xCB, 0xFF, 0xF1, 0xD8, 0x63, 0x8E, 0x33,
    0x0C, 0x71, 0xC6, 0x61, 0xFF, 0xF8, 0x0C, 0x3F, 0xFF, 0x01, 0x81, 0xC3, 0x80, 0x30, 0xF8, 0x7C,
    0x06, 0x7E, 0x07, 0xC0, 0xCF, 0x00, 0x38, 0x18, 0x80, 0x02, 0x00, 0x06, 0x00, 0x60, 0x01, 0x87,
    0x38, 0xC0, 0x61, 0xCE, 0x70, 0x18, 0x3B, 0x9C, 0x06, 0x0E, 0xEE, 0x01, 0x8F, 0xFF, 0xF0, 0x63,
    0xFF, 0xFD, 0xFF, 0xC0, 0x07, 0x7F, 0xF0, 0x01, 0xC3, 0x8F, 0xFF, 0xF0, 0xE0, 0xFF, 0xF0, 0x3C,
    0x38, 0x1C, 0x1F, 0x0E, 0x07, 0x07, 0xE3, 0xFF, 0xC1, 0xFC, 0xFF, 0xF0, 0xFB, 0x00, 0x00, 0x36,
    0xFF, 0xFF, 0x9D, 0x8F, 0xFF, 0xE7, 0x63, 0x8E, 0x19, 0x98, 0xE3, 0x86, 0x66, 0x3F, 0xFF, 0x81,
    0x8F, 0xFF, 0xE0, 0x63, 0x8E, 0x18, 0x18, 0xFF, 0xFE, 0x06, 0x3F, 0xFF, 0x81, 0x8E, 0x00, 0x60,
    0x61, 0x80, 0x18, 0x0C, 0x01, 0x80, 0x07, 0x00, 0xF0, 0x01, 0xC0, 0x3C, 0x00, 0x70, 0x1F, 0x80,
    0x1C, 0x0E, 0x78, 0x07, 0x0F, 0x0F, 0x8F, 0xF7, 0x81, 0xFB, 0xFF, 0xFF, 0xFE, 0x1C, 0xEF, 0xF9,
    0x87, 0x00, 0x00, 0x03, 0xC7, 0xF7, 0xF0, 0xF9, 0xFD, 0xFC, 0x3F, 0x67, 0x67, 0x0F, 0xD9, 0xD9,
    0xC7, 0xF6, 0x76, 0x71, 0xF5, 0x9D, 0x9C, 0x7C, 0x7F, 0x7F, 0x3F, 0x1F, 0xDF, 0xCD, 0xC1, 0xC1,
    0x83, 0x70, 0x60, 0xE0, 0x1C, 0x38, 0x38, 0x07, 0x0F, 0x8F, 0x01, 0xC7, 0xF7, 0xE0, 0x73, 0x9F,
    0xBC, 0x1D, 0xC3, 0xE3, 0x87, 0xE0, 0x70, 0x60, 0xD0, 0x08, 0x00, 0x00, 0x18, 0x00, 0x00, 0x07,
    0x00, 0x06, 0x03, 0x80, 0x03, 0xC0, 0xE0, 0x00, 0x7C, 0x38, 0x00, 0x07, 0x9F, 0xFF, 0xC0, 0xE7,
    0xFF, 0xF0, 0x11, 0xC0, 0x1C, 0x00, 0xE3, 0x87, 0x00, 0x38, 0xE3, 0x80, 0x1E, 0x38, 0xE0, 0x07,
    0x0E, 0x38, 0x01, 0x83, 0x9C, 0x01, 0x80, 0xE1, 0x00, 0x70, 0x3C, 0x00, 0x38, 0x1F, 0x00, 0x1E,
    0x07, 0xC0, 0x07, 0x01, 0xF8, 0x03, 0xC0, 0xEE, 0x01, 0xE0, 0x79, 0xC0, 0x70, 0x1C, 0x78, 0x3C,
    0x0F, 0x0E, 0x0E, 0x0F, 0x83, 0xE1, 0x07, 0xC0, 0x7C, 0x07, 0xE0, 0x0F, 0x80, 0xE0, 0x00, 0xC0,
    0x10, 0x00, 0x00, 0x00, 0x00, 0xC0, 0x01, 0xCC, 0x18, 0x00, 0x39, 0xC7, 0x00, 0x0E, 0x3C, 0xE0,
    0x03, 0xC3, 0xDC, 0x00, 0x70, 0x3B, 0xFF, 0x9C, 0xE3, 0xFF, 0xF3, 0x1C, 0x1C, 0xCE, 0x03, 0xC3,
    0xB9, 0xC0, 0xFC, 0xE7, 0x38, 0x1B, 0xDC, 0xE6, 0x07, 0x3F, 0x1C, 0xC1, 0xC3, 0xA3, 0x98, 0x78,
    0x38, 0x70, 0x1E, 0x07, 0x0E, 0x03, 0xFF, 0xE1, 0xC0, 0x7F, 0xF8, 0x7C, 0x03, 0x87, 0x0F, 0x80,
    0x70, 0xE1, 0xF0, 0x0E, 0x1C, 0x77, 0x01, 0xC3, 0x8E, 0xE0, 0x38, 0x73, 0x8E, 0x07, 0xFE, 0x71,
    0xC0, 0xFF, 0xDC, 0x1C, 0x1C, 0x07, 0x83, 0xC3, 0x80, 0xE0, 0x38, 0x00, 0x00, 0x02, 0x00, 0x00,
    0x0E, 0x00, 0x00, 0x07, 0x00, 0x00, 0x03, 0x80, 0x00, 0x01, 0xC0, 0x00, 0x00, 0xE0, 0x00, 0x00,
    0x70, 0x00, 0x30, 0x38, 0x00, 0x1C, 0x1C, 0x00, 0x0E, 0x0E, 0x00, 0x07, 0x07, 0x00, 0x03, 0x83,
    0xFF, 0xC1, 0xC1, 0xFF, 0xE0, 0xE0, 0xE0, 0x00, 0x70, 0x70, 0x00, 0x38, 0x38, 0x00, 0x1C, 0x1C,
    0x00, 0x0E, 0x0E, 0x00, 0x07, 0x07, 0x00, 0x03, 0x83, 0x80, 0x01, 0xC1, 0xC0, 0x00, 0xE0, 0xE0,
    0x00, 0x70, 0x70, 0x00, 0x38, 0x38, 0x01, 0xFF, 0xFF, 0xFF, 0xFF, 0xFF, 0xFF, 0x80, 0x7F, 0xFF,
    0xFF, 0x3F, 0xFF, 0xFF, 0x80, 0x03, 0x80, 0x00, 0x01, 0xC0, 0x00, 0x00, 0xE0, 0x00, 0x00, 0x70,
    0x00, 0x30, 0x38, 0x00, 0x1C, 0x1C, 0x00, 0x0E, 0x0E, 0x00, 0x07, 0x07, 0xFF, 0x03, 0x83, 0xFF,
    0x81, 0xC1, 0xC0, 0x00, 0xE0, 0xE0, 0x00, 0x70, 0x70, 0x00, 0x38, 0x38, 0x00, 0x1C, 0x1C, 0x00,
    0x0E, 0x0E, 0x00, 0x07, 0x07, 0x00, 0x03, 0x83, 0x80, 0x01, 0xC1, 0xC0, 0x0F, 0xFF, 0xFF, 0xFF,
    0xFF, 0xFF, 0xFC, 0x01, 0xC1, 0x80, 0x00, 0x70, 0xE0, 0x00, 0x1C, 0x38, 0x00, 0x07, 0x0E, 0x00,
    0x01, 0xC3, 0x80, 0x00, 0x70, 0xE0, 0x03, 0x9C, 0x38, 0x20, 0xE7, 0x0E, 0x1C, 0x39, 0xC3, 0x8F,
    0x0E, 0x7F, 0xEF, 0x83, 0x9F, 0xFF, 0xC0, 0xE7, 0x0F, 0xC0, 0x39, 0xC3, 0xC0, 0x0E, 0x70, 0xE0,
    0x03, 0x9C, 0x38, 0x00, 0xE7, 0x0E, 0x00, 0x39, 0xC3, 0x80, 0x0E, 0x70, 0xE0, 0x03, 0x9C, 0x38,
    0x18, 0xE7, 0x0E, 0x07, 0x39, 0xC3, 0x81, 0xCE, 0x7F, 0xE0, 0x63, 0xFF, 0xF8, 0x3B, 0xFF, 0xE7,
    0xFE, 0xFF, 0x01, 0xFF, 0x38, 0x00, 0x00, 0x00, 0x00, 0x1C, 0x00, 0x00, 0x0E, 0x00, 0x03, 0x87,
    0x00, 0x01, 0xC3, 0xFF, 0x80, 0xE1, 0xFF, 0xC0, 0x70, 0xE0, 0x00, 0x38, 0x70, 0x00, 0x1C, 0x38,
    0x00, 0xFF, 0xFF, 0xFF, 0xFF, 0xFF, 0xFF, 0xC0, 0x07, 0x00, 0x00, 0x73, 0x81, 0x00, 0x39, 0xC1,
    0xC0, 0x38, 0xE0, 0xE0, 0x38, 0x70, 0xE0, 0x3C, 0x38, 0xF0, 0x3C, 0x1C, 0xF0, 0x3C, 0x0E, 0xF0,
    0x0C, 0x07, 0xF0, 0x00, 0x01, 0xF0, 0x00, 0x03, 0xF0, 0x00, 0x0F, 0xE0, 0x00, 0xFF, 0xC0, 0x01,
    0xFF, 0x80, 0x00, 0x7E, 0x00, 0x00, 0x00, 0x00, 0x00, 0x00, 0x1F, 0xFF, 0xFF, 0xC7, 0xFF, 0xFF,
    0xF1, 0xC0, 0x80, 0x60, 0x77, 0xF3, 0xFC, 0x1F, 0xF9, 0xFE, 0x07, 0x5C, 0x06, 0x01, 0xC7, 0x01,
    0x80, 0x7F, 0xFF, 0xFF, 0x1F, 0xFF, 0xFF, 0x87, 0x3E, 0x1F, 0x81, 0xDF, 0xCF, 0xF0, 0x7F, 0xFF,
    0x6E, 0x1F, 0x77, 0x99, 0xC7, 0x9C, 0xC6, 0x31, 0x82, 0x39, 0x80, 0x60, 0x0E, 0x00, 0x38, 0xE3,
    0x80, 0x0E, 0x38, 0xFF, 0x83, 0x8E, 0x3F, 0xE0, 0xE3, 0x8E, 0x00, 0x30, 0xE3, 0x80, 0x1C, 0x38,
    0xE0, 0x07, 0x7F, 0xFF, 0xFD, 0x9F, 0xFF, 0xFF, 0x20, 0x00, 0x00, 0x00, 0x00, 0x20, 0x00, 0x00,
    0x1E, 0x00, 0x00, 0x1F, 0xCF, 0xF0, 0x0F, 0xE1, 0xFE, 0x01, 0xE0, 0x38, 0xC0, 0x38, 0x07, 0x18,
    0x07, 0x00, 0xE3, 0x00, 0xFF, 0x9C, 0x60, 0x1F, 0xF7, 0x0E, 0x03, 0x80, 0xE1, 0xC8, 0x70, 0x38,
    0x3F, 0x0E, 0x0F, 0x03, 0xE1, 0xC0, 0xC0, 0x00, 0x3F, 0xFF, 0xFE, 0x07, 0xFF, 0xFF, 0xC0, 0xE0,
    0x38, 0x38, 0x1C, 0x03, 0x06, 0x03, 0x80, 0x71, 0xC0, 0x7F, 0xC7, 0x78, 0x3F, 0xF8, 0xFE, 0x07,
    0xFC, 0x0F, 0x80, 0xF8, 0x01, 0xF0, 0x07, 0x00, 0x7F, 0x00, 0xE0, 0x3E, 0xF8, 0x1C, 0x1F, 0x8F,
    0xC3, 0x83, 0xC0, 0x78, 0x00, 0x60, 0x00, 0x00, 0x03, 0x00, 0x00, 0x03, 0x80, 0x00, 0x01, 0xC0,
    0x00, 0x01, 0xFF, 0xFF, 0xE0, 0xFF, 0xFF, 0xF0, 0xE0, 0x00, 0x00, 0xF0, 0x00, 0x00, 0x70, 0x00,
    0x00, 0x77, 0xFF, 0xFC, 0x7B, 0xFF, 0xFE, 0x3B, 0x8C, 0x07, 0x01, 0xC7, 0x83, 0x80, 0xE1, 0xF1,
    0xC0, 0x70, 0x38, 0xE3, 0xFF, 0xFF, 0xFF, 0xFF, 0xFF, 0xFF, 0x0C, 0x60, 0x18, 0x0E, 0x3C, 0x0C,
    0x07, 0x0F, 0x06, 0x03, 0x81, 0xC7, 0x01, 0xC0, 0x63, 0x80, 0xFF, 0xFF, 0xF8, 0x7F, 0xFF, 0xFC,
    0x00, 0x00, 0x70, 0x00, 0x00, 0x78, 0x00, 0x01, 0xF8, 0x00, 0x00, 0xF8, 0x00, 0x00, 0x0E, 0x00,
    0x70, 0x0E, 0x00, 0x70, 0x0E, 0x00, 0x70, 0x0E, 0x00, 0x70, 0x0E, 0x00, 0x70, 0x0E, 0x04, 0x70,
    0x0E, 0x0E, 0x70, 0x0E, 0x1E, 0x70, 0x0E, 0x3C, 0x7F, 0xEE, 0xF8, 0x7F, 0xEF, 0xF0, 0x70, 0x0F,
    0xC0, 0x70, 0x0F, 0x80, 0x70, 0x0E, 0x00, 0x70, 0x0E, 0x00, 0x70, 0x0E, 0x00, 0x70, 0x0E, 0x00,
    0x70, 0x0E, 0x06, 0x70, 0x0E, 0x07, 0x70, 0x0E, 0x07, 0x70, 0x0E, 0x07, 0x71, 0xEE, 0x07, 0x7F,
    0xEE, 0x06, 0x7F, 0xCE, 0x0E, 0xFE, 0x0F, 0xFE, 0xF0, 0x07, 0xFC, 0x40, 0x00, 0x00, 0x03, 0x00,
    0x00, 0x03, 0x80, 0x00, 0x01, 0xFF, 0xFF, 0xC1, 0xFF, 0xFF, 0xE1, 0xC0, 0x00, 0x01, 0xC0, 0x00,
    0x01, 0xFF, 0xFF, 0xF0, 0xCF, 0xFF, 0xF8, 0x00, 0x00, 0x00, 0x1F, 0xFF, 0xFC, 0x0F, 0xFF, 0xFE,
    0x00, 0x1C, 0x03, 0x07, 0xFF, 0xFD, 0x83, 0xFF, 0xFE, 0xC0, 0x03, 0x80, 0x60, 0x3F, 0xFF, 0x30,
    0x3F, 0xFF, 0x98, 0x1C, 0x01, 0xCC, 0x0E, 0x00, 0xE6, 0x07, 0xFF, 0xF3, 0x81, 0xFF, 0xF9, 0xD0,
    0x19, 0xC0, 0xEC, 0x1C, 0xE1, 0x36, 0x1E, 0x70, 0xDF, 0x7E, 0x1F, 0xEF, 0xBE, 0x0F, 0xE3, 0x98,
    0x00, 0x00, 0x00, 0x00, 0x80, 0x00, 0x00, 0x1F, 0x00, 0x00, 0x07, 0xFC, 0x00, 0x00, 0x1F, 0xE0,
    0x00, 0x00, 0x7E, 0x00, 0x00, 0x01, 0x80, 0x01, 0xFF, 0x80, 0x00, 0x3F, 0xF0, 0x00, 0x00, 0x0E,
    0x03, 0x00, 0x01, 0xC0, 0x70, 0x00, 0x3C, 0x1E, 0x00, 0x07, 0x87, 0x87, 0xFE, 0xF9, 0xE0, 0xFF,
    0xDF, 0x78, 0x00, 0x73, 0xFC, 0x00, 0x0E, 0x7F, 0x00, 0x03, 0xCE, 0xE0, 0x00, 0x71, 0xDE, 0x00,
    0x1C, 0x39, 0xE0, 0x07, 0x87, 0x1E, 0x01, 0xE0, 0xE1, 0xE0, 0x78, 0x1C, 0x1F, 0x1E, 0x03, 0x81,
    0xF3, 0x80, 0x70, 0x0E, 0x20, 0xFE, 0x00, 0x00, 0x1F, 0x80, 0x00, 0x00, 0x1C, 0x00, 0x00, 0x07,
    0x38, 0x00, 0x01, 0xCF, 0x80, 0x00, 0x70, 0xF0, 0x00, 0x1C, 0x0C, 0x3F, 0xFF, 0xFF, 0xEF, 0xFF,
    0xFF, 0xF8, 0x00, 0x70, 0x00, 0x10, 0x1C, 0x04, 0x0E, 0x07, 0x83, 0x83, 0xC1, 0xE1, 0xE0, 0x78,
    0x7C, 0xF0, 0x0F, 0x1F, 0x78, 0x01, 0xC7, 0xFC, 0x00, 0x31, 0xFE, 0x00, 0x00, 0xF7, 0x00, 0x00,
    0xFC, 0xE0, 0x00, 0xFF, 0x3C, 0x00, 0x7D, 0xC7, 0x80, 0x7C, 0x70, 0xF0, 0x7E, 0x1C, 0x1E, 0x3E,
    0x07, 0x03, 0xEE, 0x01, 0xC0, 0x78, 0x00, 0x70, 0x04, 0x03, 0xFC, 0x00, 0x00, 0x7E, 0x00, 0x00,
    0x00, 0x00, 0x00, 0x00, 0x00, 0xC0, 0x0E, 0x00, 0x70, 0x07, 0xC0, 0x1C, 0x00, 0x7D, 0xC7, 0x00,
    0x0F, 0x71, 0xC0, 0x00, 0x9C, 0x70, 0x80, 0x07, 0x1C, 0xF0, 0x01, 0xC7, 0xFC, 0x40, 0x71, 0xFF,
    0x3C, 0x1F, 0xFC, 0xCF, 0x87, 0xFC, 0x30, 0xF7, 0xFF, 0x1C, 0x1F, 0xF1, 0xC7, 0x00, 0x7C, 0x71,
    0xC0, 0x07, 0x1C, 0x70, 0x01, 0xC7, 0x1C, 0x06, 0x71, 0xC7, 0x01, 0xDC, 0x7F, 0xC0, 0xE7, 0x1D,
    0xE0, 0x79, 0xC7, 0x00, 0x1C, 0x70, 0x01, 0x8F, 0x1C, 0x00, 0x63, 0x87, 0x00, 0x39, 0xC1, 0xC0,
    0x0E, 0x70, 0x3F, 0xFF, 0x88, 0x0F, 0xFF, 0xC0, 0x00, 0x0C, 0x00, 0x0E, 0x03, 0x80, 0x07, 0xC0,
    0xC0, 0x00, 0x7C, 0x7F, 0xFC, 0x0F, 0x1F, 0xFF, 0x00, 0x87, 0x01, 0xC0, 0x03, 0x80, 0x60, 0x00,
    0xE0, 0x18, 0x40, 0x38, 0x0E, 0x3C, 0x1C, 0x03, 0x8F, 0x8F, 0x08, 0xE0, 0xF7, 0x83, 0xF8, 0x1D,
    0xC0, 0xFC, 0x00, 0x00, 0x00, 0x00, 0x0F, 0xFF, 0xF0, 0x03, 0xFF, 0xF8, 0x06, 0x18, 0x0E, 0x03,
    0x87, 0x07, 0x00, 0xE0, 0xE3, 0xC0, 0x78, 0x3D, 0xE0, 0x1C, 0x07, 0xF0, 0x0F, 0x00, 0xF8, 0x03,
    0x80, 0xFF, 0x01, 0xC1, 0xFF, 0xF8, 0x71, 0xFC, 0x3F, 0x98, 0x7C, 0x03, 0xE0, 0x08, 0x00, 0x10,
    0x10, 0x00, 0x00, 0x07, 0x81, 0xFF, 0x80, 0x7C, 0x3F, 0xF0, 0x07, 0xC6, 0x0E, 0x00, 0x30, 0xC1,
    0xC0, 0x00, 0x18, 0x38, 0x00, 0x07, 0x07, 0x00, 0x00, 0xE0, 0xE0, 0x70, 0x38, 0x1F, 0xCF, 0x9E,
    0x01, 0xF8, 0x7B, 0xC0, 0x00, 0x07, 0x20, 0x00, 0x00, 0x07, 0xFF, 0xF0, 0x00, 0xFF, 0xFE, 0x00,
    0x8E, 0x03, 0xC0, 0x18, 0xE0, 0x70, 0x07, 0x1E, 0x1C, 0x00, 0xE1, 0xC7, 0x80, 0x38, 0x1D, 0xE0,
    0x07, 0x01, 0xF8, 0x01, 0xC0, 0x3E, 0x00, 0x38, 0x1F, 0xF0, 0x0E, 0x1F, 0xDF, 0xC1, 0xCF, 0xE0,
    0xFE, 0x31, 0xF0, 0x07, 0xC0, 0x10, 0x00, 0x10, 0x00, 0x00, 0x00, 0x30, 0x03, 0x80, 0x7C, 0x03,
    0x80, 0x3F, 0x03, 0x80, 0x0F, 0x07, 0x00, 0x06, 0x07, 0x00, 0x00, 0x7F, 0xFF, 0x00, 0x7F, 0xFF,
    0x00, 0x60, 0x07, 0xE0, 0x60, 0x07, 0xF8, 0x60, 0x07, 0x3C, 0x60, 0x07, 0x1C, 0x60, 0x07, 0x00,
    0x60, 0x07, 0x00, 0x7F, 0xFF, 0x04, 0x7F, 0xFF, 0x06, 0x60, 0x07, 0x0E, 0x60, 0x07, 0x0E, 0x60,
    0x07, 0x1C, 0x60, 0x07, 0x1C, 0x60, 0x07, 0x38, 0x60, 0x07, 0x38, 0x60, 0x07, 0x78, 0x7F, 0xFF,
    0x70, 0x7F, 0xFF, 0x20, 0x60, 0x07, 0x00, 0x60, 0x02, 0x00, 0x01, 0x80, 0x1C, 0x00, 0xE0, 0x1F,
    0x80, 0x70, 0x03, 0xE0, 0x38, 0x00, 0x70, 0x1C, 0x00, 0x03, 0xFF, 0xF8, 0x01, 0xFF, 0xFC, 0x00,
    0x03, 0x80, 0x60, 0x01, 0xC0, 0x7C, 0x00, 0xE0, 0x1F, 0x00, 0x70, 0x03, 0x80, 0x38, 0x00, 0xCF,
    0xFF, 0xF8, 0x07, 0xFF, 0xFC, 0x00, 0x0E, 0x00, 0x04, 0x0E, 0x00, 0x07, 0x07, 0x00, 0x03, 0x87,
    0x18, 0x03, 0x83, 0x8E, 0x01, 0xC3, 0x83, 0x81, 0xC1, 0xC1, 0xC1, 0xE1, 0xC0, 0xF0, 0xE1, 0xFF,
    0xFC, 0xF0, 0xFF, 0xFE, 0x70, 0x7F, 0x03, 0x90, 0x20, 0x01, 0xC0, 0x00, 0x00, 0x00, 0x00, 0x01,
    0x00, 0x0C, 0x00, 0xE0, 0x07, 0xC0, 0x38, 0x00, 0x7C, 0x07, 0x00, 0x0F, 0x01, 0xC0, 0x00, 0x80,
    0x30, 0x00, 0x0F, 0xFF, 0xF8, 0x03, 0xFF, 0xFE, 0x40, 0x01, 0xC0, 0x3C, 0x00, 0x70, 0x0F, 0xC0,
    0x1C, 0x00, 0xF0, 0x07, 0x00, 0x0C, 0x01, 0xC0, 0x00, 0x00, 0x70, 0x00, 0x07, 0xFF, 0xF0, 0x09,
    0xFF, 0xFC, 0x07, 0x01, 0xC0, 0x01, 0xC0, 0x70, 0x00, 0xE0, 0x1C, 0x00, 0x38, 0x07, 0x00, 0x1C,
    0x01, 0xC0, 0x07, 0x00, 0x70, 0x03, 0x80, 0x1C, 0x01, 0xE0, 0x07, 0x00, 0x71, 0xFF, 0xFF, 0x9C,
    0x7F, 0xFF, 0xE2, 0x00, 0x00, 0x00, 0x00, 0x0E, 0x00, 0x18, 0x07, 0x30, 0x1F, 0x03, 0xBC, 0x03,
    0xC1, 0xCF, 0x00, 0xE0, 0xE1, 0xC0, 0x30, 0x70, 0x78, 0x00, 0x3F, 0xFC, 0x03, 0xFF, 0xFE, 0x41,
    0xFF, 0xC0, 0x78, 0x63, 0x80, 0x1E, 0x01, 0xC0, 0x07, 0x80, 0xE3, 0xF0, 0x81, 0xFF, 0xF8, 0x0F,
    0xFF, 0xF8, 0x07, 0xFE, 0x0C, 0x0B, 0x07, 0x0E, 0x0E, 0x03, 0x8F, 0x07, 0x01, 0xCF, 0x07, 0x00,
    0x7F, 0x03, 0x80, 0x3F, 0x33, 0x80, 0x3E, 0x19, 0xC0, 0x7F, 0x0D, 0xC1, 0xFF, 0xCE, 0xE3, 0xF8,
    0xF7, 0x61, 0xF0, 0x3F, 0x10, 0x40, 0x0F, 0x80, 0x00, 0x00, 0x00, 0x00, 0x00, 0x03, 0x20, 0x70,
    0x03, 0x70, 0x70, 0x03, 0x38, 0x38, 0x73, 0x1C, 0x38, 0x73, 0x0F, 0xFF, 0xF3, 0x03, 0xFF, 0xF3,
    0x00, 0x0E, 0x73, 0x40, 0x0E, 0x73, 0xE0, 0x8E, 0x73, 0xF1, 0xCC, 0x73, 0x39, 0xCC, 0x73, 0x18,
    0xFC, 0x73, 0x00, 0x7C, 0x73, 0x00, 0x78, 0x73, 0x00, 0x38, 0x73, 0x0C, 0x3C, 0x73, 0x1C, 0x3C,
    0x73, 0x1C, 0x7E, 0x73, 0x38, 0x7E, 0x73, 0x38, 0xE7, 0x03, 0x31, 0xC7, 0x03, 0x73, 0xC2, 0x03,
    0x77, 0x80, 0x03, 0x67, 0x00, 0x1F, 0x02, 0x00, 0x1F, 0x00, 0x10, 0x00, 0x0C, 0x0E, 0x00, 0x07,
    0xC3, 0x80, 0x00, 0xF9, 0xE0, 0x00, 0x0F, 0x7F, 0xFF, 0x80, 0x9F, 0xFF, 0xE0, 0x0E, 0x00, 0x00,
    0x07, 0x80, 0x00, 0x01, 0xFF, 0xFE, 0x38, 0xEF, 0xFF, 0xCF, 0x8B, 0x30, 0x61, 0xF1, 0xCE, 0x18,
    0x1C, 0x71, 0xC6, 0x02, 0x1C, 0x31, 0x80, 0x3F, 0xFF, 0xF8, 0x2F, 0xFF, 0xFE, 0x0C, 0x67, 0x06,
    0x03, 0x18, 0xE3, 0x81, 0xCE, 0x1C, 0xE0, 0x73, 0x83, 0x38, 0x38, 0xFF, 0xFF, 0x8E, 0x3F, 0xFF,
    0xE3, 0x00, 0x00, 0xE1, 0xC0, 0x00, 0x70, 0x70, 0x01, 0xFC, 0x18, 0x00, 0x7E, 0x00, 0x00, 0x00,
    0x00, 0x00, 0x01, 0xC0, 0x18, 0x00, 0xE1, 0x1F, 0x38, 0x70, 0xC7, 0xCE, 0x38, 0xE0, 0xE7, 0x1C,
    0x70, 0x31, 0xCE, 0x70, 0x00, 0xE7, 0x70, 0x00, 0x33, 0x98, 0x00, 0x01, 0xC0, 0x70, 0x3F, 0xFF,
    0xBE, 0x1F, 0xFF, 0xC7, 0x8E, 0x00, 0xE1, 0xC7, 0x00, 0x70, 0x03, 0xFF, 0xF8, 0x01, 0xFF, 0xFC,
    0x08, 0xE0, 0x0E, 0x06, 0x70, 0x07, 0x07, 0x38, 0x03, 0x83, 0x9F, 0xFF, 0xC3, 0x8F, 0xFF, 0xE1,
    0xC7, 0x00, 0x71, 0xC3, 0x80, 0x38, 0xE1, 0xC0, 0x1C, 0xE0, 0xE0, 0x0E, 0x70, 0x70, 0x7E, 0x30,
    0x38, 0x3F, 0x00, 0x18, 0x00, 0x00, 0x10, 0x00, 0xC0, 0x07, 0x80, 0x18, 0x00, 0x7C, 0x63, 0x0E,
    0x07, 0xDC, 0x63, 0x80, 0x33, 0x9C, 0x70, 0x00, 0xE3, 0x9C, 0x00, 0x1C, 0x7F, 0x00, 0x01, 0x1F,
    0x80, 0x70, 0x03, 0xFC, 0x0F, 0x81, 0xE3, 0xE0, 0xF8, 0xF8, 0x3E, 0x07, 0x7E, 0x61, 0xE0, 0x07,
    0x0C, 0x18, 0x00, 0x21, 0x86, 0x00, 0x8E, 0x70, 0xE0, 0x39, 0xCE, 0x38, 0x07, 0x39, 0xE7, 0x01,
    0xCE, 0x3D, 0xC0, 0x3B, 0x8F, 0xF0, 0x0E, 0x31, 0xF8, 0x01, 0xC0, 0x73, 0x80, 0x70, 0x3E, 0x7C,
    0x0E, 0x1F, 0x87, 0xE1, 0x8F, 0xC0, 0x3E, 0x10, 0xE0, 0x03, 0xC0, 0x00, 0x00, 0x00, 0x38, 0x00,
    0x00, 0x1F, 0x3F, 0xFF, 0xC3, 0xDF, 0xFF, 0xE0, 0xEC, 0x00, 0x30, 0x06, 0x01, 0x18, 0x03, 0x39,
    0xCC, 0x00, 0x38, 0xF0, 0x40, 0x3C, 0x3C, 0x78, 0x3C, 0x0F, 0x3E, 0x3C, 0x03, 0x87, 0xBC, 0x70,
    0xE1, 0xCC, 0x38, 0x20, 0x00, 0x1C, 0x00, 0x07, 0xFF, 0xFC, 0x0B, 0xFF, 0xFE, 0x0C, 0x07, 0xE0,
    0x06, 0x07, 0xF0, 0x07, 0x07, 0xFC, 0x03, 0x83, 0xF7, 0x03, 0x83, 0xBB, 0xC1, 0xC7, 0x9C, 0xF1,
    0xC7, 0x8E, 0x3E, 0xE7, 0x87, 0x0F, 0xE1, 0x83, 0x83, 0x30, 0x01, 0xC0, 0x00, 0x00, 0x60, 0x00,
    0x00, 0x00, 0x00, 0x1E, 0x00, 0x00, 0x07, 0xDF, 0xFF, 0xF0, 0x7F, 0xFF, 0xFC, 0x0E, 0x07, 0x00,
    0x00, 0x01, 0xC0, 0x00, 0x00, 0x70, 0x00, 0x00, 0x38, 0x00, 0xC3, 0xFF, 0xFF, 0xBC, 0xFF, 0xFF,
    0xE7, 0xC1, 0xC7, 0x00, 0xF0, 0xE0, 0xE0, 0x08, 0x78, 0x1C, 0x00, 0x3D, 0xC7, 0x80, 0x1E, 0x70,
    0xF8, 0x0F, 0x1C, 0x3E, 0x0B, 0xF7, 0x4F, 0x87, 0x1D, 0xFB, 0x81, 0xC6, 0x76, 0x70, 0x73, 0x9D,
    0xDC, 0x39, 0xC7, 0x73, 0x8E, 0xF1, 0xCC, 0x67, 0x18, 0x73, 0x19, 0xC0, 0x1C, 0x00, 0xE0, 0x3F,
    0x00, 0x18, 0x0F, 0x80, 0x00, 0x00, 0x01, 0xC0, 0x06, 0x00, 0x70, 0x03, 0xC0, 0x1C, 0x00, 0x7F,
    0xFF, 0xFE, 0x07, 0xFF, 0xFF, 0x80, 0x80, 0x70, 0x00, 0x07, 0xFF, 0xF0, 0x01, 0xFF, 0xFC, 0x20,
    0x01, 0xC0, 0x1C, 0x00, 0x70, 0x07, 0xDF, 0xFF, 0xFC, 0x7F, 0xFF, 0xFF, 0x0C, 0x00, 0x00, 0x00,
    0x1F, 0xFF, 0xC0, 0x07, 0xFF, 0xF0, 0x09, 0xC0, 0x1C, 0x07, 0x7F, 0xFF, 0x01, 0xDF, 0xFF, 0xC0,
    0xE7, 0x00, 0x70, 0x39, 0xC0, 0x1C, 0x1C, 0x7F, 0xFF, 0x07, 0x1F, 0xFF, 0xC1, 0xC7, 0x00, 0x70,
    0xE1, 0xC0, 0x1C, 0x38, 0x70, 0x3F, 0x0C, 0x1C, 0x0F, 0x80, 0x00, 0x00, 0x00, 0x30, 0x00, 0x00,
    0x0F, 0x1F, 0xFF, 0x81, 0xF7, 0xFF, 0xE0, 0x3D, 0x80, 0x38, 0x02, 0x60, 0x0E, 0x00, 0x1F, 0xFF,
    0x80, 0x07, 0xFF, 0xE1, 0x01, 0x80, 0x38, 0xF0, 0x60, 0x0E, 0x3E, 0x18, 0x03, 0x83, 0xC7, 0xFF,
    0xE0, 0x71, 0xFF, 0xF8, 0x00, 0x00, 0x00, 0x00, 0x00, 0x00, 0x00, 0x4F, 0xFF, 0xF0, 0x1B, 0xFF,
    0xFC, 0x0E, 0xCE, 0x67, 0x03, 0xB3, 0x99, 0xC1, 0xCC, 0xE6, 0x70, 0x73, 0x39, 0x9C, 0x38, 0xCE,
    0x67, 0x0E, 0x33, 0x99, 0xC7, 0x0C, 0xE6, 0x71, 0xCF, 0xFF, 0xFE, 0x63, 0xFF, 0xFF, 0x80, 0x00,
    0x00, 0x00, 0x00, 0x01, 0x80, 0x03, 0x00, 0x38, 0x00, 0xF0, 0x06, 0x00, 0x0F, 0xFF, 0xFF, 0xC0,
    0x7F, 0xFF, 0xF8, 0x04, 0x07, 0x00, 0x00, 0x00, 0xE0, 0x00, 0x03, 0xFF, 0xF8, 0x20, 0x7F, 0xFF,
    0x0E, 0x00, 0xE0, 0x01, 0xF0, 0x38, 0x00, 0x1E, 0xFF, 0xFF, 0xE0, 0xDF, 0xFF, 0xFC, 0x00, 0x70,
    0x38, 0x00, 0x1F, 0xFF, 0xC0, 0x2F, 0xFF, 0xFC, 0x07, 0xC1, 0xC3, 0xC1, 0xD0, 0x30, 0x18, 0x39,
    0xFF, 0xFC, 0x0E, 0x3F, 0xFF, 0x81, 0xC0, 0x74, 0x00, 0x30, 0x1F, 0xE0, 0x0E, 0x07, 0xBF, 0x01,
    0xC3, 0xE1, 0xF8, 0x71, 0xF8, 0x0F, 0x86, 0x3C, 0x00, 0x70, 0x02, 0x00, 0x00, 0x00, 0x00, 0x00,
    0x00, 0x0C, 0x00, 0x00, 0x07, 0xCF, 0xFF, 0xF8, 0xFB, 0xFF, 0xFE, 0x0E, 0xC0, 0xE0, 0x01, 0x30,
    0x38, 0x00, 0x0C, 0x0C, 0x00, 0x03, 0x7F, 0xFC, 0x40, 0xDF, 0xFF, 0x3C, 0x37, 0x01, 0xC7, 0xCD,
    0xC0, 0x70, 0xF3, 0x7F, 0xFC, 0x08, 0xDF, 0xFF, 0x00, 0x37, 0x01, 0xC0, 0x0D, 0xC0, 0x70, 0x07,
    0x7F, 0xFC, 0x0D, 0xDF, 0xFF, 0x03, 0xF0, 0x38, 0x01, 0xDC, 0xCE, 0xE0, 0x76, 0x3B, 0xB8, 0x3B,
    0x9C, 0xE7, 0x0E, 0xEF, 0x39, 0xE7, 0x3B, 0x8E, 0x39, 0xDD, 0xC3, 0x86, 0xE7, 0x07, 0xE0, 0x19,
    0x81, 0xF0, 0x00, 0x00, 0x00, 0x00, 0x10, 0x30, 0x80, 0x1E, 0x1C, 0xC0, 0x0F, 0xDC, 0x70, 0x01,
    0xCF, 0xFF, 0xE0, 0x0F, 0xFF, 0xF2, 0x0F, 0x0E, 0x03, 0xCF, 0x87, 0x01, 0xFF, 0xFF, 0xFC, 0x3B,
    0xFF, 0xFE, 0x00, 0x70, 0xE0, 0x01, 0xB8, 0x70, 0x00, 0xDF, 0xFF, 0xC0, 0xEF, 0xFF, 0xE0, 0xE7,
    0x0E, 0x00, 0xE3, 0xFF, 0xFC, 0xE1, 0xFF, 0xFE, 0x70, 0xE0, 0x00, 0x10, 0x7E, 0x00, 0x00, 0x07,
    0x00, 0x1F, 0xFF, 0xFF, 0xFF, 0xFF, 0xFF, 0xF8, 0x00, 0xE0, 0x00, 0x00, 0x70, 0x00, 0x00, 0x38,
    0x00, 0x00, 0x1C, 0x00, 0x00, 0x0E, 0x00, 0x00, 0x07, 0x00, 0x00, 0x00, 0x00, 0x00, 0x0C, 0x00,
    0x00, 0x07, 0xC7, 0xFF, 0xE0, 0x79, 0xFF, 0xF8, 0x0E, 0x61, 0x8E, 0x01, 0x98, 0xE3, 0x80, 0x06,
    0x38, 0xE0, 0x01, 0x9F, 0x38, 0x40, 0x6E, 0xEE, 0x3C, 0x1F, 0x1F, 0x8F, 0x86, 0x82, 0xE0, 0xF1,
    0xFF, 0xF8, 0x18, 0x7F, 0xFE, 0x00, 0x00, 0x00, 0x00, 0x00, 0x00, 0x00, 0x03, 0xFF, 0xFC, 0x0E,
    0xFF, 0xFF, 0x03, 0xB3, 0x99, 0xC1, 0xCC, 0xE6, 0x70, 0x73, 0x39, 0x9C, 0x1C, 0xCE, 0x67, 0x0E,
    0x33, 0x99, 0xC3, 0x8C, 0xE6, 0x71, 0xC3, 0x39, 0x9C, 0x77, 0xFF, 0xFF, 0x99, 0xFF, 0xFF, 0xE0,
    0x00, 0x00, 0x00, 0x00, 0x00, 0x00, 0x1C, 0x3F, 0xFE, 0x0F, 0x1F, 0xFF, 0x03, 0xCE, 0x01, 0x80,
    0xF7, 0x00, 0xC0, 0x33, 0xFC, 0x60, 0x01, 0xFE, 0x30, 0x00, 0xE3, 0x18, 0x00, 0x71, 0x8C, 0x70,
    0xFF, 0xFF, 0xFE, 0x7F, 0xFF, 0xEF, 0xB0, 0x00, 0x71, 0xD8, 0x00, 0x38, 0x4F, 0xFF, 0xFC, 0x01,
    0xFF, 0xF0, 0x00, 0xE0, 0x18, 0x06, 0x7F, 0xFC, 0x07, 0x3F, 0xFE, 0x03, 0x9C, 0x03, 0x03, 0x8E,
    0x01, 0x81, 0xC7, 0xFF, 0xC1, 0xC3, 0xFF, 0xE0, 0xE1, 0xC0, 0x30, 0xE0, 0xE0, 0x18, 0x70, 0x70,
    0x0C, 0x38, 0x38, 0x7E, 0x00, 0x1C, 0x1E, 0x00, 0x00, 0x03, 0x00, 0x08, 0x00, 0xE0, 0x07, 0x80,
    0x3F, 0xF0, 0xF0, 0x0F, 0xFC, 0x1E, 0x03, 0x80, 0x01, 0x80, 0xE0, 0x00, 0x1F, 0xFF, 0xF8, 0x07,
    0xFF, 0xFE, 0x01, 0xC7, 0x03, 0x38, 0x71, 0xC0, 0xCF, 0x9F, 0xFF, 0xB1, 0xF7, 0xFF, 0xE8, 0x1D,
    0xC7, 0x03, 0x02, 0x71, 0xC1, 0xC0, 0x1C, 0x7F, 0xF0, 0x07, 0x0F, 0xF8, 0x0D, 0xC0, 0x00, 0x03,
    0x70, 0x30, 0x01, 0xDD, 0x6E, 0x60, 0x76, 0xF9, 0x98, 0x39, 0xB6, 0x77, 0x0E, 0xED, 0x8F, 0xE7,
    0x3B, 0x60, 0xF9, 0xCD, 0xD8, 0x36, 0x67, 0x67, 0xFD, 0x99, 0xC1, 0xFF, 0x00, 0x20, 0x00, 0x00,
    0x00, 0x00, 0x00, 0x08, 0x38, 0x00, 0xCE, 0x7F, 0xF8, 0x67, 0xB9, 0xFC, 0x31, 0xF8, 0x37, 0x98,
    0x7D, 0x9B, 0xCC, 0x06, 0xDF, 0xE6, 0x03, 0xFD, 0xF3, 0x01, 0xFE, 0xD9, 0xB9, 0xEF, 0xEC, 0xDE,
    0x47, 0x66, 0x67, 0x87, 0xC3, 0x31, 0xC7, 0xF9, 0x98, 0x4F, 0x1E, 0xCC, 0x0F, 0xFF, 0xE6, 0x02,
    0xFE, 0xB3, 0x04, 0x1C, 0x19, 0x87, 0xFF, 0xEC, 0xC3, 0x7F, 0xF6, 0x63, 0x9B, 0xB3, 0x31, 0x8D,
    0xD8, 0x19, 0xC7, 0xEC, 0x0C, 0xE1, 0xFF, 0x86, 0xE3, 0xFF, 0xC3, 0x73, 0xFF, 0xDF, 0x81, 0xE0,
    0x07, 0x80, 0x00, 0x00, 0x00, 0x00, 0x1C, 0x00, 0x00, 0x07, 0x00, 0x00, 0x01, 0xC0, 0x00, 0x00,
    0x70, 0x00, 0x00, 0x1C, 0x00, 0x03, 0x07, 0x01, 0x00, 0xE1, 0xC0, 0x70, 0x38, 0x70, 0x3C, 0x1C,
    0x1C, 0x0E, 0x07, 0x07, 0x07, 0x81, 0xC1, 0xC1, 0xC0, 0xE0, 0xF0, 0xF0, 0x78, 0x3C, 0x38, 0x1C,
    0x0F, 0x8C, 0x00, 0x07, 0xE0, 0x00, 0x01, 0xDC, 0x00, 0x00, 0x77, 0x00, 0x00, 0x38, 0xE0, 0x00,
    0x1E, 0x3C, 0x00, 0x0F, 0x07, 0x80, 0x07, 0x80, 0xF0, 0x03, 0xC0, 0x1F, 0x03, 0xE0, 0x03, 0xFB,
    0xF0, 0x00, 0x3E, 0x70, 0x00, 0x03, 0x00, 0x01, 0x80, 0x00, 0x01, 0xC0, 0x00, 0x00, 0xE0, 0x00,
    0x00, 0x70, 0x00, 0x0F, 0xFF, 0xFF, 0xF7, 0xFF, 0xFF, 0xF8, 0x0E, 0x00, 0x00, 0x07, 0x07, 0x00,
    0x03, 0x03, 0x80, 0x03, 0x81, 0xC0, 0x01, 0xC0, 0xE1, 0x00, 0xE6, 0x71, 0xC0, 0x77, 0x38, 0xC0,
    0x73, 0x9C, 0xE0, 0x39, 0xCE, 0x60, 0x1C, 0xC7, 0x70, 0x1C, 0xE7, 0x90, 0x0E, 0x03, 0xE0, 0x0F,
    0x03, 0xF8, 0x07, 0x01, 0xDC, 0x07, 0x81, 0xE7, 0x07, 0x81, 0xE3, 0xC3, 0x81, 0xE0, 0xF0, 0x81,
    0xE0, 0x3E, 0x03, 0xE0, 0x0F, 0x81, 0xE0, 0x03, 0x80, 0x40, 0x00, 0x00, 0x3F, 0xFF, 0xFC, 0x0F,
    0xFF, 0xFF, 0x00, 0x00, 0x01, 0xC0, 0x00, 0x00, 0x70, 0x0F, 0xFF, 0xFC, 0x03, 0xFF, 0xFF, 0x00,
    0x00, 0x01, 0xC0, 0x00, 0x00, 0x70, 0x3F, 0xFF, 0xFC, 0x0F, 0xFF, 0xFF, 0x00, 0x01, 0xC0, 0x00,
    0x00, 0x70, 0x00, 0x0C, 0x1C, 0x0C, 0x03, 0x87, 0x07, 0x01, 0xC1, 0xC1, 0xC0, 0x70, 0xF0, 0xE0,
    0x38, 0x3E, 0x38, 0x0C, 0x1F, 0x8C, 0x00, 0x07, 0x70, 0x00, 0x03, 0x8F, 0x00, 0x03, 0xE1, 0xF0,
    0x03, 0xE0, 0x3F, 0x8F, 0xF0, 0x07, 0xFB, 0xF0, 0x00, 0x3E, 0x60, 0x00, 0x01, 0x00, 0x00, 0x1C,
    0x00, 0x00, 0x0E, 0x00, 0x00, 0x07, 0x00, 0x00, 0x03, 0xFF, 0xE0, 0x01, 0xFF, 0xF0, 0x00, 0xE0,
    0x00, 0x00, 0x70, 0x00, 0x00, 0x38, 0x00, 0x1F, 0xFF, 0xFC, 0x0F, 0xFF, 0xFE, 0x07, 0x00, 0x07,
    0x03, 0x80, 0x03, 0x81, 0xC0, 0x01, 0xC0, 0xE0, 0x00, 0xE0, 0x70, 0x00, 0x70, 0x3F, 0xFF, 0xF8,
    0x1F, 0xFF, 0xFC, 0x00, 0x00, 0x00, 0x00, 0x00, 0x02, 0x03, 0x98, 0x63, 0x83, 0x8E, 0x38, 0xE1,
    0xC7, 0x1C, 0x79, 0xE3, 0x86, 0x1D, 0xE1, 0xC3, 0x87, 0xE0, 0xE1, 0xC3, 0xA0, 0x00, 0x00, 0x00,
    0x01, 0x06, 0x00, 0x01, 0xE1, 0xC0, 0x00, 0x38, 0x70, 0x00, 0x07, 0x38, 0x00, 0x01, 0xCE, 0x00,
    0x0F, 0xFF, 0xFF, 0x03, 0xFF, 0xFF, 0x80, 0x00, 0xF0, 0x60, 0x00, 0x38, 0x38, 0x00, 0x1E, 0x0E,
    0x00, 0x07, 0xFF, 0xF0, 0x03, 0xFF, 0xFC, 0x01, 0xE0, 0x06, 0x00, 0xF0, 0x03, 0x80, 0x78, 0x00,
    0xE0, 0x3F, 0xFF, 0xFF, 0x1F, 0xFF, 0xFF, 0xCF, 0x00, 0x00, 0x67, 0xA0, 0x26, 0x19, 0xDD, 0x9D,
    0xCE, 0x06, 0x77, 0x3B, 0x83, 0x9C, 0xCE, 0xE0, 0xE7, 0x39, 0x38, 0x71, 0xCE, 0x0E, 0x1C, 0x30,
    0x7F, 0x06, 0x00, 0x0F, 0xC0, 0x00, 0x00, 0x00, 0x06, 0x03, 0x00, 0x03, 0x80, 0xE0, 0x00, 0xE0,
    0x38, 0x00, 0x38, 0x0E, 0x00, 0x0E, 0x03, 0x80, 0x3F, 0xFF, 0xFF, 0x0F, 0xFF, 0xFF, 0xC0, 0x38,
    0x0C, 0x70, 0x0E, 0x03, 0x1C, 0x03, 0x90, 0xC7, 0x00, 0xFD, 0x71, 0xC1, 0xFF, 0xFC, 0x70, 0xFE,
    0x1F, 0x1C, 0x3F, 0x83, 0xE7, 0x00, 0xE0, 0xFF, 0xC0, 0x38, 0x3B, 0xB6, 0x0E, 0x1C, 0x6D, 0xDF,
    0x9E, 0x03, 0xE3, 0xC7, 0x00, 0xF8, 0x00, 0x80, 0x1E, 0x1C, 0xC3, 0x1C, 0x0E, 0x38, 0xE3, 0x83,
    0x8E, 0x38, 0xF1, 0xC3, 0x8E, 0x1C, 0x70, 0xE1, 0xC3, 0xB8, 0x38, 0x70, 0xE4, 0x00, 0x00, 0x10,
    0x02, 0x00, 0x00, 0x03, 0x80, 0x00, 0x01, 0xC0, 0x00, 0x01, 0xC0, 0x00, 0x01, 0xFF, 0xFF, 0xF1,
    0xFF, 0xFF, 0xF9, 0xF1, 0x8C, 0x61, 0xF8, 0xC6, 0x30, 0xEC, 0x63, 0x18, 0x06, 0x31, 0x8C, 0x1F,
    0xFF, 0xFF, 0xCF, 0xFF, 0xFF, 0xE0, 0xC6, 0x31, 0x80, 0x63, 0x18, 0xC0, 0x31, 0x8C, 0x60, 0x18,
    0xC6, 0x30, 0x0C, 0x63, 0x18, 0x7F, 0xFF, 0xFF, 0xFF, 0xFF, 0xFF, 0xE0, 0x00, 0x00, 0x01, 0xC4,
    0x31, 0xC0, 0xE7, 0x1C, 0xF0, 0xE3, 0x8E, 0x38, 0xF1, 0xC7, 0x0E, 0x70, 0xE1, 0xC3, 0xF0, 0x70,
    0xE1, 0xD0, 0x00, 0x00, 0x40, 0x03, 0x00, 0xC0, 0x01, 0xC0, 0x30, 0x07, 0xFF, 0x0C, 0x01, 0xFF,
    0xC3, 0x00, 0x07, 0x00, 0xC0, 0x01, 0xC1, 0xFF, 0x8F, 0xFF, 0xFF, 0xE3, 0xFF, 0xE7, 0x38, 0x08,
    0x81, 0xCE, 0x0F, 0x39, 0xF3, 0x8F, 0x87, 0xFC, 0xE3, 0x9C, 0xEF, 0x38, 0x07, 0x01, 0xEE, 0x1F,
    0xFC, 0xFF, 0x87, 0xFF, 0x3F, 0xF8, 0x1C, 0x0C, 0xFE, 0x07, 0x17, 0x07, 0x8F, 0xFF, 0xC1, 0xEF,
    0xFF, 0xE0, 0x7B, 0xF8, 0x30, 0x0E, 0x00, 0x00, 0x00, 0x07, 0x38, 0xC7, 0x03, 0x8E, 0x38, 0xE0,
    0xE3, 0x8E, 0x1C, 0x70, 0xE1, 0x87, 0x38, 0x38, 0x70, 0xE2, 0x00, 0x00, 0x10, 0x00, 0x03, 0x00,
    0x0C, 0x07, 0x00, 0x0C, 0x07, 0x00, 0x0C, 0x07, 0x00, 0x0C, 0x07, 0x00, 0x0C, 0x07, 0x00, 0x0C,
    0x07, 0x00, 0x0C, 0x07, 0x00, 0x0F, 0xFF, 0xFF, 0x0F, 0xFF, 0xFF, 0x1C, 0x00, 0x00, 0x1C, 0x00,
    0x00, 0x1C, 0x00, 0x00, 0x1C, 0x00, 0x00, 0x1C, 0x00, 0x00, 0x1F, 0xFF, 0xF0, 0x1F, 0xFF, 0xF0,
    0x1C, 0x00, 0x70, 0x1C, 0x00, 0x70, 0x3C, 0x00, 0x70, 0x38, 0x00, 0x70, 0x38, 0x00, 0x70, 0x78,
    0x00, 0x70, 0x70, 0x00, 0x70, 0xF0, 0x00, 0x70, 0xE0, 0x00, 0x70, 0x40, 0x00, 0x60, 0x01, 0xC0,
    0x00, 0x03, 0x38, 0x03, 0xF0, 0xE7, 0x1F, 0xFF, 0x1C, 0xE3, 0xFF, 0x83, 0x9C, 0x78, 0x00, 0x73,
    0x8C, 0x00, 0x0E, 0x71, 0x80, 0x01, 0xCE, 0x30, 0x00, 0x3F, 0xF6, 0x00, 0x07, 0xFE, 0xFF, 0xF8,
    0xE0, 0x1F, 0xFE, 0x1C, 0x03, 0xE0, 0xC3, 0x80, 0x6C, 0x38, 0x70, 0x0D, 0x87, 0x0F, 0xF9, 0xB8,
    0xC1, 0xFF, 0x37, 0x38, 0x38, 0xE6, 0x77, 0x07, 0x1D, 0xCF, 0xC0, 0xE3, 0xB8, 0xF8, 0x1C, 0x77,
    0x1E, 0x03, 0x0E, 0xE3, 0xC0, 0x61, 0xD8, 0xFC, 0x1C, 0x3F, 0x3F, 0xC3, 0x87, 0xEF, 0x3C, 0x60,
    0xFF, 0xC3, 0xCC, 0x1F, 0x70, 0x38, 0x00, 0x00, 0x00, 0x00, 0x3F, 0xFF, 0xFF, 0x1F, 0xFF, 0xFF,
    0x80, 0x00, 0x38, 0x01, 0xC0, 0x1C, 0x00, 0xE0, 0x0E, 0x00, 0x70, 0x07, 0x00, 0x30, 0x03, 0x80,
    0x38, 0x01, 0xC0, 0x1C, 0x00, 0xE0, 0x0E, 0x00, 0x70, 0x07, 0xFF, 0xFF, 0xE7, 0xFF, 0xFF, 0xF0,
    0x00, 0x7E, 0x00, 0x00, 0x77, 0x00, 0x00, 0x73, 0x80, 0x00, 0xF9, 0xC0, 0x00, 0xF0, 0xE0, 0x01,
    0xF0, 0x70, 0x03, 0xF0, 0x38, 0x07, 0xE0, 0x1C, 0x0F, 0xE0, 0x0E, 0x07, 0xC0, 0x07, 0x01, 0x80,
    0x7F, 0x00, 0x00, 0x1F, 0x80, 0x00, 0x00, 0x00, 0x00, 0x03, 0x03, 0x00, 0x00, 0xC0, 0xE0, 0x03,
    0xB0, 0x30, 0x00, 0xEC, 0x1C, 0x00, 0x33, 0x07, 0x00, 0x0C, 0xC1, 0xFF, 0xF3, 0xFE, 0xFF, 0xFC,
    0xFF, 0xB3, 0xBF, 0x73, 0x1C, 0xCD, 0xDC, 0xCF, 0x73, 0x76, 0x33, 0x9D, 0xDD, 0x8C, 0xC6, 0x77,
    0x03, 0x13, 0x99, 0xC0, 0xFC, 0xCE, 0x70, 0x7F, 0x73, 0x9D, 0xFF, 0x38, 0xC7, 0x7F, 0x0E, 0x71,
    0x9C, 0xC7, 0x1C, 0x60, 0x33, 0xCE, 0x18, 0x0C, 0xE3, 0x8E, 0x03, 0x01, 0xC3, 0x80, 0xC0, 0xF0,
    0xE0, 0x30, 0x38, 0x38, 0x0C, 0x1C, 0x1C, 0x03, 0x0E, 0x3F, 0x00, 0xC3, 0x0F, 0x80, 0x30, 0x00,
    0x00, 0x06, 0x00, 0x00, 0x07, 0x00, 0x70, 0x03, 0x80, 0x38, 0x0F, 0xC0, 0x1C, 0x07, 0xE1, 0xFF,
    0xF3, 0x70, 0xFF, 0xF9, 0xFF, 0x03, 0x80, 0xFF, 0x81, 0xC0, 0x7F, 0x80, 0xE0, 0x77, 0x3F, 0xFF,
    0xFB, 0x9F, 0xFF, 0xF9, 0xC0, 0x03, 0x8C, 0xE0, 0x01, 0xC0, 0x70, 0x00, 0xE0, 0x3F, 0xFF, 0xFE,
    0x3F, 0xFF, 0xFF, 0xFF, 0x80, 0x1C, 0x7F, 0x0E, 0x0E, 0x3B, 0x87, 0x87, 0x01, 0xC1, 0xE3, 0x80,
    0xE0, 0x71, 0xC0, 0x70, 0x18, 0xE0, 0x38, 0x08, 0x70, 0x1C, 0x00, 0x38, 0x0E, 0x01, 0xFC, 0x07,
    0x00, 0x7C, 0x00, 0x00, 0x00, 0x00, 0x01, 0x80, 0xC0, 0x00, 0x70, 0x18, 0x80, 0x0E, 0x03, 0x38,
    0x01, 0xC0, 0x67, 0x02, 0x38, 0x0C, 0x70, 0xE7, 0x01, 0x87, 0x0E, 0xE0, 0x30, 0xE1, 0xFC, 0x06,
    0x08, 0x1F, 0x80, 0xC0, 0x01, 0xFF, 0xFF, 0xF8, 0x3F, 0xFF, 0xFF, 0x01, 0xC0, 0xF0, 0x00, 0x38,
    0x1E, 0x00, 0x07, 0x03, 0xC0, 0x01, 0xE0, 0x7C, 0x00, 0x7C, 0x0F, 0x80, 0x1F, 0x83, 0xB0, 0x07,
    0xF0, 0x77, 0x01, 0xEE, 0x1C, 0xE0, 0x39, 0xC3, 0x8E, 0x02, 0x38, 0xF1, 0xE0, 0x07, 0x1C, 0x1C,
    0x00, 0xE7, 0x01, 0xC0, 0x1D, 0xE0, 0x3E, 0x03, 0xF8, 0x03, 0xC0, 0x7E, 0x00, 0x38, 0x06, 0x00,
    0x00, 0x00, 0x00, 0x03, 0x0C, 0x06, 0x30, 0xE3, 0x80, 0xEE, 0x1C, 0x70, 0x1F, 0xFF, 0xFF, 0xE1,
    0xF7, 0xFF, 0xFC, 0x1E, 0x1F, 0xF8, 0x07, 0x83, 0x3F, 0x01, 0xF8, 0xFF, 0xFC, 0x7F, 0x3F, 0xFF,
    0x8E, 0x6F, 0x8E, 0x01, 0x8F, 0xFF, 0xFC, 0x01, 0xFF, 0xFF, 0xC0, 0x79, 0xC7, 0x00, 0x1F, 0x3F,
    0xFF, 0x03, 0xE7, 0xFF, 0xC0, 0xFC, 0xFF, 0xFC, 0x3B, 0x9F, 0xFF, 0xCF, 0x73, 0x00, 0x01, 0xCE,
    0xFF, 0xFE, 0x11, 0xDF, 0xFF, 0xC0, 0x39, 0xE0, 0x70, 0x07, 0x1E, 0x3C, 0x00, 0xC1, 0xFF, 0x00,
    0x38, 0x1F, 0xC0, 0x3F, 0x7F, 0xFF, 0xC7, 0xCF, 0xE3, 0xF8, 0x01, 0xC0, 0x06, 0x00, 0x00, 0x18,
    0x00, 0x00, 0x0E, 0x00, 0x00, 0x07, 0x00, 0x0F, 0xFF, 0xFF, 0xF7, 0xFF, 0xFF, 0xF8, 0x01, 0xC0,
    0x00, 0xC1, 0xC6, 0x18, 0xF0, 0xE7, 0x1C, 0x3C, 0xFF, 0x3C, 0x07, 0xFF, 0x1C, 0x01, 0x3F, 0x8C,
    0x00, 0x67, 0xE4, 0x00, 0xF7, 0x3F, 0x81, 0xFF, 0xFF, 0xF3, 0xE7, 0xFF, 0x3C, 0xC3, 0xF9, 0xCE,
    0x00, 0x1C, 0x02, 0x00, 0x0E, 0x00, 0x3F, 0xFF, 0xFF, 0xFF, 0xFF, 0xFF, 0xF0, 0x01, 0xC0, 0x00,
    0x00, 0xE0, 0x00, 0x00, 0x70, 0x00, 0x00, 0x38, 0x00, 0x00, 0x1C, 0x00, 0x00, 0x0E, 0x00, 0x00,
    0x07, 0x00, 0x00, 0x00, 0x3F, 0xFE, 0x7F, 0xFF, 0xFF, 0x3F, 0xFE, 0x03, 0x81, 0x87, 0x01, 0xC0,
    0xC3, 0x9C, 0xE0, 0x61, 0xCE, 0x70, 0x30, 0xE7, 0x38, 0x18, 0x73, 0x9C, 0x0C, 0x39, 0xCE, 0x3F,
    0xDC, 0xE7, 0x1F, 0xEE, 0x73, 0x81, 0x87, 0x39, 0xC0, 0xC3, 0x9C, 0xE0, 0x61, 0xCE, 0x70, 0x30,
    0xE7, 0xB8, 0x18, 0x07, 0xC0, 0x0C, 0x43, 0xE0, 0x07, 0xE1, 0xF0, 0xCF, 0xF1, 0xD8, 0x7F, 0xE1,
    0xCC, 0x3F, 0x81, 0xC6, 0x1C, 0x01, 0xE3, 0x1C, 0x03, 0xE1, 0xFE, 0x01, 0xC0, 0x7E, 0x00, 0x40,
    0x00, 0x00, 0x7F, 0xEF, 0xFF, 0x8F, 0xFD, 0xFF, 0xF0, 0x18, 0x30, 0x0E, 0x03, 0x06, 0x01, 0xC0,
    0x60, 0xFF, 0xF8, 0x0C, 0x1F, 0xFF, 0x01, 0x83, 0x00, 0xE0, 0x30, 0x60, 0x1C, 0x7F, 0xEC, 0x03,
    0x8F, 0xFD, 0xFF, 0xF0, 0x18, 0x3F, 0xFE, 0x03, 0x06, 0x01, 0xC0, 0x60, 0xC0, 0x38, 0x0C, 0x1F,
    0xFF, 0x01, 0x83, 0xFF, 0xE0, 0x3F, 0x1C, 0xC0, 0x0F, 0xE3, 0x18, 0x0F, 0xF8, 0xE3, 0x01, 0xF8,
    0x1C, 0x60, 0x38, 0x07, 0x0C, 0x70, 0x01, 0xE1, 0x8E, 0x00, 0x78, 0x31, 0xC0, 0x3E, 0x07, 0xF0,
    0x07, 0x80, 0xFE, 0x00, 0x40, 0x00, 0x00, 0x00, 0x1F, 0xFF, 0x8F, 0xFB, 0xFF, 0xF1, 0xFF, 0x61,
    0x86, 0x07, 0x0C, 0x30, 0xC0, 0xE1, 0x86, 0x18, 0x1C, 0x3F, 0xFF, 0x03, 0x87, 0xFF, 0xE0, 0x70,
    0xC3, 0x0C, 0x0E, 0x18, 0x61, 0x8F, 0xFB, 0x0C, 0x31, 0xFF, 0x61, 0x86, 0x07, 0x0F, 0xFF, 0xC0,
    0xE1, 0xFF, 0xF8, 0x1C, 0x01, 0xC0, 0x03, 0x80, 0x38, 0x00, 0x70, 0x07, 0x00, 0x0E, 0x3F, 0xFF,
    0xC1, 0xFF, 0xFF, 0xF8, 0x7F, 0x03, 0x80, 0x3F, 0x80, 0x70, 0x07, 0x80, 0x0E, 0x00, 0x01, 0xFF,
    0xFF, 0xC0, 0x3F, 0xFF, 0xF8, 0x00, 0x1C, 0x00, 0x03, 0x8E, 0x00, 0x01, 0xC7, 0x00, 0x01, 0xC3,
    0x80, 0x00, 0xE1, 0xC0, 0x00, 0x70, 0xE0, 0x00, 0x7F, 0xFF, 0xFC, 0x3F, 0xFF, 0xFE, 0x38, 0x1C,
    0x00, 0x3C, 0x0E, 0x00, 0x1C, 0x07, 0x00, 0x1C, 0x03, 0x80, 0x02, 0x01, 0xC0, 0x00, 0x00, 0xE0,
    0x00, 0x7F, 0xFF, 0xF8, 0x3F, 0xFF, 0xFC, 0x00, 0x1C, 0x00, 0x00, 0x0E, 0x00, 0x00, 0x07, 0x00,
    0x00, 0x03, 0x80, 0x00, 0x01, 0xC0, 0x00, 0x00, 0xE0, 0x00, 0x00, 0x70, 0x01, 0xFF, 0xFF, 0xFF,
    0xFF, 0xFF, 0xFF, 0x80, 0x0F, 0xFF, 0xFF, 0x07, 0xFF, 0xFF, 0x83, 0x83, 0x80, 0xC1, 0xC1, 0xC0,
    0x60, 0xE0, 0xE0, 0x30, 0x70, 0x70, 0x18, 0x3F, 0xFF, 0xFC, 0x1F, 0xFF, 0xFE, 0x0E, 0x0E, 0x03,
    0x07, 0x07, 0x01, 0x83, 0x03, 0x80, 0xC1, 0x81, 0xC0, 0x60, 0xC0, 0xE0, 0x30, 0x7F, 0xFF, 0xF8,
    0x7F, 0xFF, 0xFC, 0x38, 0x1C, 0x06, 0x1C, 0x0E, 0x03, 0x0E, 0x07, 0x01, 0x8E, 0x03, 0x80, 0xC7,
    0x01, 0xC0, 0x67, 0x80, 0xE0, 0x33, 0x80, 0x73, 0xF9, 0x80, 0x39, 0xFC, 0x00, 0x00, 0x00, 0x00,
    0x70, 0x00, 0x01, 0xC0, 0x00, 0x07, 0x00, 0x00, 0x1C, 0x00, 0x00, 0x70, 0x00, 0x01, 0xC0, 0x0F,
    0xFF, 0xFF, 0xBF, 0xFF, 0xFE, 0xE0, 0x70, 0x1B, 0x01, 0xC0, 0x6C, 0x07, 0x01, 0xB0, 0x1C, 0x06,
    0xC0, 0x70, 0x1B, 0x01, 0xC0, 0x6F, 0xFF, 0xFF, 0xBF, 0xFF, 0xFE, 0xC0, 0x70, 0x1B, 0x01, 0xC0,
    0x6C, 0x07, 0x01, 0xB0, 0x1C, 0x06, 0xC0, 0x70, 0x1B, 0x01, 0xC0, 0x6E, 0x07, 0x01, 0xBF, 0xFF,
    0xFE, 0xFF, 0xFF, 0xFB, 0x00, 0x00, 0x6C, 0x00, 0x01, 0x80, 0x00, 0x60, 0x00, 0x00, 0x70, 0x00,
    0x00, 0x70, 0x00, 0x00, 0x70, 0x00, 0x00, 0x70, 0x00, 0xFF, 0xFF, 0xF8, 0xFF, 0xFF, 0xF8, 0xE0,
    0x70, 0x38, 0xE0, 0x70, 0x38, 0xE0, 0x70, 0x38, 0xE0, 0x70, 0x38, 0xFF, 0xFF, 0xF8, 0xFF, 0xFF,
    0xF8, 0xE0, 0x70, 0x38, 0xE0, 0x70, 0x38, 0xE0, 0x70, 0x38, 0xE0, 0x70, 0x38, 0xFF, 0xFF, 0xF8,
    0xFF, 0xFF, 0xF8, 0xE0, 0x70, 0x04, 0xE0, 0x70, 0x06, 0x00, 0x70, 0x0E, 0x00, 0x70, 0x0E, 0x00,
    0x78, 0x1E, 0x00, 0x7F, 0xFE, 0x00, 0x3F, 0xFC, 0x1F, 0xFF, 0xFC, 0x07, 0xFF, 0xFF, 0x01, 0xC1,
    0xC1, 0xC0, 0x70, 0x70, 0x70, 0x1C, 0x1C, 0x1C, 0x07, 0xFF, 0xFF, 0x01, 0xFF, 0xFF, 0xC0, 0x70,
    0x70, 0x70, 0x1C, 0x1C, 0x1C, 0x07, 0x07, 0x07, 0x01, 0xFF, 0xFF, 0xC0, 0x7F, 0xFF, 0xF0, 0x01,
    0xE3, 0xC0, 0x00, 0xF0, 0x78, 0x00, 0xF8, 0x0F, 0x80, 0x7F, 0x03, 0xF8, 0xFD, 0xC0, 0xDF, 0xBE,
    0x70, 0x31, 0xE4, 0x1C, 0x0C, 0x10, 0x07, 0x03, 0x00, 0x03, 0x80, 0xC0, 0x01, 0xE0, 0x30, 0x00,
    0xF0, 0x0C, 0x00, 0xF8, 0x03, 0x00, 0x3C, 0x00, 0xC0, 0x04, 0x00, 0x30, 0x00, 0x00, 0x80, 0x00,
    0x07, 0x80, 0x00, 0xFF, 0x7F, 0xFB, 0xF0, 0xFF, 0xF7, 0x00, 0x38, 0xEC, 0x20, 0x71, 0xD8, 0xE0,
    0xE3, 0xB0, 0xC1, 0x87, 0x61, 0xC7, 0x0E, 0xCF, 0xDE, 0x1F, 0xFF, 0xB8, 0x3F, 0xF3, 0xE7, 0xEF,
    0x07, 0x8F, 0xC0, 0x02, 0x00, 0x0F, 0xFF, 0xFE, 0x1F, 0xFF, 0xFC, 0x38, 0x38, 0x38, 0x70, 0x70,
    0x70, 0xE0, 0xE0, 0xE1, 0xFF, 0xFF, 0xC3, 0xFF, 0xFF, 0x87, 0x07, 0x07, 0x0E, 0x0E, 0x0E, 0x1F,
    0xFF, 0xFC, 0x3F, 0xFF, 0xF8, 0x70, 0x00, 0x70, 0x40, 0x00, 0x00, 0x00, 0x03, 0x00, 0x00, 0x01,
    0xC0, 0x3F, 0xE1, 0xC0, 0x1F, 0xF1, 0xFF, 0xCD, 0xD8, 0xFF, 0xE6, 0xEC, 0xE0, 0xE3, 0x76, 0xF8,
    0x71, 0xBB, 0xFE, 0x70, 0xDD, 0xF7, 0x78, 0x6E, 0xF1, 0xF8, 0x3F, 0xE0, 0xF8, 0x1F, 0xF0, 0x3C,
    0x0D, 0xD8, 0x3F, 0x86, 0xEC, 0x7B, 0xE3, 0x76, 0xF8, 0x7D, 0xBB, 0xF8, 0x1F, 0xDD, 0xFF, 0xFF,
    0x6E, 0xEF, 0xFF, 0x37, 0x66, 0x03, 0x9F, 0xF3, 0x01, 0xCF, 0xF9, 0x80, 0xE6, 0x00, 0xC0, 0x73,
    0x00, 0x60, 0x38, 0x00, 0x3F, 0xFC, 0x00, 0x1F, 0xFE, 0x00, 0x0C, 0x07, 0x00, 0x00, 0x00, 0x00,
    0x00, 0x00, 0x7C, 0x00, 0xFF, 0xFF, 0xC0, 0x7F, 0xFF, 0xE0, 0x0F, 0xFF, 0x0E, 0x00, 0x78, 0xE3,
    0xC0, 0x07, 0x1C, 0x70, 0x00, 0x73, 0x9C, 0x03, 0xFF, 0xFF, 0xFE, 0x7F, 0xFF, 0xFF, 0xC0, 0x0F,
    0xF8, 0x00, 0x03, 0xFF, 0x80, 0x00, 0xF7, 0x7C, 0x00, 0x7C, 0xE3, 0xE0, 0x3E, 0x1C, 0x3F, 0x1F,
    0xFF, 0xFF, 0xF3, 0xFF, 0xFF, 0xFE, 0x26, 0x0E, 0x0E, 0x00, 0xC1, 0xC1, 0xC0, 0x1F, 0xFF, 0xF8,
    0x03, 0xFF, 0xFF, 0x00, 0x60, 0xE0, 0xE0, 0x0C, 0x1C, 0x1C, 0x01, 0x83, 0x83, 0x80, 0x3F, 0xFF,
    0xF0, 0x07, 0xFF, 0xFE, 0x00, 0xC0, 0x01, 0xC0, 0x1F, 0xFF, 0xFC, 0x0F, 0xFF, 0xFE, 0x06, 0x07,
    0x03, 0x03, 0x03, 0x81, 0x81, 0xFF, 0xFF, 0xC0, 0xFF, 0xFF, 0xE0, 0x60, 0x70, 0x30, 0x30, 0x38,
    0x18, 0x1F, 0xFF, 0xFC, 0x0F, 0xFF, 0xFE, 0x00, 0x60, 0x38, 0x00, 0x30, 0x1C, 0x03, 0xFF, 0xFF,
    0xE1, 0xFF, 0xFF, 0xF0, 0x06, 0x03, 0x80, 0x03, 0x01, 0xC0, 0x01, 0x80, 0xE0, 0x7F, 0xFF, 0xFF,
    0xFF, 0xFF, 0xFF, 0xE0, 0x10, 0x38, 0x00, 0x3E, 0x1F, 0x00, 0xFE, 0x07, 0xF1, 0xFC, 0x00, 0xFE,
    0xF0, 0x00, 0x1E, 0x20, 0x00, 0x02, 0x00, 0x00, 0x00, 0x00, 0x38, 0x38, 0x38, 0x1C, 0x38, 0x78,
    0x1C, 0x38, 0x70, 0x0E, 0x38, 0xE0, 0xFF, 0xFF, 0xFE, 0xFF, 0xFF, 0xFE, 0xE0, 0x00, 0x06, 0xE0,
    0x00, 0x06, 0xEF, 0xFF, 0xE6, 0xEF, 0xFF, 0xE6, 0x0E, 0x00, 0xE0, 0x0E, 0x00, 0xE0, 0x0F, 0xFF,
    0xE0, 0x0F, 0xFF, 0xE0, 0x00, 0x00, 0x00, 0x3F, 0xFF, 0xFC, 0x3F, 0xFF, 0xFC, 0x30, 0x38, 0x1C,
    0x30, 0x38, 0x1C, 0x3F, 0xFF, 0xFC, 0x3F, 0xFF, 0xFC, 0x30, 0x38, 0x1C, 0x30, 0x38, 0x1C, 0x3F,
    0xFF, 0xFC, 0x3F, 0xFF, 0xFC, 0x30, 0x00, 0x1C, 0x00, 0x00, 0x00, 0x07, 0xFF, 0xFC, 0x03, 0x87,
    0x0E, 0x01, 0xFF, 0xFF, 0x00, 0xE1, 0xC3, 0x80, 0x7F, 0xFF, 0xC0, 0x00, 0x00, 0x00, 0xFF, 0xEF,
    0xFE, 0x66, 0x36, 0x73, 0x33, 0x1B, 0x39, 0x9F, 0xFD, 0xFF, 0xCC, 0xC6, 0xCE, 0x67, 0xFF, 0x7F,
    0xF0, 0x00, 0x00, 0x01, 0xFF, 0xFF, 0xFC, 0xFF, 0xFF, 0xFE, 0x77, 0xFF, 0xF7, 0x3B, 0xFF, 0xFB,
    0x81, 0xC0, 0x1C, 0x00, 0xFF, 0xFE, 0x00, 0x70, 0x07, 0x00, 0x3F, 0xFF, 0x80, 0x1C, 0x01, 0xC1,
    0xFF, 0xFF, 0xFF, 0xFF, 0xFF, 0xFF, 0x80, 0x00, 0x00, 0x00, 0x00, 0x00, 0xE1, 0x80, 0xFF, 0xEC,
    0x70, 0x1F, 0xFD, 0xDC, 0x00, 0x07, 0x1F, 0x18, 0x38, 0xE3, 0xC7, 0x07, 0xB8, 0x3D, 0xE0, 0x3E,
    0x03, 0xF0, 0x07, 0xFF, 0xFC, 0x01, 0xFF, 0xFF, 0xC0, 0x78, 0x00, 0x3C, 0x3E, 0x00, 0x03, 0xE7,
    0xFF, 0xFF, 0x9C, 0xCF, 0xFF, 0xF1, 0x01, 0xC0, 0x06, 0x00, 0x38, 0x00, 0xC0, 0x07, 0x00, 0x18,
    0x00, 0xE0, 0x03, 0x00, 0x1F, 0xFF, 0xE0, 0x03, 0xFF, 0xFC, 0x00, 0x1C, 0x07, 0x00, 0x01, 0xC0,
    0xC0, 0x00, 0x38, 0x38, 0x00, 0x03, 0x06, 0x00, 0x7F, 0xFF, 0xFF, 0xCF, 0xFF, 0xFF, 0xF8, 0x00,
    0x00, 0x00, 0x00, 0x00, 0xE1, 0x80, 0x7F, 0xEC, 0x70, 0x0F, 0xFD, 0xFC, 0x01, 0x87, 0x1F, 0x18,
    0x3D, 0xC1, 0xCF, 0x03, 0xF8, 0x3F, 0xC0, 0x3C, 0x03, 0xE0, 0x0F, 0x00, 0x1F, 0x0F, 0xFE, 0xFF,
    0xF9, 0xFF, 0xDF, 0xEF, 0x30, 0x3B, 0x8C, 0x40, 0x07, 0x71, 0x80, 0x00, 0xEE, 0x30, 0x03, 0xFF,
    0x87, 0xE0, 0xFF, 0xF0, 0xFC, 0x1C, 0x0C, 0x00, 0x03, 0x81, 0xFF, 0xC0, 0x7F, 0xFF, 0xF8, 0x0F,
    0xFF, 0x07, 0x00, 0x06, 0x79, 0xC0, 0x00, 0xC7, 0xF0, 0x00, 0x18, 0x3C, 0x00, 0x07, 0x1F, 0xE0,
    0x0F, 0xFF, 0xDE, 0x01, 0xFB, 0xE1, 0xE0, 0x00, 0x20, 0x08, 0x00, 0x00, 0x60, 0x00, 0x07, 0x80,
    0x00, 0x38, 0x00, 0x01, 0xC0, 0x00, 0x1C, 0x00, 0x3F, 0xFF, 0xFD, 0xFF, 0xFF, 0xEC, 0x00, 0x07,
    0x60, 0x00, 0x3B, 0x00, 0x01, 0xD8, 0x00, 0x0E, 0xC0, 0x00, 0x76, 0x00, 0x03, 0xB0, 0x00, 0x1D,
    0xFF, 0xFF, 0xEF, 0xFF, 0xFF, 0x60, 0x00, 0x3B, 0x00, 0x01, 0xD8, 0x00, 0x0E, 0xC0, 0x00, 0x76,
    0x00, 0x03, 0xB0, 0x00, 0x1D, 0xFF, 0xFF, 0xEF, 0xFF, 0xFF, 0x60, 0x00, 0x3B, 0x00, 0x01, 0xD8,
    0x00, 0x00, 0xFF, 0xFF, 0xFF, 0xFF, 0xFF, 0xFF, 0xC0, 0x07, 0x00, 0x00, 0x07, 0x80, 0x00, 0x03,
    0x80, 0x00, 0x01, 0xC0, 0x00, 0x7F, 0xFF, 0xF0, 0x3F, 0xFF, 0xF8, 0x1C, 0x00, 0x1C, 0x0E, 0x00,
    0x0E, 0x07, 0x00, 0x07, 0x03, 0x80, 0x03, 0x81, 0xC0, 0x01, 0xC0, 0xFF, 0xFF, 0xE0, 0x7F, 0xFF,
    0xF0, 0x38, 0x00, 0x38, 0x1C, 0x00, 0x1C, 0x0E, 0x00, 0x0E, 0x07, 0x00, 0x07, 0x03, 0x80, 0x03,
    0x81, 0xC0, 0x01, 0xC0, 0xFF, 0xFF, 0xE0, 0x7F, 0xFF, 0xF0, 0x38, 0x00, 0x38, 0x0C, 0x00, 0x1C,
    0x00, 0x0C, 0x03, 0x00, 0x0E, 0x03, 0x00, 0x0E, 0x07, 0x00, 0x1C, 0x07, 0x00, 0x1C, 0x07, 0x00,
    0xFF, 0xCF, 0xFF, 0xFF, 0xCF, 0xFE, 0xE0, 0xDC, 0x06, 0xE0, 0xDC, 0x06, 0xE0, 0xFC, 0x06, 0xE0,
    0xF8, 0x06, 0xE0, 0xF2, 0x06, 0xE0, 0xC7, 0x06, 0xFF, 0xC7, 0x06, 0xFF, 0xC3, 0x8E, 0xE0, 0xC1,
    0xCE, 0xE0, 0xC1, 0xEE, 0xE0, 0xC0, 0xEE, 0xE0, 0xC0, 0x4E, 0xE0, 0xC0, 0x0E, 0xE0, 0xC0, 0x0E,
    0xFF, 0xC0, 0x0E, 0xFF, 0xC0, 0x1C, 0xE0, 0x03, 0x1C, 0xE0, 0x03, 0xFC, 0xC0, 0x01, 0xF8, 0x01,
    0x00, 0x40, 0x01, 0xC0, 0x38, 0x00, 0xE0, 0x38, 0x00, 0x38, 0x1C, 0x03, 0xFF, 0xFF, 0xE1, 0xFF,
    0xFF, 0xF0, 0x00, 0x70, 0x00, 0x00, 0x38, 0x00, 0x1F, 0xFF, 0xFC, 0x0F, 0xFF, 0xFE, 0x00, 0x07,
    0x00, 0x00, 0x03, 0x80, 0x00, 0x01, 0xC0, 0x07, 0xFF, 0xFF, 0xFD, 0xFF, 0xFF, 0xFE, 0x00, 0x00,
    0x00, 0x1F, 0xFF, 0xFC, 0x0F, 0xFF, 0xFE, 0x06, 0x38, 0xE3, 0x03, 0x1C, 0x71, 0x81, 0x8E, 0x38,
    0xC0, 0xC7, 0x1C, 0x60, 0x63, 0x8E, 0x30, 0x31, 0xC7, 0x18, 0xFF, 0xFF, 0xFF, 0xFF, 0xFF, 0xFF,
    0xC0, 0x00, 0x1C, 0x00, 0x00, 0x0E, 0x00, 0x00, 0x0E, 0x00, 0x01, 0xFF, 0xFF, 0x00, 0xFF, 0xFF,
    0x80, 0x71, 0x80, 0xC0, 0x38, 0xF0, 0x60, 0x1C, 0x3C, 0x30, 0x0E, 0x06, 0x18, 0x7F, 0xFF, 0xFF,
    0xFF, 0xFF, 0xFF, 0xE1, 0xC6, 0x03, 0x01, 0xC7, 0x81, 0x80, 0xE0, 0xF0, 0xC0, 0xE0, 0x3F, 0xE0,
    0xF0, 0x01, 0xF0, 0x20, 0x00, 0x00, 0x0F, 0xFF, 0xFE, 0x07, 0xFF, 0xFF, 0x03, 0x9C, 0x73, 0x81,
    0xCE, 0x39, 0xC0, 0xE7, 0x1C, 0xE0, 0x73, 0x8E, 0x70, 0x39, 0xC7, 0x38, 0xFF, 0xFF, 0xFF, 0xFF,
    0xFF, 0xFF, 0xC0, 0x01, 0x80, 0x00, 0x00, 0x30, 0x3F, 0xC0, 0x7F, 0xE7, 0xF8, 0x0F, 0xFC, 0xC7,
    0x01, 0xC3, 0x98, 0xE0, 0x3E, 0x77, 0x1C, 0x07, 0x6F, 0xE3, 0xF0, 0xED, 0xF8, 0x3E, 0x7F, 0xFE,
    0x00, 0x0F, 0xFF, 0x7F, 0xE0, 0x60, 0xEF, 0xFC, 0x0D, 0x9C, 0xE7, 0x03, 0xBB, 0x9F, 0xC0, 0x73,
    0x71, 0xF0, 0x0C, 0x0E, 0xFF, 0xC3, 0x87, 0xFE, 0x7E, 0x60, 0xF6, 0x03, 0xC1, 0xFF, 0xFF, 0xC0,
    0x3F, 0xFF, 0xF8, 0x07, 0x38, 0xC7, 0x00, 0xE7, 0x18, 0xE0, 0x1C, 0xE3, 0x1C, 0x03, 0x9C, 0x63,
    0x80, 0x73, 0x8C, 0x70, 0x7F, 0xFF, 0xFF, 0xCF, 0xFF, 0xFF, 0xF8, 0xFF, 0xFF, 0xFF, 0xFF, 0xFF,
    0x80, 0x03, 0xF0, 0x00, 0x7E, 0x00, 0x0F, 0xC0, 0x01, 0xF8, 0x00, 0x3F, 0xFF, 0xFF, 0xFF, 0xFF,
    0xFC, 0x00, 0x1F, 0x80, 0x03, 0xF0, 0x00, 0x7E, 0x00, 0x0F, 0xC0, 0x01, 0xFF, 0xFF, 0xFF, 0xFF,
    0xFF, 0xE0, 0x00, 0xFC, 0x00, 0x1F, 0x80, 0x03, 0xF0, 0x00, 0x7F, 0xFF, 0xFF, 0xFF, 0xFF, 0xF8,
    0x00, 0x3F, 0x00, 0x07, 0x00, 0x00, 0x00, 0x00, 0x1C, 0x00, 0x00, 0x0E, 0x00, 0x00, 0x07, 0x00,
    0x0F, 0xFF, 0xFF, 0xE7, 0xFF, 0xFF, 0xF0, 0x01, 0xC0, 0x00, 0x00, 0xE0, 0x00, 0x1F, 0xFF, 0xF0,
    0x0F, 0xFF, 0xFC, 0x06, 0x00, 0x0E, 0x03, 0x00, 0x07, 0x01, 0xFF, 0xFF, 0x80, 0xFF, 0xFF, 0xC0,
    0x60, 0x00, 0xE0, 0x30, 0x00, 0x70, 0x1F, 0xFF, 0xF8, 0x0F, 0xFF, 0xFC, 0x06, 0x00, 0x0E, 0x03,
    0x00, 0x07, 0x01, 0xFF, 0xFF, 0x80, 0xFF, 0xFF, 0xC0, 0x60, 0x00, 0xE0, 0x30, 0x00, 0x71, 0xFF,
    0xFF, 0xFF, 0xFF, 0xFF, 0xFF, 0x80, 0x00, 0x1C, 0x00, 0x00, 0x0E, 0x00, 0x00, 0x07, 0x00, 0x0F,
    0xFF, 0xFF, 0xE7, 0xFF, 0xFF, 0xF0, 0x00, 0xC0, 0x00, 0x3F, 0xFF, 0xE0, 0x1F, 0xFF, 0xF0, 0x0E,
    0x00, 0x38, 0x07, 0x00, 0x1C, 0x03, 0xFF, 0xFE, 0x01, 0xFF, 0xFF, 0x00, 0xE0, 0x03, 0x80, 0x7F,
    0xFF, 0xC0, 0x3F, 0xFF, 0xE0, 0x1C, 0x00, 0x70, 0x0F, 0xFF, 0xF8, 0x07, 0xFF, 0xFC, 0x03, 0x80,
    0x0E, 0x1F, 0xFF, 0xFF, 0xFF, 0xFF, 0xFF, 0xF8, 0x04, 0x04, 0x00, 0x0F, 0x07, 0xC0, 0x3F, 0x81,
    0xFC, 0x7F, 0x00, 0x3F, 0xBC, 0x00, 0x03, 0xC8, 0x00, 0x00, 0x00, 0x7F, 0xBF, 0xFF, 0x1F, 0xEF,
    0xFF, 0xC6, 0x3B, 0x80, 0x71, 0x8E, 0xE0, 0x1C, 0x63, 0xB8, 0x07, 0x18, 0xEE, 0x01, 0xC7, 0xFB,
    0xFF, 0xF1, 0xFE, 0xFF, 0xFC, 0x63, 0xB8, 0xE0, 0x18, 0xEE, 0x38, 0x06, 0x3B, 0x8E, 0x01, 0x8E,
    0xE1, 0x80, 0x7F, 0xBF, 0xFF, 0x9F, 0xEF, 0xFF, 0xE6, 0x3B, 0x87, 0x01, 0x8E, 0xE1, 0xC0, 0x63,
    0xB8, 0x70, 0x18, 0xEE, 0x1C, 0x07, 0xFB, 0x83, 0x19, 0xFE, 0xE0, 0xE7, 0x60, 0x39, 0xF9, 0x98,
    0x0F, 0xF7, 0x66, 0x07, 0xF9, 0xF8, 0x01, 0xF0, 0x3C, 0x00, 0x20, 0x00, 0x00, 0xFF, 0x7F, 0xFE,
    0x7F, 0xBF, 0xFF, 0x31, 0xDC, 0x03, 0x98, 0xEE, 0x01, 0xCC, 0x77, 0x00, 0xE6, 0x3B, 0xFF, 0xF3,
    0xFD, 0xFF, 0xF9, 0xFE, 0xE0, 0x1C, 0xC7, 0x70, 0x0E, 0x63, 0xB8, 0x07, 0x31, 0xDF, 0xFF, 0x98,
    0xEF, 0xFF, 0xCF, 0xF7, 0x38, 0x07, 0xFB, 0x8C, 0x33, 0x1D, 0xC7, 0x3D, 0x8E, 0xE3, 0xBC, 0xC7,
    0x70, 0xFC, 0x63, 0xB8, 0x78, 0x3F, 0xDC, 0x1C, 0x1F, 0xEE, 0x0F, 0x0C, 0x07, 0x3B, 0xC6, 0x03,
    0xFC, 0xF3, 0x01, 0xFE, 0x3C, 0x00, 0xF0, 0x0E, 0x00, 0x00, 0x00, 0x00, 0x3F, 0xFF, 0xFF, 0x8F,
    0xFF, 0xFF, 0xE3, 0x86, 0x1C, 0x38, 0xE1, 0x87, 0x0E, 0x38, 0x61, 0xC3, 0x8F, 0xFF, 0xFF, 0xE3,
    0xFF, 0xFF, 0xF8, 0x00, 0x00, 0x00, 0x00, 0x00, 0x3F, 0x0F, 0xFF, 0xFF, 0xE3, 0xFF, 0xFF, 0xC0,
    0x7F, 0xB8, 0x00, 0x03, 0x8E, 0x1C, 0x00, 0xE3, 0x87, 0x00, 0x30, 0xE1, 0xC0, 0x1C, 0x38, 0x70,
    0x07, 0x8E, 0x3C, 0x03, 0xF3, 0x8F, 0x80, 0xEE, 0xE7, 0xF0, 0x71, 0xFB, 0xDE, 0x78, 0x2F, 0xE3,
    0xDC, 0x03, 0xF0, 0x76, 0x00, 0xF8, 0x08, 0x00, 0x38, 0x00, 0x00, 0x0E, 0x00, 0x00, 0x0C, 0x00,
    0x00, 0x06, 0x00, 0x00, 0x07, 0x00, 0x00, 0x03, 0x80, 0x7F, 0xF1, 0xFF, 0xFF, 0xF8, 0xFF, 0xFC,
    0x1C, 0xEE, 0x0E, 0x0E, 0x77, 0x07, 0x07, 0x73, 0x83, 0x83, 0xB9, 0xC1, 0xC1, 0xC8, 0xE0, 0xE0,
    0xE0, 0x70, 0x70, 0x77, 0xFF, 0xF8, 0x3B, 0xFF, 0xFC, 0x1C, 0x0E, 0x0E, 0x0E, 0x07, 0x07, 0x07,
    0x03, 0xC3, 0x83, 0x81, 0xF1, 0xC1, 0xC1, 0xF8, 0xE0, 0xE0, 0xEE, 0x70, 0x70, 0xE3, 0xB8, 0x38,
    0xF0, 0xFF, 0xFC, 0x70, 0x7F, 0xFE, 0x70, 0x17, 0x07, 0x78, 0x03, 0x83, 0xB8, 0x00, 0xC0, 0x00,
    0x00, 0x00, 0x00, 0x10, 0x00, 0x00, 0x1C, 0x00, 0x00, 0x0E, 0x07, 0xFF, 0xE6, 0x03, 0xFF, 0xF7,
    0xFC, 0x00, 0x03, 0xFE, 0x00, 0x01, 0xF8, 0x00, 0x00, 0xDC, 0x1F, 0xFE, 0xEE, 0x0F, 0xFF, 0x77,
    0x06, 0x03, 0x93, 0x83, 0x01, 0xC1, 0xC1, 0x80, 0xEF, 0xFE, 0xC0, 0x77, 0xFF, 0x60, 0x38, 0x38,
    0x3F, 0xFC, 0x1C, 0x1F, 0xFE, 0x0E, 0x00, 0x00, 0x07, 0x87, 0x07, 0x07, 0xE1, 0x83, 0x83, 0xF0,
    0xE1, 0x81, 0x9C, 0x71, 0xC1, 0xC7, 0x18, 0xE1, 0xE3, 0x0E, 0x61, 0xE0, 0x06, 0x70, 0xE0, 0x3F,
    0xFF, 0xA0, 0x1F, 0xFF, 0xC0, 0x7F, 0xFF, 0xFF, 0xDF, 0xFF, 0xFF, 0xF0, 0x07, 0x00, 0x00, 0x01,
    0xC0, 0x00, 0x00, 0xE0, 0x00, 0x00, 0x38, 0x00, 0x00, 0x1C, 0x00, 0x00, 0x07, 0x00, 0x00, 0x03,
    0x80, 0x00, 0x01, 0xFF, 0xFF, 0xC0, 0x7F, 0xFF, 0xF0, 0x3E, 0x00, 0x1C, 0x1F, 0x80, 0x07, 0x0F,
    0xE0, 0x01, 0xC7, 0xB8, 0x00, 0x71, 0xCE, 0x00, 0x1C, 0x63, 0x80, 0x07, 0x00, 0xE0, 0x01, 0xC0,
    0x38, 0x00, 0x70, 0x0F, 0xFF, 0xFC, 0x03, 0xFF, 0xFF, 0x00, 0xE0, 0x01, 0xC0, 0x38, 0x00, 0x70,
    0x06, 0x00, 0x08, 0x7F, 0xEF, 0xFE, 0x1F, 0xFB, 0xFF, 0x80, 0xE0, 0x00, 0x60, 0x38, 0x10, 0x18,
    0x0C, 0x07, 0x0E, 0x07, 0x01, 0x83, 0x81, 0xC0, 0x60, 0xE0, 0x60, 0x18, 0x38, 0x3F, 0xC6, 0x0E,
    0x0F, 0xF3, 0x83, 0x83, 0x8C, 0xE0, 0xE1, 0xE3, 0x3F, 0xFF, 0x78, 0xCF, 0xFF, 0xDE, 0x30, 0x00,
    0x77, 0x8C, 0x00, 0x1C, 0x63, 0x00, 0x06, 0x18, 0xDF, 0xFD, 0x86, 0x37, 0xFF, 0xE1, 0x8C, 0x00,
    0x38, 0x7F, 0x00, 0x0E, 0x1F, 0xC0, 0x03, 0x86, 0x00, 0x01, 0xC1, 0x80, 0x07, 0xF0, 0x00, 0x00,
    0xF8, 0x00, 0x00, 0x00, 0x00, 0x7F, 0xEF, 0xFF, 0xDF, 0xFB, 0xFF, 0xF0, 0xE0, 0x38, 0x60, 0x38,
    0x0E, 0x18, 0x0C, 0x03, 0x86, 0x03, 0x00, 0xE1, 0x81, 0xC0, 0x38, 0x60, 0x70, 0x0E, 0x18, 0x18,
    0x03, 0x86, 0x0F, 0xF8, 0xE1, 0x83, 0xFF, 0xFF, 0xFD, 0xE3, 0xFF, 0xFF, 0x78, 0xE3, 0x86, 0x1E,
    0x38, 0xE1, 0x87, 0x8E, 0x38, 0x60, 0x63, 0x8E, 0x18, 0x18, 0xE3, 0x06, 0x06, 0x38, 0xC1, 0x81,
    0x8E, 0x70, 0x60, 0x7F, 0x9C, 0x18, 0x1F, 0xE6, 0x06, 0x06, 0x03, 0x81, 0x81, 0x81, 0xC0, 0x60,
    0x00, 0x70, 0x18, 0x00, 0x08, 0x06, 0x00, 0x00, 0x00, 0x60, 0x00, 0x00, 0x1C, 0x07, 0xFE, 0x07,
    0x01, 0xFF, 0x81, 0xC0, 0x0E, 0x00, 0x70, 0x03, 0x87, 0xFF, 0xF0, 0xC1, 0xFF, 0xFC, 0x70, 0x71,
    0xC6, 0x1C, 0x1C, 0x71, 0x87, 0x07, 0x1C, 0xE1, 0x81, 0xC7, 0x10, 0xFF, 0x7F, 0xFE, 0x3F, 0xDF,
    0xFF, 0x9E, 0x37, 0xC0, 0xC7, 0x8D, 0xF0, 0x71, 0xE3, 0x7E, 0x1C, 0x58, 0xDD, 0x86, 0x06, 0x37,
    0x73, 0x81, 0x8D, 0xCF, 0xC0, 0x63, 0x63, 0xF0, 0x18, 0xD8, 0x78, 0x07, 0xFE, 0x1E, 0x01, 0xFF,
    0x9F, 0xE0, 0x60, 0xCF, 0x3C, 0x18, 0x7F, 0x87, 0xC0, 0x1F, 0xC0, 0xF0, 0x00, 0x40, 0x08, 0x00,
    0x01, 0x00, 0x00, 0x00, 0xE0, 0x07, 0xFE, 0x38, 0x01, 0xFF, 0x9F, 0xF8, 0x0E, 0x07, 0xFE, 0x03,
    0x83, 0x87, 0x00, 0xC0, 0xE1, 0xC0, 0x30, 0x70, 0xE0, 0x1C, 0x3F, 0xFF, 0x87, 0x1F, 0xFF, 0xE1,
    0xC3, 0xC7, 0x18, 0xFF, 0x31, 0xC6, 0x3F, 0xCC, 0x71, 0x9E, 0x33, 0xFF, 0xE7, 0x8C, 0xFF, 0xF9,
    0xE3, 0x31, 0xC6, 0x78, 0xCC, 0x71, 0x86, 0x33, 0x1C, 0x61, 0x8D, 0xFF, 0xF8, 0x63, 0x7F, 0xFE,
    0x18, 0xDC, 0x71, 0x87, 0xF6, 0x1C, 0x61, 0xFF, 0x87, 0x18, 0x60, 0xE1, 0xC6, 0x18, 0x70, 0x7F,
    0x80, 0x1C, 0x1B, 0xE0, 0x00, 0x00, 0x00, 0x00, 0x00, 0x60, 0x00, 0x00, 0x1C, 0x00, 0x00, 0x06,
    0x01, 0xFF, 0xFF, 0xFF, 0x7F, 0xFF, 0xFF, 0xC3, 0x86, 0x70, 0x70, 0xE1, 0x9F, 0x1C, 0x30, 0x6E,
    0xE7, 0x1C, 0x03, 0xB8, 0x07, 0x01, 0xFF, 0xE1, 0xC0, 0xFF, 0xF8, 0x7F, 0x78, 0x60, 0x3F, 0xFE,
    0x18, 0x0E, 0x3F, 0x86, 0x07, 0x8C, 0x7F, 0xF9, 0xE3, 0x1F, 0xFE, 0x78, 0xC6, 0x18, 0x1E, 0x31,
    0x86, 0x01, 0x8C, 0x61, 0x80, 0x63, 0x1F, 0xFE, 0x1C, 0xC7, 0xFF, 0x87, 0xF1, 0x86, 0x01, 0xFC,
    0x61, 0x80, 0x60, 0x1F, 0xFF, 0x18, 0x07, 0xFF, 0xC0, 0x01, 0x80, 0x00, 0x00, 0x60, 0x00, 0x7F,
    0xFF, 0xFF, 0x9F, 0xFF, 0xFF, 0xE0, 0xE0, 0xE3, 0x00, 0x30, 0x38, 0xC0, 0x0C, 0x0F, 0xFF, 0x83,
    0x03, 0xFF, 0xE1, 0xC0, 0xE3, 0x00, 0x70, 0x38, 0xC0, 0x1C, 0x0F, 0xFF, 0x87, 0xFB, 0xFF, 0xE3,
    0xFE, 0xE3, 0x00, 0xE3, 0xB8, 0xC0, 0x78, 0xEE, 0x30, 0x1E, 0x3B, 0xFF, 0xFF, 0x8E, 0xFF, 0xFD,
    0xE3, 0x80, 0x37, 0x18, 0xED, 0x6D, 0xC6, 0x3F, 0xFD, 0xF1, 0x8F, 0xFB, 0x7C, 0x7F, 0xE6, 0xC7,
    0x1F, 0xF9, 0xB1, 0x86, 0x0E, 0x60, 0x61, 0x83, 0x01, 0xF8, 0x00, 0x00, 0x7C, 0x00, 0x00, 0x00,
    0x00, 0x0F, 0xFF, 0xFE, 0x03, 0xFF, 0xFF, 0x80, 0x00, 0x00, 0x00, 0x00, 0x00, 0x00, 0x00, 0x00,
    0x00, 0x00, 0x00, 0x00, 0x00, 0x00, 0x00, 0x01, 0xFF, 0xFF, 0xFF, 0x7F, 0xFF, 0xFF, 0xC0, 0x03,
    0x80, 0x00, 0x00, 0xE0, 0x00, 0x08, 0x38, 0x20, 0x03, 0x8E, 0x38, 0x01, 0xC3, 0x87, 0x00, 0x70,
    0xE1, 0xE0, 0x38, 0x38, 0x38, 0x1E, 0x0E, 0x07, 0x0F, 0x03, 0x81, 0xE7, 0x80, 0xE0, 0x39, 0xC0,
    0x38, 0x0E, 0x20, 0x0E, 0x01, 0x80, 0x7F, 0x80, 0x00, 0x0F, 0xC0, 0x00, 0x01, 0x00, 0x00, 0x04,
    0x00, 0x60, 0x03, 0x80, 0x1C, 0x00, 0x70, 0x07, 0x00, 0x1C, 0x01, 0xC0, 0x03, 0x00, 0x70, 0x1F,
    0xFF, 0xFF, 0xE7, 0xFF, 0xFF, 0xF8, 0x03, 0x71, 0xC6, 0x01, 0xDC, 0x71, 0x80, 0xE7, 0x1C, 0x60,
    0x39, 0xC7, 0x18, 0x1C, 0x7F, 0xFE, 0x0F, 0x1F, 0xFF, 0x87, 0xE7, 0x1C, 0x63, 0xFD, 0xC7, 0x19,
    0xFB, 0xF1, 0xC6, 0x76, 0x7C, 0x71, 0x99, 0x97, 0xFF, 0xE0, 0x61, 0xFF, 0xF8, 0x18, 0x71, 0xC6,
    0x06, 0x00, 0x70, 0x01, 0x80, 0x1C, 0x00, 0x60, 0x07, 0x00, 0x18, 0x01, 0xC0, 0x06, 0x00, 0x70,
    0x01, 0x80, 0x1C, 0x00, 0x60, 0x06, 0x00, 0x07, 0x00, 0x60, 0x03, 0x80, 0x38, 0x01, 0xC0, 0x1C,
    0x0F, 0xFF, 0xFF, 0xE7, 0xFF, 0xFF, 0xF0, 0x78, 0x07, 0xC0, 0x7F, 0x07, 0xE0, 0x3F, 0xC7, 0xF8,
    0x3F, 0x77, 0x7E, 0x3B, 0x97, 0xBB, 0xF9, 0xC7, 0x1C, 0xE8, 0xE1, 0x0E, 0x20, 0x00, 0x00, 0x00,
    0x7F, 0xFF, 0xE0, 0x3F, 0xFF, 0xF0, 0x00, 0x00, 0x00, 0x00, 0x00, 0x00, 0x7F, 0xFF, 0xFF, 0xFF,
    0xFF, 0xFF, 0xE0, 0x03, 0x80, 0x00, 0x71, 0xC7, 0x00, 0x70, 0xE3, 0xC0, 0x70, 0x70, 0xF0, 0xF0,
    0x38, 0x1E, 0xF1, 0xFC, 0x07, 0x30, 0x7C, 0x01, 0x00, 0x00, 0x18, 0x00, 0x00, 0x0C, 0x00, 0x00,
    0x07, 0x00, 0x1F, 0xFF, 0xFF, 0xFF, 0xFF, 0xFF, 0xF8, 0x04, 0x0C, 0x00, 0x77, 0x8E, 0x70, 0x39,
    0xFE, 0x38, 0x1C, 0x3E, 0x1C, 0x0E, 0x3F, 0xCE, 0x07, 0x7C, 0xF7, 0x03, 0xB8, 0x1B, 0x81, 0xFF,
    0xFF, 0xC0, 0xFF, 0xFF, 0xE0, 0x00, 0x70, 0x00, 0x00, 0x70, 0x00, 0x3F, 0xFF, 0xFF, 0x1F, 0xFF,
    0xFF, 0x8C, 0x1C, 0xE1, 0xC6, 0x1C, 0x30, 0xE3, 0x1C, 0x7C, 0x71, 0x9F, 0xFF, 0x38, 0xCF, 0xFD,
    0x9C, 0x62, 0x00, 0x8E, 0x30, 0x00, 0x7E, 0x18, 0x00, 0x3F, 0x00, 0x00, 0x00, 0x00, 0x00, 0x00,
    0x60, 0x00, 0x78, 0x18, 0x01, 0xFE, 0x06, 0x01, 0xFF, 0x01, 0x80, 0x3F, 0x00, 0x60, 0x01, 0xC1,
    0x99, 0x80, 0x70, 0x66, 0x70, 0x1C, 0x19, 0x8C, 0x7F, 0xFE, 0x63, 0x9F, 0xFF, 0x98, 0x60, 0x70,
    0xE6, 0x1C, 0x3E, 0x31, 0x87, 0x0F, 0xDC, 0x60, 0xC3, 0xF7, 0x18, 0x01, 0xFE, 0x06, 0x38, 0x7D,
    0x81, 0x8E, 0x3F, 0x60, 0x67, 0x0D, 0xC0, 0x19, 0xC7, 0x70, 0x00, 0xE1, 0x9C, 0x00, 0x70, 0x67,
    0x00, 0x38, 0x01, 0xC0, 0x3E, 0x00, 0x70, 0x3F, 0x00, 0x1C, 0x7F, 0x00, 0x07, 0x3F, 0x00, 0x01,
    0xCF, 0x00, 0x00, 0x30, 0x00, 0x00, 0x00, 0x03, 0x00, 0x00, 0x78, 0xE0, 0x03, 0xFE, 0x30, 0x00,
    0xFE, 0x1C, 0x00, 0x37, 0x07, 0xFF, 0xC1, 0xC1, 0xFF, 0xF0, 0x70, 0xE7, 0x1C, 0x1C, 0x39, 0xCE,
    0x07, 0x0E, 0x73, 0x9F, 0xFF, 0x1C, 0xC7, 0xFF, 0xC7, 0x00, 0x1C, 0x61, 0xC8, 0x0F, 0x87, 0x77,
    0x03, 0xE1, 0xDD, 0xC1, 0xFC, 0x67, 0x30, 0x7F, 0x99, 0xCE, 0x3F, 0x6E, 0x73, 0x8F, 0xC3, 0x9C,
    0x67, 0x71, 0xC7, 0x1D, 0x9C, 0x71, 0xC7, 0x67, 0x38, 0x71, 0xC1, 0xC6, 0x1C, 0x20, 0x70, 0x07,
    0x00, 0x1C, 0x01, 0xC0, 0x07, 0x03, 0xF0, 0x01, 0xC0, 0x78, 0x00, 0x20, 0x00, 0x00, 0x00, 0x00,
    0x60, 0x00, 0xF0, 0x38, 0x03, 0xFE, 0x1E, 0x01, 0xFE, 0x0F, 0xFC, 0x3F, 0x07, 0xFF, 0x01, 0xC3,
    0xC1, 0xC0, 0x73, 0xE0, 0xE0, 0x1C, 0xFE, 0x78, 0x07, 0x13, 0xFC, 0x1F, 0xF8, 0x7E, 0x07, 0xFE,
    0x3E, 0x00, 0x3C, 0x7F, 0xE0, 0x0F, 0xBF, 0x78, 0x03, 0xF6, 0x3F, 0xF1, 0xFC, 0x1F, 0xFC, 0x7F,
    0x8F, 0x07, 0x3F, 0x47, 0x83, 0x8D, 0xC7, 0xE1, 0xE7, 0x71, 0xDE, 0x71, 0x9C, 0x23, 0xF8, 0x67,
    0x00, 0x7C, 0x01, 0xC0, 0x1E, 0x00, 0x70, 0x1F, 0x00, 0x1C, 0x1F, 0x80, 0x07, 0x3F, 0x80, 0x01,
    0xCF, 0x80, 0x00, 0x63, 0x00, 0x00, 0x00, 0xE0, 0x00, 0x01, 0xFD, 0xFF, 0xF1, 0xFF, 0x3F, 0xFE,
    0x3F, 0x87, 0x01, 0xC0, 0x70, 0xE0, 0x38, 0x0E, 0x1C, 0x07, 0x01, 0xC3, 0x80, 0xE3, 0xFF, 0x70,
    0x1C, 0x7F, 0xEF, 0xFF, 0x80, 0xE1, 0xFF, 0xF0, 0x3C, 0x00, 0x00, 0x07, 0xC0, 0x00, 0x00, 0xFD,
    0xFF, 0xFC, 0x3F, 0xFF, 0xFF, 0x87, 0xF8, 0x1C, 0x01, 0xFB, 0x03, 0x80, 0x37, 0x20, 0x70, 0x0E,
    0xE1, 0xFF, 0xF1, 0x9C, 0x3F, 0xFE, 0x33, 0x80, 0x38, 0x00, 0x70, 0x07, 0x00, 0x0E, 0x00, 0xE0,
    0x01, 0xC0, 0x1C, 0x00, 0x39, 0xFF, 0xFE, 0x07, 0x3F, 0xFF, 0xC0, 0x60, 0x00, 0x00, 0x00, 0x00,
    0x60, 0x01, 0xC0, 0x70, 0x8F, 0xEE, 0x38, 0xFF, 0xE3, 0x9C, 0x77, 0xE1, 0xCE, 0x70, 0x70, 0x77,
    0x38, 0x38, 0x3B, 0xB8, 0x1C, 0x0D, 0xD8, 0x0E, 0x00, 0xE0, 0x7F, 0xEF, 0xFF, 0xBF, 0xF7, 0xFF,
    0xC3, 0xC3, 0x00, 0x61, 0xF1, 0x80, 0x31, 0xF8, 0xFF, 0xF8, 0xFE, 0x7F, 0xFC, 0xFF, 0xB0, 0x06,
    0x7E, 0x98, 0x03, 0x77, 0x0C, 0x01, 0xBB, 0x87, 0xFF, 0xD9, 0xC3, 0xFF, 0xEC, 0xE1, 0x80, 0x30,
    0x70, 0xC0, 0x18, 0x38, 0x60, 0x0C, 0x1C, 0x30, 0x06, 0x0E, 0x18, 0x3F, 0x07, 0x0C, 0x1F, 0x83,
    0x06, 0x00, 0x00, 0x00, 0x00, 0x00, 0x00, 0x38, 0x01, 0xF0, 0x7F, 0xBF, 0xFE, 0x3F, 0xEF, 0xFE,
    0x87, 0xE1, 0xEC, 0x38, 0x0C, 0x39, 0xC7, 0x01, 0x83, 0x99, 0xC0, 0x30, 0x73, 0xF0, 0x06, 0x07,
    0x6E, 0x0F, 0xFC, 0x0C, 0x01, 0xFF, 0xFF, 0xFE, 0x07, 0x0F, 0xFF, 0xC0, 0xF1, 0xC6, 0x38, 0x1F,
    0x38, 0xC7, 0x07, 0xF7, 0x18, 0xE0, 0xFF, 0xFF, 0xFC, 0x3E, 0xFF, 0xFF, 0x86, 0xCB, 0x8C, 0x71,
    0xD8, 0x71, 0x8E, 0x33, 0x3F, 0xFF, 0xF6, 0x67, 0xFF, 0xFE, 0x0C, 0x38, 0x07, 0x01, 0x87, 0x00,
    0xE0, 0x30, 0xE0, 0x1C, 0x06, 0x1C, 0x1F, 0x80, 0xC3, 0x81, 0xF0, 0x18, 0x00, 0x00, 0x00, 0x00,
    0x30, 0x00, 0x00, 0xF0, 0x00, 0x00, 0xE0, 0x07, 0xFF, 0xFF, 0xFF, 0xFF, 0xFF, 0xF8, 0x00, 0x01,
    0xF0, 0x70, 0xC3, 0xE1, 0xE1, 0xE7, 0xC7, 0x81, 0xEE, 0x3E, 0x01, 0xE0, 0xF1, 0xC1, 0xE3, 0xC3,
    0x80, 0xE6, 0x07, 0x00, 0x80, 0x0E, 0x00, 0x1F, 0xFF, 0xFE, 0x3F, 0xFF, 0xFC, 0x00, 0xE0, 0x38,
    0x01, 0xC0, 0x70, 0x07, 0x00, 0xE0, 0x0E, 0x01, 0xC0, 0x38, 0x03, 0x80, 0xF0, 0x06, 0x03, 0xC0,
    0x1C, 0x1F, 0x00, 0x38, 0xFC, 0x0F, 0xF0, 0xF0, 0x1F, 0xC1, 0x80, 0x00, 0x00, 0x00, 0x30, 0x00,
    0x00, 0x70, 0x00, 0x00, 0x38, 0x00, 0x00, 0x38, 0x00, 0xFF, 0xFF, 0xFE, 0xFF, 0xFF, 0xFE, 0xC0,
    0x00, 0x06, 0xC0, 0x82, 0x06, 0xC1, 0xC7, 0x86, 0xC7, 0xC7, 0xE6, 0xDF, 0x01, 0xF8, 0x7E, 0x00,
    0x7C, 0xF8, 0x00, 0x1E, 0x60, 0x00, 0x0C, 0x1F, 0xFF, 0xF8, 0x1F, 0xFF, 0xF8, 0x00, 0x38, 0x00,
    0x00, 0x38, 0x00, 0x00, 0x38, 0x00, 0x00, 0x38, 0x00, 0x00, 0x38, 0x00, 0x00, 0x38, 0x00, 0x00,
    0x38, 0x00, 0xFF, 0xFF, 0xFE, 0xFF, 0xFF, 0xFE, 0x00, 0x08, 0x00, 0x00, 0x0E, 0x00, 0x00, 0x07,
    0x00, 0x0F, 0xFF, 0xFF, 0xE7, 0xFF, 0xFF, 0xF3, 0x07, 0x1E, 0x19, 0x8F, 0x0F, 0xEC, 0x3F, 0x00,
    0xFC, 0x7F, 0x80, 0x0E, 0x19, 0xC0, 0x00, 0x0F, 0xFD, 0xFF, 0x87, 0xFE, 0xFF, 0xC3, 0x83, 0x00,
    0x61, 0xFF, 0x80, 0x30, 0xFF, 0xCF, 0xF8, 0x70, 0x6F, 0xFC, 0x3F, 0xF7, 0x00, 0x1F, 0xFB, 0x80,
    0x1F, 0xFD, 0xFF, 0xDF, 0xFE, 0xFF, 0xE0, 0x1F, 0x00, 0x70, 0x1D, 0x80, 0x38, 0x3C, 0xC0, 0x1C,
    0xF8, 0x60, 0x0E, 0xF9, 0xF0, 0xFE, 0x30, 0xF8, 0x7F, 0x00, 0x00, 0x00, 0x00, 0x00, 0x18, 0x00,
    0x00, 0x1C, 0x00, 0x00, 0x07, 0x00, 0x00, 0x03, 0x80, 0x00, 0x01, 0xC0, 0x00, 0x00, 0xE0, 0x01,
    0xFF, 0xFF, 0xFC, 0xFF, 0xFF, 0xFE, 0x00, 0x00, 0x00, 0x01, 0x80, 0x38, 0x01, 0xC0, 0x1C, 0x00,
    0xE0, 0x0E, 0x00, 0x38, 0x07, 0x00, 0x1C, 0x07, 0x00, 0x0E, 0x03, 0x80, 0x07, 0x01, 0xC0, 0x01,
    0xC1, 0xC0, 0x00, 0xE0, 0xE0, 0x00, 0x70, 0x70, 0x00, 0x38, 0x38, 0x00, 0x1C, 0x38, 0x00, 0x06,
    0x1C, 0x00, 0x00, 0x1C, 0x01, 0xFF, 0xFF, 0xFF, 0xFF, 0xFF, 0xFF, 0x80, 0x00, 0x00, 0x00, 0x01,
    0x80, 0x00, 0x18, 0xCF, 0xFF, 0x0C, 0x67, 0xFF, 0x86, 0x31, 0x81, 0xC3, 0x18, 0xE1, 0xC1, 0x8C,
    0x30, 0xE0, 0xC6, 0x1C, 0xE0, 0x63, 0x07, 0xE0, 0x31, 0x83, 0xF0, 0x18, 0xC0, 0xF0, 0x0C, 0x61,
    0xFE, 0x06, 0x33, 0xFF, 0xE3, 0x1B, 0xE1, 0xF8, 0x0D, 0xC0, 0x38, 0x00, 0x70, 0x00, 0x00, 0x38,
    0x00, 0x7F, 0xFF, 0xFF, 0x3F, 0xFF, 0xFF, 0x80, 0xC0, 0x1C, 0x00, 0x70, 0x0E, 0x00, 0x38, 0x0E,
    0x00, 0x0C, 0x07, 0x00, 0x06, 0x03, 0x01, 0xFF, 0xFF, 0xFF, 0xFF, 0xFF, 0xFF, 0x80, 0x00, 0x18,
    0x00, 0x00, 0x0E, 0x00, 0x00, 0x07, 0x00, 0x07, 0xFF, 0xFF, 0xC3, 0xFF, 0xFF, 0xE0, 0x1C, 0x07,
    0x00, 0x0E, 0x03, 0x81, 0xFF, 0xFF, 0xFF, 0xFF, 0xFF, 0xFF, 0x80, 0x00, 0x00, 0x07, 0xFF, 0xFF,
    0x03, 0xFF, 0xFF, 0x81, 0xC0, 0x01, 0xC0, 0xE0, 0x00, 0xE0, 0x7F, 0xFF, 0xF0, 0x3F, 0xFF, 0xF8,
    0x1C, 0x00, 0x1C, 0x0F, 0xFF, 0xFE, 0x07, 0xFF, 0xFF, 0x00, 0x03, 0x80, 0x00, 0x01, 0xC0, 0x07,
    0xFF, 0xFF, 0xFF, 0xFF, 0xFF, 0xFE, 0x00, 0x38, 0x00, 0x00, 0x1C, 0x00, 0x00, 0x0E, 0x00, 0x00,
    0x00, 0x00, 0xC0, 0x0C, 0x00, 0x60, 0x07, 0x0E, 0x30, 0xC1, 0x87, 0x18, 0x60, 0xE3, 0x8C, 0x30,
    0x71, 0xC6, 0x1B, 0xFF, 0xE3, 0x0D, 0xFF, 0xFF, 0xFE, 0x01, 0x3F, 0xFF, 0x31, 0xC0, 0x00, 0x18,
    0xE0, 0x00, 0x0E, 0x7F, 0xFF, 0xF7, 0x37, 0xFF, 0xFB, 0x98, 0x0E, 0x00, 0xCC, 0x07, 0x00, 0x66,
    0x7F, 0xFF, 0x37, 0x3F, 0xFF, 0x9B, 0x99, 0x99, 0xCD, 0x8C, 0xCC, 0xE6, 0xFE, 0x66, 0x71, 0xFF,
    0x33, 0x3F, 0xFF, 0x99, 0x9F, 0xF0, 0xCC, 0xCF, 0x80, 0x66, 0x67, 0x00, 0x33, 0x33, 0x80, 0x19,
    0x9F, 0xC0, 0x0C, 0x01, 0xC0, 0x06, 0x01, 0x80, 0x03, 0x80, 0x70, 0x00, 0xE0, 0x38, 0x00, 0x7F,
    0xEF, 0xFF, 0x1F, 0xFB, 0xFF, 0xCE, 0xE1, 0xCE, 0x03, 0x9C, 0xE3, 0x81, 0xC7, 0x78, 0x60, 0x60,
    0xC4, 0x7E, 0x00, 0x3F, 0xFF, 0x81, 0xFF, 0xFF, 0x80, 0x7F, 0xF0, 0x00, 0x00, 0x1C, 0x00, 0x00,
    0x07, 0xFF, 0x81, 0xFF, 0xFF, 0xE0, 0x7F, 0xFF, 0x00, 0x1E, 0x1C, 0x00, 0x00, 0x07, 0x01, 0xF0,
    0x03, 0xFF, 0xFD, 0xFF, 0xFF, 0xFF, 0x7F, 0xFF, 0x00, 0x0E, 0x07, 0x00, 0x60, 0x01, 0xC0, 0x18,
    0x00, 0x70, 0x0E, 0x00, 0x1F, 0xFF, 0x80, 0x03, 0xFF, 0xC0, 0x04, 0x01, 0x80, 0x03, 0x80, 0x70,
    0x00, 0xE0, 0x38, 0x00, 0x7F, 0xEF, 0xFF, 0x1F, 0xFF, 0xFF, 0xCE, 0xE1, 0xCE, 0x03, 0x9C, 0xE3,
    0x81, 0xC7, 0x78, 0x70, 0x70, 0xCC, 0x18, 0x00, 0xE0, 0x03, 0x00, 0x38, 0x00, 0xC0, 0x1C, 0x00,
    0x30, 0x0F, 0x7F, 0xFF, 0xC3, 0x9F, 0xFF, 0xF1, 0xE0, 0x00, 0xC0, 0xF8, 0x20, 0x30, 0x7E, 0x18,
    0x0C, 0x1D, 0x87, 0x03, 0x00, 0x60, 0xE0, 0xC0, 0x18, 0x38, 0x30, 0x06, 0x07, 0x0C, 0x01, 0x80,
    0x83, 0x00, 0x60, 0x00, 0xC0, 0x18, 0x00, 0x70, 0x06, 0x01, 0xFC, 0x01, 0x80, 0x7E, 0x00, 0x00,
    0x00, 0x00, 0x0C, 0x01, 0x80, 0x07, 0x01, 0xC0, 0x07, 0x00, 0xE0, 0x03, 0xFF, 0x7F, 0xF3, 0xFF,
    0xFF, 0xFB, 0xDC, 0x79, 0xC3, 0xC7, 0x38, 0xE1, 0xC3, 0x18, 0x30, 0x3F, 0xFF, 0xFE, 0x1F, 0xFF,
    0xFF, 0x00, 0x07, 0x03, 0x80, 0x03, 0x81, 0xC0, 0x01, 0xC0, 0xE0, 0xFF, 0xFF, 0xF0, 0x7F, 0xFF,
    0xF8, 0x38, 0x38, 0x00, 0x18, 0x1C, 0x00, 0x1F, 0xFF, 0xFF, 0x8F, 0xFF, 0xFF, 0xC0, 0x0F, 0x80,
    0xE0, 0x0F, 0xC0, 0x60, 0x1E, 0xE0, 0x70, 0x1E, 0x70, 0x38, 0x3E, 0x39, 0xFC, 0x7C, 0x1C, 0xFC,
    0x3C, 0x0E, 0x00, 0x08, 0x06, 0x00, 0x00, 0x08, 0x03, 0x00, 0x06, 0x01, 0xC0, 0x07, 0x01, 0xC0,
    0x07, 0xFF, 0xFF, 0xF3, 0xFF, 0xFF, 0xFB, 0x99, 0xE7, 0x03, 0xCE, 0xE1, 0xC1, 0xC3, 0x38, 0x60,
    0x1F, 0xFF, 0xFC, 0x0F, 0xFF, 0xFE, 0x00, 0x07, 0x07, 0x1F, 0xFF, 0xFF, 0xFF, 0xFF, 0xFF, 0xF8,
    0x00, 0xE0, 0xE0, 0x00, 0x70, 0x70, 0x3F, 0xFF, 0xF8, 0x1F, 0xFF, 0xFC, 0x00, 0x0E, 0x00, 0x0F,
    0xFF, 0xFF, 0x87, 0xFF, 0xFF, 0xC0, 0x01, 0xC0, 0x00, 0x00, 0xE0, 0x03, 0xFF, 0xFF, 0xFF, 0xFF,
    0xFF, 0xFF, 0x00, 0x1C, 0x00, 0x00, 0x0E, 0x00, 0x00, 0x07, 0x00, 0x00, 0x04, 0x01, 0x80, 0x03,
    0x80, 0x70, 0x00, 0xE0, 0x38, 0x00, 0x7F, 0xFF, 0xFF, 0x3F, 0xFF, 0xFF, 0xCE, 0xE3, 0xCE, 0x07,
    0x18, 0xE3, 0x81, 0xC6, 0x38, 0x60, 0x00, 0x0E, 0x00, 0x03, 0xFF, 0xFF, 0xC0, 0xFF, 0xFF, 0xF0,
    0x00, 0x38, 0x00, 0x00, 0x0E, 0x00, 0x1F, 0xFF, 0xFF, 0xF7, 0xFF, 0xFF, 0xFC, 0x00, 0x00, 0xC0,
    0x00, 0x00, 0x30, 0x0F, 0xFF, 0xFF, 0xE3, 0xFF, 0xFF, 0xFC, 0x0E, 0x00, 0xC0, 0x03, 0xC0, 0x30,
    0x00, 0x78, 0x0C, 0x00, 0x0F, 0x03, 0x00, 0x01, 0xC0, 0xC0, 0x00, 0x27, 0xF0, 0x00, 0x00, 0xFC,
    0x00, 0x06, 0x01, 0x80, 0x01, 0xC0, 0x38, 0x00, 0x38, 0x0E, 0x00, 0x0F, 0xFD, 0xFF, 0xE1, 0xFF,
    0xFF, 0xFC, 0x73, 0x1C, 0x70, 0x0E, 0x71, 0x87, 0x03, 0x8E, 0x70, 0xE0, 0x60, 0x9F, 0x0C, 0x00,
    0x0F, 0x78, 0x00, 0x03, 0xC7, 0x80, 0x01, 0xF0, 0x7C, 0x00, 0xF8, 0x03, 0xF0, 0xFF, 0xFF, 0xDF,
    0x9F, 0x3F, 0xF8, 0xF1, 0x00, 0x00, 0x04, 0x06, 0x1C, 0x0E, 0x00, 0xC1, 0x83, 0x80, 0x1C, 0x38,
    0x70, 0x01, 0xC3, 0x1C, 0x00, 0x38, 0x73, 0x80, 0x03, 0x8E, 0xE0, 0x00, 0x60, 0x1C, 0x00, 0x00,
    0x07, 0x00, 0x7F, 0xFF, 0xFF, 0xCF, 0xFF, 0xFF, 0xF8, 0x0C, 0x01, 0x00, 0x07, 0x01, 0xC0, 0x07,
    0x00, 0xE0, 0x03, 0xFF, 0x7F, 0xF3, 0xFF, 0xFF, 0xFB, 0xDC, 0x71, 0xC1, 0xC7, 0x38, 0xE1, 0xC3,
    0x98, 0x30, 0x7C, 0x00, 0x10, 0x0F, 0x7F, 0xFF, 0x83, 0xBF, 0xFF, 0xC6, 0xE0, 0x00, 0xE3, 0x20,
    0x00, 0x71, 0x8F, 0xFE, 0x38, 0xC7, 0xFF, 0x1C, 0x63, 0x83, 0x8E, 0x31, 0xC1, 0xC7, 0x18, 0xFF,
    0xE3, 0x8C, 0x7F, 0xF1, 0xC6, 0x38, 0x38, 0xE3, 0x1C, 0x1C, 0x71, 0x8F, 0xFE, 0x38, 0xC7, 0xFF,
    0x1C, 0x60, 0x00, 0x0E, 0x30, 0x00, 0x7E, 0x18, 0x00, 0x3F, 0x08, 0x00, 0x00, 0x00, 0x18, 0x01,
    0x00, 0x0E, 0x01, 0xC0, 0x0E, 0x00, 0xE0, 0x07, 0xFE, 0x7F, 0xF7, 0xFF, 0x7F, 0xFB, 0x9C, 0x71,
    0xC3, 0x86, 0x78, 0xE1, 0xC3, 0x38, 0x30, 0x7F, 0xFF, 0xFF, 0x3F, 0xFF, 0xFF, 0x9C, 0x00, 0x01,
    0xCE, 0x00, 0x00, 0xE7, 0xFF, 0xFF, 0xF0, 0x7F, 0xFF, 0xC0, 0x38, 0x00, 0xE0, 0x1C, 0x00, 0x70,
    0x0F, 0xFF, 0xF8, 0x07, 0xFF, 0xFC, 0x03, 0x80, 0x00, 0x01, 0xFF, 0xFF, 0x80, 0xFF, 0xFF, 0xC0,
    0x70, 0x00, 0x60, 0x38, 0x00, 0x30, 0x1C, 0x00, 0x18, 0x0F, 0xFF, 0xFC, 0x07, 0xFF, 0xFE, 0x03,
    0x80, 0x03, 0x00, 0x06, 0x01, 0x80, 0x03, 0x80, 0x70, 0x00, 0xE0, 0x38, 0x00, 0x7F, 0xFF, 0xFF,
    0x1F, 0xFF, 0xFF, 0xCE, 0xE1, 0xDC, 0x03, 0x98, 0xE3, 0x81, 0xC7, 0x38, 0x70, 0x73, 0xCC, 0x18,
    0x08, 0xE0, 0x00, 0x00, 0x38, 0x7F, 0xF8, 0x0E, 0x1F, 0xFE, 0x7F, 0xFF, 0x03, 0x9F, 0xFF, 0xC0,
    0xE0, 0x78, 0x7F, 0xF8, 0x1E, 0x1F, 0xFE, 0x0F, 0xE7, 0x03, 0x83, 0xFD, 0xC0, 0xE1, 0xFF, 0xF0,
    0x38, 0xEE, 0xFF, 0xFE, 0x3B, 0x97, 0xFF, 0x9C, 0xE1, 0xC0, 0xE6, 0x38, 0x70, 0x38, 0x8E, 0x1F,
    0xFE, 0x03, 0x87, 0xFF, 0x80, 0xE1, 0xC0, 0xE0, 0x38, 0x70, 0x00, 0x04, 0x00, 0xC0, 0x03, 0x80,
    0x38, 0x00, 0xE0, 0x1C, 0x00, 0x7F, 0xF7, 0xFF, 0x1F, 0xFF, 0xFF, 0xCE, 0x61, 0xE7, 0x07, 0x1C,
    0xF1, 0xC1, 0xC7, 0x38, 0x38, 0x20, 0x84, 0x0C, 0x07, 0xFF, 0x7F, 0xE1, 0xFF, 0xDF, 0xF8, 0x60,
    0x77, 0x0E, 0x18, 0x1D, 0xC3, 0x87, 0xFF, 0x70, 0xE1, 0xFF, 0xDC, 0x38, 0x60, 0x77, 0x0E, 0x1F,
    0xFD, 0xC3, 0x87, 0xFF, 0x70, 0xE1, 0x86, 0x1C, 0x38, 0x63, 0x87, 0x0E, 0x18, 0x71, 0xC3, 0x86,
    0x1E, 0x7F, 0xE3, 0xFF, 0x9D, 0xF0, 0xFF, 0xF7, 0x00, 0x3F, 0x1D, 0xC0, 0x0C, 0x02, 0x70, 0x00,
    0x00, 0x18, 0x00, 0x04, 0x01, 0x80, 0x01, 0xC0, 0x38, 0x00, 0x38, 0x0E, 0x00, 0x0F, 0xFF, 0xFF,
    0xE3, 0xFF, 0xFF, 0xFC, 0xF7, 0x1C, 0x70, 0x1C, 0x67, 0x0E, 0x01, 0x0C, 0x20, 0xC0, 0x03, 0x81,
    0xFF, 0x8F, 0xFF, 0xFF, 0xF1, 0xFF, 0xFE, 0x0E, 0x01, 0xC1, 0xC1, 0xC3, 0xFF, 0xB8, 0x38, 0x7F,
    0xF7, 0x07, 0x0C, 0xE6, 0xE0, 0xE1, 0xFF, 0xDC, 0x1C, 0x3F, 0xFB, 0x83, 0x86, 0x73, 0x73, 0xF0,
    0xFF, 0xEE, 0x7C, 0x1F, 0xFD, 0xC0, 0x00, 0x38, 0x38, 0x0C, 0xFF, 0xFF, 0x01, 0x9F, 0xFF, 0xE0,
    0x30, 0x1C, 0x0C, 0x06, 0x03, 0x81, 0xFF, 0xC0, 0x70, 0x3F, 0xF0, 0x08, 0x03, 0x00, 0x0E, 0x01,
    0xC0, 0x07, 0x01, 0xC0, 0x07, 0xFF, 0xFF, 0xF7, 0xFF, 0xFF, 0xFF, 0xB8, 0xE3, 0x83, 0x8C, 0xE0,
    0xE0, 0xFF, 0xC7, 0xFE, 0x7F, 0xF7, 0xFF, 0x38, 0x3B, 0x83, 0x9F, 0xFD, 0xFF, 0xCF, 0xFE, 0xFF,
    0xE7, 0x07, 0x70, 0x73, 0xFF, 0xBF, 0xF9, 0xFF, 0xDF, 0xFC, 0xE0, 0x00, 0x0E, 0x71, 0xFF, 0xC7,
    0x38, 0xFF, 0xE3, 0x9C, 0x70, 0x71, 0xCE, 0x3F, 0xF8, 0xE7, 0x1F, 0xFC, 0x73, 0x8E, 0x0E, 0x39,
    0xC7, 0xFF, 0x1C, 0xE3, 0xFF, 0x8E, 0x71, 0xC0, 0x7F, 0x38, 0x00, 0x1F, 0x0C, 0x00, 0x00, 0x00,
    0x06, 0x00, 0x80, 0x01, 0xC0, 0x70, 0x00, 0xE0, 0x1C, 0x00, 0x3F, 0xFF, 0xFF, 0x1F, 0xFF, 0xFF,
    0xCF, 0x31, 0xC6, 0x07, 0xBE, 0x79, 0xE0, 0xCF, 0x0F, 0x38, 0x03, 0x01, 0xCE, 0x0F, 0xFF, 0xFF,
    0xF3, 0xFF, 0xFF, 0xF8, 0x0C, 0x07, 0x38, 0x3F, 0xE1, 0xCE, 0x0F, 0xFB, 0xFF, 0xF0, 0x30, 0xFF,
    0xFC, 0x0C, 0x00, 0x00, 0x7F, 0xF3, 0xFF, 0x1F, 0xFD, 0xFF, 0xE0, 0xFC, 0x70, 0x38, 0x3F, 0x9C,
    0x0E, 0x1F, 0xF7, 0xFF, 0x8F, 0xDD, 0xFF, 0xE7, 0xB3, 0x70, 0x39, 0xCC, 0x1C, 0x0E, 0x63, 0x07,
    0xFF, 0x80, 0xC1, 0xFF, 0xE0, 0x30, 0x30, 0x30, 0x0C, 0x01, 0x80, 0x07, 0x01, 0xC0, 0x07, 0x00,
    0xE0, 0x03, 0xFF, 0xFF, 0xF3, 0xFF, 0xFF, 0xFB, 0x9C, 0x71, 0xC3, 0xFE, 0x73, 0xE0, 0xD8, 0x31,
    0xB8, 0x1E, 0x3C, 0xCE, 0x1F, 0xBF, 0x63, 0x9C, 0xF9, 0xB1, 0xDF, 0xFF, 0xFF, 0xFF, 0xFF, 0xFF,
    0xF8, 0x33, 0x87, 0x00, 0x19, 0xC3, 0x9C, 0xFC, 0xFD, 0xCC, 0x3E, 0x7E, 0xE6, 0x1F, 0x3F, 0x37,
    0x1F, 0x9F, 0x9F, 0x00, 0xCE, 0x0F, 0x07, 0xE7, 0xE7, 0x83, 0xF3, 0xF3, 0x88, 0x19, 0xC3, 0xE6,
    0x0F, 0xFF, 0xFB, 0xFF, 0xFF, 0x9F, 0xFC, 0x03, 0x87, 0x80, 0x00, 0x80, 0x00, 0x00, 0x1C, 0x00,
    0x03, 0x07, 0x06, 0x00, 0xE1, 0xC3, 0x80, 0x1C, 0x71, 0xE0, 0x07, 0x9C, 0x70, 0x00, 0xC7, 0x38,
    0x07, 0xFF, 0xFF, 0xF9, 0xFF, 0xFF, 0xFE, 0x00, 0x7F, 0x00, 0x00, 0x3F, 0xF0, 0x00, 0x3D, 0xDF,
    0x00, 0x3E, 0x71, 0xF0, 0x7F, 0x1C, 0x1F, 0x3F, 0x07, 0x03, 0xC7, 0x01, 0xC0, 0x30, 0x00, 0x70,
    0x00, 0x00, 0x1C, 0x00, 0x3F, 0xFF, 0xFF, 0xEF, 0xFF, 0xFF, 0xF8, 0x01, 0xF8, 0x00, 0x00, 0x77,
    0x00, 0x00, 0x7C, 0xF0, 0x00, 0x3E, 0x1E, 0x00, 0x7F, 0x03, 0xF0, 0xFF, 0x00, 0x7F, 0x9F, 0x00,
    0x07, 0xE4, 0x00, 0x00, 0x10, 0x03, 0x00, 0x60, 0x00, 0xC0, 0x18, 0x02, 0x33, 0x86, 0x01, 0xCC,
    0xE1, 0x80, 0x33, 0x30, 0x60, 0x0C, 0xDC, 0x18, 0x03, 0xB7, 0x07, 0xFC, 0xED, 0x81, 0xFF, 0x1B,
    0x60, 0x60, 0x00, 0xC0, 0x18, 0x07, 0xFF, 0x86, 0x01, 0xFF, 0xE1, 0x80, 0x07, 0x00, 0x60, 0x01,
    0xC0, 0x18, 0x00, 0xF8, 0xFF, 0xFC, 0x3F, 0x3F, 0xFF, 0x1F, 0xEE, 0x01, 0xC6, 0xDF, 0x80, 0x73,
    0xB3, 0xE0, 0x1D, 0xCC, 0xF8, 0x07, 0x73, 0x0E, 0x01, 0xD8, 0xC3, 0x80, 0x76, 0x30, 0xE0, 0x1C,
    0x0C, 0x3F, 0xFF, 0x03, 0x0F, 0xFF, 0xC0, 0xC3, 0x80, 0x70, 0x30, 0xE0, 0x18, 0x00, 0x00, 0x00,
    0x00, 0x00, 0xFE, 0x03, 0xFF, 0xFF, 0x07, 0xFF, 0xFC, 0x03, 0xFF, 0x80, 0x00, 0x07, 0x82, 0x00,
    0x07, 0x83, 0xC0, 0x07, 0x83, 0xC0, 0x07, 0x07, 0xC0, 0x0F, 0xFF, 0x80, 0x07, 0xFF, 0x80, 0x01,
    0x0F, 0x8E, 0x00, 0x1F, 0x07, 0x80, 0x3E, 0x01, 0xE0, 0x7F, 0xFF, 0xF8, 0x7F, 0xFF, 0xFC, 0x3F,
    0xFC, 0x07, 0x00, 0x0E, 0x01, 0x80, 0xE7, 0x38, 0x00, 0xE3, 0x9F, 0x00, 0xF1, 0xC3, 0xC0, 0xF0,
    0xE0, 0xF1, 0xF0, 0x70, 0x3C, 0xF0, 0x38, 0x0E, 0x31, 0xFC, 0x03, 0x00, 0x7C, 0x00, 0x00, 0x00,
    0x00, 0x00, 0x00, 0x00, 0x70, 0x03, 0x80, 0x38, 0x01, 0x80, 0x1C, 0x01, 0xC0, 0x0E, 0x00, 0xE0,
    0x07, 0x00, 0xE6, 0x03, 0x80, 0x67, 0x01, 0xC0, 0x73, 0x1F, 0xFF, 0x77, 0x8F, 0xFF, 0xBF, 0x86,
    0x38, 0xDF, 0xC3, 0x1C, 0x61, 0xD9, 0x8C, 0x31, 0xCC, 0xCF, 0x18, 0xE6, 0x67, 0x8C, 0xEF, 0xB3,
    0xE6, 0xFF, 0xDB, 0xB3, 0x7F, 0x6D, 0xDD, 0xB0, 0x26, 0xE6, 0xC9, 0xB3, 0xE3, 0xE6, 0xD9, 0xE1,
    0xF7, 0x6E, 0xD0, 0x1B, 0xB3, 0x60, 0x0D, 0xD9, 0xB0, 0x06, 0xCE, 0xD8, 0x03, 0x66, 0x0C, 0x1F,
    0xB0, 0x06, 0x0F, 0xC0, 0x03, 0x00, 0x00, 0x02, 0x00, 0x00, 0x00, 0x60, 0x00, 0xF0, 0x1C, 0x03,
    0xFE, 0x03, 0x87, 0xFF, 0x80, 0xE0, 0xFF, 0x80, 0x1C, 0xDC, 0x70, 0x07, 0x3B, 0x8E, 0x01, 0xCE,
    0x71, 0xC0, 0x3B, 0xCE, 0x38, 0x0F, 0xF1, 0xC3, 0x01, 0xFE, 0x38, 0x60, 0x33, 0xE7, 0x0C, 0x00,
    0xEC, 0xFF, 0xFC, 0x39, 0xDF, 0xFF, 0x8E, 0x7B, 0x86, 0x03, 0xFF, 0xF0, 0xE0, 0x7F, 0xFE, 0x1C,
    0x0E, 0x05, 0xC3, 0x80, 0x0B, 0xB8, 0x70, 0x1B, 0xF7, 0x06, 0x03, 0x76, 0xE0, 0xCC, 0xEE, 0xFC,
    0x1D, 0xDC, 0xDF, 0xBB, 0xBB, 0x98, 0x7F, 0x3E, 0x63, 0x1F, 0xC7, 0xCC, 0x03, 0xC0, 0x78, 0x00,
    0x20, 0x00, 0x00, 0x02, 0x00, 0x00, 0x00, 0xE0, 0x00, 0x00, 0x1C, 0x7F, 0xF8, 0x07, 0x0F, 0xFF,
    0x00, 0xE0, 0x30, 0xE0, 0x39, 0xC6, 0x1C, 0x07, 0x38, 0xC3, 0x01, 0xCE, 0x18, 0xE0, 0x7F, 0xC3,
    0x1C, 0x0F, 0xF0, 0x63, 0x81, 0xFC, 0x1C, 0x7F, 0x07, 0x63, 0xDF, 0xE0, 0xEE, 0x78, 0x18, 0x39,
    0xCF, 0x07, 0x0F, 0xF9, 0xF0, 0xE3, 0xFF, 0xBE, 0x18, 0x7F, 0x76, 0xE7, 0x00, 0x0D, 0xCF, 0xC0,
    0xDB, 0x39, 0xF8, 0x1B, 0xF7, 0x1E, 0x03, 0x76, 0xE3, 0xC0, 0xEE, 0xF8, 0xFC, 0x1D, 0xDF, 0x3F,
    0xC3, 0x98, 0xEF, 0x3C, 0x63, 0x3F, 0xC3, 0xCC, 0x07, 0xF0, 0x38, 0x00, 0x48, 0x00, 0x00, 0x00,
    0x1C, 0x00, 0x00, 0x0E, 0x00, 0x00, 0x07, 0x00, 0x0F, 0xFF, 0xFF, 0xE7, 0xFF, 0xFF, 0xF0, 0x00,
    0xE0, 0x00, 0x00, 0x70, 0x01, 0xFF, 0xFF, 0xFF, 0xFF, 0xFF, 0xFF, 0xF0, 0x3C, 0x01, 0xF8, 0x3C,
    0x30, 0xFC, 0x3C, 0x3C, 0x70, 0x78, 0xFC, 0x00, 0xFF, 0xF8, 0x00, 0x3F, 0xF9, 0xC0, 0x01, 0xF0,
    0xF0, 0x07, 0xE0, 0x3C, 0x0F, 0xFF, 0xFF, 0x0F, 0xFF, 0xFF, 0xC7, 0xF9, 0x80, 0xE0, 0x30, 0xC6,
    0x00, 0x3C, 0x67, 0xC0, 0x78, 0x30, 0xF0, 0xF8, 0x18, 0x3E, 0x78, 0xFC, 0x07, 0x10, 0x7E, 0x01,
    0x00, 0x03, 0x80, 0x00, 0x19, 0xDF, 0xFF, 0x0C, 0xE7, 0xFF, 0x86, 0x71, 0xC1, 0x83, 0x38, 0x71,
    0xC1, 0x9C, 0x3D, 0xC0, 0xCE, 0x0F, 0xC0, 0x67, 0x07, 0xE0, 0x33, 0x9F, 0xFC, 0x19, 0xDF, 0x9F,
    0xC0, 0xFF, 0x07, 0xC0, 0x3C, 0x30, 0x60, 0x7C, 0x3C, 0x00, 0x7F, 0xFC, 0x00, 0x3F, 0xF9, 0xC0,
    0x1F, 0xF0, 0xF0, 0x07, 0xE0, 0xFC, 0x1F, 0xFF, 0xFF, 0x0F, 0xFF, 0xFF, 0xC7, 0xE1, 0x80, 0x60,
    0x78, 0xCF, 0x00, 0x78, 0x63, 0xC0, 0xF8, 0x30, 0xF8, 0xF1, 0xF8, 0x1E, 0x30, 0xFC, 0x06, 0x00,
    0x3F, 0xFF, 0xFE, 0x1F, 0xFF, 0xFF, 0x0E, 0x07, 0x03, 0x87, 0x03, 0x81, 0xC3, 0xFF, 0xFF, 0xE1,
    0xFF, 0xFF, 0xF0, 0xE0, 0x70, 0x38, 0x70, 0x38, 0x1C, 0x3F, 0xFF, 0xFE, 0x1F, 0xFF, 0xFF, 0x00,
    0x78, 0x20, 0x00, 0x78, 0x78, 0x01, 0xFF, 0xF8, 0x00, 0xFF, 0xFB, 0x00, 0x7F, 0xF1, 0xC0, 0x0F,
    0xE0, 0x78, 0x3F, 0xFF, 0xFE, 0x1F, 0xFF, 0xFF, 0x0F, 0xE7, 0x81, 0xC0, 0x63, 0x88, 0x40, 0x79,
    0xCF, 0x00, 0xF0, 0xE3, 0xE1, 0xF0, 0x70, 0x7D, 0xE1, 0xF8, 0x1E, 0x60, 0xF8, 0x02, 0x00, 0x02,
    0x00, 0x00, 0x01, 0xC0, 0x00, 0x00, 0x70, 0xFF, 0xFC, 0x38, 0x3F, 0xFF, 0x0E, 0x8E, 0x71, 0xC7,
    0x33, 0x9C, 0x71, 0x9C, 0xE7, 0x1C, 0xE6, 0x39, 0xC7, 0x7F, 0x8E, 0x71, 0xDF, 0xC3, 0x9C, 0x77,
    0xF0, 0xE7, 0x1C, 0x3B, 0x39, 0xC7, 0x1C, 0xCF, 0xFF, 0xC7, 0x3B, 0xFF, 0xF3, 0xFE, 0xE7, 0x1D,
    0xFF, 0xB9, 0xC7, 0x7E, 0x6E, 0x71, 0xC0, 0x13, 0x9C, 0x73, 0x6C, 0xE7, 0x1C, 0xDB, 0x39, 0xC7,
    0x76, 0xEE, 0x71, 0xDD, 0x9B, 0x9C, 0x77, 0x76, 0xFF, 0xFD, 0x9D, 0xBF, 0xFF, 0x66, 0x0E, 0x01,
    0xD8, 0x03, 0x80, 0x70, 0x00, 0x00, 0x00, 0x00, 0xC0, 0x00, 0x00, 0x38, 0x7F, 0xFE, 0x07, 0x0F,
    0xFF, 0xC0, 0xC0, 0x1C, 0x38, 0x39, 0x83, 0x87, 0x06, 0x70, 0xE0, 0xE1, 0xCE, 0x3C, 0xF8, 0x33,
    0x8F, 0x1F, 0x0F, 0xE7, 0xC0, 0x01, 0xFC, 0xFF, 0xFE, 0x27, 0x47, 0xFF, 0xC0, 0xDC, 0xE7, 0x18,
    0x39, 0x9C, 0xE3, 0x0E, 0xF3, 0x9C, 0x63, 0xFF, 0x73, 0x8C, 0x7E, 0x6F, 0xFF, 0x8C, 0x09, 0xFF,
    0xF0, 0xDB, 0x38, 0x06, 0x1B, 0x67, 0x00, 0x03, 0x6C, 0xE0, 0x08, 0x6D, 0xDC, 0x01, 0x9D, 0x9B,
    0x80, 0x33, 0x33, 0x70, 0x0E, 0x66, 0x0F, 0xFF, 0xC4, 0x00, 0xFF, 0xF0, 0x02, 0x00, 0xC0, 0x00,
    0xE0, 0x1C, 0x00, 0x1C, 0x07, 0x00, 0x07, 0x01, 0xFF, 0xC0, 0xE8, 0x3F, 0xF8, 0x39, 0xCE, 0x0E,
    0x06, 0x73, 0xE1, 0xC1, 0xCE, 0xFE, 0x70, 0x7F, 0xBD, 0xDE, 0x0F, 0xF3, 0x1F, 0x81, 0xFC, 0x01,
    0xE0, 0x07, 0xC0, 0x3C, 0x00, 0xFC, 0x1F, 0xE0, 0x39, 0x87, 0xBE, 0x0F, 0xF3, 0xE3, 0xF3, 0xFF,
    0xF8, 0x1E, 0x7F, 0xFF, 0xFF, 0xC4, 0x0C, 0xFF, 0xF0, 0xDB, 0x18, 0x0E, 0x1B, 0x63, 0x01, 0xC3,
    0x7E, 0x60, 0x38, 0xEE, 0xCC, 0x07, 0x1D, 0xD9, 0x80, 0xE3, 0xBA, 0x3F, 0xFC, 0x63, 0x07, 0xFF,
    0x84, 0x00, 0xC0, 0x70, 0x00, 0x00, 0x00, 0x00, 0x02, 0x00, 0x40, 0x01, 0xC0, 0x38, 0x00, 0x70,
    0x0E, 0x00, 0x38, 0x01, 0x80, 0x0E, 0x1F, 0xFF, 0xC7, 0x37, 0xFF, 0xF1, 0xDC, 0x1C, 0x00, 0xE7,
    0x07, 0x30, 0x7F, 0x83, 0x8E, 0x1F, 0xE1, 0xC1, 0xC7, 0xF0, 0xF3, 0xF0, 0x3F, 0x7F, 0xFE, 0x0E,
    0xDF, 0xFF, 0xC7, 0x3F, 0x00, 0x73, 0xFE, 0x31, 0x81, 0xFF, 0x8C, 0x60, 0x7F, 0x63, 0x18, 0x08,
    0x18, 0xC6, 0x02, 0x7C, 0x71, 0x80, 0xDB, 0x1C, 0x60, 0x36, 0xC7, 0x18, 0xDD, 0xBB, 0x86, 0x37,
    0x6E, 0xE1, 0x8D, 0xDD, 0x78, 0x63, 0x67, 0x7C, 0x1F, 0xD8, 0x1E, 0x07, 0xE0, 0x02, 0x00, 0x00,
    0x00, 0x00, 0x00, 0x07, 0x01, 0xB0, 0x03, 0x81, 0xDC, 0x01, 0x80, 0xEE, 0x01, 0xC0, 0x63, 0x80,
    0xCC, 0x71, 0x80, 0xEE, 0x3F, 0xFE, 0xE7, 0x3F, 0xFF, 0x77, 0x1C, 0x30, 0x7F, 0x9E, 0x18, 0x3F,
    0x9F, 0x0C, 0x03, 0xBF, 0xFF, 0xE1, 0xDA, 0xFF, 0xF1, 0xCE, 0x61, 0x81, 0xCF, 0x30, 0xC1, 0xFF,
    0x98, 0x60, 0xFF, 0xEC, 0x30, 0x70, 0x67, 0xFF, 0x80, 0x63, 0xFF, 0xCD, 0xB9, 0x86, 0x06, 0xCC,
    0xC3, 0x03, 0x76, 0x61, 0x83, 0xBB, 0xBF, 0xFF, 0x9C, 0x9F, 0xFF, 0xC4, 0x0C, 0x00, 0x20, 0x06,
    0x00, 0x00, 0x03, 0x00, 0x00, 0x02, 0x00, 0x00, 0x01, 0xC0, 0x00, 0x00, 0x71, 0xFF, 0xFC, 0x38,
    0x7F, 0xFF, 0x0E, 0x19, 0x09, 0xC7, 0x36, 0x63, 0x71, 0xDD, 0x98, 0xDC, 0xE7, 0x67, 0x77, 0x7F,
    0x98, 0xD9, 0xDF, 0xC7, 0xFF, 0xF7, 0xF1, 0xFF, 0xFC, 0x3B, 0x61, 0x87, 0x0C, 0xD8, 0x71, 0xC7,
    0x36, 0x1C, 0x73, 0xFD, 0xBF, 0xFD, 0xFF, 0xEF, 0xFF, 0x7F, 0xF9, 0x81, 0xC8, 0x1E, 0x60, 0x72,
    0x79, 0x98, 0x1C, 0xDF, 0x67, 0xFF, 0x36, 0xD9, 0xFF, 0xDD, 0xB6, 0x00, 0x77, 0x6F, 0x80, 0x1D,
    0x99, 0x60, 0x07, 0x66, 0x18, 0x0F, 0xD8, 0x06, 0x03, 0xE0, 0x00, 0x80, 0x00, 0x7F, 0xF0, 0x00,
    0x3F, 0xFF, 0xFF, 0x9C, 0xE1, 0xFF, 0xCE, 0x70, 0x70, 0xE7, 0xFF, 0x38, 0xE3, 0xFF, 0x8E, 0x71,
    0xC0, 0xC7, 0x70, 0xFF, 0xE1, 0xF0, 0x7F, 0xF0, 0x78, 0x39, 0xC0, 0xFE, 0x1F, 0xFF, 0xF7, 0xCF,
    0xFF, 0xF1, 0xF0, 0x07, 0x60, 0x30, 0x0F, 0x8E, 0x00, 0x3F, 0xFF, 0x00, 0x1F, 0xFE, 0x40, 0x0F,
    0xFC, 0x78, 0x03, 0xF0, 0x7E, 0x0F, 0xFF, 0xFF, 0x87, 0xFF, 0xF8, 0xE2, 0x30, 0xC6, 0x20, 0x7C,
    0x67, 0xC0, 0xF8, 0x30, 0xF8, 0xF1, 0xF8, 0x1E, 0x20, 0xFC, 0x02, 0x00, 0x02, 0x00, 0x60, 0x00,
    0xE0, 0x0E, 0x00, 0x1C, 0x03, 0x80, 0x07, 0x07, 0xFF, 0xC0, 0xE0, 0xFF, 0xF8, 0x39, 0x9C, 0x07,
    0x07, 0x73, 0x80, 0xE1, 0xCE, 0x70, 0x1C, 0x7F, 0x8F, 0xFF, 0x8F, 0xF1, 0xFF, 0xF1, 0xFC, 0x38,
    0x0E, 0x07, 0xC7, 0x01, 0xC0, 0xFC, 0xFF, 0xF8, 0x3B, 0x9F, 0xFF, 0x0E, 0x70, 0x1C, 0x03, 0xFE,
    0x03, 0x8C, 0x7F, 0xFF, 0xFB, 0x8C, 0x1F, 0xFF, 0xE0, 0x9E, 0x0F, 0xF8, 0x1B, 0xE3, 0xBE, 0x03,
    0x6C, 0x77, 0xE0, 0xED, 0x9C, 0xEE, 0x1D, 0xBF, 0x1C, 0xF3, 0x31, 0xC3, 0x8E, 0x66, 0x33, 0xF0,
    0x84, 0x00, 0x3C, 0x00, 0x00, 0x00, 0x01, 0x00, 0xE0, 0x0F, 0xF0, 0x18, 0x7F, 0xFE, 0x07, 0x0F,
    0xFD, 0x80, 0xC0, 0xCE, 0x38, 0x39, 0x9D, 0xCE, 0x06, 0x73, 0x99, 0xC1, 0xCC, 0x33, 0x70, 0x7F,
    0x9F, 0xFF, 0x8F, 0xE3, 0xFF, 0xF1, 0xFC, 0x06, 0x00, 0x07, 0xE0, 0xC0, 0x01, 0xCD, 0xFF, 0xFC,
    0x31, 0xFF, 0xFF, 0x8F, 0xF8, 0xE0, 0x03, 0xFF, 0x1C, 0x00, 0x7F, 0x63, 0xFF, 0x0C, 0x08, 0x7F,
    0xE0, 0x9B, 0x1E, 0x1C, 0x1B, 0x63, 0xE7, 0x03, 0x6E, 0xEE, 0xE0, 0xEC, 0xDC, 0xF8, 0x1D, 0x9F,
    0x1F, 0x03, 0x33, 0xEF, 0xF8, 0x66, 0x7F, 0xEF, 0xCC, 0x06, 0xF0, 0x78, 0x00, 0x08, 0x02, 0x00,
    0x00, 0x00, 0x40, 0x01, 0xC0, 0x38, 0x00, 0x60, 0x06, 0x00, 0x38, 0xFF, 0xFF, 0x0C, 0x3F, 0xFF,
    0xC7, 0x7E, 0x00, 0x71, 0x9F, 0x80, 0x1C, 0xEE, 0xFC, 0x07, 0x77, 0x87, 0xFF, 0xDF, 0xC1, 0xFF,
    0xF7, 0xF0, 0xE1, 0xC0, 0x3E, 0x38, 0x60, 0x0D, 0x8C, 0x18, 0x07, 0x77, 0x3F, 0xE3, 0xBD, 0xCF,
    0xF9, 0xFF, 0xF3, 0x06, 0x7F, 0xFC, 0xC1, 0x98, 0x0F, 0x30, 0x62, 0x6C, 0xCF, 0xF8, 0xDB, 0x33,
    0xFE, 0x76, 0xCC, 0xC1, 0x9D, 0xBB, 0x30, 0x66, 0x66, 0xCC, 0x19, 0x99, 0xB3, 0xFE, 0x66, 0x0C,
    0xFF, 0x98, 0x03, 0x30, 0x60, 0x00, 0xCC, 0x18, 0x08, 0x00, 0xC0, 0x03, 0x80, 0x70, 0x01, 0xC0,
    0x1C, 0x00, 0x70, 0x7F, 0xFC, 0x18, 0x1F, 0xFF, 0x0E, 0x66, 0x30, 0xC3, 0xB9, 0x9C, 0x31, 0xCE,
    0x6F, 0xFC, 0x67, 0x1B, 0x1B, 0x3F, 0x87, 0xFE, 0xCF, 0xE1, 0x8F, 0x30, 0x74, 0x63, 0xCC, 0x1B,
    0x9B, 0xFB, 0x0E, 0x66, 0xC2, 0xC7, 0xF9, 0xFF, 0xF3, 0xFF, 0x7F, 0xFC, 0xF8, 0xC0, 0xC0, 0x00,
    0x00, 0x39, 0x86, 0xF9, 0xF6, 0x61, 0xB6, 0x7D, 0xDC, 0x6D, 0xBF, 0x33, 0x1B, 0x6D, 0xC3, 0xE6,
    0xDF, 0x70, 0xFB, 0xB9, 0xDC, 0x36, 0xCE, 0x27, 0xFC, 0x30, 0x00, 0xFE, 0x00, 0x0C, 0x00, 0x40,
    0x01, 0x80, 0x1C, 0x00, 0x7F, 0xF3, 0x80, 0x1F, 0xFE, 0x7F, 0xE7, 0xFF, 0x9F, 0xFC, 0xFF, 0xF7,
    0x8E, 0x07, 0x66, 0xF9, 0x80, 0xC6, 0xDB, 0xF0, 0x7F, 0xFE, 0x7C, 0x0F, 0x77, 0xC7, 0x80, 0x66,
    0xE1, 0xF8, 0x0C, 0x7C, 0xFF, 0x83, 0xFF, 0xFC, 0x7C, 0x3F, 0xFF, 0x03, 0x80, 0x3E, 0x38, 0x00,
    0x3F, 0xFF, 0x00, 0x07, 0xFF, 0xB0, 0x00, 0xFF, 0xC7, 0x80, 0x0F, 0xFF, 0xF8, 0x0F, 0xFF, 0xFF,
    0x81, 0xFF, 0xF8, 0x38, 0x3B, 0x8C, 0x62, 0x01, 0xF1, 0x9F, 0x80, 0xF8, 0x30, 0xFC, 0x7C, 0x7E,
    0x07, 0x86, 0x0F, 0xC0, 0x20, 0x00, 0x00, 0x00, 0x00, 0x04, 0x00, 0x00, 0x00, 0xC6, 0x31, 0xC0,
    0x38, 0xCE, 0x30, 0x07, 0x19, 0xA6, 0x80, 0xC3, 0x7D, 0xB8, 0x3B, 0x7F, 0xFE, 0x06, 0x6F, 0xEF,
    0x81, 0xDD, 0x9E, 0x7C, 0x33, 0x37, 0xDF, 0x8F, 0xE7, 0xFF, 0xF1, 0xF8, 0xD9, 0xE6, 0x07, 0x9F,
    0xFF, 0xE1, 0xFB, 0xFF, 0xFC, 0x33, 0x63, 0x0C, 0x0E, 0xEC, 0xE3, 0x83, 0xFD, 0x98, 0x68, 0x7F,
    0xF7, 0xFF, 0x80, 0x1F, 0xFF, 0xE0, 0xD6, 0xFE, 0x7C, 0x1F, 0xD9, 0xE7, 0xC3, 0x7B, 0x7C, 0xD8,
    0xEF, 0xFF, 0xFF, 0x1D, 0xBD, 0xFF, 0xB3, 0x37, 0xFF, 0xFE, 0x66, 0x3F, 0xFF, 0xCC, 0x00, 0x00,
    0x00, 0x04, 0x00, 0x60, 0x01, 0xC0, 0x18, 0x00, 0xE3, 0xFF, 0xFC, 0x38, 0xFF, 0xFF, 0x0C, 0x00,
    0x60, 0x07, 0x77, 0xFF, 0xE1, 0x9D, 0xFF, 0xF8, 0xEE, 0xFF, 0xFF, 0x7F, 0xBF, 0xFF, 0xDF, 0xCC,
    0x66, 0x77, 0xF3, 0x19, 0x9C, 0x3E, 0xFF, 0xFF, 0x1D, 0xBF, 0xFF, 0xC7, 0x70, 0x00, 0x03, 0xFD,
    0xFF, 0xF9, 0xFF, 0x7F, 0xFE, 0x7F, 0xD8, 0x03, 0x8E, 0x37, 0xFF, 0xE0, 0x19, 0x80, 0x38, 0xDE,
    0x7F, 0xFE, 0x36, 0xD8, 0x03, 0x9D, 0xB7, 0xFF, 0xE7, 0x6D, 0xFF, 0xF1, 0xDB, 0x3E, 0x7C, 0x66,
    0x3F, 0x07, 0xD8, 0x1E, 0x00, 0x70, 0x02, 0x00, 0x00, 0x02, 0x00, 0x00, 0x00, 0xE0, 0x00, 0x00,
    0x1C, 0xFF, 0xF8, 0x03, 0x1F, 0xFF, 0x00, 0xE0, 0x70, 0xE0, 0x1C, 0x0E, 0x38, 0x07, 0x31, 0xC7,
    0x00, 0xC7, 0x38, 0xE0, 0x39, 0xC7, 0x18, 0x0E, 0x78, 0xE7, 0x01, 0xFE, 0x1C, 0xFE, 0x3F, 0xC3,
    0x9F, 0xC4, 0x70, 0x78, 0x38, 0x1C, 0x0F, 0x07, 0x07, 0x19, 0xF1, 0xC0, 0xFF, 0x7E, 0x38, 0x3F,
    0xCE, 0xE7, 0x0F, 0xC1, 0xDD, 0xC1, 0xC0, 0x39, 0xF8, 0x00, 0x3E, 0x3E, 0x00, 0x3F, 0xC3, 0xC0,
    0x3F, 0xF8, 0xF8, 0x1F, 0xCE, 0x3F, 0x83, 0xE1, 0xDF, 0x3C, 0x60, 0x77, 0xC3, 0xC0, 0x0E, 0xE0,
    0x38, 0x00, 0x88, 0x02, 0x00, 0x04, 0x00, 0xC0, 0x06, 0x00, 0xE0, 0x0E, 0x00, 0xE0, 0x0C, 0x00,
    0xE0, 0x1C, 0x00, 0xE0, 0x1C, 0x00, 0xE0, 0x38, 0x00, 0xC0, 0x39, 0xFF, 0xFF, 0x71, 0xBF, 0xFF,
    0x63, 0xB0, 0xC3, 0xFF, 0x31, 0xC3, 0xFF, 0x31, 0xC3, 0x8E, 0x31, 0xE3, 0x1C, 0x31, 0xE3, 0x18,
    0x33, 0xF3, 0x3B, 0xB3, 0xF3, 0x7F, 0xB7, 0x3B, 0xFF, 0xB7, 0x1F, 0xF0, 0x3E, 0x1F, 0x00, 0x3E,
    0x0F, 0x00, 0xF4, 0x03, 0x1F, 0xF0, 0x03, 0xFF, 0xB0, 0x03, 0xFC, 0x30, 0x03, 0xC0, 0x30, 0x3F,
    0x00, 0x30, 0x3F, 0x00, 0x30, 0x00, 0x04, 0x00, 0x00, 0x01, 0xC0, 0x0F, 0xC0, 0xE0, 0xFF, 0xF0,
    0x38, 0x7F, 0xE0, 0x1C, 0x1F, 0x70, 0x07, 0x06, 0x1C, 0x03, 0x89, 0x87, 0x00, 0xE7, 0x61, 0xC0,
    0x71, 0xD8, 0x70, 0x3F, 0xE6, 0x1C, 0x0F, 0xF1, 0x87, 0x03, 0xFC, 0x7F, 0xFE, 0x0E, 0x1F, 0xFF,
    0x87, 0x06, 0x0C, 0x03, 0x85, 0x83, 0x01, 0xFF, 0x60, 0xC0, 0xFF, 0xD8, 0x30, 0x3F, 0x86, 0x0E,
    0x0E, 0x01, 0x83, 0x80, 0x00, 0x60, 0xE4, 0x01, 0xD8, 0x39, 0x87, 0xF6, 0x06, 0x6F, 0xFD, 0xBD,
    0xDB, 0xF0, 0xFF, 0x76, 0xE0, 0x3F, 0x0F, 0x80, 0x0F, 0x01, 0xC0, 0x00, 0x00, 0x00, 0x00, 0x01,
    0x80, 0x01, 0xC0, 0xEE, 0x00, 0xE0, 0x3B, 0xC0, 0x38, 0x06, 0x78, 0x0C, 0x01, 0x86, 0x07, 0x00,
    0x63, 0xC1, 0x88, 0x7F, 0xF0, 0xE7, 0xFF, 0xFC, 0x71, 0xDF, 0xC0, 0x1F, 0xE0, 0x70, 0x0F, 0xF0,
    0x1C, 0x13, 0xFC, 0x07, 0xFE, 0x0E, 0x0F, 0xFF, 0x87, 0x0F, 0xFE, 0x01, 0xC3, 0xFC, 0x30, 0xFF,
    0x03, 0x0E, 0x7F, 0xC0, 0xC7, 0x3F, 0xC0, 0x3B, 0x87, 0x00, 0x0F, 0xC0, 0x00, 0x03, 0xE0, 0x03,
    0xC0, 0xF0, 0x07, 0xF0, 0xFC, 0x6F, 0xF0, 0xFF, 0x9B, 0xE1, 0xFC, 0xF6, 0x40, 0x7C, 0x1F, 0x80,
    0x0C, 0x03, 0xC0, 0x03, 0x00, 0x00, 0x00, 0xE0, 0x00, 0x00, 0x79, 0xFF, 0xFC, 0x1C, 0x7F, 0xFF,
    0x0E, 0x1C, 0x71, 0xC3, 0x87, 0x1C, 0x71, 0xC1, 0xC7, 0x1C, 0x71, 0xF1, 0xC7, 0x38, 0xFC, 0x71,
    0xDF, 0xFF, 0x1C, 0x77, 0xFD, 0xC7, 0x1D, 0xFE, 0x71, 0xC7, 0x07, 0x1F, 0xFF, 0xC3, 0xC7, 0xFF,
    0xF1, 0xE1, 0xC7, 0x1C, 0xFF, 0xF1, 0xC7, 0x7F, 0xFC, 0x71, 0xDF, 0xF7, 0x1C, 0x77, 0x01, 0xC7,
    0x1C, 0x00, 0x71, 0xC7, 0x00, 0x3C, 0x71, 0xC1, 0xFF, 0x1C, 0x77, 0xFF, 0xFF, 0xFD, 0xFE, 0x7F,
    0xFF, 0x70, 0x1C, 0x01, 0xC0, 0x07, 0x00, 0x70, 0x02, 0x01, 0xC0, 0x00, 0xE0, 0x38, 0x00, 0x1C,
    0x0E, 0x00, 0x07, 0x01, 0xFF, 0x80, 0xE0, 0x7F, 0xF0, 0x38, 0x1E, 0x0E, 0x07, 0x37, 0xE3, 0x81,
    0xC7, 0xFC, 0x70, 0x39, 0xF9, 0xDC, 0x0F, 0xFA, 0x1F, 0x01, 0xFE, 0x03, 0xE0, 0x3F, 0x80, 0xFE,
    0x00, 0x70, 0x3F, 0xE0, 0x1C, 0x1F, 0x1F, 0x07, 0x0F, 0xC1, 0xF9, 0xDF, 0xE6, 0x0E, 0x7F, 0xF1,
    0xF0, 0x8F, 0xF8, 0x1F, 0x81, 0xC0, 0x00, 0xF0, 0x00, 0x00, 0x06, 0x00, 0x02, 0x60, 0x00, 0x0F,
    0xDF, 0x80, 0x1F, 0xF9, 0xFE, 0x03, 0xF8, 0x07, 0xF0, 0x70, 0x00, 0x1F, 0x00, 0x00, 0x00, 0xE0,
    0x00, 0x00, 0x08, 0x00, 0x02, 0x00, 0x00, 0x00, 0x60, 0x00, 0x00, 0x1C, 0x7F, 0xFC, 0x03, 0x8F,
    0xFF, 0x80, 0xE0, 0x00, 0xF0, 0x1C, 0x00, 0x3C, 0x07, 0x10, 0x0F, 0x00, 0xE7, 0x03, 0xC0, 0x38,
    0xE0, 0xF0, 0x0F, 0xF8, 0x7F, 0x81, 0xFF, 0x1F, 0xFC, 0x3F, 0xDF, 0x87, 0xE6, 0x73, 0xE0, 0x3C,
    0x1C, 0x70, 0x01, 0x87, 0x80, 0x00, 0x00, 0xEF, 0xFF, 0xFC, 0x7F, 0xFF, 0xFF, 0x8F, 0xF8, 0x0C,
    0x01, 0xE0, 0x01, 0x80, 0x00, 0x00, 0x30, 0x00, 0x04, 0x06, 0x00, 0x0F, 0xC0, 0xC0, 0x1F, 0xF8,
    0x18, 0x03, 0xF8, 0x03, 0x00, 0x78, 0x3F, 0xFF, 0xC0, 0x07, 0xFF, 0xF8, 0x00, 0x01, 0x80, 0x00,
    0xE0, 0x70, 0x00, 0x1C, 0x0E, 0x00, 0x03, 0x83, 0xFF, 0xC0, 0xE0, 0x7F, 0xF8, 0x1C, 0x1C, 0x06,
    0x07, 0x37, 0xC1, 0xC0, 0xE7, 0xFC, 0x70, 0x39, 0xFB, 0xDE, 0x0F, 0xFA, 0x3F, 0x81, 0xFE, 0x03,
    0xE0, 0x3F, 0xC0, 0xFC, 0x00, 0x70, 0x3F, 0xE0, 0x1C, 0x3F, 0x1F, 0x07, 0x8F, 0xC1, 0xF0, 0xFF,
    0xE0, 0x0E, 0x3F, 0xCF, 0xFF, 0x8F, 0xF1, 0xFF, 0xF1, 0xE0, 0x38, 0x0E, 0x00, 0x07, 0x01, 0xC0,
    0x0E, 0xE0, 0x38, 0x0F, 0xDC, 0x07, 0x1F, 0xF3, 0x80, 0xE3, 0xF0, 0x7F, 0xFC, 0x70, 0x0F, 0xFF,
    0x80, 0x01, 0xC0, 0x70, 0x00, 0x10, 0x00, 0x00, 0x03, 0x01, 0x80, 0x00, 0xE0, 0xE0, 0x00, 0x70,
    0x38, 0x00, 0x1C, 0x1F, 0xF8, 0x0E, 0x07, 0xFE, 0x03, 0x83, 0x87, 0x01, 0xCC, 0xE1, 0xC0, 0x63,
    0xF0, 0xE0, 0x39, 0xFF, 0xFF, 0x9F, 0xFF, 0xFF, 0xE7, 0xF9, 0xC6, 0x39, 0xFC, 0x31, 0x8E, 0x07,
    0x0C, 0x63, 0x83, 0x83, 0x18, 0xE1, 0xC0, 0xC6, 0x38, 0xFF, 0xBF, 0xFE, 0x7F, 0xEF, 0xFF, 0x9F,
    0xC3, 0x00, 0x07, 0x00, 0xC0, 0x00, 0x00, 0x30, 0x00, 0x00, 0xEC, 0x00, 0xC3, 0xFB, 0x00, 0x37,
    0xFE, 0xC0, 0x1D, 0xF8, 0x38, 0x07, 0x60, 0x0F, 0xFF, 0xC0, 0x01, 0xFF, 0xE0, 0x02, 0x00, 0x40,
    0x00, 0xE0, 0x38, 0x00, 0x70, 0x0E, 0x00, 0x1C, 0x01, 0xC0, 0x0E, 0x00, 0x70, 0x03, 0x87, 0xFF,
    0xF1, 0xC1, 0xFF, 0xFC, 0x73, 0x87, 0x00, 0x39, 0xE3, 0xCC, 0x1E, 0xF0, 0xE3, 0x87, 0xF8, 0x70,
    0x71, 0xFE, 0x38, 0xFC, 0x67, 0x3F, 0xFF, 0x83, 0x8F, 0xFF, 0xF1, 0xE1, 0xF1, 0x9C, 0x7F, 0x1C,
    0x60, 0x7F, 0xC7, 0x18, 0x1F, 0xE1, 0xC6, 0x07, 0x80, 0x71, 0x80, 0x00, 0x1C, 0x60, 0x01, 0xC6,
    0x18, 0xC3, 0xFB, 0x86, 0x37, 0xFD, 0xE1, 0x8D, 0xF8, 0xF0, 0x63, 0x60, 0xF8, 0x1F, 0xC0, 0x1C,
    0x07, 0xE0, 0x00, 0x00, 0x00, 0x02, 0x00, 0x10, 0x01, 0xC6, 0x0E, 0x00, 0x71, 0x93, 0x98, 0x38,
    0x6C, 0xE6, 0x0E, 0x19, 0xBB, 0x83, 0x06, 0x6E, 0xC1, 0xCD, 0x9B, 0xB0, 0xE3, 0xE7, 0xF8, 0x39,
    0xD8, 0x38, 0x1F, 0xE7, 0xFF, 0xF7, 0xF9, 0xFF, 0xFD, 0xFC, 0x60, 0xE0, 0x07, 0x18, 0x7C, 0x03,
    0x86, 0x1F, 0x81, 0xC1, 0x8F, 0xF0, 0xFF, 0x67, 0xEE, 0x7F, 0xD9, 0xBB, 0x9F, 0xE6, 0xEE, 0x77,
    0x01, 0xB3, 0x88, 0x00, 0x68, 0xE0, 0x00, 0xD8, 0x38, 0x03, 0xFE, 0x0E, 0x07, 0xFD, 0x80, 0x01,
    0xF8, 0x7F, 0xFF, 0x60, 0x1F, 0xFF, 0xC0, 0x00, 0x00, 0xC0, 0x03, 0x00, 0xE0, 0x03, 0x80, 0x70,
    0x01, 0xC3, 0xFF, 0xC1, 0xC3, 0xFF, 0xE0, 0xE0, 0x0E, 0x00, 0xE4, 0x07, 0x00, 0x73, 0x7F, 0xFF,
    0x73, 0xFF, 0xFF, 0x33, 0x80, 0x01, 0xBF, 0xC3, 0x39, 0xDF, 0xC1, 0xDC, 0xC8, 0xE0, 0x7E, 0x60,
    0xE1, 0x9F, 0x00, 0xE0, 0xF3, 0x80, 0x7F, 0x39, 0xC0, 0x7F, 0x8C, 0xE0, 0x7F, 0x3F, 0xFF, 0xF8,
    0x1F, 0xFF, 0xE0, 0x10, 0x38, 0x00, 0x78, 0x3B, 0x01, 0xFC, 0x3D, 0xC3, 0xF8, 0x3C, 0x79, 0xE0,
    0x3C, 0x1E, 0xC0, 0x7C, 0x07, 0x80, 0x38, 0x01, 0xC0, 0x08, 0x00, 0x40, 0x00, 0x00, 0x00, 0x07,
    0x03, 0xB0, 0x03, 0x81, 0xDC, 0x01, 0x80, 0xCE, 0x01, 0xC0, 0xE3, 0x80, 0xE0, 0x71, 0x80, 0xE0,
    0x7F, 0xFE, 0x73, 0xBF, 0xFF, 0x73, 0xBC, 0x30, 0x31, 0xFE, 0x18, 0x3F, 0xDF, 0x0C, 0x1F, 0xEF,
    0xFF, 0xE0, 0xE5, 0xFF, 0xF0, 0xE0, 0xE1, 0x80, 0x70, 0x70, 0xC0, 0x73, 0x38, 0x60, 0x7F, 0x9C,
    0x30, 0x7F, 0xCF, 0xFF, 0xBE, 0x07, 0xFF, 0xC0, 0x03, 0x86, 0x00, 0x0D, 0xC3, 0x00, 0xFE, 0xE1,
    0x83, 0xFE, 0x7F, 0xFF, 0xF0, 0x3F, 0xFF, 0x00, 0x1C, 0x00, 0x00, 0x0E, 0x00, 0x00, 0x03, 0x00,
    0x00, 0x00, 0x00, 0x00, 0x00, 0xC0, 0x00, 0x00, 0x19, 0xFF, 0xFE, 0x07, 0x3F, 0xFF, 0xC0, 0xC0,
    0x38, 0x38, 0x38, 0x46, 0x47, 0x07, 0x1F, 0xDE, 0xC0, 0xCD, 0xF1, 0xF8, 0x39, 0x9E, 0x1E, 0x0E,
    0xF3, 0xF3, 0xF1, 0xFC, 0xFE, 0xFF, 0x3F, 0xBC, 0xBC, 0xC0, 0xE7, 0x06, 0x00, 0x18, 0x80, 0x00,
    0x07, 0x1F, 0xFF, 0xF1, 0xFF, 0xFF, 0xFE, 0x3F, 0x83, 0xF1, 0x8F, 0xC0, 0x66, 0x71, 0xC1, 0xDC,
    0xCE, 0x00, 0x7F, 0x1F, 0x80, 0x39, 0xE1, 0xE0, 0x3F, 0x3E, 0x3C, 0x1F, 0x8F, 0xE7, 0x83, 0xC3,
    0xDB, 0xFC, 0x41, 0xF1, 0xF3, 0xC0, 0x38, 0x3C, 0x38, 0x00, 0x02, 0x02, 0x00, 0x00, 0x00, 0x00,
    0x00, 0xE0, 0x07, 0xF0, 0x1C, 0xFF, 0xFE, 0x03, 0x9F, 0xFF, 0x00, 0xE1, 0x8C, 0x38, 0x1C, 0x39,
    0xCE, 0x07, 0x03, 0x39, 0xC0, 0xE7, 0x77, 0x70, 0x39, 0xFF, 0xFF, 0xCE, 0x7F, 0xFF, 0xF9, 0xFE,
    0x1C, 0x00, 0x3F, 0xC3, 0x80, 0x06, 0x77, 0xFF, 0xFC, 0x1C, 0xFF, 0xFF, 0x87, 0x01, 0xC0, 0x00,
    0xEE, 0x30, 0x00, 0x3F, 0xCF, 0xFF, 0x0F, 0xF9, 0xFF, 0xE1, 0xE0, 0x3C, 0x1C, 0x00, 0x0F, 0xC7,
    0x00, 0x1D, 0xDD, 0xC0, 0x1F, 0xF3, 0xF8, 0x1F, 0xEE, 0x3E, 0x03, 0xE3, 0x8F, 0xF0, 0x60, 0xFF,
    0xDF, 0xC0, 0x1D, 0xF0, 0xF8, 0x00, 0x30, 0x02, 0x00, 0x00, 0x00, 0xC0, 0x07, 0x00, 0xE0, 0x03,
    0x80, 0x30, 0x01, 0x80, 0x1C, 0x01, 0xC3, 0xFF, 0xF0, 0xC1, 0xFF, 0xF8, 0xE4, 0xC0, 0x0C, 0x67,
    0x60, 0x06, 0x73, 0xBF, 0xFF, 0x7F, 0x9F, 0xFF, 0xBF, 0x8C, 0x00, 0x1F, 0xC6, 0x00, 0x01, 0xC3,
    0xFF, 0xF8, 0xE1, 0xFF, 0xFC, 0xE0, 0xF3, 0x6E, 0xFE, 0x79, 0xB7, 0xFF, 0x7C, 0xDB, 0xFF, 0x3E,
    0x6D, 0xF8, 0x1F, 0xFF, 0xE0, 0x2F, 0xFF, 0xF0, 0x7E, 0xCD, 0xB9, 0xFF, 0x66, 0xDF, 0xFB, 0xB3,
    0x6F, 0xE1, 0x99, 0xB7, 0xC1, 0xCC, 0xDF, 0x80, 0x66, 0x6F, 0x80, 0x03, 0x00, 0x00, 0x00, 0x0C,
    0x00, 0x01, 0x83, 0x80, 0x00, 0x60, 0xFF, 0xC0, 0x38, 0x7F, 0xF0, 0x0C, 0x1C, 0x1C, 0x07, 0x07,
    0x07, 0x01, 0x91, 0xFF, 0xC0, 0xE6, 0x7F, 0xE0, 0x73, 0x80, 0x18, 0x1F, 0xDF, 0xFF, 0xEF, 0xF7,
    0xFF, 0xFB, 0xF8, 0x0F, 0x00, 0x0E, 0x0F, 0x03, 0x07, 0x1F, 0xE1, 0xC3, 0x9F, 0x9D, 0xF0, 0xFF,
    0x8F, 0xF0, 0x7F, 0x8F, 0xFC, 0x3F, 0x0F, 0xBB, 0x8C, 0x07, 0xCE, 0xE0, 0x06, 0xC7, 0x98, 0x0F,
    0x87, 0xF7, 0x0F, 0xC3, 0xDD, 0xCF, 0xC3, 0xE6, 0x3B, 0xC1, 0xE3, 0x8E, 0x00, 0x67, 0xE1, 0x00,
    0x01, 0xF0, 0x00, 0x00, 0x00, 0x80, 0x07, 0x00, 0xE0, 0x03, 0x80, 0x70, 0x01, 0x8F, 0xFF, 0xF1,
    0xC7, 0xFF, 0xF8, 0xE3, 0x00, 0x1C, 0xE1, 0x80, 0x0E, 0x77, 0xF8, 0x03, 0x73, 0x9F, 0xFF, 0xB3,
    0x8F, 0xFF, 0xFF, 0xCE, 0x1C, 0x1F, 0xC7, 0x0E, 0x0C, 0xE7, 0x07, 0x00, 0xE3, 0x9F, 0xF8, 0xE3,
    0xCF, 0xFC, 0x77, 0xE6, 0x06, 0x7F, 0xF3, 0x03, 0x7F, 0x59, 0x81, 0xBC, 0x0C, 0xFF, 0xC0, 0x06,
    0x7F, 0xE0, 0x7B, 0x30, 0x31, 0xFD, 0x98, 0x1B, 0xF8, 0xCC, 0x0D, 0xF0, 0x67, 0xFE, 0xC0, 0x33,
    0xFF, 0x00, 0x19, 0x81, 0x80, 0x0C, 0xC0, 0xC0, 0x18, 0x00, 0x70, 0x03, 0x80, 0x0E, 0x00, 0x60,
    0x01, 0xC0, 0x0C, 0x00, 0x38, 0x03, 0xFF, 0x07, 0x00, 0x7F, 0xEF, 0xFE, 0x0C, 0xC1, 0xFF, 0xC3,
    0x98, 0x03, 0x98, 0x63, 0x00, 0x73, 0x04, 0x60, 0x0E, 0x60, 0x0C, 0x01, 0xCC, 0x3F, 0xFC, 0x39,
    0x87, 0xFF, 0x87, 0x30, 0x06, 0x00, 0xE6, 0x00, 0xC3, 0xFF, 0xF1, 0x99, 0xFF, 0xFE, 0x33, 0x30,
    0x78, 0x06, 0x66, 0x1F, 0x00, 0xCC, 0xC3, 0xF0, 0x19, 0x98, 0x7E, 0x03, 0x33, 0x1C, 0xE0, 0x7F,
    0xE7, 0x9E, 0x0F, 0xFC, 0xE1, 0xE1, 0xE1, 0xB8, 0x1E, 0x00, 0x0F, 0x03, 0xC0, 0x00, 0xC0, 0x18,
    0x00, 0x00, 0x00, 0x00, 0xFF, 0xFF, 0xFF, 0xFF, 0xFF, 0xFF, 0x80, 0x00, 0x3F, 0x00, 0x00, 0x7E,
    0x0E, 0x0E, 0xFC, 0x1C, 0x1D, 0xFF, 0x3E, 0x33, 0xFE, 0x7E, 0x67, 0xEE, 0xCF, 0xCF, 0xCF, 0x8F,
    0x9F, 0x8F, 0x1E, 0x3F, 0x1C, 0x1C, 0x7E, 0x3C, 0x3C, 0xFC, 0x7C, 0x79, 0xF8, 0xF9, 0xFB, 0xF3,
    0xBB, 0xF7, 0xEE, 0x7E, 0x7F, 0xDC, 0x7C, 0xFF, 0xF0, 0x70, 0x3F, 0xC1, 0xC0, 0x7F, 0x81, 0x80,
    0xFC, 0x00, 0x01, 0xF8, 0x00, 0x3F, 0xF0, 0x00, 0x7E, 0x00, 0x00, 0x00, 0x3F, 0xFF, 0xFE, 0x1F,
    0xFF, 0xFF, 0x8C, 0x38, 0xE1, 0xC6, 0x1C, 0x70, 0xE3, 0xFF, 0xFF, 0xF1, 0xFF, 0xFF, 0xF8, 0x00,
    0x70, 0x00, 0x00, 0x38, 0x00, 0xFF, 0xFF, 0xFF, 0x3F, 0xFF, 0xFF, 0x80, 0x0E, 0x00, 0x01, 0xFF,
    0xFF, 0x00, 0xFF, 0xFF, 0x80, 0x60, 0x00, 0xC0, 0x3F, 0xFF, 0xE0, 0x1F, 0xFF, 0xF0, 0x0C, 0x00,
    0x18, 0x07, 0xFF, 0xFC, 0x03, 0xFF, 0xFE, 0x01, 0x80, 0x03, 0x00, 0xFF, 0xFF, 0x80, 0x7F, 0xFF,
    0xC0, 0x30, 0x00, 0x61, 0xFF, 0xFF, 0xFF, 0xFF, 0xFF, 0xFF, 0x80, 0x01, 0x00, 0x60, 0x00, 0xE0,
    0x3C, 0x00, 0x38, 0x0E, 0x01, 0xFF, 0xFF, 0xFC, 0x7F, 0xFF, 0xFF, 0x00, 0x07, 0x00, 0x00, 0x01,
    0xC0, 0x00, 0x7F, 0xFF, 0xF0, 0x1F, 0xFF, 0xFC, 0x00, 0x07, 0x00, 0x0F, 0xFF, 0xFF, 0xFB, 0xFF,
    0xFF, 0xFE, 0x00, 0xF7, 0x30, 0x1F, 0xFF, 0xDF, 0x07, 0xFC, 0x33, 0xE0, 0x0E, 0x0C, 0x38, 0xFF,
    0xFF, 0xFF, 0xBF, 0xFF, 0xFF, 0xE0, 0x38, 0x38, 0xC0, 0x0E, 0xE7, 0x78, 0xFF, 0xF9, 0xFC, 0x3F,
    0xFE, 0x7E, 0x4F, 0x38, 0x1F, 0x18, 0x0E, 0x7F, 0xE6, 0x03, 0xBF, 0x3F, 0x8F, 0xCE, 0x07, 0xC1,
    0xF0, 0x00, 0x00, 0xFF, 0xFF, 0xFD, 0xFF, 0xDF, 0xF8, 0x83, 0x80, 0x33, 0xC7, 0x3C, 0x63, 0xEE,
    0x7C, 0xC1, 0x9C, 0x3B, 0x81, 0xF8, 0x3F, 0x0F, 0xF1, 0xFE, 0x7E, 0xEF, 0xCD, 0xF1, 0xDE, 0x1B,
    0x83, 0xF0, 0x30, 0x01, 0xC0, 0x00, 0x07, 0x00, 0x03, 0xFF, 0xFF, 0x07, 0xFF, 0xFE, 0x0C, 0x00,
    0x1C, 0x18, 0x00, 0x38, 0x3F, 0xFF, 0xF0, 0x7F, 0xFF, 0xE0, 0xC0, 0x01, 0xC1, 0x80, 0x03, 0x83,
    0x00, 0x07, 0x07, 0xFF, 0xFE, 0x0F, 0xFF, 0xFC, 0x18, 0x00, 0x38, 0x00, 0x10, 0x00, 0x07, 0xFE,
    0x00, 0x07, 0xFF, 0xFF, 0xFC, 0xFE, 0x4F, 0xFF, 0x3B, 0xB8, 0x71, 0xC6, 0xEC, 0x1C, 0x71, 0xBF,
    0x27, 0xDD, 0xFF, 0xED, 0xF7, 0x7F, 0xFB, 0x7D, 0xC1, 0xF0, 0xFF, 0xF0, 0xFE, 0x1F, 0x7C, 0x7F,
    0xE7, 0xDF, 0x3F, 0xBD, 0xF7, 0xDE, 0xE6, 0x1C, 0x77, 0x38, 0x07, 0x1D, 0xFF, 0xE3, 0xCF, 0x3F,
    0xF9, 0xF7, 0xCC, 0xE6, 0xFF, 0xF3, 0x39, 0xF7, 0xDC, 0xFF, 0xE9, 0xE7, 0x3F, 0xF8, 0x71, 0xCC,
    0xE6, 0x1C, 0x73, 0x39, 0x87, 0x1C, 0xFF, 0xE1, 0xC7, 0x3F, 0xF9, 0xEF, 0x8C, 0x06, 0x79, 0xE3,
    0x00, 0x00, 0x00, 0x00, 0x38, 0x00, 0x00, 0x0E, 0x00, 0x80, 0x03, 0x80, 0x78, 0x00, 0xE0, 0x1C,
    0x1F, 0xFF, 0xFE, 0x07, 0xFF, 0xFF, 0x80, 0x03, 0x83, 0xC0, 0x00, 0xE1, 0xE0, 0x00, 0x38, 0xF0,
    0x00, 0x0E, 0x78, 0x07, 0xFF, 0xFF, 0xFD, 0xFF, 0xFF, 0xFF, 0x00, 0x1E, 0x00, 0x00, 0x1F, 0x00,
    0x00, 0x0F, 0x80, 0x00, 0x0F, 0x80, 0xF0, 0x0F, 0xE0, 0xFC, 0x0F, 0xF9, 0xFE, 0x07, 0xCF, 0xFC,
    0x01, 0xC3, 0xF8, 0x00, 0x00, 0xE0, 0x03, 0x00, 0x38, 0x00, 0xE0, 0x0E, 0x00, 0x38, 0x03, 0x80,
    0x0E, 0x00, 0x7F, 0xFF, 0x00, 0x1F, 0xFF, 0xC0, 0x00, 0x18, 0x00, 0x00, 0x0E, 0x00, 0x80, 0x03,
    0x80, 0x78, 0x00, 0xE0, 0x1C, 0x0F, 0xFF, 0xFE, 0x07, 0xFF, 0xFF, 0x00, 0x03, 0x83, 0xC0, 0x00,
    0xE1, 0xE0, 0x00, 0x38, 0xF0, 0x00, 0x0E, 0x78, 0x07, 0xFF, 0xFF, 0xFD, 0xFF, 0xFF, 0xFF, 0x00,
    0x3E, 0x00, 0x00, 0x3E, 0x00, 0x00, 0x3F, 0xFF, 0xE0, 0x7F, 0xFF, 0xF8, 0x7F, 0xC0, 0x0E, 0x1F,
    0x70, 0x03, 0x83, 0x1C, 0x00, 0xE0, 0x07, 0xFF, 0xF8, 0x01, 0xFF, 0xFE, 0x00, 0x70, 0x03, 0x80,
    0x1C, 0x00, 0xE0, 0x07, 0x00, 0x38, 0x01, 0xFF, 0xFE, 0x00, 0x7F, 0xFF, 0x80, 0x18, 0x00, 0xE0,
    0xFF, 0xFF, 0xFF, 0xFF, 0xFF, 0xFF, 0xC0, 0x0F, 0x00, 0x00, 0x07, 0x00, 0x00, 0x03, 0x80, 0x00,
    0x01, 0xC0, 0x01, 0xFF, 0xFF, 0xFC, 0xFF, 0xFF, 0xFE, 0x70, 0xE3, 0x87, 0x38, 0x71, 0xC3, 0x9C,
    0x38, 0xE1, 0xCE, 0x1C, 0x70, 0xE7, 0x0E, 0x38, 0x73, 0x87, 0x1C, 0x39, 0xC3, 0x8E, 0x1C, 0xE1,
    0xC7, 0x0E, 0x70, 0xE3, 0x87, 0x38, 0x71, 0xC3, 0x9C, 0x38, 0xE1, 0xCE, 0x1C, 0x70, 0xE7, 0x0E,
    0x38, 0x73, 0x87, 0x1C, 0x39, 0xC3, 0x8F, 0xFC, 0xE1, 0x83, 0x7C, 0x30, 0x00, 0x00, 0x00, 0x03,
    0x00, 0x07, 0x00, 0x60, 0x03, 0xE0, 0x0C, 0x01, 0xF8, 0x3F, 0xF9, 0xFC, 0x07, 0xFF, 0xFE, 0x00,
    0x06, 0x1E, 0xC0, 0x00, 0xC0, 0x18, 0x01, 0xFF, 0x03, 0x1C, 0x3F, 0xE1, 0xFF, 0x80, 0x61, 0xFF,
    0xF0, 0x0C, 0x3F, 0x80, 0x01, 0x82, 0x30, 0x07, 0xFF, 0x06, 0x00, 0xFF, 0xE0, 0xC1, 0x83, 0xE0,
    0x1F, 0xF0, 0x7E, 0x7F, 0xFE, 0x1F, 0xEF, 0xFC, 0x03, 0xFF, 0xEC, 0x00, 0xED, 0xC1, 0x80, 0x39,
    0x90, 0x30, 0x67, 0x30, 0x06, 0x0E, 0xC6, 0x00, 0xC1, 0x80, 0xC0, 0x18, 0x30, 0x18, 0x03, 0xFE,
    0x03, 0x00, 0x7F, 0x80, 0x60, 0x00, 0x00, 0x00, 0x00, 0x30, 0x00, 0x00, 0x1C, 0x0F, 0xFF, 0x07,
    0x03, 0xFF, 0xC1, 0xC0, 0x31, 0xC0, 0x70, 0x0C, 0x70, 0x1C, 0x03, 0x1C, 0x07, 0x00, 0xC7, 0x19,
    0xC0, 0x3F, 0xCE, 0x70, 0x0F, 0xF3, 0x9C, 0x03, 0x1C, 0xE7, 0x00, 0xC7, 0x39, 0xFE, 0x31, 0xCE,
    0x7F, 0x8C, 0x73, 0x9C, 0x03, 0xFC, 0xE7, 0x00, 0xFF, 0x39, 0xC0, 0x31, 0xCE, 0x70, 0x0C, 0x73,
    0x9C, 0x03, 0x1C, 0xE7, 0x00, 0xCF, 0xF9, 0xC0, 0xFF, 0xFE, 0x70, 0x3F, 0xF3, 0x9C, 0x0F, 0x1C,
    0xE7, 0x00, 0x07, 0x39, 0xC0, 0x01, 0xFF, 0xFF, 0x80, 0x7F, 0xFF, 0xE0, 0x0C, 0x00, 0x00, 0x00,
    0xC3, 0x00, 0x00, 0x61, 0x80, 0x00, 0x30, 0xC3, 0x8F, 0xF8, 0x6F, 0xE7, 0xFC, 0x3F, 0x80, 0x06,
    0x1E, 0x00, 0x03, 0x0C, 0x00, 0x0F, 0x86, 0x07, 0xFF, 0xC3, 0x83, 0xFF, 0xE1, 0xFF, 0x90, 0x30,
    0xFF, 0xC0, 0x00, 0x00, 0x00, 0xFF, 0xFF, 0x80, 0x7F, 0xFF, 0xC0, 0x38, 0x00, 0x60, 0x1C, 0x00,
    0x30, 0x0F, 0xFF, 0xF8, 0x07, 0xFF, 0xFC, 0x03, 0x80, 0x06, 0x01, 0xC0, 0x03, 0x00, 0xFF, 0xFF,
    0x80, 0x7F, 0xFF, 0xC0, 0x38, 0x00, 0x60, 0x1C, 0x00, 0x30, 0x0E, 0x01, 0xF8, 0x07, 0x00, 0xFC,
    0x00, 0x00, 0x00, 0x40, 0x00, 0x00, 0x38, 0x03, 0xFC, 0x0F, 0x00, 0xFF, 0x01, 0xC0, 0x38, 0xC0,
    0x70, 0x0E, 0x37, 0xFF, 0xF3, 0x8D, 0xFF, 0xFC, 0xE3, 0x0C, 0x30, 0x3F, 0xC7, 0x0E, 0x0F, 0xF1,
    0xC1, 0xC3, 0x8C, 0xE0, 0x78, 0xE3, 0x70, 0x0E, 0x38, 0xFE, 0x0F, 0xCE, 0x3F, 0xC3, 0xB3, 0x8D,
    0x70, 0xE0, 0xFF, 0x0C, 0x70, 0x3F, 0xC3, 0x9C, 0x0E, 0x30, 0x7E, 0x03, 0x8C, 0x1F, 0x80, 0xC3,
    0x03, 0xC0, 0x30, 0xC0, 0xF0, 0x0C, 0x30, 0x7F, 0x07, 0x0C, 0x7F, 0xE1, 0xC3, 0x3C, 0x7E, 0x77,
    0xFE, 0x07, 0xD8, 0xFE, 0x00, 0xF2, 0x01, 0x00, 0x00, 0x0C, 0x03, 0x00, 0x03, 0x80, 0xC0, 0x01,
    0xCC, 0x30, 0x00, 0x77, 0x0C, 0x78, 0x38, 0xE3, 0x7F, 0x1E, 0x1C, 0xFF, 0x0F, 0xFF, 0x3E, 0x01,
    0xFF, 0xEC, 0x00, 0x78, 0x3B, 0x01, 0x80, 0x00, 0xC0, 0x67, 0xFF, 0x38, 0x39, 0xFF, 0xCF, 0xFE,
    0x70, 0x73, 0xFF, 0x1C, 0x1C, 0xC0, 0x07, 0x07, 0x30, 0x01, 0xFF, 0xCC, 0x18, 0x7F, 0xF3, 0x1F,
    0x1C, 0x1C, 0xDF, 0x87, 0x07, 0x3F, 0x81, 0xFF, 0xCF, 0x00, 0x7F, 0xF3, 0x01, 0x1C, 0x1C, 0xC0,
    0x67, 0x07, 0x30, 0x19, 0xC1, 0xCC, 0x0E, 0x73, 0xF3, 0xFF, 0x9C, 0xF8, 0xFF, 0xC3, 0x00, 0x00,
    0x00, 0x00, 0x00, 0x00, 0x00, 0x01, 0x80, 0x03, 0xF8, 0x63, 0xFC, 0xFE, 0x18, 0xFF, 0x31, 0x86,
    0x39, 0xCC, 0x6F, 0xFE, 0x73, 0x1B, 0xFF, 0x9C, 0xC6, 0x18, 0xE7, 0x3F, 0x86, 0x39, 0xCF, 0xE1,
    0x8E, 0x73, 0x18, 0x63, 0x9C, 0xC6, 0x18, 0xE7, 0x31, 0xFF, 0xF9, 0xCC, 0x7F, 0xFE, 0x73, 0x18,
    0xC3, 0x9C, 0xFE, 0x30, 0xE7, 0x3F, 0x9F, 0xB9, 0xCC, 0x67, 0x6E, 0x73, 0x19, 0x9B, 0x9C, 0xC6,
    0xE7, 0xE7, 0x71, 0xBB, 0xFF, 0x9C, 0x7F, 0xFF, 0xE7, 0x1F, 0xFF, 0x81, 0x86, 0x83, 0xE0, 0x6F,
    0x80, 0x38, 0x19, 0xE0, 0x0E, 0x00, 0x00, 0x01, 0x80, 0x3F, 0xBF, 0xBF, 0x87, 0xF7, 0xF7, 0xF0,
    0xFE, 0x06, 0x06, 0x1C, 0xCC, 0xD8, 0xC3, 0x99, 0xDB, 0x98, 0x73, 0x1B, 0x3F, 0x0E, 0x61, 0xE3,
    0xE1, 0xFC, 0xFD, 0xFC, 0x3F, 0xBD, 0xB9, 0x87, 0x36, 0x3C, 0x30, 0xE6, 0x03, 0x86, 0x18, 0xC0,
    0xF8, 0x03, 0x18, 0x7B, 0xC0, 0x63, 0x1E, 0x3E, 0x0F, 0xFF, 0x99, 0xF1, 0xFF, 0xCF, 0x0E, 0x31,
    0xA7, 0xD8, 0x06, 0x31, 0xE7, 0x80, 0xC6, 0x13, 0xC8, 0x18, 0xC1, 0xF3, 0x87, 0x18, 0xF9, 0xE0,
    0xE3, 0x08, 0xF8, 0x18, 0x60, 0x7C, 0x03, 0x7C, 0xFF, 0x00, 0x6F, 0x9F, 0x00, 0x00, 0x03, 0x00,
    0x00, 0x00, 0xE0, 0x00, 0x0E, 0x00, 0x01, 0xC0, 0x00, 0x1C, 0x00, 0xFF, 0xFF, 0xEF, 0xFF, 0xFE,
    0xE0, 0x00, 0x6E, 0x00, 0x06, 0xE0, 0x00, 0x6E, 0x00, 0x06, 0xE0, 0x00, 0x6F, 0xFF, 0xFE, 0xFF,
    0xFF, 0xEE, 0x00, 0x06, 0xE0, 0x00, 0x6E, 0x00, 0x06, 0xE0, 0x00, 0x6F, 0xFF, 0xFE, 0xFF, 0xFF,
    0xEE, 0x00, 0x06, 0xE0, 0x00, 0x6E, 0x00, 0x06, 0xE0, 0x00, 0x6F, 0xFF, 0xFE, 0xFF, 0xFF, 0xEE,
    0x00, 0x06, 0xE0, 0x00, 0x60, 0x7F, 0xFF, 0xFF, 0x3F, 0xFF, 0xFF, 0x80, 0x78, 0x00, 0x00, 0x38,
    0x18, 0x00, 0x38, 0x1E, 0x00, 0x3C, 0x07, 0x80, 0x3C, 0x01, 0xE0, 0x3F, 0xFF, 0xF8, 0x3F, 0xFF,
    0xFE, 0x1F, 0xFF, 0xFF, 0x80, 0x07, 0x01, 0x80, 0x03, 0x80, 0x00, 0x01, 0xC0, 0x00, 0x00, 0xE0,
    0x00, 0xFF, 0xFF, 0xF8, 0x7F, 0xFF, 0xFC, 0x00, 0x1C, 0x00, 0x00, 0x0E, 0x00, 0x00, 0x07, 0x00,
    0x00, 0x03, 0x80, 0x00, 0x01, 0xC0, 0x07, 0xFF, 0xFF, 0xFF, 0xFF, 0xFF, 0xFE, 0x00, 0x01, 0x80,
    0x00, 0x00, 0x70, 0x0F, 0xFF, 0x9C, 0x03, 0xFF, 0xE6, 0x00, 0x1C, 0x03, 0x80, 0x07, 0x00, 0xE0,
    0x01, 0x9C, 0x3F, 0xF8, 0xE3, 0x9F, 0xFE, 0x70, 0xE7, 0x0E, 0x3F, 0xFD, 0xC3, 0x8F, 0xFF, 0xF8,
    0xE1, 0xE0, 0xFE, 0x38, 0x07, 0x1F, 0x8C, 0x01, 0xC6, 0x67, 0x00, 0x70, 0x9D, 0xC3, 0xFF, 0xE7,
    0x60, 0xFF, 0xF8, 0xF8, 0x01, 0xC0, 0x3E, 0x00, 0x70, 0x07, 0x00, 0x1C, 0x03, 0xC0, 0x07, 0x39,
    0xF8, 0x03, 0xFE, 0x7F, 0x0F, 0xFF, 0xF9, 0xE3, 0xFE, 0x3E, 0x3C, 0xF0, 0x1F, 0x07, 0x80, 0x07,
    0x00, 0xE0, 0x00, 0x80, 0x00, 0x00, 0x08, 0x00, 0x00, 0x07, 0x00, 0x00, 0x03, 0xE0, 0x00, 0x01,
    0xFC, 0x00, 0x00, 0xF7, 0x80, 0x00, 0x78, 0xF8, 0x00, 0x7C, 0x1F, 0x00, 0x7C, 0x01, 0xF0, 0x7F,
    0xFF, 0xFF, 0xBE, 0xFF, 0xFB, 0xEE, 0x01, 0xC0, 0x30, 0x00, 0x70, 0x00, 0x7F, 0xFF, 0xFF, 0x1F,
    0xFF, 0xFF, 0xC0, 0x01, 0xC0, 0x00, 0x00, 0x70, 0x00, 0x00, 0x1C, 0x00, 0x03, 0xFF, 0xFE, 0x00,
    0xFF, 0xFF, 0x80, 0x30, 0x00, 0x60, 0x0C, 0x00, 0x18, 0x03, 0x00, 0x06, 0x00, 0xC0, 0x01, 0x80,
    0x3F, 0xFF, 0xE0, 0x0F, 0xFF, 0xF8, 0x03, 0x00, 0x06, 0x00, 0xC0, 0x01, 0x80, 0x00, 0x80, 0x00,
    0x00, 0x38, 0x00, 0x00, 0x1C, 0x00, 0x00, 0x0F, 0xFF, 0x00, 0x07, 0xFF, 0xC0, 0x01, 0xC0, 0xF0,
    0x01, 0xE0, 0x78, 0x00, 0xF0, 0x3C, 0x00, 0x7F, 0xFF, 0xFE, 0x3F, 0xFF, 0xFF, 0x8F, 0xC1, 0xC0,
    0xE1, 0x70, 0x70, 0x38, 0x1C, 0x1C, 0x0E, 0x07, 0x07, 0x03, 0x81, 0xC1, 0xC0, 0xE0, 0x7F, 0xFF,
    0xF8, 0x1F, 0xFF, 0xFE, 0x07, 0x00, 0x03, 0x81, 0xC0, 0x00, 0xC0, 0x70, 0x00, 0x04, 0x1C, 0x00,
    0x01, 0x87, 0x00, 0x00, 0xE1, 0xC0, 0x00, 0x38, 0x78, 0x00, 0x1E, 0x0F, 0xFF, 0xFF, 0x01, 0xFF,
    0xFF, 0x80, 0x03, 0x80, 0xE0, 0x01, 0xC0, 0x70, 0x00, 0xE0, 0x38, 0x1F, 0xFF, 0xFF, 0xFF, 0xFF,
    0xFF, 0xF8, 0x1C, 0x07, 0x00, 0x0E, 0x03, 0x80, 0x07, 0x01, 0xC0, 0x00, 0x00, 0x00, 0x00, 0x00,
    0x00, 0x1F, 0xFF, 0xFF, 0x0F, 0xFF, 0xFF, 0x80, 0x0E, 0x00, 0xC0, 0x07, 0x00, 0x60, 0x03, 0x80,
    0x30, 0x01, 0xC0, 0x18, 0x00, 0xE0, 0x0C, 0x00, 0x70, 0x06, 0x00, 0x38, 0x07, 0x00, 0x1C, 0x3F,
    0x80, 0x0E, 0x1F, 0xC0, 0x07, 0x00, 0x00, 0x03, 0x80, 0x00, 0x01, 0xC0, 0x00, 0x00, 0xE0, 0x00,
    0x00, 0x30, 0x00, 0x00, 0x01, 0x80, 0xE0, 0x01, 0xC0, 0x70, 0x00, 0xE0, 0x38, 0x1F, 0xFF, 0xFF,
    0xFF, 0xFF, 0xFF, 0xF8, 0x1C, 0x07, 0x00, 0x0E, 0x03, 0x80, 0x07, 0x01, 0xC0, 0x38, 0x00, 0x00,
    0x1F, 0x1F, 0xFF, 0x07, 0xCF, 0xFF, 0x80, 0xE7, 0x01, 0xC0, 0x33, 0x80, 0xE3, 0x01, 0xC0, 0x73,
    0xE0, 0xE0, 0x38, 0xF8, 0x70, 0x1C, 0x1E, 0x38, 0x0E, 0x06, 0x1C, 0x7F, 0x00, 0x4E, 0x3F, 0x00,
    0x77, 0x00, 0x00, 0x73, 0x80, 0x10, 0x71, 0xC0, 0x0C, 0x70, 0xE0, 0x0E, 0x78, 0x70, 0x07, 0x78,
    0x3F, 0xFF, 0xB8, 0x0F, 0xFF, 0x80, 0x00, 0x00, 0x00, 0x00, 0xC0, 0x60, 0x00, 0x70, 0x1C, 0x00,
    0x1C, 0x07, 0x01, 0xFF, 0xFF, 0xFF, 0x7F, 0xFF, 0xFF, 0xC0, 0x70, 0x1C, 0x00, 0x1C, 0x07, 0x00,
    0x1F, 0x01, 0xC0, 0x07, 0x00, 0x00, 0x01, 0xC0, 0x00, 0x00, 0x70, 0x1F, 0xF9, 0xFF, 0xF7, 0xFE,
    0x7F, 0xFD, 0x83, 0x81, 0xC7, 0x60, 0xE0, 0x61, 0x98, 0x38, 0x18, 0x66, 0x0E, 0x0E, 0x19, 0x83,
    0x83, 0x86, 0x60, 0xE0, 0xE1, 0x98, 0x38, 0x30, 0x66, 0x0E, 0x1C, 0x39, 0x83, 0x87, 0x0E, 0x60,
    0xE3, 0x83, 0x9F, 0xF8, 0xE0, 0xE7, 0xFE, 0x71, 0xF9, 0x83, 0x98, 0x7C, 0x60, 0xE0, 0x00, 0x00,
    0x00, 0x00, 0xC0, 0x60, 0x00, 0x70, 0x1C, 0x00, 0x1C, 0x07, 0x01, 0xFF, 0xFF, 0xFF, 0x7F, 0xFF,
    0xFF, 0xC0, 0x70, 0x1C, 0x00, 0x1F, 0x07, 0x00, 0x01, 0xC0, 0x00, 0x7F, 0xFF, 0xFF, 0xDF, 0xFF,
    0xFF, 0xF0, 0x1C, 0x00, 0x00, 0x0F, 0x00, 0x00, 0x03, 0x9F, 0xFE, 0x01, 0xE7, 0xFF, 0xC0, 0xF0,
    0x01, 0xF0, 0x7C, 0x00, 0xF0, 0x3F, 0x00, 0xF8, 0x1F, 0xC0, 0x38, 0x07, 0x77, 0xFF, 0xFC, 0x9D,
    0xFF, 0xFF, 0x07, 0x00, 0xE0, 0x01, 0xC0, 0x38, 0x00, 0x70, 0x0E, 0x00, 0x1C, 0x03, 0x80, 0x07,
    0x07, 0xE0, 0x01, 0xC1, 0xF0, 0x00, 0x00, 0x00, 0x00, 0x01, 0x80, 0xC0, 0x00, 0xC0, 0x70, 0x00,
    0x60, 0x38, 0x1F, 0xFF, 0xFF, 0xFF, 0xFF, 0xFF, 0xF8, 0x0C, 0x07, 0x00, 0x06, 0x03, 0x80, 0x63,
    0x03, 0x80, 0x79, 0x81, 0xF8, 0x1F, 0xC0, 0xFE, 0x07, 0xC0, 0x73, 0x83, 0xC0, 0x38, 0xE7, 0xF0,
    0x1C, 0x67, 0xBB, 0xFF, 0xFD, 0x8D, 0xFF, 0xFE, 0x0E, 0x03, 0x80, 0x0F, 0x81, 0xC0, 0x0F, 0xC1,
    0xF0, 0x0F, 0xE0, 0xF8, 0x1F, 0x70, 0xEE, 0x0E, 0x38, 0x73, 0x02, 0x1C, 0x71, 0xC0, 0x0C, 0x78,
    0x70, 0x0E, 0x78, 0x1E, 0x3F, 0xF8, 0x07, 0x9F, 0x70, 0x01, 0x80, 0x00, 0x00, 0x00, 0x00, 0xC0,
    0x60, 0x00, 0x18, 0x0C, 0x00, 0x03, 0x01, 0x80, 0x3F, 0xFF, 0xFF, 0xE7, 0xFF, 0xFF, 0xFC, 0x01,
    0x80, 0xC0, 0x00, 0x30, 0x1F, 0x80, 0x3F, 0xFF, 0xF8, 0x3F, 0xFF, 0xFC, 0x07, 0xFF, 0xC0, 0x00,
    0x10, 0x70, 0x1C, 0x07, 0x0E, 0x03, 0x80, 0xE0, 0xE0, 0xE0, 0x0E, 0x1C, 0x38, 0x01, 0xC3, 0x87,
    0x00, 0x10, 0x70, 0xC0, 0x00, 0x0E, 0x00, 0x0F, 0xFF, 0xFF, 0xF9, 0xFF, 0xFF, 0xFF, 0x00, 0x3F,
    0xE0, 0x00, 0x0F, 0xFE, 0x00, 0x07, 0xDD, 0xF0, 0x03, 0xE3, 0x8F, 0x81, 0xF8, 0x70, 0xFE, 0x7C,
    0x0E, 0x07, 0xC6, 0x01, 0xC0, 0x30, 0x00, 0x38, 0x00, 0x00, 0x01, 0x80, 0xC0, 0x01, 0xC0, 0x70,
    0x3F, 0xFF, 0xFF, 0xFF, 0xFF, 0xFF, 0xF0, 0x38, 0x0E, 0x00, 0x1C, 0x07, 0x00, 0x7F, 0xFF, 0xF0,
    0x3F, 0xFF, 0xF8, 0x1C, 0x1C, 0x1C, 0x0E, 0x0E, 0x0E, 0x07, 0xFF, 0xFF, 0x03, 0xFF, 0xFF, 0x81,
    0xC1, 0xC1, 0xC0, 0xFF, 0xFF, 0xE0, 0x7F, 0xFF, 0xF0, 0x00, 0x38, 0x00, 0x3F, 0xFF, 0xFF, 0x1F,
    0xFF, 0xFF, 0x8C, 0x07, 0x21, 0xC6, 0x03, 0x98, 0xE3, 0x01, 0xCE, 0x71, 0xBF, 0xFF, 0x38, 0xDF,
    0xFF, 0xDC, 0x60, 0x00, 0x6E, 0x30, 0x00, 0x3F, 0x18, 0x00, 0x1F, 0x0C, 0x00, 0x00, 0x00, 0x01,
    0x80, 0xC0, 0x00, 0xE0, 0x30, 0x00, 0x38, 0x0C, 0x03, 0xFF, 0xFF, 0xFE, 0xFF, 0xFF, 0xFF, 0x80,
    0xE0, 0x30, 0x01, 0x38, 0xEC, 0x00, 0xF0, 0x38, 0x00, 0x3E, 0x1F, 0xFE, 0x03, 0xCF, 0xFF, 0x80,
    0x67, 0xC1, 0xC0, 0x03, 0xF8, 0xE0, 0xE1, 0xCF, 0xF0, 0x3E, 0x60, 0xF8, 0x07, 0xC0, 0x7F, 0x00,
    0x70, 0x7F, 0xF8, 0x01, 0xFE, 0x3F, 0x80, 0x7E, 0x03, 0xE0, 0x7F, 0xFF, 0xF8, 0x38, 0xFF, 0xF8,
    0x1E, 0x30, 0x0E, 0x07, 0x0C, 0x03, 0x83, 0x83, 0x00, 0xE1, 0xE0, 0xFF, 0xF8, 0x70, 0x3F, 0xFE,
    0x18, 0x0C, 0x03, 0x80, 0x03, 0x00, 0xE0, 0x01, 0x80, 0xC0, 0x01, 0xC0, 0x70, 0x00, 0xE0, 0x38,
    0x1F, 0xFF, 0xFF, 0xFF, 0xFF, 0xFF, 0xF8, 0x1C, 0x07, 0x00, 0x06, 0x0F, 0x00, 0x03, 0x87, 0x00,
    0x39, 0xC3, 0x80, 0x1C, 0xE3, 0xFF, 0x8E, 0x71, 0xFF, 0xC7, 0x39, 0xCC, 0x03, 0x9C, 0xE7, 0x01,
    0xCE, 0xE3, 0x80, 0xE7, 0x70, 0xE0, 0x73, 0x80, 0x38, 0x01, 0xC0, 0x18, 0x0F, 0xFF, 0xFE, 0x07,
    0xFF, 0xFF, 0x03, 0x8C, 0x71, 0x81, 0xC6, 0x38, 0xC0, 0xE3, 0x1C, 0x60, 0x71, 0x8E, 0x30, 0x38,
    0xC7, 0x18, 0xFF, 0xFF, 0xFF, 0xFF, 0xFF, 0xFF, 0xC0, 0x01, 0xC0, 0x70, 0x00, 0x70, 0x1C, 0x07,
    0xFF, 0xFF, 0xFD, 0xFF, 0xFF, 0xFF, 0x01, 0xC4, 0x70, 0x00, 0x73, 0x1C, 0x00, 0x00, 0xE0, 0x00,
    0x7F, 0xFF, 0xFE, 0x1F, 0xFF, 0xFF, 0x86, 0x1C, 0x70, 0x01, 0xFF, 0xFF, 0xF0, 0x7F, 0xFF, 0xFC,
    0x18, 0x71, 0xC3, 0x07, 0xFF, 0xFF, 0xC1, 0xFF, 0xFF, 0xF0, 0x66, 0x00, 0x00, 0x19, 0xFF, 0xFF,
    0x86, 0x7F, 0xFF, 0xE3, 0x98, 0x00, 0x00, 0xE7, 0xFF, 0xFE, 0x39, 0xFF, 0xFF, 0x8E, 0xC9, 0x98,
    0xE3, 0x3F, 0x77, 0x39, 0xCC, 0xCC, 0xEE, 0x77, 0x33, 0x93, 0x99, 0x8C, 0xC7, 0xC0, 0x00, 0x01,
    0xE0, 0x01, 0x80, 0xC0, 0x00, 0xE0, 0x38, 0x0F, 0xFF, 0xFF, 0xFB, 0xFF, 0xFF, 0xFE, 0x03, 0x80,
    0xE0, 0x00, 0x60, 0x38, 0x03, 0xFF, 0x9C, 0x01, 0xFF, 0xE7, 0x00, 0x71, 0x81, 0xFF, 0x1F, 0xFC,
    0xFF, 0xC7, 0xFF, 0x38, 0x01, 0xC0, 0xDD, 0xC0, 0x7F, 0xFF, 0x70, 0x1F, 0xFF, 0x8E, 0x07, 0x18,
    0x43, 0x81, 0xFF, 0xE0, 0x60, 0x7F, 0xF8, 0x18, 0x00, 0x00, 0x00, 0x01, 0xFF, 0xFF, 0xC0, 0x7F,
    0xFF, 0xF0, 0x1C, 0x63, 0x8C, 0x07, 0x18, 0xE3, 0x01, 0xC6, 0x38, 0xC0, 0x71, 0x8E, 0x30, 0xFF,
    0xFF, 0xFF, 0xBF, 0xFF, 0xFF, 0xE0, 0x00, 0xC0, 0x60, 0x00, 0x18, 0x0C, 0x01, 0xFF, 0xFF, 0xFF,
    0x3F, 0xFF, 0xFF, 0xE0, 0x0C, 0x06, 0x60, 0x01, 0x80, 0xEE, 0x00, 0x00, 0x1C, 0xE1, 0x9F, 0xFF,
    0xFE, 0x33, 0xFF, 0xFF, 0xC6, 0x60, 0x06, 0x00, 0xCC, 0x00, 0xC0, 0x19, 0xBF, 0xF9, 0xC3, 0xF7,
    0xFF, 0x38, 0x7E, 0xCC, 0x66, 0x0C, 0xDF, 0xEF, 0xC1, 0x9B, 0xFF, 0xF8, 0x03, 0x61, 0xFE, 0x0F,
    0xEC, 0x3F, 0xC1, 0xFD, 0xFF, 0x70, 0x1D, 0xBF, 0xEE, 0x03, 0x76, 0x63, 0xC0, 0x6E, 0xFF, 0xF9,
    0x8D, 0xDF, 0xFF, 0x31, 0xB3, 0x07, 0x76, 0x7E, 0x61, 0xE7, 0xCD, 0xC0, 0x30, 0x78, 0x10, 0x00,
    0x00, 0x00, 0x00, 0x18, 0x00, 0x00, 0x0E, 0x00, 0x00, 0x07, 0x00, 0x00, 0x03, 0xFF, 0xC0, 0x01,
    0xFF, 0xE0, 0x00, 0xE0, 0x00, 0xFF, 0xFF, 0xFE, 0x7F, 0xFF, 0xFE, 0x38, 0x18, 0x07, 0x1C, 0x0E,
    0xFB, 0x8E, 0xFF, 0xFD, 0x87, 0xFF, 0xF8, 0x63, 0xB1, 0xC0, 0x39, 0xC0, 0xFF, 0xF8, 0xE0, 0x3F,
    0xFC, 0x70, 0x00, 0x00, 0x38, 0x39, 0xC0, 0x1F, 0x9C, 0xE7, 0x0F, 0xCE, 0x73, 0x86, 0x77, 0x3B,
    0x87, 0x3B, 0x9F, 0x83, 0x8D, 0xCF, 0xC1, 0xC6, 0xE7, 0xC1, 0xC0, 0x73, 0x80, 0xEF, 0xFF, 0xFF,
    0xF7, 0xFF, 0xFF, 0xC0, 0x00, 0x00, 0x00, 0x00, 0x18, 0x00, 0x00, 0x0E, 0x00, 0x00, 0x07, 0x00,
    0x00, 0x03, 0xFF, 0xC0, 0x01, 0xFF, 0xE0, 0x00, 0xE0, 0x00, 0xFF, 0xFF, 0xFE, 0x7F, 0xFF, 0xFE,
    0x38, 0x18, 0x07, 0x1C, 0x0E, 0xFB, 0x8E, 0xFF, 0xFD, 0x87, 0x7F, 0xF8, 0x43, 0xB1, 0xC0, 0x31,
    0xC0, 0xFF, 0xF8, 0xE0, 0x3F, 0xFC, 0x70, 0x00, 0x00, 0x3B, 0x39, 0xCC, 0x1D, 0x9C, 0xE6, 0x0E,
    0xCE, 0x73, 0x06, 0x67, 0x39, 0x87, 0x3F, 0x9F, 0xC3, 0x9F, 0xCF, 0xE1, 0xC0, 0xE7, 0x00, 0xC0,
    0x73, 0x80, 0xEF, 0xFF, 0xFF, 0xF7, 0xFF, 0xFF, 0xC0, 0x00, 0x00, 0x00, 0x00, 0x00, 0xE0, 0x00,
    0x00, 0x38, 0x07, 0xFC, 0x0F, 0xF1, 0xFF, 0x03, 0xFC, 0x61, 0xC0, 0xE0, 0x18, 0x70, 0x38, 0x06,
    0x1D, 0xFF, 0xF9, 0xFF, 0x7F, 0xFE, 0x7F, 0xD8, 0xC1, 0x80, 0x06, 0x30, 0xE0, 0x01, 0xFF, 0xFB,
    0xFF, 0x7F, 0xF0, 0xFF, 0xD8, 0xC3, 0x0C, 0x06, 0x38, 0xC3, 0x01, 0x8F, 0xF0, 0xC0, 0x61, 0xF8,
    0x7F, 0x98, 0x00, 0x1F, 0xEE, 0x7E, 0x00, 0x3B, 0x9F, 0x80, 0x0E, 0xEE, 0x60, 0x03, 0xBB, 0x99,
    0x00, 0xEC, 0xE6, 0x60, 0x3B, 0x31, 0x98, 0x0D, 0xDC, 0x66, 0x3F, 0x6E, 0x1F, 0x8F, 0xFB, 0x87,
    0xE0, 0x00, 0x00, 0x00, 0x01, 0x00, 0x00, 0x00, 0xE0, 0x00, 0x00, 0x79, 0xFF, 0xF8, 0x3C, 0x7F,
    0xFE, 0x1E, 0x00, 0x00, 0x0F, 0x00, 0x00, 0x07, 0x88, 0x00, 0x01, 0xC7, 0x00, 0x00, 0x01, 0xC0,
    0x00, 0x00, 0xE0, 0x00, 0x00, 0x73, 0xFF, 0xFC, 0x3C, 0xFF, 0xFF, 0x1F, 0x00, 0x1C, 0x0F, 0xC0,
    0x07, 0x07, 0xF0, 0x01, 0xC1, 0xDC, 0x00, 0x70, 0x67, 0x00, 0x1C, 0x01, 0xC0, 0x07, 0x00, 0x70,
    0x01, 0xC0, 0x1C, 0x00, 0x70, 0x07, 0x00, 0x1C, 0x01, 0xC0, 0x07, 0x00, 0x70, 0x01, 0xC0, 0x1C,
    0x00, 0x70, 0x07, 0x01, 0xFC, 0x01, 0xC0, 0x7E, 0x00, 0x60, 0x00, 0x00, 0x00, 0x0E, 0x00, 0x00,
    0x01, 0xC0, 0x00, 0x00, 0x38, 0x00, 0x0F, 0xFF, 0xFF, 0xC3, 0xFF, 0xFF, 0xF8, 0x00, 0x1C, 0x00,
    0x00, 0x03, 0x80, 0x00, 0x7F, 0xFF, 0xF8, 0x0F, 0xFF, 0xFF, 0x00, 0x01, 0xC0, 0x00, 0x00, 0x38,
    0x00, 0x3F, 0xFF, 0xFF, 0xE7, 0xFF, 0xFF, 0xFC, 0x00, 0x7E, 0x00, 0x00, 0x3C, 0xC0, 0xC0, 0x0F,
    0x1C, 0x3C, 0x07, 0xC1, 0xCF, 0x03, 0xF0, 0x3F, 0xC1, 0xFE, 0x03, 0xE0, 0x3C, 0xC0, 0x78, 0x02,
    0x18, 0x07, 0x80, 0x03, 0x0E, 0x7C, 0x00, 0x6F, 0xC7, 0xE0, 0x1F, 0xF8, 0x7E, 0x03, 0xF8, 0x03,
    0xC0, 0x78, 0x00, 0x10, 0x00, 0x00, 0x00, 0x00, 0x00, 0x00, 0x60, 0x01, 0x80, 0x0E, 0x00, 0x38,
    0x01, 0xC0, 0x07, 0x00, 0x38, 0x00, 0x70, 0x07, 0x00, 0x0C, 0x3F, 0xFF, 0x9F, 0xF7, 0xFF, 0xF3,
    0xFE, 0xE3, 0x8E, 0x01, 0x9C, 0x71, 0x80, 0x73, 0x8E, 0x70, 0x0C, 0x71, 0xCE, 0x03, 0xAE, 0x38,
    0x00, 0xEF, 0xFF, 0xF8, 0x1F, 0xBF, 0xFF, 0x07, 0xE7, 0xC0, 0xC1, 0xFC, 0xFC, 0x38, 0x7F, 0xDF,
    0x87, 0x0F, 0xDB, 0x39, 0xC1, 0xBB, 0x67, 0x78, 0x07, 0x1C, 0x7E, 0x00, 0xE3, 0x87, 0x80, 0x1C,
    0x60, 0xF0, 0x03, 0x9C, 0x7F, 0x80, 0x73, 0xBE, 0xFC, 0x0E, 0xEF, 0x87, 0xC1, 0xCD, 0xC0, 0x78,
    0x18, 0x00, 0x00, 0x00, 0x01, 0x81, 0xC0, 0x00, 0xE0, 0x76, 0x00, 0x38, 0x1D, 0xC1, 0xFF, 0xF7,
    0x78, 0x7F, 0xFD, 0xCF, 0x00, 0xE0, 0x71, 0xC0, 0x38, 0x1C, 0x20, 0x0E, 0x07, 0x00, 0xFF, 0xFF,
    0xFF, 0xBF, 0xFF, 0xFF, 0xE0, 0x18, 0x1C, 0x00, 0x0E, 0x07, 0x18, 0x01, 0xC0, 0xC7, 0x1F, 0xFF,
    0xB1, 0x87, 0xFF, 0xEE, 0xE0, 0x1C, 0x03, 0xB8, 0x0E, 0x1C, 0xFC, 0x07, 0xF7, 0x3E, 0x07, 0xDF,
    0x87, 0x83, 0xF3, 0xE1, 0xC4, 0x6C, 0x3C, 0xF1, 0x83, 0x17, 0x7C, 0x60, 0xFC, 0xFF, 0x98, 0x7F,
    0x1E, 0xFE, 0x1E, 0x0F, 0x1F, 0x82, 0x03, 0x83, 0xC0, 0x00, 0x00, 0x00, 0x03, 0x00, 0xC0, 0x00,
    0xE0, 0x30, 0x06, 0x38, 0x0C, 0x01, 0xEE, 0x03, 0x00, 0x3F, 0xFF, 0xFF, 0x86, 0xFF, 0xFF, 0xE0,
    0x38, 0x0C, 0x00, 0x0E, 0x03, 0x00, 0x0F, 0x80, 0xC0, 0x0F, 0xE0, 0x30, 0x0F, 0xF8, 0x0C, 0x03,
    0xCE, 0xFF, 0xFC, 0xC3, 0xBF, 0xFF, 0x00, 0xE6, 0x00, 0x00, 0x01, 0xC0, 0x03, 0xFF, 0xFF, 0xFE,
    0xFF, 0xFF, 0xFF, 0x80, 0x3F, 0x81, 0x00, 0x1E, 0x70, 0xE0, 0x3F, 0x1E, 0xF8, 0x7F, 0x03, 0xF8,
    0x3F, 0xC0, 0x78, 0x06, 0x30, 0xEF, 0x80, 0x0F, 0xF9, 0xF8, 0x07, 0xFC, 0x1F, 0x81, 0xF0, 0x01,
    0xE0, 0x40, 0x00, 0x00, 0x00, 0xC0, 0x60, 0x07, 0x1C, 0x0E, 0x00, 0xE3, 0x81, 0xC0, 0x1C, 0x70,
    0x38, 0x03, 0x8F, 0xFF, 0xFC, 0x7F, 0xFF, 0xFF, 0x8F, 0xF8, 0x1C, 0x00, 0x07, 0x03, 0x80, 0x7F,
    0xE0, 0x70, 0x0F, 0xFC, 0x0E, 0x00, 0x73, 0x81, 0xC0, 0x1C, 0x77, 0xFF, 0xC3, 0x8E, 0xFF, 0xF8,
    0xE1, 0xD8, 0x00, 0x18, 0x33, 0x80, 0x03, 0xFF, 0xFF, 0xFE, 0x7F, 0xFF, 0xFF, 0xC0, 0x0F, 0xE0,
    0x40, 0x07, 0xCE, 0x1C, 0x07, 0xE0, 0xEF, 0x87, 0xF8, 0x1F, 0xC0, 0xFB, 0x01, 0xE0, 0x00, 0x61,
    0xDF, 0x00, 0x1F, 0xF9, 0xF8, 0x03, 0xFE, 0x0F, 0xC0, 0x7C, 0x00, 0x78, 0x0C, 0x00, 0x00, 0x00,
    0x00, 0x00, 0x00, 0x03, 0x80, 0x00, 0x00, 0x70, 0xC7, 0xFE, 0x07, 0x18, 0xFF, 0xC0, 0x63, 0x9C,
    0x38, 0x08, 0x33, 0x87, 0x1F, 0xE7, 0x7F, 0xE3, 0xFC, 0x6F, 0xFC, 0x03, 0x81, 0xC3, 0x80, 0x60,
    0x38, 0x70, 0x1D, 0xF7, 0xFE, 0x07, 0x7E, 0xFF, 0xC0, 0xFD, 0xDC, 0x00, 0x3F, 0x3B, 0xA1, 0x0F,
    0xC7, 0x7E, 0x71, 0xF8, 0xEE, 0xFC, 0x7F, 0x9D, 0xCF, 0x0D, 0xB3, 0xB9, 0xC1, 0x32, 0x77, 0xFC,
    0x06, 0x0E, 0xFD, 0xC0, 0xC1, 0xFE, 0x18, 0x18, 0x3B, 0x03, 0x03, 0x0F, 0x80, 0x00, 0x63, 0xFC,
    0x00, 0x0C, 0xE3, 0xFF, 0xE1, 0x8C, 0x1F, 0xF8, 0x30, 0x00, 0x00, 0x00, 0xFF, 0xFF, 0xFF, 0xBF,
    0xFF, 0xFF, 0xC0, 0x38, 0xE0, 0x00, 0x1C, 0x70, 0x03, 0xFF, 0xFF, 0xE1, 0xFF, 0xFF, 0xF0, 0xE3,
    0x8E, 0x18, 0x71, 0xC7, 0x0C, 0x38, 0xE3, 0x86, 0x1F, 0xFF, 0xFF, 0x0F, 0xFF, 0xFF, 0x80, 0x0E,
    0x00, 0x00, 0x0E, 0x00, 0x00, 0x07, 0x00, 0x03, 0xFF, 0xFF, 0xFF, 0xFF, 0xFF, 0xFF, 0x03, 0x80,
    0xE0, 0x03, 0x80, 0xF0, 0x03, 0xF8, 0xF0, 0x01, 0xFF, 0xF0, 0x00, 0x0F, 0xFE, 0x00, 0x3F, 0xFF,
    0xE3, 0xFF, 0xC3, 0xFC, 0xFE, 0x00, 0x1C, 0x00, 0x00, 0x00, 0x00, 0x3F, 0xFF, 0xFF, 0xCF, 0xFF,
    0xFF, 0xF8, 0x01, 0xC7, 0x00, 0x0F, 0xFF, 0xFF, 0x81, 0xFF, 0xFF, 0xF0, 0x30, 0xE3, 0x86, 0x07,
    0xFF, 0xFF, 0xC0, 0xFF, 0xFF, 0xF8, 0x03, 0x1C, 0x00, 0x00, 0xE3, 0xFF, 0xF0, 0x38, 0xFF, 0xFE,
    0x1E, 0x3C, 0x00, 0x07, 0xBF, 0xFF, 0xF0, 0xEF, 0xF0, 0x0E, 0x01, 0xF7, 0xFF, 0xC0, 0x70, 0xC0,
    0x38, 0x3E, 0x18, 0x07, 0x0F, 0xC3, 0xFF, 0xE1, 0xF8, 0x1C, 0x00, 0x17, 0x0F, 0xFF, 0x00, 0xE7,
    0xFF, 0xE0, 0x1D, 0xFE, 0x78, 0x03, 0x90, 0xFE, 0x00, 0x73, 0xFF, 0xFC, 0x0E, 0xFF, 0x1F, 0xC1,
    0xCC, 0x00, 0x30, 0x00, 0x01, 0x00, 0x3F, 0xF9, 0xC0, 0x1F, 0xFE, 0xFF, 0xEE, 0x70, 0xFF, 0xF7,
    0xFF, 0xF7, 0x03, 0xFF, 0xF3, 0xC1, 0xC1, 0xF0, 0xF0, 0xFF, 0xEF, 0xFE, 0x7F, 0xE6, 0xDB, 0x39,
    0xC3, 0x6D, 0x9F, 0xFF, 0xFF, 0xCF, 0xFF, 0x7F, 0xE0, 0xFF, 0xFF, 0x80, 0x7F, 0xFF, 0xC0, 0x38,
    0x00, 0xE0, 0x1F, 0xFF, 0xF0, 0x0F, 0xFF, 0xF8, 0x07, 0xFF, 0xFC, 0x03, 0xFF, 0xFE, 0x01, 0xC0,
    0x07, 0x00, 0xFF, 0xFF, 0x80, 0x7F, 0xFF, 0xC0, 0x07, 0x0E, 0x06, 0x07, 0x87, 0x03, 0x7F, 0x83,
    0xFF, 0xFF, 0x01, 0xFF, 0x9C, 0x00, 0x00, 0x00, 0x00, 0x01, 0x80, 0x00, 0xE1, 0xC0, 0x0C, 0x70,
    0xE0, 0x06, 0x38, 0xFF, 0xF3, 0x1C, 0x7F, 0xF9, 0x8E, 0x3B, 0x00, 0xC7, 0x3B, 0x80, 0x63, 0x9C,
    0xE0, 0x31, 0xDC, 0x38, 0x18, 0xEE, 0x0E, 0x00, 0x70, 0x07, 0x00, 0x00, 0x00, 0x00, 0xFF, 0xFF,
    0xC0, 0x7F, 0xFF, 0xE0, 0x38, 0x00, 0x70, 0x1C, 0x38, 0x38, 0x0E, 0x1C, 0x1C, 0x07, 0x0E, 0x0E,
    0x03, 0x87, 0x07, 0x01, 0xC3, 0xE3, 0x80, 0xE3, 0xF1, 0x80, 0x03, 0xB8, 0x18, 0x07, 0xDC, 0x0E,
    0x1F, 0x8E, 0x07, 0x7F, 0x87, 0xFF, 0x3E, 0x01, 0xFF, 0x88, 0x00, 0x00, 0x00, 0x00, 0xC0, 0x00,
    0x03, 0x80, 0x00, 0x07, 0xFF, 0x80, 0x1F, 0xFF, 0x00, 0x70, 0x1C, 0x01, 0xE0, 0x38, 0x07, 0x80,
    0xE0, 0x1F, 0xFF, 0xFF, 0x7F, 0xFF, 0xFF, 0xFC, 0x1C, 0x1D, 0xB8, 0x38, 0x38, 0x70, 0x70, 0x70,
    0xFF, 0xFF, 0xE1, 0xFF, 0xFF, 0xC3, 0x83, 0x83, 0x86, 0x07, 0x07, 0x0C, 0x0E, 0x0E, 0x18, 0x1C,
    0x1C, 0x7F, 0xFF, 0xF8, 0xFF, 0xFF, 0xF1, 0xC0, 0xE0, 0xE3, 0x01, 0xC1, 0xCE, 0x03, 0x83, 0xBC,
    0x07, 0x07, 0x70, 0x0E, 0xFE, 0xE0, 0x19, 0xF8, 0x80, 0x00, 0x00, 0x06, 0x00, 0x00, 0x03, 0x80,
    0x00, 0x00, 0xE0, 0x7F, 0xFC, 0x3F, 0xDF, 0xFF, 0x1F, 0xF0, 0x71, 0x87, 0x18, 0x18, 0x61, 0x8E,
    0x0E, 0x18, 0xE3, 0x03, 0x86, 0x7F, 0xF9, 0xC3, 0x9F, 0xFF, 0xE7, 0xE7, 0x99, 0xF0, 0xF0, 0x66,
    0x6B, 0x70, 0x19, 0x99, 0xDC, 0x07, 0xFE, 0x67, 0x01, 0xFF, 0x9F, 0xFC, 0x66, 0x6F, 0xFF, 0x19,
    0x9B, 0x1C, 0x06, 0x67, 0xC7, 0x03, 0xFF, 0xA1, 0xC0, 0xFF, 0xFF, 0xFF, 0x39, 0x9F, 0xFF, 0xCC,
    0x66, 0x07, 0x03, 0x19, 0x81, 0xC1, 0xC6, 0x60, 0x70, 0x71, 0xF8, 0x1C, 0x18, 0x1E, 0x07, 0x02,
    0x00, 0x01, 0x80, 0x00, 0x10, 0x00, 0x00, 0x1C, 0x00, 0x00, 0x07, 0x00, 0x00, 0x03, 0xC0, 0x00,
    0x00, 0xE0, 0x07, 0xFF, 0xFF, 0xFF, 0xFF, 0xFF, 0xFE, 0x00, 0x00, 0x00, 0x00, 0x00, 0x00, 0x07,
    0xFF, 0xFC, 0x03, 0xFF, 0xFE, 0x00, 0x00, 0x00, 0x00, 0x00, 0x00, 0x00, 0x7F, 0xFF, 0xC0, 0x3F,
    0xFF, 0xE0, 0x00, 0x00, 0x00, 0x00, 0x00, 0x00, 0x07, 0xFF, 0xFC, 0x03, 0xFF, 0xFE, 0x01, 0xC0,
    0x03, 0x00, 0xE0, 0x01, 0x80, 0x70, 0x00, 0xC0, 0x38, 0x00, 0x60, 0x1F, 0xFF, 0xF0, 0x0F, 0xFF,
    0xF8, 0x07, 0x00, 0x0C, 0x03, 0x00, 0x06, 0x00, 0x04, 0x00, 0x00, 0x07, 0x00, 0x38, 0x03, 0x80,
    0x1C, 0x00, 0xE0, 0x0E, 0x00, 0x70, 0x07, 0x07, 0xFF, 0x83, 0x83, 0xFF, 0xC1, 0xC0, 0x00, 0x00,
    0xE0, 0x00, 0x00, 0x70, 0x1F, 0xF0, 0x38, 0x0F, 0xFB, 0xFF, 0xE0, 0x01, 0xFF, 0xF0, 0x00, 0x07,
    0x01, 0xFF, 0x03, 0x80, 0xFF, 0x81, 0xC0, 0x00, 0x00, 0xE0, 0x3F, 0xE0, 0x70, 0x1F, 0xF0, 0x38,
    0x0C, 0x18, 0x1C, 0x06, 0x0C, 0x0E, 0x03, 0x06, 0x07, 0x01, 0x83, 0x03, 0x80, 0xC1, 0x81, 0xC0,
    0x7F, 0xC0, 0xE0, 0x3F, 0xE0, 0x70, 0x18, 0x00, 0x38, 0x00, 0x00, 0x18, 0x00, 0x08, 0x00, 0x00,
    0x07, 0x00, 0x00, 0x00, 0xE0, 0xFF, 0xF0, 0x38, 0x3F, 0xFC, 0x06, 0x00, 0x07, 0x3F, 0xF8, 0x01,
    0xCF, 0xFE, 0x00, 0x70, 0x00, 0x00, 0x1C, 0x00, 0x00, 0x07, 0x1F, 0xF0, 0x01, 0xC7, 0xFC, 0x00,
    0x70, 0x00, 0x3F, 0xFC, 0x00, 0x0F, 0xFF, 0x1F, 0xFB, 0x81, 0xC7, 0xFC, 0xE0, 0x70, 0x00, 0x38,
    0x00, 0x00, 0x0E, 0x00, 0x1F, 0xF3, 0x80, 0x07, 0xFC, 0xE0, 0x01, 0x83, 0x38, 0x06, 0x60, 0xCE,
    0x01, 0x98, 0x33, 0x80, 0x66, 0x0C, 0xE0, 0x39, 0xFF, 0x38, 0x0E, 0x7F, 0xCF, 0xFF, 0x98, 0x01,
    0xFF, 0xC6, 0x00, 0x00, 0x00, 0x08, 0x00, 0x00, 0x0E, 0x00, 0x60, 0x07, 0x00, 0x38, 0x01, 0xC0,
    0x1C, 0x00, 0xC0, 0x06, 0x07, 0xFF, 0xFF, 0xFF, 0xFF, 0xFF, 0xFE, 0x00, 0x07, 0x00, 0x00, 0x03,
    0x80, 0x3F, 0xC1, 0xC0, 0x1F, 0xE0, 0xE0, 0x00, 0x00, 0x60, 0x00, 0x00, 0x3F, 0xF3, 0xFC, 0x1F,
    0xF9, 0xFE, 0x1C, 0x1C, 0x00, 0x0E, 0x0E, 0x7F, 0x87, 0x07, 0x3F, 0xC3, 0x83, 0x98, 0x61, 0x81,
    0xCC, 0x31, 0xC0, 0xE6, 0x18, 0xE0, 0x63, 0x0C, 0xE0, 0x31, 0x86, 0x70, 0x38, 0xFF, 0x70, 0x1C,
    0x7F, 0xF0, 0xFE, 0x30, 0x30, 0x7E, 0x00, 0x00, 0x00, 0x00, 0x08, 0x00, 0x00, 0x07, 0x00, 0x00,
    0x00, 0xC0, 0x7F, 0xC0, 0x38, 0x1F, 0xF0, 0x06, 0x06, 0x1C, 0x3F, 0xFB, 0x87, 0x0F, 0xFE, 0xE1,
    0xC0, 0x00, 0x38, 0x70, 0x00, 0x1C, 0x1C, 0x1F, 0xFF, 0x07, 0xE7, 0xFF, 0x81, 0xF8, 0x00, 0xC0,
    0x00, 0x00, 0x00, 0x00, 0x1F, 0xFF, 0xFF, 0xC7, 0xFF, 0xFF, 0xF0, 0x00, 0x70, 0x38, 0x7F, 0xCE,
    0x0E, 0x1F, 0xF3, 0x87, 0x07, 0x1C, 0x73, 0xC1, 0xC7, 0x1F, 0xE0, 0x71, 0xC3, 0xF0, 0x1C, 0x70,
    0x78, 0x07, 0x1C, 0x7F, 0x81, 0xFF, 0x7F, 0xF8, 0x7F, 0xFE, 0x1F, 0x9C, 0x1F, 0x01, 0xE0, 0x02,
    0x00, 0x10, 0x00, 0x00, 0x00, 0x0E, 0x01, 0xC0, 0x03, 0x80, 0x70, 0x01, 0xC0, 0x1C, 0x00, 0x60,
    0x0E, 0x07, 0xFF, 0x03, 0x03, 0xFF, 0xFF, 0xFE, 0x00, 0x3F, 0xFF, 0x00, 0x00, 0xE0, 0x3F, 0xE0,
    0x70, 0x1F, 0xF0, 0x38, 0x00, 0x00, 0x1C, 0x00, 0x00, 0x0E, 0x03, 0xFE, 0x07, 0x01, 0xFF, 0x7F,
    0xFC, 0x00, 0x3F, 0xFE, 0x00, 0x00, 0xE0, 0x3F, 0xE0, 0x70, 0x1F, 0xF0, 0x38, 0x0E, 0x38, 0x1C,
    0x07, 0x1C, 0x0E, 0x03, 0x8E, 0x07, 0x01, 0xC7, 0x03, 0x80, 0xFF, 0xFF, 0xFF, 0x7F, 0xFF, 0xFF,
    0xB8, 0x00, 0x00, 0x00, 0x08, 0x00, 0x30, 0x06, 0x00, 0x1D, 0x81, 0xC0, 0x07, 0xE0, 0x38, 0x01,
    0xDC, 0x0C, 0x00, 0x73, 0x3F, 0xE0, 0x1C, 0xCF, 0xFF, 0xFF, 0xF8, 0x00, 0xFF, 0xFE, 0x00, 0x00,
    0x30, 0x1F, 0xE0, 0x0C, 0x07, 0xF8, 0x03, 0x00, 0x00, 0x00, 0xC0, 0x00, 0x7F, 0xF0, 0x1F, 0xFF,
    0xFE, 0x07, 0xF8, 0xE3, 0x80, 0x00, 0x38, 0xE0, 0x7F, 0x8E, 0x38, 0x1F, 0xE3, 0x8E, 0x07, 0x18,
    0xE3, 0x81, 0xC6, 0x38, 0x64, 0x71, 0x8F, 0xFD, 0x9C, 0x67, 0xFF, 0x67, 0x1F, 0xF9, 0xD9, 0xFF,
    0xF0, 0x3E, 0x7F, 0x80, 0x0F, 0x9C, 0x00, 0x01, 0xC0, 0x00, 0x00, 0x00, 0x08, 0x00, 0x04, 0x0E,
    0x06, 0x03, 0x87, 0x03, 0x83, 0x81, 0xC1, 0xC1, 0xC0, 0xE0, 0x71, 0xC7, 0xFE, 0x38, 0xE3, 0xFF,
    0x7F, 0xFE, 0x00, 0x3F, 0xFF, 0x00, 0x00, 0xE0, 0x3F, 0xC0, 0x70, 0x1F, 0xE0, 0x38, 0x00, 0x00,
    0x1C, 0x00, 0x01, 0xFF, 0xF3, 0xFC, 0xFF, 0xF9, 0xFE, 0x03, 0x80, 0x00, 0x01, 0xC0, 0x7F, 0xC0,
    0xE0, 0x3F, 0xE0, 0x70, 0x18, 0x7F, 0xFF, 0xEC, 0x3F, 0xFF, 0xF6, 0x1C, 0x0E, 0x03, 0x0E, 0x07,
    0x01, 0x87, 0x03, 0x80, 0xFF, 0x81, 0xC0, 0x7F, 0xC0, 0xE0, 0x30, 0x00, 0x70, 0x00, 0x00, 0x38,
    0x00, 0x08, 0x00, 0x00, 0x06, 0x00, 0x00, 0x01, 0xC1, 0xFF, 0xF8, 0x38, 0x7F, 0xFE, 0x0E, 0x0C,
    0xE3, 0x3F, 0xF3, 0x38, 0xCF, 0xFD, 0xCC, 0x30, 0x00, 0x67, 0x0C, 0x00, 0x39, 0xC3, 0x1F, 0xE4,
    0xE1, 0xC7, 0xF8, 0x78, 0x70, 0x00, 0x3C, 0xFC, 0x00, 0x1E, 0x3E, 0x1F, 0xE7, 0x00, 0x07, 0xF8,
    0x18, 0x00, 0x00, 0x07, 0x00, 0x7F, 0x96, 0xE6, 0x1F, 0xE7, 0xF9, 0x86, 0x1B, 0xF7, 0x71, 0x86,
    0xFC, 0x8C, 0x61, 0xB7, 0x0B, 0x98, 0x6D, 0xC3, 0xE6, 0x1F, 0x70, 0xF9, 0xFF, 0x9C, 0x36, 0x7F,
    0x87, 0xFC, 0x18, 0x00, 0xFF, 0x00, 0x00, 0x00, 0x00, 0x08, 0x00, 0x00, 0x07, 0x00, 0x00, 0x00,
    0xC3, 0xFF, 0xF8, 0x38, 0xFF, 0xFE, 0x06, 0x01, 0x80, 0x3F, 0xF0, 0xE0, 0x0F, 0xFF, 0xFF, 0xE0,
    0x00, 0x7F, 0xF8, 0x00, 0x03, 0x8E, 0x1F, 0xF0, 0xC3, 0x87, 0xFC, 0x70, 0xE0, 0x00, 0x1C, 0x38,
    0x00, 0x3F, 0xFF, 0x9F, 0xFF, 0xFF, 0xE7, 0xFC, 0x00, 0x00, 0x00, 0x00, 0x00, 0x7F, 0xDF, 0xFF,
    0x1F, 0xF7, 0xFF, 0xC6, 0x1D, 0xC0, 0x71, 0x87, 0x70, 0x1C, 0x61, 0xDC, 0x07, 0x18, 0x77, 0x01,
    0xC6, 0x1D, 0xC0, 0x71, 0xFF, 0x7F, 0xFC, 0x7F, 0xDF, 0xFF, 0x18, 0x07, 0x01, 0xC0, 0x01, 0x80,
    0x60, 0x08, 0x00, 0x00, 0x07, 0x00, 0x00, 0x01, 0xC1, 0xFF, 0xF0, 0x38, 0x7F, 0xFC, 0x0E, 0x1C,
    0x07, 0x3F, 0xF7, 0x01, 0xCF, 0xFD, 0xC0, 0x70, 0x00, 0x70, 0x1C, 0x00, 0x1F, 0xFF, 0x1F, 0xE7,
    0xFF, 0xC7, 0xF8, 0x00, 0x00, 0x00, 0x00, 0x00, 0x00, 0x1F, 0xFF, 0x1F, 0xE7, 0xFF, 0xC7, 0xF8,
    0x0E, 0x00, 0x00, 0x03, 0x80, 0x7F, 0x80, 0xE0, 0x1F, 0xEF, 0xFF, 0xE6, 0x1B, 0xFF, 0xF9, 0x86,
    0x07, 0x80, 0x61, 0x81, 0xF0, 0x18, 0x60, 0xEE, 0x06, 0x18, 0x7B, 0xC1, 0xFE, 0x7C, 0x78, 0x7F,
    0xFE, 0x0F, 0x98, 0x0E, 0x01, 0xE0, 0x00, 0x00, 0x10, 0x08, 0x06, 0x00, 0x07, 0x01, 0x80, 0x01,
    0xC0, 0xE0, 0x00, 0x38, 0x3F, 0xFE, 0x0C, 0x1F, 0xFF, 0xBF, 0xF7, 0x00, 0x0F, 0xFF, 0x80, 0x00,
    0x01, 0xE0, 0x00, 0x00, 0x7F, 0xFF, 0x1F, 0xEB, 0xFF, 0xC7, 0xF8, 0xE8, 0x70, 0x00, 0x3F, 0x9C,
    0x00, 0x0E, 0xF7, 0x1F, 0xE3, 0x1D, 0xC7, 0xFF, 0xFF, 0xF8, 0x01, 0xFF, 0xFE, 0x7F, 0x9C, 0x87,
    0x1F, 0xE7, 0x71, 0x86, 0x19, 0xCE, 0x61, 0x86, 0x71, 0x98, 0x61, 0x9C, 0x66, 0x18, 0x67, 0xFF,
    0xE6, 0x19, 0xFF, 0xF9, 0xFE, 0x00, 0x38, 0x7F, 0x80, 0xFE, 0x18, 0x00, 0x3F, 0x00, 0x00, 0x00,
    0x00, 0x08, 0x00, 0x10, 0x07, 0x01, 0xCE, 0x01, 0xC0, 0x61, 0x80, 0x38, 0x38, 0x70, 0x0C, 0x0C,
    0x0E, 0x3F, 0xF7, 0x03, 0x8F, 0xFF, 0x80, 0x70, 0x01, 0xE0, 0x0E, 0x00, 0x7F, 0xFF, 0x9F, 0xEF,
    0xFF, 0x87, 0xF9, 0xC0, 0x60, 0x00, 0x70, 0x18, 0x00, 0x1C, 0x06, 0x1F, 0xE7, 0x01, 0x87, 0xF9,
    0xFF, 0xE0, 0x00, 0x7F, 0xF8, 0x7F, 0x87, 0x30, 0x1F, 0xE1, 0xCC, 0x06, 0x18, 0x73, 0x01, 0x86,
    0x1C, 0xC0, 0x61, 0x86, 0x31, 0x18, 0x63, 0x8C, 0x66, 0x19, 0xE3, 0x19, 0xFE, 0xF0, 0xC6, 0x7F,
    0xF8, 0x3F, 0x98, 0x1C, 0x0F, 0xC0, 0x00, 0x00, 0x00, 0x08, 0x00, 0xE0, 0x0E, 0x00, 0x70, 0x07,
    0x0F, 0xFF, 0xE1, 0xC7, 0xFF, 0xF0, 0xE0, 0x0E, 0x07, 0xFE, 0x07, 0x03, 0xFF, 0x7F, 0xFC, 0x00,
    0x3F, 0xFE, 0x00, 0x00, 0xE0, 0x3F, 0xDF, 0xFF, 0xDF, 0xEF, 0xFF, 0xE0, 0x00, 0x00, 0x00, 0x00,
    0xFF, 0xF3, 0xFC, 0x7F, 0xF9, 0xFE, 0x30, 0x1C, 0x00, 0x18, 0x0E, 0x7F, 0x8F, 0xFF, 0x3F, 0xC7,
    0xFF, 0x98, 0x63, 0x01, 0xCC, 0x31, 0xFF, 0xE6, 0x18, 0xFF, 0xF3, 0x0C, 0x60, 0x39, 0x86, 0x30,
    0x1C, 0xFF, 0x18, 0x0E, 0x7F, 0x8C, 0x3F, 0x30, 0x06, 0x1F, 0x00, 0x00, 0x00, 0x00, 0x08, 0x00,
    0x00, 0x06, 0x00, 0x1C, 0x01, 0xC3, 0xFF, 0x60, 0x30, 0xFE, 0xF8, 0x0C, 0x03, 0x39, 0x3F, 0xFF,
    0xCE, 0xEF, 0xFF, 0xE1, 0xF0, 0x00, 0x78, 0x38, 0x00, 0x1F, 0xFE, 0x1F, 0xEF, 0xFF, 0xC7, 0xFF,
    0x80, 0x78, 0x01, 0xC0, 0x0E, 0x00, 0x3F, 0xFE, 0x1F, 0xE7, 0xFF, 0x87, 0xF9, 0xC0, 0xE0, 0x00,
    0x70, 0x38, 0x7F, 0x9C, 0x0E, 0x1F, 0xE7, 0xFF, 0x86, 0x19, 0xFF, 0xE1, 0x86, 0x18, 0x70, 0x61,
    0x86, 0x1C, 0x18, 0x61, 0xC6, 0x06, 0x18, 0x73, 0x81, 0xFE, 0x0C, 0xC0, 0x7F, 0xFF, 0xFF, 0x98,
    0x1F, 0xFF, 0xE0, 0x00, 0x00, 0x00, 0x00, 0x00, 0xC0, 0x0E, 0x00, 0x30, 0x01, 0xC7, 0xFF, 0xF8,
    0x71, 0xFF, 0xFE, 0x0E, 0x00, 0xC0, 0x3F, 0xEF, 0xFF, 0xCF, 0xFB, 0xFF, 0xF0, 0x00, 0xFF, 0xFC,
    0x00, 0x7F, 0xFF, 0x9F, 0xDC, 0xCC, 0xE7, 0xF7, 0x33, 0x38, 0x01, 0xFF, 0xFE, 0x00, 0x7F, 0xFF,
    0x9F, 0xE0, 0x00, 0x07, 0xFB, 0xFF, 0xF0, 0x00, 0xFF, 0xFC, 0x7F, 0x38, 0x07, 0x1F, 0xCF, 0xFF,
    0xC6, 0x33, 0x80, 0x71, 0x8C, 0xFF, 0xFC, 0x63, 0x38, 0x07, 0x18, 0xCF, 0xFF, 0xC6, 0x31, 0xFF,
    0xF1, 0xFC, 0x7C, 0xF8, 0x7F, 0xFC, 0x0F, 0x98, 0x3E, 0x00, 0xE0, 0x04, 0x00, 0x10, 0x00, 0x00,
    0xC0, 0x0C, 0x00, 0x60, 0x07, 0x00, 0x30, 0x03, 0xC0, 0x18, 0x00, 0xF0, 0x0C, 0x00, 0x3C, 0x06,
    0x00, 0x0C, 0x03, 0x00, 0x00, 0x01, 0x80, 0x00, 0x00, 0xC0, 0x7F, 0x00, 0x70, 0x3F, 0x9F, 0xFF,
    0xE1, 0xCF, 0xFF, 0xF0, 0xE0, 0x0C, 0x00, 0x70, 0x06, 0x00, 0x38, 0x03, 0x00, 0x1C, 0x01, 0x80,
    0x0E, 0x00, 0xC0, 0x07, 0x00, 0x60, 0x03, 0x80, 0x30, 0x01, 0xDC, 0x18, 0x00, 0xFE, 0x0C, 0x00,
    0x7E, 0x06, 0x00, 0x3E, 0x03, 0x00, 0x3E, 0x01, 0x80, 0x1C, 0x00, 0xC0, 0x04, 0x00, 0x60, 0x00,
    0x00, 0x30, 0x00, 0x00, 0x00, 0xC0, 0x06, 0x00, 0x70, 0x01, 0xC0, 0x1C, 0x00, 0x38, 0x07, 0x00,
    0x07, 0x01, 0xC0, 0x00, 0xC0, 0x70, 0x00, 0x00, 0x1C, 0x00, 0x00, 0x07, 0x00, 0x00, 0x01, 0xC0,
    0x3F, 0x80, 0x70, 0x0F, 0xE0, 0x1C, 0x00, 0x38, 0x07, 0x00, 0x0E, 0x01, 0xE0, 0x03, 0x80, 0x78,
    0x00, 0xE0, 0x1E, 0x00, 0x38, 0x0F, 0xC0, 0x0E, 0x03, 0xF0, 0x03, 0x80, 0xFC, 0x00, 0xE6, 0x73,
    0x80, 0x3B, 0x9C, 0xE0, 0x0F, 0xEE, 0x1C, 0x03, 0xF3, 0x87, 0x00, 0xF1, 0xC0, 0xE0, 0x78, 0xF0,
    0x1C, 0x0C, 0x78, 0x07, 0x80, 0x1C, 0x00, 0xE0, 0x00, 0x00, 0x00, 0x10, 0x00, 0x00, 0x0E, 0x00,
    0x00, 0x03, 0xC3, 0xFF, 0xE0, 0x78, 0xFF, 0xF8, 0x0F, 0x00, 0x06, 0x01, 0xC0, 0x01, 0x80, 0x20,
    0x00, 0x60, 0x00, 0x00, 0x18, 0xFE, 0x00, 0x06, 0x3F, 0x80, 0x01, 0x80, 0xE0, 0x00, 0x60, 0x38,
    0xFF, 0xF8, 0x0E, 0x3F, 0xFE, 0x03, 0x8E, 0x01, 0x80, 0xE3, 0x80, 0x60, 0x38, 0xE0, 0x00, 0x0E,
    0x38, 0x00, 0x03, 0x8E, 0x00, 0x00, 0xE3, 0x80, 0x10, 0x3B, 0xE0, 0x06, 0x0F, 0xF8, 0x01, 0x83,
    0xEE, 0x00, 0xE1, 0xF1, 0xC0, 0x38, 0x78, 0x7F, 0xFE, 0x08, 0x1F, 0xFF, 0x00, 0x00, 0x0C, 0x00,
    0x08, 0x06, 0x00, 0x0E, 0x07, 0x00, 0x03, 0x83, 0x80, 0x00, 0xE1, 0xC0, 0x00, 0x38, 0xFF, 0xF8,
    0x08, 0xFF, 0xFC, 0x00, 0x71, 0x80, 0x00, 0x70, 0xC0, 0x7F, 0x78, 0x60, 0x3F, 0x98, 0x30, 0x01,
    0xC0, 0x18, 0x00, 0xE0, 0x0C, 0x00, 0x70, 0x06, 0x00, 0x3B, 0xFF, 0xFE, 0x1D, 0xFF, 0xFF, 0x0E,
    0x00, 0xC0, 0x07, 0x00, 0x60, 0x03, 0x80, 0x30, 0x01, 0xC8, 0x18, 0x00, 0xEC, 0x0C, 0x00, 0x7E,
    0x06, 0x00, 0x3E, 0x03, 0x00, 0x3E, 0x01, 0x80, 0x0C, 0x00, 0xC0, 0x04, 0x00, 0x60, 0x00, 0x00,
    0x30, 0x00, 0x10, 0x00, 0x00, 0x0E, 0x03, 0xFE, 0x01, 0xC0, 0xFF, 0x80, 0x38, 0x38, 0x60, 0x07,
    0x0E, 0x18, 0x00, 0x83, 0x06, 0x00, 0x01, 0xC1, 0x80, 0x00, 0xF0, 0x60, 0xFC, 0x78, 0x1F, 0xBF,
    0x3C, 0x07, 0xE0, 0xC6, 0x00, 0x00, 0x30, 0x00, 0x00, 0x0C, 0x7F, 0xFF, 0x03, 0x1F, 0xFF, 0x80,
    0xC3, 0x80, 0xE0, 0x30, 0x70, 0x78, 0x0C, 0x1C, 0x1C, 0x03, 0x03, 0x8E, 0x00, 0xC8, 0x77, 0x80,
    0x37, 0x1F, 0xC0, 0x0F, 0xC3, 0xE0, 0x07, 0xC1, 0xFC, 0x01, 0xE3, 0xFF, 0xE0, 0x73, 0xF8, 0xFE,
    0x18, 0xF8, 0x0F, 0x80, 0x10, 0x00, 0x40, 0x00, 0x00, 0x00, 0x0C, 0x00, 0xE0, 0x0E, 0x00, 0x70,
    0x03, 0x80, 0x38, 0x00, 0xE0, 0x0C, 0x00, 0x78, 0x06, 0x00, 0x19, 0xFF, 0xFE, 0x00, 0xFF, 0xFF,
    0x00, 0x06, 0x00, 0x7F, 0x03, 0x00, 0x3F, 0x81, 0x80, 0x01, 0xC0, 0xC0, 0x00, 0xE0, 0xFF, 0xE0,
    0x70, 0x7F, 0xF0, 0x38, 0x38, 0x38, 0x1C, 0x1C, 0x1C, 0x0E, 0x0E, 0x0E, 0x07, 0x07, 0x07, 0x03,
    0x93, 0x03, 0x81, 0xFB, 0x81, 0xC0, 0xFD, 0xC0, 0xE0, 0x7D, 0xC0, 0x70, 0x7C, 0xE0, 0x38, 0x38,
    0xE0, 0x38, 0x18, 0xF1, 0xFC, 0x00, 0x70, 0xFC, 0x00, 0x00, 0x00, 0x00, 0x10, 0x00, 0x00, 0x0E,
    0x00, 0x00, 0x03, 0xC7, 0xFF, 0xF8, 0x79, 0xFF, 0xFE, 0x0F, 0x00, 0xE0, 0x01, 0x80, 0x38, 0x00,
    0x00, 0x0E, 0x00, 0x00, 0x03, 0x80, 0xFE, 0x10, 0xE0, 0x3F, 0x8E, 0x38, 0x00, 0xE3, 0x8E, 0x00,
    0x38, 0xE3, 0xFC, 0x0E, 0x38, 0xFF, 0x03, 0x8E, 0x38, 0x00, 0xE3, 0x8E, 0x00, 0x38, 0xE3, 0x80,
    0x0E, 0x38, 0xE0, 0x03, 0x8E, 0x38, 0x00, 0xFF, 0x8E, 0x00, 0x3F, 0xE3, 0x80, 0x0F, 0xB8, 0xE0,
    0x07, 0xCE, 0x38, 0x01, 0xCF, 0xFF, 0xF8, 0x63, 0xFF, 0xFE, 0x00, 0x00, 0x00, 0x00, 0x10, 0x00,
    0x00, 0x38, 0x7F, 0xFF, 0x3C, 0x7F, 0xFF, 0x1E, 0x00, 0x03, 0x0F, 0x00, 0x03, 0x06, 0x00, 0x03,
    0x00, 0x7F, 0xF3, 0x00, 0x7F, 0xF3, 0xFE, 0x00, 0x03, 0xFE, 0x00, 0x03, 0x0E, 0x3F, 0xE3, 0x0E,
    0x3F, 0xE3, 0x0E, 0x38, 0x63, 0x0E, 0x38, 0x63, 0x0E, 0x38, 0x63, 0x0E, 0x38, 0x63, 0x0E, 0x38,
    0x63, 0x0E, 0x3F, 0xE3, 0x0E, 0xFF, 0xE3, 0x0F, 0xF8, 0x03, 0x0F, 0xB8, 0x03, 0x1F, 0x00, 0x03,
    0x1E, 0x00, 0x03, 0x18, 0x00, 0x7F, 0x00, 0x00, 0x3F, 0x00, 0x00, 0x00, 0x00, 0x00, 0x60, 0x06,
    0x00, 0x1F, 0x03, 0xC0, 0x07, 0xE0, 0x78, 0x01, 0xDC, 0x0F, 0x00, 0x73, 0x81, 0x80, 0x1C, 0x40,
    0x0F, 0xFF, 0xF8, 0x03, 0xFF, 0xFE, 0x00, 0x00, 0x70, 0x3F, 0x00, 0x1C, 0x0F, 0xC0, 0x07, 0x00,
    0x30, 0x01, 0xC0, 0x0C, 0x00, 0x70, 0x03, 0x1F, 0xFC, 0x00, 0xC7, 0xFF, 0x00, 0x30, 0x30, 0xC0,
    0x0C, 0x0C, 0x30, 0x03, 0x03, 0x0E, 0x00, 0xC0, 0xC3, 0x80, 0x30, 0x30, 0xE4, 0x0D, 0xCD, 0xB9,
    0x83, 0xF7, 0xF7, 0x61, 0xFF, 0xF9, 0xD8, 0x79, 0xF0, 0x7E, 0x1C, 0x60, 0x0F, 0x86, 0x00, 0x01,
    0xC0, 0x00, 0x01, 0x80, 0x1C, 0x00, 0xE0, 0x0F, 0x00, 0x70, 0x03, 0xC0, 0x1C, 0x00, 0xEF, 0xFF,
    0xF8, 0x3F, 0xFF, 0xFC, 0x18, 0x0E, 0x00, 0x00, 0x0E, 0x00, 0x00, 0x07, 0x08, 0x7F, 0x07, 0x0E,
    0x3F, 0x87, 0x0F, 0x01, 0xCF, 0xFF, 0x00, 0xE7, 0xFF, 0x00, 0x71, 0xFF, 0x10, 0x38, 0x07, 0x1E,
    0x1C, 0x0F, 0x8E, 0x0E, 0x0F, 0x0E, 0x07, 0x1F, 0x0F, 0x03, 0x9F, 0x0F, 0x01, 0xCE, 0x1F, 0x00,
    0xEC, 0x1F, 0x00, 0x7E, 0x3F, 0xE0, 0x3E, 0x3E, 0x78, 0x1E, 0x7C, 0x1E, 0x1E, 0xFC, 0x07, 0x84,
    0x78, 0x01, 0x80, 0x10, 0x00, 0x00, 0x00, 0x00, 0x04, 0x18, 0x0E, 0x03, 0x8E, 0x07, 0x83, 0x87,
    0x81, 0xC1, 0xC1, 0xE0, 0x71, 0xC0, 0x78, 0x30, 0xE0, 0x19, 0xFF, 0xFE, 0x00, 0xFF, 0xFF, 0x00,
    0x00, 0xC0, 0x7F, 0x00, 0x60, 0x3F, 0x80, 0x30, 0x01, 0xC0, 0x18, 0x00, 0xE3, 0xFF, 0xF0, 0x71,
    0xFF, 0xF8, 0x38, 0x03, 0x00, 0x1C, 0x01, 0x80, 0x0E, 0x00, 0xC0, 0x07, 0x00, 0x60, 0x03, 0x9F,
    0xFF, 0xE1, 0xDF, 0xFF, 0xF0, 0xFC, 0x0C, 0x00, 0x7E, 0x06, 0x00, 0x3E, 0x03, 0x00, 0x3C, 0x01,
    0x80, 0x1C, 0x00, 0xC0, 0x0C, 0x00, 0x60, 0x00, 0x00, 0x30, 0x00, 0x00, 0x00, 0x00, 0x18, 0x7F,
    0xFF, 0x8F, 0x3F, 0xFF, 0xC3, 0xC0, 0x60, 0x00, 0xE0, 0x70, 0x00, 0x23, 0xFF, 0xF0, 0x01, 0xFF,
    0xF8, 0x00, 0x0C, 0x18, 0xFC, 0x0E, 0x0C, 0x7E, 0x07, 0x06, 0x03, 0x03, 0x83, 0x01, 0xBF, 0xFF,
    0xF0, 0xDF, 0xFF, 0xF8, 0x60, 0x00, 0x00, 0x30, 0x00, 0x00, 0x18, 0x7F, 0xFC, 0x0C, 0x3F, 0xFE,
    0x06, 0x18, 0x03, 0x03, 0x3C, 0x01, 0x81, 0xFE, 0x00, 0xC0, 0xFF, 0x00, 0x60, 0xF9, 0x80, 0x30,
    0x78, 0xFF, 0xF8, 0x30, 0x7F, 0xFC, 0x00, 0x30, 0x06, 0x00, 0x18, 0x03, 0x00, 0x10, 0x00, 0x00,
    0x0E, 0x0F, 0xFF, 0xC3, 0xC3, 0xFF, 0xF0, 0x78, 0xE0, 0x1C, 0x0E, 0x38, 0x07, 0x01, 0x8E, 0x01,
    0xC0, 0x03, 0x80, 0x70, 0x00, 0xFF, 0xFC, 0xFC, 0x3F, 0xFF, 0x3F, 0x00, 0x00, 0x00, 0xC0, 0x00,
    0x00, 0x31, 0xFF, 0xFC, 0x0C, 0x7F, 0xFF, 0x03, 0x00, 0x70, 0x00, 0xC0, 0x1C, 0x00, 0x30, 0x07,
    0x00, 0x0C, 0x7F, 0xFF, 0x83, 0x1F, 0xFF, 0xE0, 0xC8, 0x3E, 0x00, 0x37, 0x0F, 0x80, 0x0F, 0xC7,
    0x70, 0x07, 0xE3, 0xCE, 0x01, 0xE3, 0xE1, 0xE0, 0x73, 0xF0, 0x3E, 0x08, 0xF0, 0x07, 0x80, 0x10,
    0x00, 0x40, 0x00, 0x08, 0x00, 0x08, 0x06, 0x00, 0x0E, 0x07, 0x00, 0x07, 0x83, 0x80, 0x01, 0xE3,
    0xFF, 0xF8, 0x79, 0xFF, 0xFC, 0x19, 0xE0, 0x00, 0x00, 0xE0, 0x00, 0x00, 0xFF, 0xFF, 0x7F, 0x3F,
    0xFF, 0xBF, 0x87, 0x61, 0xC1, 0xC3, 0x38, 0xE0, 0xE1, 0x8E, 0x70, 0x70, 0xC3, 0x30, 0x3B, 0xFF,
    0xFE, 0x1D, 0xFF, 0xFF, 0x0E, 0x39, 0x06, 0x07, 0x1D, 0xC3, 0x03, 0x8E, 0x79, 0x81, 0xD6, 0x1C,
    0xC0, 0xFF, 0x04, 0x60, 0x7F, 0xFF, 0xFC, 0x3D, 0xFF, 0xFE, 0x3C, 0x00, 0x1C, 0x1C, 0x00, 0xFC,
    0x0C, 0x00, 0x3E, 0x00, 0x00, 0x00, 0x00, 0x00, 0x00, 0x08, 0x08, 0x1C, 0x0E, 0x0E, 0x07, 0x07,
    0x03, 0x83, 0x87, 0x00, 0xE0, 0xE3, 0x80, 0x78, 0x71, 0xC0, 0x19, 0xFF, 0xF8, 0x00, 0xFF, 0xFC,
    0x00, 0x70, 0x0E, 0x7F, 0x38, 0x07, 0x3F, 0x9C, 0x03, 0x81, 0xCE, 0x01, 0xC0, 0xE7, 0x00, 0xE0,
    0x73, 0xFF, 0xF0, 0x39, 0xFF, 0xF8, 0x1C, 0x1C, 0xE0, 0x0E, 0x0E, 0x70, 0x07, 0x07, 0x38, 0x03,
    0xB3, 0x9C, 0x01, 0xF9, 0xCE, 0x00, 0xFD, 0xC7, 0x10, 0x7C, 0xE3, 0x8C, 0x7C, 0xE1, 0xC6, 0x78,
    0xF0, 0xE3, 0x19, 0xF0, 0x7F, 0x80, 0xF0, 0x3F, 0x80, 0x20, 0x00, 0x00, 0x00, 0x00, 0xC0, 0x08,
    0x00, 0xE0, 0x0E, 0x00, 0x70, 0x07, 0x8F, 0xFF, 0xF1, 0xE7, 0xFF, 0xF0, 0x70, 0x0E, 0x00, 0x18,
    0xFF, 0xFC, 0x00, 0x7F, 0xFE, 0x00, 0x01, 0xC0, 0x7F, 0x00, 0xE0, 0x3F, 0xBF, 0xFF, 0xE1, 0xDF,
    0xFF, 0xF0, 0xE0, 0x00, 0x00, 0x71, 0xFF, 0xF0, 0x38, 0xFF, 0xF8, 0x1C, 0x70, 0x0C, 0x0E, 0x3F,
    0xFE, 0x07, 0x1F, 0xFF, 0x03, 0x8E, 0x01, 0x81, 0xD7, 0x00, 0xC0, 0xFF, 0xFF, 0xE0, 0x7F, 0xFF,
    0xF0, 0x3C, 0xE0, 0x18, 0x3C, 0x70, 0x1C, 0x1C, 0x38, 0x7E, 0x0C, 0x1C, 0x3F, 0x00, 0x00, 0x00,
    0x00, 0x00, 0x01, 0xC0, 0x18, 0x00, 0xE0, 0x0E, 0x00, 0x70, 0x07, 0x87, 0xFF, 0xE1, 0xE3, 0xFF,
    0xF0, 0x78, 0x0E, 0x00, 0x18, 0x07, 0x00, 0x00, 0xFF, 0xFF, 0x00, 0x7F, 0xFF, 0x7E, 0x00, 0x01,
    0xBF, 0x06, 0x39, 0xC1, 0x83, 0xDC, 0xC0, 0xC0, 0xFE, 0x60, 0x63, 0x9F, 0x00, 0x31, 0xE3, 0x80,
    0x18, 0x39, 0x80, 0x0C, 0x0C, 0xC0, 0x06, 0x7F, 0xFF, 0xC3, 0x3F, 0xFF, 0xE1, 0x90, 0x38, 0x00,
    0xF8, 0x3B, 0x00, 0x7C, 0x3F, 0xC0, 0x7C, 0x3C, 0x78, 0x3C, 0x7C, 0x1E, 0x1C, 0xF8, 0x07, 0x8C,
    0x78, 0x01, 0xC0, 0x10, 0x00, 0x40, 0x7F, 0xF0, 0x00, 0x3F, 0xFF, 0xFF, 0x9C, 0xC1, 0xFF, 0xCE,
    0x60, 0x70, 0xC7, 0xFF, 0x38, 0xE3, 0xFF, 0x8E, 0x71, 0xC0, 0xC7, 0x70, 0xFF, 0xE1, 0xF0, 0x7F,
    0xF0, 0xF8, 0x39, 0x80, 0xFE, 0x1F, 0xFF, 0xF7, 0xCF, 0xFF, 0xF1, 0xF0, 0x00, 0x60, 0x33, 0xFF,
    0xFF, 0xF9, 0xFF, 0xFF, 0xFC, 0x00, 0x00, 0x00, 0x0F, 0xFF, 0xF8, 0x07, 0xFF, 0xFC, 0x03, 0x00,
    0x06, 0x01, 0xFF, 0xFF, 0x00, 0xFF, 0xFF, 0x80, 0x0C, 0x07, 0x00, 0x07, 0x07, 0x01, 0xFF, 0xFF,
    0xFF, 0xFF, 0xFF, 0xFF, 0x80, 0x1F, 0xFF, 0xFC, 0x0F, 0xFF, 0xFE, 0x07, 0x00, 0x07, 0x03, 0x80,
    0x03, 0x81, 0xC0, 0x01, 0xC0, 0xFF, 0xFF, 0xE0, 0x7F, 0xFF, 0xF0, 0x38, 0x00, 0x38, 0x1C, 0x00,
    0x1C, 0x0E, 0x00, 0x0E, 0x07, 0xFF, 0xFF, 0x03, 0xFF, 0xFF, 0x81, 0xC0, 0x01, 0xC0, 0xE0, 0x00,
    0xE0, 0x70, 0x00, 0x70, 0x3F, 0xFF, 0xF8, 0x1F, 0xFF, 0xFC, 0x00, 0x00, 0x00, 0x00, 0x70, 0x70,
    0x00, 0x7C, 0x3E, 0x00, 0xF8, 0x0F, 0xC1, 0xF8, 0x01, 0xF3, 0xF0, 0x00, 0x7E, 0xF0, 0x00, 0x0E,
    0x20, 0x00, 0x02, 0x00, 0x00, 0x20, 0x00, 0x07, 0xF8, 0xFF, 0x0F, 0xF9, 0xFF, 0x87, 0x80, 0xF0,
    0x03, 0x80, 0x70, 0x01, 0xFF, 0xFF, 0xFC, 0xFF, 0xDF, 0xFE, 0xE3, 0x9C, 0x70, 0x71, 0xCE, 0x38,
    0x70, 0xEE, 0x1C, 0x13, 0xFF, 0xFE, 0x01, 0xFF, 0xFF, 0x00, 0xC0, 0x01, 0x80, 0x7F, 0xFF, 0xC0,
    0x3F, 0xFF, 0xE0, 0x18, 0x00, 0x30, 0x0C, 0x00, 0x18, 0x07, 0xFF, 0xFC, 0x03, 0xFF, 0xFE, 0x01,
    0x80, 0x03, 0x00, 0xFF, 0xFF, 0x80, 0x7F, 0xFF, 0xC0, 0x07, 0x07, 0x00, 0x1F, 0x83, 0xF8, 0x7F,
    0x00, 0x7F, 0x3E, 0x00, 0x07, 0x98, 0x00, 0x00, 0x40, 0x3F, 0xC7, 0xFF, 0x87, 0xF8, 0xFF, 0xF0,
    0xC7, 0x18, 0x00, 0x18, 0xE3, 0x00, 0x03, 0x1C, 0x7F, 0xF0, 0x7F, 0x8F, 0xFE, 0x0F, 0xF1, 0x80,
    0x01, 0x8E, 0x3F, 0xF8, 0x31, 0xC7, 0xFF, 0x06, 0x38, 0xC0, 0x00, 0xFF, 0x18, 0x00, 0x1F, 0xFF,
    0xFF, 0xE3, 0x1F, 0xFF, 0xFC, 0x63, 0x9D, 0xC0, 0x0C, 0x73, 0x98, 0xE1, 0xFE, 0x73, 0xBC, 0x3F,
    0xCE, 0x3F, 0x00, 0x01, 0xC7, 0x80, 0x6E, 0x38, 0x70, 0x1C, 0xC7, 0x07, 0x03, 0x9C, 0xEE, 0xF0,
    0xE1, 0x9F, 0xCF, 0x9C, 0x37, 0xF0, 0xF3, 0x00, 0x70, 0x06, 0x00, 0x08, 0x00, 0x00, 0x1F, 0xFF,
    0xFC, 0x1F, 0xFF, 0xFC, 0x1C, 0x00, 0x1C, 0x1C, 0x00, 0x1C, 0x1C, 0x1C, 0x1C, 0x1C, 0x1C, 0x1C,
    0x1C, 0x1C, 0x1C, 0x1C, 0x1C, 0x1C, 0x1C, 0x1C, 0x1C, 0x1C, 0x1C, 0x1C, 0x1C, 0x1C, 0x1C, 0x1C,
    0x1C, 0x1C, 0x1C, 0x1C, 0x1C, 0x1C, 0x1C, 0x1C, 0x1C, 0x18, 0x1C, 0x1C, 0x38, 0x1C, 0x1C, 0x38,
    0x1C, 0x00, 0x72, 0x00, 0x00, 0xE7, 0x80, 0x03, 0xE7, 0xE0, 0x07, 0xC1, 0xF8, 0x3F, 0x00, 0x7E,
    0xFE, 0x00, 0x1F, 0x78, 0x00, 0x07, 0x00, 0x00, 0x00, 0x00, 0x00, 0x00, 0x00, 0x00, 0x70, 0x07,
    0xFE, 0x1C, 0x01, 0xFF, 0x86, 0x00, 0x60, 0x61, 0x80, 0x18, 0x18, 0xE0, 0x06, 0x66, 0x3F, 0xF9,
    0x99, 0x8F, 0xFE, 0x66, 0x67, 0x0E, 0x19, 0x99, 0xC3, 0x86, 0x66, 0xE0, 0xE1, 0x99, 0xBC, 0x38,
    0x66, 0x7F, 0x0C, 0x19, 0x9B, 0xC3, 0x06, 0x66, 0x39, 0xC1, 0x99, 0x86, 0x70, 0x66, 0x61, 0xD8,
    0x19, 0x98, 0x7E, 0x06, 0xE6, 0x0F, 0x00, 0xB8, 0x01, 0xC0, 0x0F, 0x80, 0xF0, 0x07, 0x70, 0x7E,
    0x03, 0xCE, 0x1D, 0xC1, 0xE3, 0x9E, 0x3C, 0xF0, 0x7F, 0x07, 0xB8, 0x0B, 0x80, 0xE4, 0x00, 0x00,
    0x10, 0x00, 0x06, 0x00, 0x1F, 0xF1, 0x81, 0xC7, 0xFC, 0x60, 0xE1, 0x83, 0x18, 0x38, 0x6E, 0xC6,
    0x1C, 0x1B, 0xB1, 0x8E, 0x06, 0xEC, 0x67, 0x81, 0xBB, 0x1B, 0xC0, 0x6E, 0xC6, 0xE0, 0x1B, 0xB1,
    0x80, 0x06, 0xEF, 0xFF, 0xF9, 0xBB, 0xFF, 0xFE, 0x6E, 0xC6, 0x60, 0x1B, 0xB1, 0x9C, 0x06, 0xEC,
    0x67, 0x01, 0xBB, 0x18, 0xC0, 0x6C, 0xC6, 0x38, 0x1B, 0x31, 0x8E, 0x00, 0xF0, 0x61, 0xC0, 0x7C,
    0x18, 0x70, 0x1B, 0x86, 0x2E, 0x0E, 0x71, 0xFB, 0xC7, 0x0C, 0xFE, 0x7B, 0x83, 0xBF, 0x0E, 0xC0,
    0x4E, 0x01, 0x00, 0x02, 0x00, 0x00, 0x00, 0x00, 0x00, 0x00, 0x00, 0x1F, 0xC0, 0x3F, 0xFF, 0xF0,
    0x7F, 0xFF, 0xF0, 0x1F, 0xFF, 0x80, 0x07, 0x00, 0xE0, 0x01, 0xC0, 0x38, 0x00, 0x7F, 0xFF, 0xFF,
    0x1F, 0xFF, 0xFF, 0xC7, 0x00, 0xE0, 0x01, 0xC0, 0x30, 0x00, 0x73, 0xFF, 0xFC, 0x1C, 0xFF, 0xFF,
    0x07, 0x30, 0x01, 0xC1, 0xCC, 0x38, 0x70, 0x73, 0x0E, 0x1C, 0x1C, 0xC3, 0x87, 0x07, 0x30, 0xE1,
    0xC1, 0xCC, 0x38, 0x70, 0x63, 0x0E, 0x1C, 0x38, 0xC7, 0x07, 0x0E, 0x03, 0xFC, 0x03, 0x83, 0xEF,
    0xC1, 0xC3, 0xF0, 0xFC, 0x73, 0xF0, 0x0F, 0xD8, 0xF0, 0x00, 0xE0, 0x10, 0x00, 0x00, 0x00, 0x00,
    0xE0, 0x00, 0x00, 0x70, 0x1F, 0xF8, 0x38, 0x0F, 0xFC, 0x1C, 0x06, 0x0E, 0x0E, 0x03, 0x37, 0x07,
    0x01, 0x9B, 0x83, 0xFE, 0xCD, 0xC1, 0xFF, 0x66, 0xE0, 0xE0, 0x33, 0x70, 0x70, 0x19, 0xB8, 0x38,
    0x0C, 0xDC, 0x1C, 0x06, 0x6E, 0x0E, 0x03, 0x37, 0x07, 0x01, 0x9B, 0xBF, 0xFC, 0xCD, 0xDF, 0xFE,
    0x66, 0xEC, 0x03, 0x37, 0x76, 0x01, 0x9B, 0xBB, 0x00, 0xCD, 0x89, 0x80, 0x60, 0xF8, 0xC0, 0x30,
    0xFC, 0x60, 0x18, 0xE7, 0x30, 0x0C, 0xF1, 0xDF, 0xFE, 0xF0, 0xEF, 0xFF, 0x70, 0x26, 0x01, 0x90,
    0x03, 0x00, 0xC0, 0x00, 0x0E, 0x00, 0x00, 0x01, 0xC0, 0x00, 0xFF, 0xFF, 0xFF, 0x1F, 0xFF, 0xFF,
    0xE3, 0x04, 0x06, 0x1C, 0x61, 0xC1, 0xC3, 0x8F, 0xFF, 0xFF, 0xF0, 0x7F, 0xFF, 0xF0, 0x00, 0xE0,
    0xE0, 0x01, 0xFF, 0xFF, 0xC0, 0x1F, 0xFF, 0xF0, 0x00, 0x70, 0x70, 0x07, 0xFF, 0xFF, 0xFC, 0xFF,
    0xFF, 0xFF, 0x80, 0xF0, 0x0F, 0x00, 0x3C, 0x00, 0xF0, 0x1F, 0xFF, 0xFF, 0x8F, 0xFF, 0xFF, 0xF9,
    0xCC, 0x38, 0x76, 0x01, 0x87, 0x0E, 0x00, 0x30, 0xE1, 0xC0, 0x06, 0x3B, 0x38, 0x00, 0xCE, 0xFE,
    0x00, 0x0F, 0xCF, 0xF0, 0x3F, 0xE0, 0x1F, 0x87, 0xF0, 0x00, 0xF0, 0xC0, 0x00, 0x00, 0x00, 0x03,
    0x00, 0x00, 0x00, 0x70, 0x00, 0x00, 0x0E, 0x1F, 0xFF, 0x01, 0xC3, 0xFF, 0xC3, 0xFF, 0x86, 0x18,
    0x7F, 0xF1, 0xC3, 0x00, 0xE0, 0x38, 0x60, 0x1C, 0x0E, 0x1C, 0x03, 0x81, 0xC3, 0x8F, 0xFF, 0x73,
    0xF1, 0xFF, 0xFC, 0x7C, 0x01, 0xC3, 0x00, 0x00, 0x38, 0x00, 0x00, 0x77, 0x07, 0xFF, 0x0E, 0xE0,
    0xFF, 0xE1, 0xDC, 0x18, 0x1C, 0x3B, 0xFB, 0x03, 0x87, 0x7F, 0x60, 0x70, 0xEE, 0x0C, 0x0E, 0x1F,
    0xC1, 0xFF, 0xC3, 0xF8, 0x3F, 0xF8, 0x7F, 0x00, 0x00, 0x1D, 0xE0, 0x00, 0x03, 0xBF, 0xC0, 0x00,
    0x71, 0xFF, 0xFF, 0xDC, 0x0F, 0xFF, 0xF9, 0x80, 0x00, 0x00, 0x00, 0x03, 0x00, 0x38, 0x00, 0x70,
    0x07, 0xE0, 0x0E, 0x00, 0xEE, 0x01, 0xC0, 0x1D, 0xC3, 0xFF, 0x83, 0x98, 0x7F, 0xFF, 0xFF, 0x80,
    0xE1, 0xFF, 0xF0, 0x1C, 0x38, 0xC0, 0x03, 0x87, 0x18, 0x0F, 0xFF, 0xE3, 0x39, 0xFF, 0xFC, 0x66,
    0x01, 0xC3, 0x8C, 0xC0, 0x38, 0x71, 0xF8, 0x77, 0x0E, 0x3E, 0x0E, 0xE1, 0xC7, 0xC1, 0xDF, 0xFF,
    0x70, 0x3B, 0xFF, 0xEE, 0xC7, 0x70, 0xFB, 0xD8, 0xEE, 0x3C, 0xFB, 0x1F, 0xC2, 0x3F, 0x63, 0xF8,
    0x0F, 0x7C, 0x7F, 0x03, 0xC7, 0x1D, 0xE0, 0x30, 0x03, 0x9F, 0xC0, 0x00, 0x61, 0xFF, 0xFF, 0xCC,
    0x0F, 0xFF, 0xF8, 0x00, 0x00, 0x00, 0x00, 0x1F, 0xFF, 0xFC, 0x07, 0xFF, 0xFF, 0x01, 0xC0, 0x00,
    0xC0, 0x70, 0x00, 0x30, 0x1C, 0x00, 0x0C, 0x07, 0x00, 0x03, 0x01, 0xC0, 0x00, 0xC0, 0x70, 0x00,
    0x30, 0x1F, 0xFF, 0xFC, 0x07, 0xFF, 0xFF, 0x00, 0x01, 0xC0, 0x00, 0x00, 0x70, 0x00, 0x07, 0x1C,
    0x00, 0x03, 0x87, 0x00, 0x00, 0xE1, 0xFF, 0xE0, 0x38, 0x7F, 0xF8, 0x0E, 0x1C, 0x00, 0x07, 0xC7,
    0x00, 0x01, 0xF9, 0xC0, 0x00, 0xFF, 0x70, 0x00, 0x39, 0xFC, 0x00, 0x1E, 0x3F, 0xE0, 0x0F, 0x07,
    0xFF, 0xFB, 0x80, 0x3F, 0xFE, 0x00, 0x00, 0x00, 0x00, 0x3F, 0xF7, 0xFF, 0xCF, 0xFD, 0xFF, 0xF3,
    0x07, 0x60, 0x00, 0xC1, 0xD8, 0x00, 0x30, 0x76, 0x00, 0x0C, 0x1D, 0x80, 0x03, 0xFF, 0x7F, 0xF0,
    0xFF, 0xDF, 0xFC, 0x03, 0x06, 0x03, 0x00, 0xC1, 0x80, 0xC0, 0x30, 0x60, 0x30, 0xCC, 0x18, 0x0C,
    0x33, 0xF6, 0x03, 0x0C, 0xFD, 0x80, 0xC3, 0x30, 0x7F, 0xF0, 0xCC, 0x1F, 0xFC, 0x33, 0x06, 0x00,
    0x0C, 0xC1, 0x80, 0x03, 0x3F, 0x60, 0x00, 0xDF, 0xD8, 0x00, 0x7F, 0xE6, 0x00, 0x1F, 0xC1, 0xFF,
    0xF7, 0x00, 0x7F, 0xFC, 0x00, 0x01, 0x80, 0x00, 0x00, 0xE0, 0x07, 0xFE, 0x38, 0x01, 0xFF, 0x8F,
    0xF8, 0x70, 0xE7, 0xFE, 0x1C, 0x3B, 0xC3, 0x87, 0x0E, 0xF1, 0xC1, 0xC3, 0xFE, 0x70, 0x7F, 0xFF,
    0xB8, 0x1F, 0xFE, 0x7E, 0x00, 0x61, 0x0F, 0x00, 0x18, 0x03, 0xC0, 0x26, 0x01, 0xF8, 0x1D, 0x81,
    0xFF, 0x07, 0x7E, 0xF9, 0xF1, 0xDF, 0xF8, 0x3E, 0x76, 0x3F, 0xFF, 0x9D, 0x8F, 0xFF, 0xC7, 0x60,
    0xE0, 0x71, 0xD8, 0x38, 0x1C, 0x76, 0xEE, 0x07, 0x1F, 0xFB, 0x81, 0xCF, 0xFE, 0xE0, 0x73, 0xF8,
    0x3F, 0xFC, 0xF0, 0x0F, 0xFF, 0x00, 0x03, 0x81, 0xC0, 0x00, 0x40, 0x00, 0x00, 0x01, 0x98, 0x00,
    0x00, 0x73, 0x00, 0xFF, 0x8E, 0x60, 0x1F, 0xF1, 0xCC, 0x03, 0x0F, 0xB9, 0x98, 0x61, 0xF7, 0x33,
    0x8C, 0x3F, 0xE6, 0x61, 0x87, 0xFC, 0xDC, 0x30, 0xEF, 0x9B, 0x07, 0xFD, 0xF3, 0xE0, 0xFF, 0xBE,
    0x78, 0x03, 0x81, 0xCC, 0x01, 0x70, 0x39, 0x80, 0x6E, 0x07, 0x38, 0x0D, 0xF8, 0xE7, 0x81, 0xBF,
    0x7C, 0xFC, 0x37, 0x1F, 0x9B, 0xC6, 0xE7, 0xF3, 0x38, 0xDC, 0xEC, 0x63, 0x1B, 0x81, 0x8C, 0x03,
    0x7E, 0x71, 0x80, 0x7F, 0xCE, 0x31, 0x9F, 0xFB, 0x86, 0x3B, 0xF0, 0xF0, 0xC6, 0x60, 0x3C, 0x1F,
    0xC0, 0x07, 0x03, 0xF8, 0x00, 0x80, 0x00, 0x00, 0x03, 0x81, 0x80, 0x00, 0xE0, 0x66, 0x00, 0x38,
    0x19, 0xC1, 0xFF, 0xF6, 0x38, 0x7F, 0xFD, 0x87, 0x00, 0xE0, 0x60, 0xC0, 0x38, 0x18, 0x03, 0xFF,
    0xFF, 0xFE, 0xFF, 0xFF, 0xFF, 0x80, 0xE0, 0x70, 0x07, 0xFF, 0xDC, 0x71, 0xFF, 0xF7, 0x1C, 0x03,
    0x81, 0xCE, 0x0F, 0xFE, 0x73, 0x87, 0xFF, 0xDC, 0xC1, 0xCE, 0x73, 0x70, 0x7F, 0xFC, 0xF8, 0x1F,
    0xFF, 0x3E, 0x07, 0x39, 0xCF, 0x01, 0xFF, 0xF3, 0xC4, 0x3F, 0xF8, 0xF1, 0x80, 0xE0, 0x7C, 0x6F,
    0xFF, 0xFF, 0x9B, 0xFF, 0xFE, 0xFE, 0x03, 0x8F, 0x1F, 0x80, 0xE3, 0x83, 0xC0, 0x38, 0x00, 0x00,
    0x00, 0x00, 0x40, 0x03, 0x80, 0x38, 0x00, 0xE0, 0x0E, 0x00, 0x38, 0x07, 0xC0, 0xFF, 0xE3, 0xB8,
    0x3F, 0xF9, 0xC7, 0x80, 0xE1, 0xC0, 0xF1, 0xFF, 0xFF, 0xFF, 0x7F, 0xFF, 0xFF, 0x9B, 0x30, 0x00,
    0x06, 0xCC, 0x00, 0x31, 0xB3, 0x7F, 0x6E, 0x7F, 0xDF, 0xDB, 0x9F, 0xF6, 0x36, 0xE6, 0xCD, 0x8D,
    0xB9, 0xB3, 0x7F, 0x6E, 0x7F, 0xDF, 0xDB, 0x9F, 0xF6, 0x36, 0xE0, 0xE1, 0x8D, 0xB8, 0x38, 0x7F,
    0x6E, 0xFF, 0xFF, 0xDB, 0xBF, 0xFE, 0x36, 0xE0, 0xE1, 0x8C, 0x38, 0x38, 0x63, 0x0E, 0x0E, 0x1B,
    0xCF, 0x83, 0x86, 0xF3, 0xC0, 0xC0, 0x00, 0x00, 0x00, 0x00, 0x60, 0x03, 0x80, 0x18, 0x00, 0xE0,
    0x06, 0x00, 0x38, 0x7F, 0xFE, 0xFF, 0xFF, 0xFF, 0xBF, 0xF8, 0x18, 0x00, 0xE0, 0xFF, 0xF1, 0xFF,
    0xBF, 0xFC, 0x7F, 0xEC, 0x63, 0x19, 0x9B, 0xFF, 0xC6, 0x66, 0xFF, 0xF1, 0xFF, 0xB1, 0x8C, 0x7F,
    0xEF, 0xFF, 0x19, 0x9B, 0xFF, 0xC6, 0x66, 0x06, 0x71, 0x99, 0xFF, 0xFE, 0x7F, 0xFF, 0xFF, 0x9F,
    0xF8, 0x07, 0x40, 0xE1, 0xFF, 0xF8, 0x3F, 0xFF, 0xFE, 0xFF, 0xF6, 0x1C, 0x3F, 0xFD, 0xC7, 0x00,
    0xE0, 0x71, 0xC0, 0x38, 0x0E, 0x70, 0x0E, 0x01, 0x1C, 0x03, 0x80, 0x3F, 0x00, 0x60, 0x07, 0x80,
    0x0C, 0x00, 0x60, 0x07, 0x00, 0x38, 0x03, 0x80, 0x38, 0x01, 0x80, 0x1C, 0x0F, 0xFF, 0xFF, 0xF7,
    0xFF, 0xFF, 0xF8, 0x70, 0x07, 0x00, 0x30, 0x03, 0x80, 0x3F, 0x01, 0xC0, 0x1B, 0x9F, 0xFF, 0xCD,
    0xCF, 0xFF, 0xEE, 0xE0, 0x70, 0x06, 0x70, 0x38, 0x07, 0xFF, 0x38, 0x01, 0xFF, 0x9F, 0xFC, 0x0E,
    0x0F, 0xFE, 0x07, 0x00, 0x0E, 0x03, 0x80, 0x0E, 0x01, 0xFC, 0x07, 0x1F, 0xFC, 0x67, 0x0F, 0xF8,
    0x7F, 0x07, 0x38, 0x1F, 0x80, 0x1C, 0x03, 0xC0, 0x0E, 0x00, 0xF8, 0x07, 0x00, 0x3C, 0x03, 0x80,
    0x06, 0x01, 0xC0, 0x00, 0x00, 0x01, 0x81, 0xC0, 0x00, 0x60, 0x76, 0x00, 0x18, 0x1D, 0xC1, 0xFF,
    0xF7, 0x38, 0x3F, 0xFD, 0xC7, 0x00, 0x60, 0x71, 0x80, 0x18, 0x1C, 0x03, 0xFF, 0xFF, 0xFE, 0xFF,
    0xFF, 0xFF, 0x81, 0xC0, 0x70, 0x00, 0x70, 0x0C, 0x71, 0xFF, 0xFB, 0x1C, 0xFF, 0xFE, 0xC6, 0x07,
    0x00, 0x33, 0x81, 0xCC, 0x0E, 0xE0, 0xE3, 0x03, 0xF0, 0x7F, 0xFE, 0xFC, 0x0F, 0xFF, 0xBE, 0x02,
    0x0C, 0x07, 0x80, 0x03, 0x01, 0xC4, 0x00, 0xFE, 0xF1, 0x9F, 0xFF, 0xBC, 0x6F, 0xFF, 0x9F, 0x99,
    0xC3, 0x0E, 0xFE, 0x00, 0xC7, 0x9F, 0x80, 0x31, 0xC3, 0xC0, 0x00, 0x00, 0x00, 0x08, 0x00, 0x40,
    0x03, 0x80, 0x70, 0x00, 0xC0, 0x0E, 0x00, 0x70, 0x03, 0x80, 0xFF, 0xC0, 0x60, 0x3F, 0xF7, 0xFF,
    0xE1, 0x81, 0xFF, 0xF8, 0xE0, 0x08, 0x00, 0x3F, 0x03, 0x0C, 0x0F, 0xC1, 0xC3, 0x83, 0x70, 0x60,
    0x71, 0xDC, 0x38, 0x1C, 0x77, 0x1C, 0x03, 0xBF, 0xF7, 0xC3, 0xE7, 0xFD, 0xF1, 0xD8, 0x1C, 0x0E,
    0x70, 0x07, 0x03, 0xB8, 0x01, 0xC0, 0x7E, 0x00, 0x7E, 0x1F, 0x03, 0xFF, 0x83, 0xC0, 0xFF, 0x80,
    0xF0, 0x3D, 0xC0, 0x7E, 0x00, 0x70, 0x3B, 0xC0, 0x1C, 0x3C, 0x7C, 0x07, 0x3E, 0x0F, 0x81, 0xCF,
    0x00, 0xE0, 0x31, 0x00, 0x00, 0x08, 0x00, 0x00, 0x07, 0x07, 0xFF, 0x03, 0x03, 0xFF, 0xC3, 0x81,
    0x80, 0xEF, 0xFE, 0xC0, 0x77, 0xFF, 0x60, 0x38, 0x60, 0x3F, 0xFC, 0x70, 0x1F, 0xFC, 0x3F, 0x00,
    0x00, 0x1F, 0x9F, 0xFF, 0xCD, 0xCF, 0xFF, 0xEE, 0xE1, 0xC0, 0xC7, 0x70, 0xE0, 0x67, 0xFE, 0x7F,
    0xF1, 0xFF, 0x3F, 0xF8, 0x0E, 0x1C, 0x0C, 0x07, 0x0E, 0x06, 0x03, 0x87, 0xFF, 0x01, 0xFB, 0xFF,
    0x9F, 0xFD, 0xC0, 0xCF, 0xF0, 0xE0, 0x67, 0x39, 0xFF, 0xFC, 0x1C, 0xFF, 0xFE, 0x0E, 0x7E, 0x0C,
    0x07, 0x00, 0x06, 0x03, 0x80, 0x03, 0x01, 0xC0, 0x00, 0x00, 0x18, 0x00, 0xC0, 0x07, 0x00, 0x38,
    0x01, 0xC0, 0x1E, 0x00, 0x60, 0x0F, 0xC0, 0xFF, 0x87, 0x78, 0x3F, 0xE7, 0x8F, 0x03, 0x83, 0xC0,
    0xF0, 0xC3, 0xFF, 0xFE, 0x36, 0x7F, 0xFF, 0x9D, 0x90, 0x00, 0x07, 0x60, 0x00, 0x31, 0x98, 0xFF,
    0x6C, 0x66, 0x3F, 0xDB, 0x3F, 0xEC, 0x76, 0xCF, 0xFB, 0x1D, 0xB0, 0x18, 0xFF, 0x6C, 0x06, 0x3F,
    0xDB, 0x01, 0xAC, 0x76, 0xC0, 0xFB, 0x1D, 0xB3, 0xFE, 0xFF, 0x6C, 0xFE, 0x3F, 0xDB, 0x39, 0x8C,
    0x76, 0xC0, 0x63, 0x1C, 0x30, 0x18, 0xC7, 0x0C, 0x06, 0x37, 0xDF, 0x01, 0x8C, 0xE7, 0xC0, 0x60,
    0x00, 0x00, 0x18, 0x01, 0x80, 0x07, 0x80, 0x30, 0x00, 0x70, 0x06, 0x00, 0x07, 0x01, 0xC0, 0x00,
    0x70, 0x38, 0x00, 0x0E, 0xFF, 0xFF, 0x00, 0x1F, 0xFF, 0xE0, 0x00, 0x1C, 0x1C, 0x00, 0x03, 0x83,
    0x8F, 0xC0, 0x70, 0x71, 0xF8, 0x0E, 0x0E, 0x07, 0x03, 0x81, 0xC0, 0xE0, 0x70, 0x38, 0x1C, 0x0E,
    0x07, 0x03, 0x83, 0x80, 0xE0, 0x70, 0x70, 0x1C, 0x0E, 0x1C, 0x03, 0x81, 0xC7, 0x80, 0xE0, 0x39,
    0xE0, 0x1C, 0x07, 0x78, 0x7F, 0x80, 0xF6, 0x07, 0xE0, 0x7F, 0x00, 0x00, 0x1E, 0xFE, 0x01, 0xFF,
    0x87, 0xFF, 0xFE, 0x60, 0x3F, 0xFF, 0xC0, 0x00, 0x00, 0x00, 0x00, 0x00, 0x30, 0x08, 0x00, 0x0E,
    0x07, 0x00, 0x03, 0x80, 0xE0, 0x00, 0xE0, 0x1C, 0x00, 0x38, 0x03, 0x80, 0x0E, 0x00, 0xEF, 0xFF,
    0xF8, 0x03, 0xFF, 0xFE, 0x00, 0x00, 0x38, 0x00, 0x00, 0x0E, 0x00, 0x07, 0x03, 0x83, 0xF1, 0xE0,
    0xE0, 0xFC, 0x38, 0x38, 0x03, 0x07, 0x0E, 0x00, 0xC0, 0xE3, 0x80, 0x30, 0x38, 0xE0, 0x0C, 0x00,
    0x38, 0x03, 0x00, 0x0E, 0x00, 0xC0, 0x03, 0x80, 0x30, 0x1F, 0xE0, 0x1E, 0x07, 0xF0, 0x1F, 0xE0,
    0x00, 0x0F, 0x3F, 0x00, 0x7B, 0x87, 0xFF, 0xFE, 0xE0, 0x7F, 0xFF, 0x90, 0x00, 0x00, 0x00, 0x00,
    0x00, 0x00, 0x1C, 0x1F, 0xFF, 0x87, 0x87, 0xFF, 0xE0, 0xF0, 0x00, 0x00, 0x1E, 0x00, 0x00, 0x03,
    0x80, 0x00, 0x00, 0x00, 0x00, 0x00, 0x00, 0x00, 0x00, 0x01, 0xFF, 0xFF, 0xBF, 0x7F, 0xFF, 0xEF,
    0xC0, 0xF0, 0x00, 0x70, 0x38, 0xC0, 0x1C, 0x1E, 0x38, 0x07, 0x07, 0x0E, 0x01, 0xC3, 0xC1, 0xC0,
    0x70, 0xE0, 0x70, 0x1C, 0x70, 0x7E, 0x07, 0x3F, 0xFF, 0x81, 0xCF, 0xFF, 0xF0, 0x71, 0xF0, 0x1C,
    0x1E, 0x00, 0x02, 0x1F, 0xE0, 0x00, 0x0F, 0x3F, 0x00, 0xFB, 0x87, 0xFF, 0xFE, 0xE0, 0x7F, 0xFF,
    0x90, 0x00, 0x00, 0x00, 0x00, 0x00, 0x02, 0x08, 0x00, 0x3F, 0xC7, 0x03, 0xFF, 0xF0, 0xE0, 0xFF,
    0xC0, 0x1C, 0x38, 0x00, 0x03, 0x8E, 0x00, 0x00, 0xE3, 0x80, 0x00, 0x00, 0xE0, 0x00, 0x00, 0x38,
    0x00, 0x00, 0x0F, 0xFF, 0xE0, 0x03, 0xFF, 0xFB, 0xF0, 0xE1, 0xC0, 0xFC, 0x30, 0x70, 0x03, 0x0C,
    0x1C, 0x00, 0xC7, 0x07, 0x00, 0x31, 0xC1, 0xC0, 0x0C, 0x70, 0x70, 0x03, 0x1C, 0x1C, 0x00, 0xCE,
    0x07, 0x00, 0x33, 0x81, 0xC0, 0x0C, 0xE0, 0x70, 0x07, 0xB0, 0x1C, 0x07, 0xFC, 0x03, 0x03, 0xCF,
    0xC0, 0x3E, 0xE1, 0xFF, 0xFF, 0xB0, 0x1F, 0xFF, 0xE0, 0x00, 0x00, 0x00, 0x00, 0x00, 0x07, 0x07,
    0x01, 0xFF, 0xF0, 0xF0, 0xFF, 0xFE, 0x0F, 0x1F, 0xF8, 0x00, 0xE3, 0x80, 0x00, 0x0E, 0x70, 0x00,
    0x01, 0x0E, 0x00, 0x00, 0x01, 0xFF, 0xF8, 0x00, 0x3F, 0xFF, 0x00, 0x07, 0x00, 0xE1, 0xF8, 0xE8,
    0x18, 0x3F, 0x1F, 0x87, 0x00, 0xE3, 0x79, 0xC0, 0x1C, 0x63, 0xF8, 0x03, 0x9C, 0x3E, 0x00, 0x73,
    0x83, 0xC0, 0x0E, 0x70, 0xFC, 0x01, 0xDC, 0x7F, 0xC0, 0x3B, 0xBE, 0x3C, 0x07, 0xEF, 0x83, 0xC0,
    0xEC, 0xE0, 0x30, 0x7F, 0x00, 0x00, 0x1F, 0xFE, 0x03, 0xF3, 0x8F, 0xFF, 0xFE, 0x60, 0x7F, 0xFF,
    0xC0, 0x00, 0x00, 0x00, 0x10, 0x00, 0x00, 0x07, 0x00, 0x00, 0x00, 0x73, 0xFF, 0xFE, 0x07, 0x7F,
    0xFF, 0xC0, 0x70, 0x0E, 0x00, 0x0E, 0x01, 0xC0, 0x00, 0x00, 0x70, 0x00, 0x00, 0x1E, 0x00, 0x00,
    0x07, 0xD8, 0x0F, 0xC0, 0xFF, 0x81, 0xF8, 0x3F, 0x78, 0x07, 0x0E, 0xE7, 0x80, 0xE7, 0xDC, 0x78,
    0x1D, 0xF3, 0x87, 0x03, 0xF8, 0x70, 0x70, 0x76, 0x0E, 0x0C, 0x0E, 0x01, 0xC0, 0x01, 0xC0, 0x38,
    0x00, 0x38, 0x07, 0x00, 0x07, 0x00, 0xE0, 0x01, 0xF0, 0x1C, 0x00, 0x7F, 0x01, 0x80, 0x1E, 0xFE,
    0x03, 0xFF, 0x87, 0xFF, 0xFE, 0x60, 0x3F, 0xFF, 0xC0, 0x00, 0x00, 0x00, 0x00, 0x01, 0x80, 0x00,
    0x00, 0x70, 0x00, 0xC0, 0x07, 0x00, 0x1C, 0x00, 0xE0, 0x01, 0xC0, 0x1C, 0x00, 0x1D, 0xFF, 0xFF,
    0x83, 0xBF, 0xFF, 0xF0, 0x20, 0x00, 0xE0, 0x00, 0x20, 0x1C, 0x00, 0x0E, 0x03, 0x80, 0x01, 0xF0,
    0xE0, 0x3F, 0x0F, 0x1C, 0x07, 0xE0, 0xF7, 0x00, 0x1C, 0x0F, 0xC0, 0x03, 0x80, 0x78, 0x00, 0x70,
    0x1F, 0x80, 0x0E, 0x07, 0xF8, 0x01, 0xC1, 0xE7, 0x80, 0x38, 0xF8, 0x78, 0x07, 0x7E, 0x07, 0x80,
    0xEF, 0x00, 0x78, 0x1F, 0x80, 0x06, 0x07, 0xE0, 0x00, 0x03, 0xFF, 0xE0, 0x7E, 0x79, 0xFF, 0xFF,
    0xCE, 0x07, 0xFF, 0xF8, 0x00, 0x00, 0x00, 0x00, 0x20, 0x0C, 0x38, 0x1C, 0x03, 0x0E, 0x03, 0x80,
    0xC3, 0x80, 0x70, 0x30, 0xE0, 0x1E, 0x0C, 0x38, 0x03, 0xBF, 0xFF, 0xC0, 0x0F, 0xFF, 0xF0, 0x00,
    0x30, 0xE0, 0x00, 0x0C, 0x38, 0x00, 0x03, 0x0E, 0x0F, 0xC0, 0xC3, 0x83, 0xF0, 0x30, 0xE0, 0x0C,
    0xFF, 0xFF, 0x83, 0x3F, 0xFF, 0xE0, 0xC1, 0xC3, 0x80, 0x30, 0x70, 0xE0, 0x0C, 0x1C, 0x38, 0x03,
    0x0E, 0x0E, 0x00, 0xC7, 0x83, 0x80, 0x33, 0xC0, 0xE0, 0x1E, 0x60, 0x38, 0x1F, 0xE0, 0x04, 0x0F,
    0x3F, 0x00, 0xFB, 0x87, 0xFF, 0xFE, 0xC0, 0x7F, 0xFF, 0x80, 0x00, 0x00, 0x00, 0x00, 0x00, 0x00,
    0x18, 0x1F, 0xFF, 0x87, 0x87, 0xFF, 0xE0, 0xF0, 0x00, 0x00, 0x1E, 0x00, 0x00, 0x03, 0x80, 0x00,
    0x00, 0x40, 0x00, 0x00, 0x00, 0x00, 0x00, 0x01, 0xFF, 0xFF, 0xBF, 0x7F, 0xFF, 0xEF, 0xC0, 0xC7,
    0x00, 0x70, 0x31, 0xC0, 0x1C, 0x1C, 0x70, 0x07, 0x07, 0x1C, 0x01, 0xC1, 0xC7, 0x00, 0x70, 0x71,
    0xC4, 0x1C, 0x38, 0x73, 0x87, 0x1E, 0x1C, 0xE1, 0xCF, 0x07, 0x38, 0x77, 0x81, 0xFE, 0x1D, 0xC0,
    0x3F, 0x0F, 0xC0, 0x00, 0x07, 0xFE, 0x00, 0x1B, 0x87, 0xFF, 0xFE, 0xE0, 0x7F, 0xFF, 0x80, 0x00,
    0x00, 0x00, 0x00, 0x03, 0x00, 0x07, 0x00, 0xE0, 0x00, 0xF0, 0x1C, 0x00, 0x0F, 0x7F, 0xFF, 0xC0,
    0xEF, 0xFF, 0xF8, 0x0E, 0x1C, 0x00, 0x01, 0x83, 0x18, 0x00, 0x00, 0xE7, 0x00, 0x00, 0x1C, 0xE0,
    0x00, 0x07, 0x1C, 0x01, 0xF9, 0xFF, 0xFE, 0x3F, 0x1F, 0xFF, 0xC0, 0xE2, 0x0E, 0x00, 0x1C, 0x01,
    0xC0, 0x03, 0x80, 0x38, 0x00, 0x70, 0x07, 0x00, 0x0E, 0xFF, 0xFF, 0xC1, 0xDF, 0xFF, 0xF8, 0x38,
    0x03, 0x80, 0x07, 0x00, 0x70, 0x00, 0xE0, 0x0E, 0x00, 0x3E, 0x01, 0xC0, 0x0F, 0xE0, 0x38, 0x03,
    0xDF, 0xC3, 0x7F, 0x70, 0xFF, 0xFF, 0xCC, 0x07, 0xFF, 0xF8, 0x00, 0x00, 0x00, 0x00, 0x00, 0x00,
    0x00, 0x1C, 0x1F, 0xFF, 0x07, 0x87, 0xFF, 0xC0, 0xF1, 0xC0, 0x30, 0x1E, 0x70, 0x0C, 0x03, 0x9F,
    0xFF, 0x00, 0x47, 0xFF, 0xC0, 0x01, 0xC0, 0x30, 0x00, 0x70, 0x0C, 0x00, 0x1F, 0xFF, 0x0F, 0xC7,
    0xFF, 0xC3, 0xF1, 0xC0, 0x1C, 0x0C, 0x73, 0x8F, 0x03, 0x1C, 0xF7, 0x80, 0xC7, 0x1F, 0xC0, 0x31,
    0xC3, 0xE0, 0x0C, 0x70, 0x38, 0x03, 0x1F, 0xE7, 0x00, 0xC7, 0xF8, 0xE0, 0x33, 0xF0, 0x1C, 0x1E,
    0x60, 0x06, 0x0F, 0xC0, 0x00, 0x07, 0xFF, 0x80, 0xFB, 0x87, 0xFF, 0xFE, 0xC0, 0x7F, 0xFF, 0x80,
    0x00, 0x00, 0x00, 0x00, 0x00, 0x00, 0x08, 0x00, 0x0F, 0x87, 0x03, 0xFF, 0xE1, 0xE3, 0xFF, 0xE0,
    0x3C, 0x7F, 0xC0, 0x07, 0x00, 0x70, 0x00, 0xC0, 0x1C, 0x00, 0x07, 0xFF, 0xFE, 0x01, 0xFF, 0xFF,
    0x80, 0x00, 0x70, 0x0F, 0xC0, 0x1C, 0x03, 0xF0, 0x07, 0x00, 0x1C, 0x01, 0xC0, 0x07, 0x1F, 0xFF,
    0x81, 0xC7, 0xFF, 0xE0, 0x71, 0xC0, 0x18, 0x1C, 0x70, 0x06, 0x07, 0x1C, 0x01, 0x81, 0xC7, 0x00,
    0x60, 0x71, 0xFF, 0xF8, 0x1C, 0x7F, 0xFE, 0x07, 0x80, 0x00, 0x07, 0xF8, 0x00, 0x03, 0xCF, 0xE0,
    0x3E, 0xE1, 0xFF, 0xFF, 0xB0, 0x1F, 0xFF, 0xE0, 0x00, 0x00, 0x00, 0x00, 0x01, 0x80, 0x08, 0x06,
    0x70, 0x07, 0x03, 0x9C, 0x01, 0xE0, 0xE7, 0x00, 0x3C, 0x7F, 0xFF, 0x07, 0x9F, 0xFF, 0xC0, 0xCE,
    0x1C, 0x00, 0x03, 0x87, 0x00, 0x00, 0xC1, 0xC0, 0x00, 0x00, 0x70, 0x00, 0x1F, 0xFF, 0xFB, 0xF7,
    0xFF, 0xFE, 0xFC, 0x0E, 0x70, 0x07, 0x03, 0x9C, 0x01, 0xC0, 0xE7, 0x00, 0x70, 0x71, 0xC0, 0x1C,
    0x1C, 0x71, 0x07, 0x0F, 0x1C, 0x61, 0xC3, 0x87, 0x18, 0x73, 0xC1, 0xCE, 0x1D, 0xE0, 0x7F, 0x87,
    0xF0, 0x0F, 0xC3, 0xF8, 0x00, 0x01, 0xEF, 0xC0, 0x1E, 0xF1, 0xFF, 0xFF, 0xB8, 0x1F, 0xFF, 0xE0,
    0x00, 0x00, 0x00, 0x20, 0x00, 0x7E, 0x1C, 0x3F, 0xFF, 0xC7, 0x8F, 0xFF, 0x00, 0xF0, 0x06, 0x00,
    0x1E, 0x01, 0x80, 0x03, 0x7F, 0xFF, 0xE0, 0x1F, 0xFF, 0xF8, 0x00, 0x3F, 0xC0, 0x00, 0x1F, 0xB8,
    0x00, 0x1F, 0x67, 0x8F, 0xDF, 0x18, 0xFB, 0xF7, 0x86, 0x1E, 0x1D, 0xFF, 0xF1, 0x07, 0x1F, 0xFC,
    0x01, 0xC0, 0xE7, 0xF0, 0x70, 0x39, 0xFC, 0x1C, 0x1C, 0x07, 0x07, 0x07, 0x01, 0xC1, 0xC7, 0x80,
    0x70, 0x77, 0xC1, 0xF8, 0x1F, 0xE0, 0x7E, 0x0F, 0xE0, 0x00, 0x07, 0xBF, 0x00, 0x7B, 0xC7, 0xFF,
    0xFE, 0xE0, 0x7F, 0xFF, 0x80, 0x00, 0x00, 0x00, 0x00, 0x03, 0x00, 0x00, 0x00, 0xE0, 0x02, 0x00,
    0x3C, 0x01, 0xE0, 0x07, 0x00, 0x3D, 0xFF, 0xFF, 0x87, 0xFF, 0xFF, 0xE0, 0xE0, 0x00, 0x00, 0x00,
    0xFF, 0xF0, 0x00, 0x3F, 0xFC, 0x00, 0x00, 0x00, 0x0F, 0xC0, 0x00, 0x03, 0xF0, 0xFF, 0xF0, 0x1C,
    0x3F, 0xFC, 0x07, 0x00, 0x00, 0x01, 0xC0, 0x00, 0x00, 0x71, 0xFF, 0xF8, 0x1C, 0x7F, 0xFE, 0x07,
    0x1C, 0x03, 0x81, 0xC7, 0x00, 0xE0, 0x71, 0xC0, 0x38, 0x1C, 0x7F, 0xFE, 0x07, 0x8F, 0xFF, 0x83,
    0xF0, 0x00, 0x01, 0xCF, 0x80, 0x0E, 0xE1, 0xFF, 0xFF, 0xB8, 0x1F, 0xFF, 0xE0, 0x00, 0x00, 0x00,
    0x20, 0x7F, 0xFE, 0x1C, 0x3F, 0xFF, 0xC7, 0x80, 0x01, 0xF0, 0xF0, 0x79, 0xF0, 0x1E, 0x1F, 0xF8,
    0x03, 0x80, 0xF8, 0x00, 0x47, 0xFF, 0xF0, 0x03, 0xFF, 0xFC, 0x00, 0xE1, 0xC3, 0x00, 0x38, 0x70,
    0xCF, 0xCE, 0x1C, 0x33, 0xF3, 0xFF, 0xFC, 0x0C, 0xFF, 0xFF, 0x03, 0x38, 0x70, 0xC0, 0xCE, 0x1C,
    0x30, 0x33, 0xFF, 0xFC, 0x0C, 0xFF, 0xFF, 0x03, 0x38, 0x70, 0xC0, 0xCE, 0x1C, 0x70, 0x33, 0x87,
    0xFC, 0x3E, 0xE1, 0xDF, 0x1F, 0xE0, 0x00, 0x0F, 0x3F, 0x01, 0xFB, 0x87, 0xFF, 0xFE, 0xC0, 0x3F,
    0xFF, 0x80, 0x00, 0x00, 0x00, 0x20, 0x01, 0x80, 0x1C, 0x00, 0x60, 0x07, 0x9F, 0xFF, 0xF8, 0xF7,
    0xFF, 0xFE, 0x1C, 0x01, 0x80, 0x03, 0x80, 0x60, 0x00, 0xC0, 0x18, 0x00, 0x03, 0xFF, 0xFC, 0x00,
    0xFF, 0xFF, 0x3F, 0x38, 0x61, 0xCF, 0xEE, 0x18, 0x73, 0xFB, 0x86, 0x1C, 0x0E, 0xFF, 0xFF, 0x03,
    0xBF, 0xFF, 0xC0, 0xE0, 0x7E, 0x00, 0x38, 0x3F, 0xE0, 0x0E, 0x1F, 0xBC, 0x03, 0x8E, 0x67, 0x80,
    0xEF, 0x18, 0xF0, 0x3F, 0x86, 0x1C, 0x1E, 0xC1, 0x82, 0x0F, 0xE0, 0x60, 0x07, 0xFF, 0x80, 0xFB,
    0x87, 0xFF, 0xFE, 0xE0, 0x7F, 0xFF, 0x80, 0x00, 0x00, 0x00, 0x00, 0x01, 0xC0, 0x07, 0x00, 0x38,
    0x00, 0xE0, 0x07, 0x00, 0x0E, 0x7F, 0xFF, 0xE0, 0xEF, 0xFF, 0xFC, 0x1E, 0x03, 0x80, 0x01, 0xC0,
    0x70, 0x00, 0x03, 0xFF, 0xF8, 0x00, 0x7F, 0xFF, 0x00, 0x0E, 0x38, 0xE1, 0xF9, 0xFF, 0xFC, 0x3F,
    0x3F, 0xFF, 0x80, 0xE7, 0x1C, 0x70, 0x1C, 0xE3, 0x8E, 0x03, 0x9F, 0xFF, 0xC0, 0x73, 0xFF, 0xF8,
    0x0E, 0x01, 0xC0, 0x01, 0xC0, 0x38, 0x00, 0x3F, 0xFF, 0xFF, 0x07, 0xFF, 0xFF, 0xE0, 0xE0, 0x1C,
    0x00, 0x3E, 0x03, 0x80, 0x0F, 0xE0, 0x70, 0x03, 0xDF, 0x80, 0x3F, 0x71, 0xFF, 0xFF, 0xCC, 0x0F,
    0xFF, 0xF8, 0x00, 0x00, 0x00, 0x00, 0x00, 0x00, 0x00, 0x18, 0x07, 0x70, 0x0F, 0x03, 0x9C, 0x01,
    0xE0, 0xE3, 0x80, 0x3C, 0x30, 0xE0, 0x07, 0x9F, 0xFF, 0xE0, 0xCF, 0xFF, 0xF8, 0x03, 0xC3, 0x80,
    0x01, 0xF0, 0xE0, 0x00, 0xFC, 0x38, 0x00, 0x3F, 0xFF, 0xF3, 0xF5, 0xFF, 0xFC, 0xFC, 0x70, 0xE0,
    0x07, 0x1C, 0x38, 0x01, 0xC7, 0xFF, 0xF0, 0x71, 0xFF, 0xFC, 0x1C, 0x70, 0xE0, 0x07, 0x1C, 0x38,
    0x01, 0xC7, 0x0E, 0x00, 0x71, 0xFF, 0xFE, 0x1C, 0x7F, 0xFF, 0x87, 0x80, 0x00, 0x03, 0xF8, 0x00,
    0x03, 0xFF, 0xF0, 0x7E, 0xF1, 0xFF, 0xFF, 0x98, 0x1F, 0xFF, 0xE0, 0x00, 0x00, 0x00, 0x10, 0x7F,
    0xFF, 0x87, 0x0F, 0xFF, 0xF0, 0x71, 0xCC, 0xE6, 0x07, 0x39, 0x9C, 0xC0, 0x77, 0x33, 0x98, 0x0E,
    0xE6, 0x73, 0x00, 0x1F, 0xFF, 0xE0, 0x03, 0xFF, 0xFC, 0x00, 0x03, 0x80, 0x0F, 0xC0, 0xE0, 0x01,
    0xF8, 0x1F, 0xFC, 0x03, 0x07, 0xFF, 0x80, 0x61, 0xC0, 0x70, 0x0C, 0xF4, 0x1C, 0x01, 0x9D, 0xC7,
    0x80, 0x31, 0x1D, 0xE0, 0x06, 0x01, 0xF8, 0x00, 0xC0, 0x1E, 0x00, 0x18, 0x0F, 0x80, 0x03, 0x0F,
    0xC0, 0x01, 0xF7, 0xE0, 0x00, 0x7F, 0xF0, 0x00, 0x1E, 0x7E, 0x01, 0xF3, 0x87, 0xFF, 0xFE, 0x60,
    0x3F, 0xFF, 0xC0, 0x00, 0x00, 0x00, 0x00, 0x00, 0x00, 0x07, 0x03, 0xFF, 0xC0, 0xF0, 0x7F, 0xF8,
    0x0F, 0x0E, 0x07, 0x00, 0xF1, 0xC0, 0xE0, 0x0E, 0x3F, 0x9C, 0x00, 0x87, 0xF3, 0x80, 0x00, 0xE6,
    0x70, 0x00, 0x1C, 0xCE, 0x00, 0x03, 0x99, 0xC1, 0xF9, 0xFF, 0xFE, 0x3F, 0x3F, 0xFF, 0xC0, 0xE6,
    0x00, 0x38, 0x1C, 0xCF, 0xF7, 0x03, 0x99, 0xFE, 0xE0, 0x73, 0x31, 0xDC, 0x0E, 0x66, 0x3B, 0x81,
    0xCC, 0xC7, 0x70, 0x39, 0x9F, 0xEE, 0x07, 0x33, 0xFD, 0xC0, 0xE6, 0x60, 0x38, 0x3E, 0xC0, 0x1F,
    0x0F, 0xF8, 0x03, 0xC3, 0xDF, 0x80, 0x3F, 0xF1, 0xFF, 0xFF, 0xCC, 0x0F, 0xFF, 0xF8, 0x00, 0x00,
    0x00, 0x00, 0x00, 0x10, 0x10, 0x00, 0x0E, 0x07, 0x07, 0x01, 0xC3, 0x81, 0xE0, 0x70, 0xE0, 0x39,
    0xFF, 0xFF, 0x87, 0x7F, 0xFF, 0xE0, 0xC0, 0x38, 0x00, 0x20, 0x0E, 0x00, 0x00, 0x7F, 0xFE, 0x00,
    0x1F, 0xFF, 0x80, 0x07, 0x00, 0xE3, 0xF1, 0xC0, 0x38, 0xFC, 0x7F, 0xFE, 0x03, 0x1F, 0xFF, 0x80,
    0xC7, 0x00, 0xE0, 0x31, 0xC0, 0x38, 0x0C, 0x7F, 0xFE, 0x03, 0x1F, 0xFF, 0x80, 0xC7, 0x00, 0xE0,
    0x31, 0xC0, 0x38, 0x0C, 0x7F, 0xFE, 0x07, 0x9F, 0xFF, 0x83, 0xF0, 0x00, 0x01, 0xFF, 0xE0, 0x3E,
    0xE1, 0xFF, 0xFF, 0xB0, 0x1F, 0xFF, 0xE0, 0x00, 0x00, 0x00, 0x00, 0x01, 0x80, 0x00, 0x00, 0xE0,
    0x02, 0x00, 0x38, 0x01, 0xE3, 0xFF, 0xF8, 0x7C, 0xFF, 0xFE, 0x07, 0x80, 0xE0, 0x00, 0x7F, 0xFF,
    0xF8, 0x07, 0xFF, 0xFE, 0x00, 0x00, 0x00, 0x00, 0x1F, 0xFF, 0x0F, 0xC7, 0xFF, 0xC3, 0xF1, 0x80,
    0x30, 0x1C, 0x60, 0x0C, 0x07, 0x18, 0x03, 0x01, 0xC7, 0xFF, 0xE0, 0x71, 0xFF, 0xFC, 0x1C, 0x0F,
    0xCF, 0x07, 0x07, 0xFF, 0x01, 0xC7, 0xFF, 0x80, 0x77, 0xCE, 0x78, 0x1D, 0xE3, 0x8F, 0x07, 0xA0,
    0xE0, 0x83, 0xF0, 0x38, 0x01, 0xCF, 0x80, 0x0E, 0xE1, 0xFF, 0xFF, 0xB8, 0x1F, 0xFF, 0xE0, 0x00,
    0x00, 0x00, 0x61, 0xFE, 0xFF, 0x1C, 0x7F, 0xBF, 0xC7, 0x9C, 0x6E, 0x30, 0xF7, 0x1B, 0x8C, 0x1F,
    0xFE, 0xFF, 0x03, 0x7F, 0xBF, 0xC0, 0x1C, 0x3E, 0x18, 0x07, 0xFF, 0xFE, 0x00, 0xFF, 0x7F, 0x80,
    0x07, 0x0C, 0x0F, 0xC1, 0xC3, 0x03, 0xF3, 0xFF, 0xFC, 0x1C, 0xFF, 0xFF, 0x07, 0x07, 0x0C, 0x01,
    0xC1, 0xC3, 0x00, 0x70, 0x70, 0xC0, 0x1D, 0xFF, 0xFF, 0x87, 0x7F, 0xFF, 0xE1, 0xC1, 0xE7, 0x80,
    0x71, 0xF0, 0xF0, 0x1E, 0xF0, 0x0F, 0x0F, 0xF8, 0x01, 0xC7, 0xFF, 0x80, 0xFB, 0xC7, 0xFF, 0xFE,
    0x60, 0x3F, 0xFF, 0x80, 0x00, 0x00, 0x00, 0x00, 0x00, 0x00, 0x07, 0x0F, 0xFF, 0xE0, 0xE1, 0xFF,
    0xFE, 0x0E, 0x33, 0x19, 0xC0, 0xE6, 0x63, 0x38, 0x1E, 0xFF, 0xFF, 0x01, 0x9F, 0xFF, 0xE0, 0x00,
    0x00, 0x00, 0x01, 0xFF, 0xFF, 0xC0, 0x3F, 0xFF, 0xF9, 0xF8, 0x00, 0x00, 0x3F, 0x1F, 0xFF, 0x80,
    0xE3, 0xFF, 0xF0, 0x1C, 0x60, 0x0E, 0x03, 0x8F, 0xFF, 0xC0, 0x71, 0xFF, 0xF8, 0x0E, 0x07, 0xC3,
    0x81, 0xC3, 0xEF, 0xE0, 0x3B, 0xF9, 0xF8, 0x07, 0x7F, 0x0F, 0x00, 0xE8, 0xFE, 0xF0, 0x3C, 0x1F,
    0xC7, 0x0F, 0xE7, 0xE0, 0x43, 0xDF, 0xC0, 0x3F, 0x71, 0xFF, 0xFF, 0xCC, 0x0F, 0xFF, 0xF8, 0x00,
    0x00, 0x00, 0x00, 0x00, 0x01, 0xC0, 0x07, 0x00, 0x38, 0x00, 0xF0, 0xFF, 0xFC, 0x0F, 0x18, 0x03,
    0x80, 0xE3, 0x00, 0x70, 0x0E, 0x7F, 0xFE, 0x00, 0xCC, 0x01, 0xC0, 0x01, 0xFF, 0xF8, 0x00, 0x30,
    0x07, 0x00, 0x07, 0xFF, 0xE1, 0xF8, 0x07, 0x00, 0x3F, 0x7F, 0xFF, 0xE0, 0xEF, 0xFF, 0xFC, 0x1D,
    0x9C, 0x73, 0x83, 0x8F, 0x67, 0x80, 0x71, 0xCE, 0x30, 0x0E, 0xFF, 0xFF, 0xC1, 0xDF, 0xFF, 0xF8,
    0x38, 0x1F, 0xF8, 0x07, 0x07, 0xFF, 0x00, 0xE1, 0xC0, 0xE0, 0x3F, 0xF0, 0x18, 0x0F, 0xFC, 0x3F,
    0x03, 0xDF, 0x83, 0xFF, 0x71, 0xFF, 0xFF, 0xCC, 0x0F, 0xFF, 0xF8, 0x00, 0x00, 0x00, 0x00, 0x03,
    0x80, 0x00, 0x00, 0x70, 0xFF, 0xF8, 0x0E, 0x3B, 0xFF, 0x1F, 0xFF, 0x70, 0xE3, 0xFF, 0xCE, 0x38,
    0x07, 0x39, 0xC7, 0x00, 0xEE, 0x38, 0xE0, 0x1F, 0xC7, 0x38, 0x7F, 0xFF, 0xE7, 0x0F, 0xFF, 0xFD,
    0xC0, 0x07, 0x03, 0xB8, 0x01, 0xC0, 0x77, 0x00, 0xF8, 0x0E, 0x70, 0x3F, 0xF9, 0xC7, 0x1F, 0xFF,
    0x38, 0x67, 0xE0, 0x67, 0x0E, 0x7C, 0x0C, 0xE1, 0xC1, 0xFF, 0x9C, 0x38, 0x3F, 0xF3, 0x87, 0x06,
    0x06, 0x71, 0xE0, 0xC0, 0xCF, 0xF8, 0x18, 0x19, 0xFF, 0x03, 0xFF, 0x38, 0x00, 0x7F, 0xE7, 0x00,
    0x0C, 0x0C, 0xE0, 0x01, 0x80, 0x1C, 0x00, 0xFF, 0xFB, 0xFF, 0xBF, 0xFE, 0xFF, 0xE0, 0xD8, 0x00,
    0x38, 0x36, 0x00, 0x0E, 0x0D, 0x80, 0x03, 0x9F, 0xFC, 0x00, 0xE7, 0xFF, 0x00, 0x39, 0xB6, 0xC0,
    0x0E, 0x6D, 0xB0, 0x03, 0x9B, 0x6C, 0xFF, 0xE6, 0xDB, 0x3F, 0xF9, 0xB6, 0xCC, 0x0E, 0x79, 0xF3,
    0x03, 0x1E, 0x3C, 0xC0, 0x06, 0x03, 0x30, 0x01, 0x80, 0xCC, 0x00, 0x7F, 0xF3, 0x00, 0x1F, 0xFC,
    0xC0, 0x46, 0x03, 0x30, 0x1D, 0x80, 0xCC, 0x06, 0x7F, 0xF3, 0x01, 0x9F, 0xFC, 0xE0, 0xE6, 0x03,
    0x3F, 0xF9, 0x80, 0xCF, 0xFC, 0x00, 0x00, 0x00, 0x00, 0x00, 0x06, 0x23, 0xFF, 0xE6, 0x73, 0xFF,
    0xE6, 0x73, 0x1F, 0x06, 0x73, 0x1F, 0x06, 0x73, 0x1F, 0x06, 0x73, 0xFF, 0xC6, 0x73, 0xFF, 0xC6,
    0x73, 0xFE, 0xDF, 0xFB, 0xFE, 0xDF, 0xFF, 0xFE, 0xDF, 0xFF, 0xFE, 0xDF, 0xFF, 0xFF, 0xDE, 0xFF,
    0xF3, 0xF6, 0xFF, 0xF0, 0xF6, 0xF7, 0xE0, 0xD6, 0x73, 0xE0, 0xC6, 0x73, 0xFF, 0xC6, 0x73, 0xFF,
    0xCE, 0x73, 0xE0, 0xCE, 0x73, 0xE0, 0xCC, 0x73, 0xFF, 0xDC, 0x73, 0xFF, 0xDC, 0x73, 0xE0, 0xF8,
    0x73, 0xE0, 0xF8, 0x73, 0x40, 0x10, 0x03, 0x1F, 0xFF, 0xFE, 0x0F, 0xFF, 0xFF, 0x07, 0x07, 0x03,
    0x83, 0x83, 0x81, 0xC1, 0xC1, 0xC0, 0xE0, 0xFF, 0xFF, 0xF0, 0x7F, 0xFF, 0xF8, 0x38, 0x38, 0x1C,
    0x1C, 0x1C, 0x0E, 0x0E, 0x0E, 0x07, 0x07, 0xFF, 0xFF, 0x83, 0xFF, 0xFF, 0xC0, 0x01, 0xC0, 0x00,
    0x00, 0xE0, 0x00, 0x00, 0x70, 0x00, 0x00, 0x38, 0x00, 0x3F, 0xFF, 0xFF, 0x1F, 0xFF, 0xFF, 0x80,
    0x07, 0x00, 0x00, 0x03, 0x80, 0x00, 0x01, 0xC0, 0x00, 0x00, 0xE0, 0x03, 0xFF, 0xFF, 0xFF, 0xFF,
    0xFF, 0xFF, 0x00, 0x00, 0x00, 0x00, 0x07, 0xFE, 0x0F, 0xFF, 0xFF, 0x03, 0xFF, 0xF8, 0x00, 0x01,
    0xC0, 0x07, 0xFF, 0xFF, 0xFF, 0xFF, 0xFF, 0xFE, 0x00, 0x38, 0x00, 0x00, 0x1C, 0x00, 0x0F, 0xFF,
    0xFE, 0x07, 0xFF, 0xFF, 0x03, 0x83, 0x81, 0x81, 0xFF, 0xFF, 0xC0, 0xFF, 0xFF, 0xE0, 0x70, 0x70,
    0x30, 0x38, 0x38, 0x18, 0x1F, 0xFF, 0xFC, 0x0F, 0xFF, 0xFE, 0x00, 0x07, 0x00, 0x00, 0x03, 0x80,
    0x03, 0xFF, 0xFF, 0xE1, 0xFF, 0xFF, 0xF0, 0x00, 0x70, 0x00, 0x00, 0x38, 0x00, 0xFF, 0xFF, 0xFF,
    0xFF, 0xFF, 0xFF, 0xC0, 0x0F, 0xFF, 0xF8, 0x0F, 0xFF, 0xFE, 0x07, 0x00, 0x07, 0x03, 0xFF, 0xFF,
    0x81, 0xFF, 0xFF, 0xC0, 0xE0, 0x00, 0xE0, 0x7F, 0xFF, 0xF0, 0x1F, 0xFF, 0xF0, 0xFF, 0xFF, 0xFF,
    0xFF, 0xFF, 0xFF, 0xC0, 0x00, 0x00, 0x03, 0xFF, 0xFF, 0x81, 0xFF, 0xFF, 0xC0, 0xE0, 0xE0, 0x60,
    0x7F, 0xFF, 0xF0, 0x3F, 0xFF, 0xF8, 0x1C, 0x1C, 0x0C, 0x0F, 0xFF, 0xFE, 0x07, 0xFF, 0xFF, 0x00,
    0x03, 0x80, 0x03, 0xFF, 0xFF, 0xE1, 0xFF, 0xFF, 0xF0, 0x00, 0x70, 0x01, 0xFF, 0xFF, 0xFF, 0xFF,
    0xFF, 0xFF, 0x80, 0x00, 0x06, 0x00, 0x00, 0x01, 0xE0, 0x00, 0x00, 0x78, 0x00, 0x00, 0x1F, 0xC0,
    0x00, 0x07, 0xBC, 0x00, 0x01, 0xE3, 0xC0, 0x00, 0xF8, 0x3E, 0x00, 0x3E, 0x03, 0xF0, 0x3F, 0x80,
    0x1F, 0x8F, 0xFF, 0xFF, 0xF9, 0xEF, 0xFF, 0xEF, 0x10, 0x07, 0x00, 0x40, 0x00, 0xE0, 0x00, 0x00,
    0x1C, 0x00, 0x00, 0x03, 0x80, 0x00, 0xFF, 0xFF, 0xF8, 0x1F, 0xFF, 0xFF, 0x00, 0x41, 0xC3, 0x00,
    0x1C, 0x38, 0x70, 0x01, 0xC7, 0x1C, 0x00, 0x38, 0xE3, 0x80, 0x03, 0x9C, 0xE0, 0x00, 0x73, 0x9C,
    0x00, 0x0C, 0x71, 0x00, 0x7F, 0xFF, 0xFF, 0xCF, 0xFF, 0xFF, 0xF8, 0x02, 0x00, 0x00, 0x00, 0xE0,
    0x00, 0x00, 0x1C, 0x3F, 0xFE, 0x07, 0xC7, 0xFF, 0x81, 0xFE, 0x0E, 0x30, 0x39, 0xE1, 0x86, 0x0E,
    0x1C, 0x30, 0xC3, 0x81, 0x86, 0x18, 0x7F, 0xE1, 0xC7, 0x0F, 0xFC, 0x38, 0xE0, 0x1C, 0x07, 0x1C,
    0x03, 0x80, 0xE3, 0x80, 0x70, 0xFF, 0xF0, 0xFF, 0xDF, 0xFE, 0x1F, 0xF8, 0x61, 0xC0, 0x38, 0x0C,
    0x38, 0x37, 0x61, 0x87, 0x06, 0xEC, 0x70, 0xE0, 0xDF, 0x8E, 0x18, 0x1F, 0xE1, 0xC3, 0x01, 0xFC,
    0x38, 0x60, 0x3E, 0xC7, 0x1C, 0x01, 0xF8, 0xC3, 0x83, 0xFF, 0xFF, 0xFE, 0x7E, 0x1F, 0xFF, 0xCC,
    0x00, 0x00, 0x00, 0x02, 0x00, 0x00, 0x01, 0xC0, 0x00, 0x00, 0x70, 0xFF, 0xFC, 0x3E, 0x3F, 0xFF,
    0x1F, 0xCE, 0x01, 0xC7, 0x7B, 0x80, 0x73, 0x87, 0xE0, 0x1D, 0xC0, 0xBF, 0xFF, 0x7F, 0xCF, 0xFF,
    0xDF, 0xF3, 0x8E, 0x00, 0x60, 0xE3, 0x80, 0x18, 0x38, 0xE0, 0x06, 0x0F, 0xFF, 0xDF, 0xFB, 0xFF,
    0xF7, 0xFE, 0xE3, 0x80, 0x18, 0x30, 0xE0, 0x36, 0xEC, 0x38, 0x0D, 0xB3, 0xFF, 0xF3, 0x6D, 0xFF,
    0xFC, 0xFF, 0x7E, 0x07, 0x1F, 0x9F, 0x81, 0xC5, 0xFE, 0xE0, 0x71, 0xFF, 0xB8, 0x1D, 0xFE, 0xEF,
    0xFF, 0x7C, 0x73, 0xFF, 0xC0, 0x0C, 0xE0, 0x70, 0x00, 0x30, 0x08, 0x02, 0x00, 0x00, 0x00, 0xE0,
    0x30, 0x00, 0x1C, 0x0E, 0x00, 0x07, 0xC1, 0xFF, 0x80, 0xFC, 0x3F, 0xF0, 0x39, 0xCE, 0x0E, 0x0E,
    0x1D, 0xC1, 0x83, 0x81, 0x3F, 0xF0, 0x7F, 0xCF, 0xFE, 0x0F, 0xF8, 0x01, 0xC0, 0x1C, 0x00, 0x30,
    0x03, 0x8F, 0xFF, 0xE0, 0x71, 0xFF, 0xFC, 0xFF, 0xC0, 0xE0, 0x1F, 0xFB, 0x1C, 0x60, 0x38, 0x73,
    0xDC, 0x37, 0x67, 0x7F, 0x06, 0xFC, 0x6F, 0xC0, 0xDF, 0x03, 0xF0, 0x1F, 0xE0, 0xF7, 0x01, 0xFC,
    0x7E, 0x70, 0x2E, 0xFE, 0xC7, 0x01, 0xFF, 0x18, 0xF3, 0xFF, 0x03, 0x0E, 0x7E, 0x03, 0xE0, 0x0C,
    0x00, 0x7C, 0x00, 0x00, 0x00, 0x00, 0x00, 0x02, 0x01, 0x86, 0x01, 0xC0, 0x61, 0x80, 0x70, 0x18,
    0x60, 0x3E, 0x06, 0x18, 0x1F, 0xCF, 0xFF, 0x87, 0x3F, 0xFF, 0xF3, 0x87, 0x18, 0x61, 0xC0, 0xC6,
    0x18, 0x7F, 0xE1, 0x86, 0x17, 0xF8, 0x61, 0x80, 0x71, 0xFF, 0xFC, 0x1C, 0x7F, 0xFF, 0x07, 0x00,
    0x00, 0x1F, 0xF8, 0x00, 0x07, 0xFE, 0x7F, 0xF8, 0x1C, 0x1F, 0xFE, 0x37, 0x67, 0x03, 0x8D, 0xD9,
    0xC0, 0xE3, 0x7E, 0x70, 0x38, 0xFF, 0x1F, 0xFE, 0x3F, 0xC7, 0xFF, 0x87, 0xF9, 0xC0, 0xE0, 0x7E,
    0x70, 0x39, 0xFF, 0x9F, 0xFE, 0x7E, 0x07, 0xFF, 0x98, 0x01, 0xC0, 0xE0, 0x00, 0x60, 0x30, 0x02,
    0x06, 0x00, 0x00, 0xE0, 0xC0, 0x00, 0x1C, 0x18, 0xFF, 0x07, 0xDF, 0xFF, 0xE1, 0xFF, 0xFD, 0xDC,
    0x7B, 0xCC, 0x3B, 0x9E, 0x3F, 0xF7, 0x73, 0x83, 0xFE, 0xCE, 0x7F, 0xC6, 0x19, 0xC3, 0xF8, 0xC3,
    0x30, 0x1C, 0xFF, 0xE6, 0x03, 0x9F, 0xF8, 0xC0, 0x70, 0x67, 0xF8, 0xFF, 0xCD, 0xDF, 0x1F, 0xF9,
    0x90, 0x00, 0x3A, 0x13, 0x00, 0x37, 0x60, 0xE0, 0x06, 0xEF, 0xFF, 0xF8, 0xDF, 0x7F, 0xFF, 0x1F,
    0xE0, 0x78, 0x01, 0xFC, 0x1F, 0x80, 0x2E, 0xC3, 0xF8, 0x01, 0xF8, 0xE7, 0x83, 0xFF, 0x78, 0x78,
    0x7E, 0x3E, 0x07, 0xCC, 0x07, 0x80, 0x78, 0x00, 0x40, 0x02, 0x00, 0x04, 0x00, 0x10, 0x00, 0xC0,
    0x03, 0x00, 0x39, 0xF8, 0x60, 0x07, 0xBF, 0xFF, 0xC1, 0xF8, 0xFF, 0xF8, 0x73, 0x9C, 0x33, 0x1E,
    0x33, 0x7F, 0xF3, 0x82, 0xEF, 0xFE, 0x7F, 0x98, 0x19, 0x83, 0xF7, 0x03, 0x30, 0x19, 0xFF, 0xFE,
    0x03, 0x3F, 0xFF, 0xC7, 0xFE, 0x61, 0x80, 0xFF, 0x8C, 0x30, 0x01, 0x81, 0xFF, 0xE0, 0x35, 0xBF,
    0xFC, 0x36, 0xFE, 0x18, 0x06, 0xF7, 0x83, 0x00, 0xDE, 0x77, 0xFF, 0x1B, 0xCE, 0xFF, 0xE3, 0xF9,
    0xC1, 0x80, 0x2F, 0xBC, 0x30, 0x07, 0xFF, 0xC6, 0x03, 0xFF, 0x9F, 0x80, 0x7C, 0xF1, 0xFF, 0xC8,
    0x1C, 0x0F, 0xF8, 0x00, 0x00, 0x00, 0x00, 0x03, 0x00, 0x70, 0x00, 0x70, 0x8E, 0x20, 0x1C, 0x39,
    0xCE, 0x07, 0xE7, 0x39, 0xC0, 0xFE, 0x77, 0x70, 0x39, 0xEE, 0xEE, 0x1E, 0x1E, 0xDF, 0x83, 0xC1,
    0xFF, 0xFC, 0x7F, 0xEF, 0xFF, 0x8B, 0xFD, 0xC0, 0x70, 0x0C, 0x38, 0x0E, 0x01, 0x87, 0xFF, 0xC0,
    0x30, 0xFF, 0xF8, 0xFF, 0xFC, 0x07, 0x1F, 0xFF, 0x80, 0xE0, 0x18, 0x7F, 0xFC, 0x33, 0x7F, 0xFF,
    0x86, 0x6F, 0xC0, 0x70, 0xED, 0xB8, 0x0E, 0x0D, 0xB7, 0xFF, 0xC1, 0xBE, 0xFF, 0xF8, 0x36, 0xE1,
    0x18, 0x01, 0xFC, 0xF3, 0x83, 0xFF, 0xBC, 0x38, 0x7F, 0x1F, 0x03, 0xC4, 0x03, 0x80, 0x38, 0x00,
    0x20, 0x02, 0x00, 0x02, 0x00, 0x60, 0x01, 0xC0, 0x1C, 0x00, 0xF0, 0xFF, 0xF0, 0x3E, 0x3F, 0xFE,
    0x1F, 0xCC, 0x73, 0x8E, 0x7F, 0xFF, 0xF7, 0x8F, 0xFF, 0xFD, 0xC1, 0x31, 0xCE, 0x7F, 0xCF, 0xFF,
    0x87, 0xF3, 0xFF, 0xE0, 0x60, 0x07, 0x00, 0x18, 0x7F, 0xFE, 0x06, 0x1F, 0xFF, 0x9F, 0xF7, 0x1C,
    0x67, 0xFD, 0xFF, 0xF8, 0x1B, 0x7F, 0xFE, 0x36, 0xC1, 0xC0, 0x0D, 0xBF, 0xFF, 0xF3, 0x6F, 0xFF,
    0xFC, 0xDE, 0x0C, 0x18, 0x3F, 0x87, 0x0E, 0x05, 0x83, 0xF7, 0x00, 0x7E, 0x7F, 0xC1, 0xFF, 0x07,
    0xFC, 0x7E, 0x3F, 0xFF, 0xC8, 0x0F, 0xE0, 0xF0, 0x01, 0x80, 0x08, 0x02, 0x00, 0x60, 0x00, 0xE0,
    0x1C, 0x00, 0x1C, 0x01, 0xC0, 0x07, 0xCF, 0xFF, 0xE1, 0xFD, 0xFF, 0xFC, 0x7B, 0xC6, 0x0C, 0x0E,
    0x38, 0xE3, 0x83, 0x83, 0x1C, 0x70, 0x7F, 0xFF, 0xFF, 0xEF, 0xFB, 0xFF, 0xFC, 0x18, 0x00, 0x00,
    0x03, 0x07, 0xFF, 0xC0, 0x60, 0xFF, 0xF8, 0xFF, 0xD8, 0xE3, 0x1F, 0xFB, 0xFF, 0xE0, 0x30, 0x7F,
    0xFC, 0x36, 0xCC, 0x71, 0x86, 0xD9, 0xFF, 0xF0, 0xDB, 0x3F, 0xFE, 0x1B, 0xE0, 0x38, 0x03, 0xF8,
    0xFF, 0xF8, 0x2C, 0x9F, 0xFF, 0x01, 0xF8, 0x1C, 0x03, 0xFE, 0x03, 0x80, 0x7E, 0x3F, 0xFF, 0xCC,
    0x03, 0xFF, 0xF8, 0x00, 0x00, 0x30, 0x03, 0x80, 0x1C, 0x00, 0xE0, 0x07, 0x00, 0x70, 0x01, 0xC0,
    0x1F, 0xF0, 0x70, 0x0F, 0xFC, 0x1C, 0x07, 0x80, 0xFF, 0xFD, 0xC0, 0x3F, 0xFF, 0x60, 0x0F, 0xFF,
    0xCF, 0xFB, 0x1C, 0x71, 0xFE, 0xC7, 0x1C, 0x1C, 0x31, 0xC7, 0x07, 0x0C, 0x71, 0xC1, 0xC3, 0x1C,
    0x77, 0xFF, 0xC7, 0x1D, 0xFF, 0xFF, 0xFF, 0x07, 0x0F, 0xFF, 0xC1, 0xC3, 0x1C, 0x70, 0x70, 0xC7,
    0x1C, 0x1C, 0x01, 0xC0, 0x07, 0x30, 0x70, 0x01, 0xFC, 0x1C, 0x00, 0x7F, 0x07, 0x00, 0x1F, 0x01,
    0xC0, 0x0F, 0x00, 0x70, 0x03, 0x80, 0x1C, 0x00, 0x00, 0x07, 0x00, 0x00, 0x01, 0x00, 0x03, 0x80,
    0xE0, 0x00, 0xE0, 0x38, 0x00, 0x70, 0x0E, 0x00, 0x1F, 0xF7, 0x00, 0x0F, 0xFD, 0xFF, 0xF7, 0x80,
    0x7F, 0xFD, 0xC0, 0x38, 0x06, 0x60, 0x1C, 0x01, 0x8F, 0xFF, 0x70, 0x61, 0xFF, 0x9C, 0x18, 0x1C,
    0x06, 0x06, 0x07, 0x03, 0xB1, 0x81, 0xC0, 0xEC, 0x67, 0xFE, 0x73, 0x99, 0xFF, 0x9C, 0xE6, 0x07,
    0x0E, 0x7B, 0x81, 0xC3, 0xFF, 0xE0, 0x70, 0xFF, 0xF8, 0x1C, 0x38, 0x3E, 0x07, 0x30, 0x03, 0x81,
    0xFC, 0x00, 0xE0, 0x7F, 0x00, 0x38, 0x1F, 0x00, 0x1C, 0x0F, 0x00, 0x7F, 0x01, 0x00, 0x0F, 0x80,
    0x00, 0x00, 0x00, 0x08, 0x00, 0x00, 0x03, 0x00, 0x00, 0x01, 0xC1, 0xFF, 0xF8, 0x70, 0x7F, 0xFE,
    0x1F, 0xE0, 0xE3, 0x8F, 0xF8, 0x38, 0xE7, 0x00, 0x0C, 0x39, 0xC0, 0x03, 0x0E, 0x60, 0x01, 0xC3,
    0x9F, 0xF8, 0x70, 0xE3, 0xFE, 0x1C, 0x38, 0x1C, 0x3F, 0xFE, 0x07, 0x1F, 0xFF, 0x01, 0xC7, 0xFF,
    0xC7, 0xFE, 0x1C, 0x31, 0xFF, 0x86, 0x0C, 0x07, 0x01, 0x87, 0x01, 0xC0, 0xE1, 0xC0, 0x70, 0x38,
    0x70, 0x1C, 0x0E, 0x1C, 0x07, 0x23, 0x87, 0x01, 0xF8, 0xE1, 0xC0, 0x7E, 0x38, 0x70, 0x1F, 0x0C,
    0x1C, 0x0F, 0x7F, 0xFF, 0xC3, 0x9F, 0xFF, 0xF0, 0x40, 0x00, 0x00, 0x00, 0x00, 0x70, 0x01, 0xC0,
    0x0E, 0x00, 0x38, 0x31, 0xCE, 0x0E, 0x07, 0x39, 0xC1, 0xFF, 0x77, 0x30, 0x7F, 0xEE, 0xEE, 0x1E,
    0x00, 0xDF, 0x83, 0x80, 0x13, 0xA0, 0x60, 0x0F, 0xFF, 0x83, 0xFD, 0xFF, 0xF0, 0x7F, 0xB8, 0x0E,
    0x03, 0x87, 0x31, 0xC0, 0x70, 0xE7, 0x38, 0x0E, 0x1C, 0xE7, 0x0F, 0xFB, 0x9C, 0xE3, 0xFF, 0x73,
    0x9C, 0x07, 0x0E, 0x73, 0x80, 0xE1, 0xCE, 0x70, 0x1C, 0x39, 0x8E, 0x03, 0x87, 0x71, 0xC0, 0x72,
    0xEE, 0x38, 0x0F, 0xCB, 0xF2, 0x01, 0xF8, 0xFF, 0x80, 0x7E, 0x7C, 0x7C, 0x0F, 0x3F, 0x07, 0xC1,
    0x87, 0x80, 0x38, 0x00, 0x40, 0x00, 0x00, 0x00, 0x07, 0x18, 0x0E, 0x03, 0x8E, 0x06, 0x01, 0xC7,
    0x07, 0x00, 0xE3, 0x83, 0xFD, 0xFF, 0xFB, 0xFE, 0xFF, 0xFF, 0xC0, 0x1C, 0x71, 0xC0, 0x0E, 0x38,
    0xC0, 0x07, 0x1C, 0x3F, 0xE3, 0x8E, 0x0F, 0xFF, 0xFF, 0xE1, 0xC7, 0xFF, 0xF0, 0xE0, 0x00, 0x00,
    0x70, 0x00, 0x03, 0xFF, 0x3F, 0xF9, 0xFF, 0x9F, 0xFC, 0x0E, 0x0C, 0x06, 0x07, 0x06, 0x03, 0x03,
    0x83, 0x01, 0x81, 0xC1, 0xFF, 0xC0, 0xE4, 0xFF, 0xE0, 0x7E, 0x60, 0x30, 0x3F, 0x30, 0x18, 0x3E,
    0x1F, 0xFC, 0x1E, 0x0F, 0xFE, 0x04, 0x06, 0x03, 0x00, 0x03, 0x00, 0x80, 0x0C, 0x00, 0x10, 0x03,
    0x80, 0x03, 0x00, 0x71, 0xF8, 0x60, 0x0F, 0xFF, 0xFF, 0xC3, 0xF8, 0xFF, 0xF8, 0x7F, 0x18, 0x33,
    0x1C, 0x07, 0x7F, 0xF3, 0x80, 0xEF, 0xFE, 0x60, 0x18, 0x19, 0x8F, 0xF7, 0x03, 0x30, 0xFF, 0xFF,
    0xFE, 0x07, 0x3F, 0xFF, 0xC0, 0xE0, 0x61, 0x80, 0x1C, 0x0C, 0x30, 0x1F, 0xFB, 0xFF, 0xE3, 0xFF,
    0xFF, 0xFC, 0x0E, 0x3E, 0x18, 0x01, 0xC7, 0x83, 0x00, 0x38, 0xF7, 0xFF, 0x07, 0x0E, 0xFF, 0xE0,
    0xE9, 0xC1, 0x80, 0x1F, 0xFC, 0x30, 0x03, 0xEF, 0xC6, 0x00, 0x7B, 0x9F, 0xC0, 0x1E, 0xE1, 0xFF,
    0xC3, 0x18, 0x0F, 0xF8, 0x02, 0x00, 0x00, 0x00, 0x00, 0x00, 0x00, 0x03, 0x80, 0x00, 0x00, 0xE0,
    0xFF, 0xF8, 0x70, 0x3F, 0xFE, 0x1F, 0xEC, 0x01, 0x8F, 0xFB, 0x00, 0x67, 0x80, 0xC0, 0x19, 0xC0,
    0x3F, 0xFE, 0x60, 0x0F, 0xFF, 0x8F, 0xF3, 0x0E, 0x01, 0xFC, 0xC3, 0x80, 0x18, 0x30, 0xE0, 0x06,
    0x0F, 0xFF, 0xC1, 0x83, 0xFF, 0xF7, 0xFF, 0xC3, 0x81, 0xFF, 0xF0, 0xE0, 0x06, 0x1C, 0x38, 0x01,
    0x87, 0xFF, 0xE0, 0x61, 0xFF, 0xF8, 0x18, 0x7C, 0x06, 0x06, 0x7B, 0x01, 0x81, 0xFE, 0xC0, 0x60,
    0x7F, 0xB0, 0x18, 0x3E, 0xCF, 0xFE, 0x0E, 0x73, 0xFF, 0x83, 0x1C, 0xC0, 0x60, 0x00, 0x30, 0x00,
    0x00, 0x06, 0x00, 0x01, 0xC0, 0xC0, 0x00, 0x70, 0x18, 0xFF, 0x0E, 0x1F, 0xFF, 0xE1, 0xFF, 0xFD,
    0xDC, 0x7F, 0x8C, 0x3B, 0x9E, 0x0F, 0xE6, 0x73, 0x81, 0xFE, 0xCC, 0x60, 0x06, 0x19, 0x87, 0xF8,
    0xC7, 0x30, 0xFF, 0xFF, 0xE6, 0x03, 0x1F, 0xF8, 0xC0, 0x60, 0x67, 0xF8, 0x0C, 0x0D, 0xDE, 0x1F,
    0xF1, 0x90, 0x03, 0xFE, 0x03, 0x00, 0x7F, 0xC0, 0xE0, 0x00, 0xC7, 0xFF, 0xF8, 0x18, 0xFF, 0xFF,
    0x03, 0x00, 0x78, 0x00, 0x60, 0x1F, 0x80, 0x0D, 0xC3, 0xF0, 0x01, 0xF8, 0xE7, 0x80, 0x7C, 0x78,
    0x78, 0x0F, 0x3E, 0x07, 0xC1, 0x87, 0x80, 0x78, 0x00, 0x40, 0x02, 0x00, 0x00, 0x00, 0x60, 0x03,
    0x83, 0x18, 0xE0, 0xC0, 0xC6, 0x38, 0x70, 0x39, 0x9C, 0x1F, 0xC7, 0x67, 0x0F, 0xF1, 0x99, 0x87,
    0x03, 0xFF, 0xFD, 0xC0, 0xFF, 0xFF, 0x60, 0x03, 0xFC, 0x1F, 0xF1, 0xFF, 0x83, 0xF8, 0xF6, 0xF0,
    0x18, 0xF9, 0x9F, 0x06, 0x3C, 0x61, 0xC1, 0x84, 0x38, 0x27, 0xFC, 0x1C, 0x01, 0xFF, 0x07, 0x00,
    0x07, 0xFF, 0xFF, 0xC1, 0x8F, 0xFF, 0xF0, 0x60, 0x70, 0xE0, 0x18, 0x1C, 0x38, 0x06, 0x4F, 0x9C,
    0x01, 0xFB, 0xFF, 0x00, 0x7C, 0x1F, 0x80, 0x3E, 0x07, 0xFC, 0x1E, 0x1F, 0xCF, 0x83, 0x07, 0xC0,
    0xE0, 0x01, 0x80, 0x00, 0x00, 0x00, 0x20, 0x01, 0xC0, 0x0E, 0x00, 0x30, 0x01, 0xC0, 0x0E, 0x07,
    0xFF, 0xC1, 0xFE, 0xFF, 0xF8, 0x7F, 0xC7, 0x0C, 0x1E, 0x00, 0xE3, 0x83, 0x80, 0x0C, 0x70, 0x60,
    0x1F, 0xFF, 0xC7, 0xFB, 0xFF, 0xF8, 0xFF, 0x00, 0x00, 0x03, 0x87, 0xFF, 0xC0, 0x70, 0xFF, 0xF8,
    0x0E, 0x1C, 0x07, 0x1F, 0xFB, 0xFF, 0xE3, 0xFF, 0x7F, 0xFC, 0x07, 0x0E, 0x03, 0x80, 0xE1, 0xFF,
    0xF0, 0x1C, 0x3F, 0xFE, 0x03, 0x80, 0xCE, 0x00, 0x76, 0x19, 0xC0, 0x0F, 0xC7, 0x39, 0x01, 0xF8,
    0xE7, 0x30, 0x7C, 0x78, 0xE6, 0x0F, 0x3E, 0x1F, 0xC1, 0x87, 0x83, 0xF8, 0x00, 0xC0, 0x00, 0x00,
    0x07, 0xFF, 0xFC, 0x01, 0xFF, 0xFF, 0x00, 0x70, 0x00, 0x00, 0x1C, 0x00, 0x00, 0x07, 0xFF, 0xFC,
    0x01, 0xFF, 0xFE, 0x00, 0x70, 0x00, 0x00, 0x1C, 0x00, 0x00, 0x07, 0xFF, 0xFC, 0x01, 0xFF, 0xFE,
    0x00, 0x70, 0x00, 0x00, 0x1C, 0x00, 0x00, 0xFF, 0xFF, 0xFF, 0xBF, 0xFF, 0xFF, 0xE0, 0xE1, 0xC0,
    0x60, 0x38, 0x38, 0x7C, 0x0E, 0x0E, 0x3C, 0x03, 0x81, 0xFE, 0x00, 0xE0, 0x3E, 0x00, 0x38, 0x07,
    0x80, 0x0E, 0x3E, 0xF8, 0x03, 0xFF, 0x1F, 0xC1, 0xFF, 0x01, 0xF8, 0x3C, 0x00, 0x1E, 0x08, 0x00,
    0x00, 0x00, 0x03, 0x00, 0x00, 0x01, 0xC0, 0x06, 0x00, 0x70, 0x03, 0xC0, 0x1C, 0x01, 0xE0, 0x07,
    0x00, 0xF0, 0x01, 0xC0, 0x78, 0x00, 0x70, 0x7C, 0x00, 0x1C, 0x7E, 0x00, 0x07, 0x3E, 0x00, 0x01,
    0xCF, 0x00, 0x00, 0x71, 0x00, 0x00, 0x1C, 0x00, 0x00, 0xFF, 0xFF, 0xFF, 0xBF, 0xFF, 0xFF, 0xE0,
    0x70, 0xE0, 0x00, 0x1C, 0x38, 0x00, 0x07, 0x07, 0x00, 0x01, 0xC1, 0xE0, 0x00, 0x70, 0x3C, 0x00,
    0x1C, 0x07, 0x00, 0x07, 0x00, 0xF0, 0x01, 0xC1, 0xBE, 0x00, 0x77, 0xE3, 0xE0, 0x1F, 0xF8, 0x7E,
    0x0F, 0xF0, 0x07, 0x81, 0xE0, 0x00, 0x40, 0x00, 0x00, 0x00, 0xFF, 0xEF, 0xFF, 0xFF, 0xDF, 0xFF,
    0x83, 0xB8, 0x3F, 0x07, 0x70, 0x7F, 0xFE, 0xFF, 0xFF, 0xFD, 0xFF, 0xF8, 0x3B, 0x83, 0xF0, 0x77,
    0x07, 0xFF, 0xEF, 0xFF, 0xFF, 0xDF, 0xFF, 0x80, 0x38, 0x3F, 0x00, 0x70, 0x7E, 0x00, 0xE0, 0xFD,
    0xFF, 0xFD, 0xFB, 0xFF, 0xFB, 0xF0, 0x1F, 0x07, 0xE0, 0x7E, 0x0F, 0xC1, 0xFC, 0x1F, 0x87, 0x38,
    0x3F, 0x3C, 0x70, 0x7E, 0xF0, 0xE0, 0xFC, 0x81, 0xC1, 0xF8, 0x1F, 0x3F, 0xF0, 0x1E, 0x7E, 0x00,
    0x00, 0x00, 0xFF, 0xEF, 0xFF, 0xFF, 0xDF, 0xFF, 0x83, 0xB8, 0x3F, 0xFF, 0x7F, 0xFF, 0xFE, 0xFF,
    0xFC, 0x1D, 0xC1, 0xF8, 0x3B, 0x83, 0xFF, 0xF7, 0xFF, 0xFF, 0xEF, 0xFF, 0xC0, 0x00, 0x1F, 0x80,
    0x00, 0x3F, 0x7F, 0xFF, 0x7E, 0xFF, 0xFE, 0xFC, 0x38, 0xE1, 0xF8, 0x71, 0xC3, 0xF0, 0xE3, 0x87,
    0xEF, 0xFF, 0xEF, 0xDF, 0xFF, 0xDF, 0x87, 0x1C, 0x3F, 0x0C, 0x38, 0x7E, 0x38, 0x70, 0xFC, 0x70,
    0xE1, 0xF9, 0xC1, 0xDF, 0xF7, 0x03, 0xBE, 0x00, 0x00, 0x00, 0xFF, 0xEF, 0xFF, 0xFF, 0xDF, 0xFF,
    0x83, 0xB8, 0x3F, 0x07, 0x70, 0x7F, 0xFE, 0xFF, 0xFF, 0xFD, 0xFF, 0xF8, 0x3B, 0x83, 0xF0, 0x77,
    0x07, 0xFF, 0xEF, 0xFF, 0xFF, 0xDF, 0xFF, 0x80, 0x00, 0x3F, 0x1F, 0xFC, 0x7E, 0x3F, 0xF8, 0xFC,
    0x70, 0x71, 0xF8, 0xE0, 0xE3, 0xF1, 0xC1, 0xC7, 0xE3, 0xFF, 0x8F, 0xC7, 0xFF, 0x1F, 0x8E, 0x0E,
    0x3F, 0x1C, 0x1C, 0x7E, 0x3F, 0xF8, 0xFC, 0x7F, 0xF1, 0xF8, 0xE0, 0x3F, 0xF0, 0x00, 0x7E, 0x00,
    0x00, 0x00, 0xFF, 0xEF, 0xFF, 0xFF, 0xDF, 0xFF, 0x83, 0xB8, 0x3F, 0xFF, 0x7F, 0xFF, 0xFE, 0xFF,
    0xFC, 0x1D, 0xC1, 0xF8, 0x3B, 0x83, 0xFF, 0xF7, 0xFF, 0xFF, 0xCF, 0xFF, 0xC0, 0x88, 0x1F, 0x83,
    0xB8, 0x3F, 0x0E, 0x38, 0x7E, 0x38, 0x3C, 0xFD, 0xFF, 0xFD, 0xFB, 0xFF, 0xFB, 0xF1, 0x81, 0xC7,
    0xE3, 0xFF, 0x8F, 0xC7, 0xFF, 0x1F, 0x83, 0x30, 0x3F, 0x0E, 0x62, 0x7E, 0x3C, 0xC6, 0xFD, 0xF1,
    0xFD, 0xFB, 0xC3, 0xFF, 0xF0, 0x00, 0x1E, 0xE0, 0x00, 0x00, 0xFF, 0xEF, 0xFF, 0xFF, 0xDF, 0xFF,
    0x83, 0xB8, 0x1F, 0xFF, 0x7F, 0xFF, 0xFE, 0xFF, 0xFC, 0x1D, 0xC0, 0xF8, 0x3B, 0x81, 0xFF, 0xF7,
    0xFF, 0xFF, 0xEF, 0xFF, 0xC7, 0x0E, 0x0F, 0x9D, 0x1B, 0x1F, 0x7F, 0x7E, 0x3E, 0xFD, 0xF8, 0x7D,
    0xF9, 0xF8, 0xF9, 0xFB, 0xF1, 0xF7, 0xFF, 0xF3, 0xEE, 0x7C, 0x67, 0xCC, 0xD9, 0x8F, 0x99, 0xB3,
    0x1F, 0x3F, 0x7E, 0x3E, 0x7E, 0xFC, 0x7C, 0x1D, 0x99, 0xF8, 0xF3, 0x0F, 0xF1, 0xC6, 0x1F, 0xE0,
    0x00, 0x00, 0x00, 0x00, 0x00, 0xC0, 0x00, 0x01, 0xC7, 0xFF, 0xF9, 0xCF, 0xFF, 0xF1, 0xC0, 0x00,
    0xE3, 0x80, 0x01, 0xC0, 0x01, 0xC3, 0xF0, 0x03, 0x87, 0xE0, 0x07, 0x0F, 0xC0, 0x0E, 0x1F, 0xBF,
    0xFF, 0xFF, 0x7F, 0xFF, 0xFE, 0x01, 0xF0, 0xFC, 0x03, 0xE1, 0xF8, 0x0F, 0xC3, 0xF0, 0x3B, 0x87,
    0xE0, 0xE7, 0x0F, 0xC7, 0x8E, 0x1F, 0x9E, 0x1C, 0x3F, 0xF8, 0x38, 0x7F, 0xE0, 0x70, 0xFD, 0x00,
    0xE1, 0xF8, 0x1F, 0xC3, 0xF0, 0x3F, 0x07, 0xE0, 0x00, 0x0F, 0xC0, 0x00, 0xFF, 0x80, 0x01, 0xF0,
    0x00, 0x00, 0x00, 0xC0, 0x00, 0x01, 0xC7, 0xFF, 0xF9, 0xCF, 0xFF, 0xF1, 0xC0, 0x00, 0xE1, 0xC0,
    0x01, 0xD3, 0x00, 0x03, 0xF0, 0x00, 0x07, 0xE0, 0x00, 0x0F, 0xC7, 0xFF, 0x1F, 0x8F, 0xFE, 0x3F,
    0x1C, 0x1C, 0x7E, 0x38, 0x38, 0xFC, 0x70, 0x71, 0xF8, 0xE0, 0xE3, 0xF1, 0xC1, 0xC7, 0xE3, 0x83,
    0x8F, 0xC7, 0xFF, 0x1F, 0x8F, 0xFE, 0x3F, 0x1C, 0x00, 0x7E, 0x38, 0x00, 0xFC, 0x00, 0x01, 0xF8,
    0x00, 0x03, 0xF0, 0x00, 0x07, 0xE0, 0x00, 0xFF, 0xC0, 0x01, 0xF9, 0x80, 0x00, 0x00, 0x00, 0x00,
    0x00, 0xC0, 0x00, 0x01, 0xC7, 0xFF, 0xF9, 0xCF, 0xFF, 0xF1, 0xC0, 0x00, 0xE3, 0x80, 0x01, 0xC0,
    0x00, 0x03, 0xF0, 0x00, 0x07, 0xE0, 0x00, 0x0F, 0xC7, 0xFF, 0x1F, 0x8F, 0xFE, 0x3F, 0x1C, 0x1C,
    0x7E, 0x38, 0x38, 0xFC, 0x70, 0x71, 0xF8, 0xFF, 0xE3, 0xF1, 0xFF, 0xC7, 0xE3, 0x83, 0x8F, 0xC7,
    0x07, 0x1F, 0x8E, 0x0E, 0x3F, 0x1C, 0x1C, 0x7E, 0x3F, 0xF8, 0xFC, 0x7F, 0xF1, 0xF8, 0x00, 0x03,
    0xF0, 0x00, 0x07, 0xE0, 0x00, 0x7F, 0xC0, 0x00, 0x79, 0x00, 0x00, 0x00, 0x00, 0x00, 0x00, 0xC0,
    0x00, 0x01, 0xC7, 0xFF, 0xF9, 0xCF, 0xFF, 0xF1, 0xC0, 0x00, 0xE3, 0x30, 0x61, 0xC0, 0xE0, 0xE3,
    0xF0, 0xE3, 0x87, 0xE0, 0xC7, 0x0F, 0xC1, 0x9C, 0x1F, 0x9F, 0xFF, 0x3F, 0x3F, 0xFE, 0x7E, 0x70,
    0x1C, 0xFC, 0xE0, 0x39, 0xF9, 0xC0, 0x73, 0xF3, 0xFF, 0xE7, 0xE7, 0xFF, 0xCF, 0xC1, 0xDC, 0x1F,
    0x83, 0x38, 0x3F, 0x0E, 0x70, 0x7E, 0x1C, 0xE7, 0xFC, 0x71, 0xCD, 0xFB, 0xC3, 0xFB, 0xF7, 0x03,
    0xF7, 0xE4, 0x00, 0x0F, 0xC0, 0x00, 0xFF, 0x80, 0x00, 0xF0, 0x00, 0x00, 0x00, 0x00, 0x03, 0x80,
    0xFF, 0x83, 0x80, 0xFF, 0x81, 0x80, 0xE3, 0x01, 0xC0, 0xE7, 0xFF, 0xFF, 0xE7, 0xFF, 0xFF, 0xEE,
    0x0E, 0x00, 0xEE, 0x0E, 0x00, 0xEC, 0x0E, 0x00, 0xEC, 0x0E, 0x00, 0xEE, 0x0E, 0x00, 0xE7, 0x0F,
    0xFE, 0xE7, 0x0F, 0xFE, 0xE3, 0x1C, 0x0C, 0xE3, 0x9C, 0x0C, 0xE3, 0x9C, 0x0C, 0xE3, 0x1C, 0x0C,
    0xFF, 0x38, 0x1C, 0xFF, 0x38, 0x1C, 0xE0, 0x78, 0x1C, 0xE0, 0x70, 0x1C, 0xE0, 0xE0, 0x1C, 0xE3,
    0xE0, 0x1C, 0xE3, 0xC3, 0xF8, 0xE3, 0x01, 0xF8, 0x00, 0x00, 0x00, 0x00, 0x00, 0x01, 0xFF, 0x7F,
    0xFF, 0xFE, 0xFF, 0xFF, 0x1D, 0xC0, 0x7E, 0x73, 0x80, 0xFC, 0xE7, 0x01, 0xFB, 0x8E, 0x03, 0xF7,
    0x1C, 0x07, 0xEC, 0x38, 0x0F, 0xFC, 0x70, 0x1F, 0xBC, 0xE0, 0x3F, 0x39, 0xFF, 0xFE, 0x3B, 0xFF,
    0xFC, 0x77, 0x01, 0xF8, 0xEE, 0x03, 0xF1, 0xDC, 0x07, 0xE3, 0xB8, 0x0F, 0xFF, 0x70, 0x1F, 0xFC,
    0xE0, 0x3F, 0x01, 0xC0, 0x7E, 0x03, 0x80, 0xFC, 0x07, 0xFF, 0xF8, 0x0F, 0xFF, 0xF0, 0x1C, 0x07,
    0xE0, 0x38, 0x0F, 0x80, 0x20, 0x00, 0x00, 0x01, 0x80, 0x00, 0x01, 0xC0, 0x3F, 0xE0, 0xE0, 0x1F,
    0xF0, 0xF8, 0x0E, 0x70, 0x7C, 0x07, 0x38, 0x77, 0x03, 0xB8, 0x39, 0xC1, 0xDC, 0x38, 0x70, 0xEC,
    0x38, 0x3C, 0x7E, 0x3C, 0x0F, 0xBF, 0x3C, 0x03, 0xDD, 0xDF, 0x86, 0x6E, 0x71, 0xC3, 0x07, 0x38,
    0xE1, 0x83, 0x8C, 0x70, 0xC1, 0xC7, 0x38, 0x60, 0xE3, 0x9C, 0x30, 0x73, 0x8E, 0x18, 0x3F, 0xC7,
    0x0C, 0x1F, 0xC3, 0x86, 0x0E, 0x01, 0x83, 0x07, 0x01, 0xC1, 0x83, 0x80, 0xE0, 0xC1, 0xC0, 0xE0,
    0x60, 0xE0, 0xF0, 0x30, 0x70, 0x70, 0x18, 0x30, 0x10, 0x0C, 0x00, 0x00, 0x00, 0x00, 0x00, 0x0E,
    0x0E, 0x3F, 0xC7, 0x07, 0x1F, 0xE3, 0x03, 0x8C, 0x63, 0x81, 0xC6, 0x31, 0xC0, 0xE3, 0x39, 0xC0,
    0x71, 0x98, 0xEF, 0xFE, 0xCC, 0xF7, 0xFF, 0x6E, 0xF8, 0x0E, 0x37, 0x7C, 0x07, 0x19, 0xFE, 0x03,
    0x8C, 0xFF, 0x71, 0xC6, 0x33, 0x98, 0xE3, 0x1D, 0xCE, 0x71, 0x8E, 0xE3, 0x38, 0xC7, 0x71, 0xDC,
    0x63, 0xB8, 0xEE, 0x37, 0x9C, 0x37, 0x1B, 0xCE, 0x03, 0x8C, 0x07, 0x01, 0xC6, 0x03, 0x80, 0xE3,
    0x01, 0xC0, 0x71, 0x80, 0xE0, 0x38, 0xC0, 0x70, 0xFC, 0x60, 0x38, 0x7C, 0x00, 0x00, 0x00, 0x00,
    0x00, 0x06, 0x00, 0x00, 0x03, 0x80, 0x3F, 0xC3, 0x80, 0x1F, 0xE3, 0xFF, 0x8C, 0x73, 0xFF, 0xC6,
    0x33, 0xE1, 0xC3, 0x3B, 0xF9, 0xE1, 0x99, 0xCF, 0xE0, 0xDC, 0x03, 0xE0, 0x6E, 0x07, 0xF8, 0x37,
    0x0F, 0xFF, 0x99, 0xFF, 0x87, 0xEC, 0x7F, 0x1C, 0xF6, 0x38, 0x0E, 0x03, 0x1D, 0xFF, 0xF9, 0x8E,
    0xFF, 0xFC, 0xC7, 0x01, 0xC0, 0x7F, 0xB8, 0xE0, 0x37, 0x9C, 0x70, 0x18, 0x0C, 0x38, 0x0C, 0x0F,
    0xFF, 0xF6, 0x07, 0xFF, 0xFB, 0x00, 0x07, 0x01, 0x80, 0x03, 0x80, 0xC0, 0x01, 0xC0, 0x60, 0x00,
    0xE0, 0x30, 0x00, 0x70, 0x00, 0x00, 0x00, 0x00, 0x7F, 0xDF, 0xFE, 0x3F, 0xEF, 0xFF, 0x1C, 0x66,
    0x01, 0x8E, 0x73, 0x00, 0xC7, 0x39, 0x80, 0x63, 0x98, 0xFF, 0xF1, 0xDC, 0x7F, 0xF8, 0xEC, 0x30,
    0x0C, 0x77, 0x18, 0x06, 0x39, 0xCC, 0x03, 0x1C, 0xE7, 0xFF, 0x8E, 0x33, 0xFF, 0xC7, 0x1D, 0x9C,
    0x03, 0x8E, 0xC6, 0x19, 0xC7, 0x63, 0x9E, 0xE3, 0xB1, 0xDE, 0x7F, 0x98, 0x7E, 0x3B, 0x8C, 0x3C,
    0x1C, 0x06, 0x0E, 0x0E, 0x03, 0x07, 0x87, 0x01, 0x9D, 0xE3, 0x81, 0xFE, 0x79, 0xC0, 0xFF, 0x1E,
    0xE0, 0x78, 0x07, 0x60, 0x00, 0x00, 0x00, 0x00, 0x00, 0x80, 0x00, 0x00, 0xE0, 0x3F, 0xC0, 0xF0,
    0x1F, 0xE0, 0xF8, 0x0C, 0x60, 0xFE, 0x06, 0x70, 0xF3, 0xC3, 0x38, 0xF0, 0xF1, 0x98, 0xF0, 0x3E,
    0xDD, 0xF0, 0x0F, 0xEC, 0xFF, 0xFF, 0xB7, 0x0F, 0xFF, 0x19, 0xC0, 0x30, 0x0C, 0x60, 0x18, 0x06,
    0x38, 0x0C, 0x03, 0x1F, 0xFF, 0xFD, 0x8F, 0xFF, 0xFE, 0xC7, 0x01, 0x80, 0x63, 0x80, 0xC0, 0x3F,
    0x8E, 0x66, 0x1B, 0xC7, 0x33, 0x8C, 0x07, 0x18, 0xE6, 0x07, 0x0C, 0x73, 0x07, 0x86, 0x1D, 0x83,
    0x83, 0x06, 0xC0, 0x9F, 0x80, 0x60, 0x07, 0xC0, 0x00, 0x00, 0x00, 0x00, 0x00, 0x0E, 0x00, 0xFF,
    0x1C, 0x00, 0xFF, 0x1F, 0xF0, 0xC7, 0x3F, 0xF0, 0xC6, 0x70, 0x70, 0xCE, 0xE0, 0xE0, 0xCE, 0xFF,
    0xFE, 0xCC, 0x7F, 0xFE, 0xDC, 0x00, 0x0E, 0xDC, 0x00, 0x0E, 0xCE, 0x7F, 0xFE, 0xC6, 0x7F, 0xFE,
    0xC7, 0x00, 0x0E, 0xC7, 0x00, 0x0E, 0xC7, 0x7F, 0xFE, 0xC7, 0x7F, 0xFE, 0xC7, 0x06, 0x00, 0xDF,
    0x07, 0x00, 0xDE, 0xDB, 0xDC, 0xC0, 0xD9, 0xDC, 0xC1, 0xD8, 0xCE, 0xC1, 0xD8, 0x3E, 0xC3, 0x98,
    0x3F, 0xC3, 0x9F, 0xF3, 0xC1, 0x1F, 0xF0, 0xC0, 0x00, 0x00, 0x00, 0x00, 0x00, 0xFF, 0xFF, 0xFF,
    0xFF, 0xFF, 0xFF, 0xC6, 0x00, 0x00, 0xCE, 0x3F, 0xFE, 0xCE, 0x3F, 0xFE, 0xCC, 0x30, 0x0E, 0xDC,
    0x30, 0x0E, 0xDC, 0x3F, 0xFE, 0xDC, 0x3F, 0xFE, 0xCE, 0x00, 0x00, 0xCE, 0x7F, 0xFF, 0xC6, 0xFF,
    0xFF, 0xC7, 0xEC, 0x37, 0xC7, 0xEE, 0x37, 0xC7, 0xE6, 0x77, 0xC7, 0xE7, 0x67, 0xFE, 0xEF, 0xFF,
    0xDE, 0xFF, 0xFF, 0xC0, 0xE1, 0x87, 0xC0, 0xE1, 0x87, 0xC0, 0xE1, 0x87, 0xC0, 0xE1, 0x87, 0xC0,
    0xE1, 0x9F, 0xC0, 0xE1, 0x9E, 0xC0, 0x60, 0x00, 0x00, 0x00, 0x06, 0x00, 0x3F, 0xFE, 0xFF, 0xFF,
    0xFC, 0xFF, 0x79, 0x0C, 0xC6, 0x73, 0x9C, 0xCE, 0x3B, 0x9C, 0xCE, 0x7F, 0xFE, 0xCC, 0x7F, 0xFE,
    0xDC, 0x03, 0x80, 0xD8, 0xFF, 0xFF, 0xDC, 0xFF, 0xFF, 0xCE, 0x00, 0x00, 0xCE, 0xFF, 0xFE, 0xC6,
    0x7F, 0xFE, 0xC7, 0x00, 0x0E, 0xC7, 0x7F, 0xFE, 0xC7, 0x7F, 0xFE, 0xC7, 0x00, 0x0E, 0xFE, 0xFF,
    0xFE, 0xDC, 0x7F, 0xFE, 0xC0, 0x5F, 0x8C, 0xC0, 0xF9, 0xCC, 0xC0, 0xD8, 0xCE, 0xC1, 0xD8, 0x3F,
    0xC1, 0x9F, 0xFF, 0xC1, 0x9F, 0xF2, 0xC0, 0x00, 0x00, 0x00, 0x00, 0x00, 0x00, 0x00, 0xEC, 0x00,
    0x00, 0x3B, 0x80, 0x00, 0x0E, 0xE0, 0x7F, 0xE7, 0x1C, 0x1F, 0xF9, 0xC6, 0x00, 0x0E, 0x7F, 0xFC,
    0x83, 0xBF, 0xFF, 0x70, 0xDE, 0x18, 0x1E, 0x77, 0x86, 0x03, 0x9F, 0xE1, 0x80, 0x77, 0xFF, 0xFE,
    0x0F, 0xB7, 0xFF, 0x83, 0xE1, 0x86, 0x00, 0x78, 0x61, 0x80, 0x1E, 0x18, 0x60, 0x07, 0x86, 0x18,
    0x01, 0xF1, 0xFF, 0xE0, 0xFC, 0x7F, 0xF8, 0x73, 0x98, 0x60, 0x3C, 0xE6, 0x18, 0x1E, 0x11, 0x86,
    0x07, 0x00, 0x7F, 0xFC, 0x80, 0x1F, 0xFF, 0x00, 0x06, 0x00, 0x00, 0x01, 0x80, 0x00, 0x00, 0x60,
    0x00, 0x04, 0x00, 0x80, 0x03, 0xF0, 0x36, 0x00, 0xCC, 0x1D, 0xC0, 0x73, 0x87, 0x30, 0x1F, 0xFF,
    0xFF, 0xCF, 0xFE, 0xFF, 0xE7, 0xCC, 0x79, 0xC1, 0xFF, 0xFF, 0xFE, 0x7F, 0xFF, 0xFF, 0x87, 0x30,
    0x67, 0x01, 0xFF, 0x9F, 0xF8, 0x7F, 0xE7, 0xFE, 0x1C, 0xC1, 0x9C, 0x07, 0xFF, 0x7F, 0xF1, 0xFF,
    0xDF, 0xFC, 0x00, 0x00, 0x00, 0x3F, 0xFF, 0xFE, 0x0F, 0xFF, 0xFF, 0x80, 0x3C, 0x03, 0xC0, 0x07,
    0x81, 0xE0, 0x00, 0xF9, 0xF0, 0x00, 0x1F, 0xF0, 0x00, 0x03, 0xFE, 0x00, 0x1F, 0xFF, 0xFC, 0x7F,
    0xF0, 0xFF, 0xDF, 0xE0, 0x07, 0xE3, 0x00, 0x00, 0x00, 0x18, 0xC1, 0x80, 0x1C, 0x70, 0xFC, 0x3F,
    0xFE, 0x6E, 0x1F, 0xFF, 0x73, 0x83, 0x8E, 0x39, 0xC1, 0xFF, 0x38, 0xC0, 0xFF, 0x9F, 0xFE, 0x0E,
    0x0F, 0xFF, 0x7F, 0xFF, 0x18, 0x3F, 0xFF, 0x8C, 0x19, 0xDF, 0xC6, 0x0C, 0xEF, 0xE3, 0x07, 0xFF,
    0x7F, 0xFB, 0xFF, 0xBF, 0xFC, 0x1C, 0x1C, 0x60, 0xFF, 0xEE, 0x30, 0x7F, 0xF7, 0x18, 0x03, 0x83,
    0xFF, 0xFF, 0xFF, 0xFF, 0xFF, 0xFF, 0xE3, 0x00, 0xF0, 0x71, 0x80, 0x7C, 0x38, 0xC0, 0x7F, 0x1C,
    0x60, 0x71, 0xCF, 0xFF, 0xF8, 0x77, 0xFF, 0xF0, 0x13, 0x80, 0x00, 0x00, 0xC0, 0x00, 0x3F, 0xFF,
    0xFE, 0x1F, 0xFF, 0xFF, 0x00, 0x07, 0x00, 0x0F, 0xFF, 0xFF, 0xE7, 0xFF, 0xFF, 0xF3, 0x00, 0xE0,
    0x19, 0xBF, 0x77, 0xEC, 0xDF, 0xBF, 0xF6, 0x60, 0x1C, 0x03, 0x30, 0x0E, 0x01, 0x87, 0xF7, 0xFF,
    0x01, 0xFB, 0xBF, 0x80, 0x00, 0x00, 0x00, 0xFF, 0xFF, 0xE0, 0x7F, 0xFF, 0xF0, 0x00, 0x00, 0x00,
    0x00, 0x00, 0x00, 0x7F, 0xFF, 0xFF, 0xFF, 0xFF, 0xFF, 0xE0, 0x78, 0x1C, 0x00, 0x78, 0x07, 0x80,
    0xFF, 0xFF, 0xE0, 0x7F, 0xFF, 0xF8, 0x3F, 0xFE, 0x1C, 0x00, 0x00, 0x04, 0x00, 0x7F, 0xFF, 0xFC,
    0x3F, 0xFF, 0xFE, 0x00, 0x0E, 0x00, 0x1F, 0xFF, 0xFF, 0xCF, 0xFF, 0xFF, 0xE6, 0x01, 0xC0, 0x33,
    0x7E, 0xEF, 0xD9, 0xBF, 0x77, 0xEC, 0xC0, 0x38, 0x06, 0x1F, 0xDD, 0xFC, 0x07, 0xEE, 0xFC, 0x00,
    0x00, 0x00, 0x03, 0xFF, 0xFF, 0x81, 0xFF, 0xFF, 0xC0, 0xE0, 0xE0, 0xE0, 0x7F, 0xFF, 0xF0, 0x3F,
    0xFF, 0xF8, 0x1C, 0x1C, 0x1C, 0x0E, 0x0E, 0x0E, 0x07, 0xFF, 0xFF, 0x63, 0xFF, 0xFF, 0xB1, 0xC1,
    0xC0, 0x18, 0x00, 0xFF, 0xFC, 0x00, 0x3F, 0xFC, 0x3F, 0xFF, 0xFE, 0x1F, 0xFF, 0xFF, 0x00, 0x07,
    0x00, 0x0F, 0xFF, 0xFF, 0xE7, 0xFF, 0xFF, 0xF3, 0x00, 0xE0, 0x19, 0xBF, 0x7F, 0xEC, 0xDF, 0xBB,
    0xF6, 0x60, 0x1C, 0x03, 0x0F, 0xEF, 0xFE, 0x03, 0xF7, 0x7F, 0x00, 0x00, 0x00, 0x0F, 0xFF, 0xFF,
    0xFF, 0xFF, 0xFF, 0xFC, 0x00, 0x70, 0x00, 0x00, 0x70, 0x00, 0x3F, 0xFF, 0xFE, 0x1F, 0xFF, 0xFF,
    0x0E, 0x38, 0xE1, 0x87, 0x1C, 0x70, 0xC3, 0x8E, 0x38, 0x61, 0xC7, 0x1C, 0x30, 0xE3, 0x8E, 0xF8,
    0x71, 0xC7, 0x7C, 0x18, 0x00, 0x00, 0x00, 0x1F, 0xFF, 0xFE, 0x1F, 0xFF, 0xFF, 0x00, 0x07, 0x00,
    0x0F, 0xFF, 0xFF, 0xE7, 0xFF, 0xFF, 0xF3, 0x00, 0xE0, 0x19, 0xBF, 0x7F, 0xEC, 0xC0, 0x38, 0x06,
    0x0F, 0xDD, 0xF8, 0x0F, 0xEF, 0xFE, 0x00, 0x00, 0x00, 0x07, 0xEF, 0xEF, 0xC3, 0x36, 0x36, 0x61,
    0x9B, 0x1B, 0x30, 0xFD, 0xFD, 0xF8, 0x7E, 0x7C, 0xFC, 0x3F, 0xFF, 0xFE, 0x1F, 0xFF, 0xFF, 0x00,
    0xC7, 0x18, 0x00, 0xE3, 0x9C, 0x00, 0xF9, 0xDF, 0x81, 0xEF, 0xFD, 0xE0, 0xE3, 0x7C, 0x31, 0xFF,
    0xFF, 0xFF, 0xFF, 0xFF, 0xFF, 0x80, 0x06, 0x00, 0x80, 0x01, 0x80, 0x70, 0x00, 0x60, 0x38, 0x03,
    0xFF, 0xCF, 0xF0, 0xFF, 0xF3, 0xFC, 0x01, 0x81, 0xC7, 0x07, 0xFF, 0xE3, 0x81, 0xFF, 0xF1, 0xC0,
    0x06, 0x0F, 0xFF, 0x01, 0x81, 0xFF, 0xCF, 0xFF, 0x0E, 0x73, 0xFF, 0xC3, 0x9C, 0x00, 0x00, 0xE7,
    0x1F, 0xFF, 0xFF, 0xF7, 0xFF, 0xFF, 0xFD, 0xC1, 0x83, 0x9C, 0x7F, 0xE0, 0xE7, 0x1F, 0xF8, 0x39,
    0xC7, 0x06, 0xFF, 0xF1, 0xC1, 0x9F, 0xFC, 0x7F, 0xE0, 0xE7, 0x1F, 0xF8, 0x38, 0x07, 0x06, 0x0E,
    0x01, 0xC1, 0x83, 0x80, 0x70, 0x67, 0xE0, 0x1C, 0xF9, 0xF0, 0x07, 0x3C, 0x00, 0x00, 0x06, 0x00,
    0x00, 0x01, 0x80, 0x0F, 0xC0, 0x60, 0xFF, 0xF3, 0xFF, 0xFF, 0xE0, 0xFF, 0xF4, 0xC3, 0x81, 0x83,
    0x38, 0xE7, 0xFF, 0xE6, 0x71, 0xFF, 0xD9, 0x9C, 0x06, 0x06, 0x66, 0x01, 0x81, 0x83, 0x8F, 0xFF,
    0xFF, 0xF3, 0xFF, 0xDF, 0xFC, 0x00, 0x00, 0xE7, 0x1F, 0xF8, 0x39, 0xC7, 0xFF, 0xFF, 0xFD, 0xC1,
    0xFF, 0xFE, 0x7F, 0xE0, 0xE7, 0x1F, 0xF8, 0x39, 0xC7, 0x06, 0x7F, 0xF1, 0xC1, 0xBF, 0xFC, 0x7F,
    0xE0, 0xE7, 0x1F, 0xF8, 0x38, 0x07, 0x06, 0x0E, 0x01, 0xC1, 0x83, 0x80, 0x70, 0x67, 0xE0, 0x1C,
    0xF9, 0xF0, 0x07, 0x3C, 0x00, 0x00, 0x00, 0x61, 0x80, 0x00, 0x71, 0xC0, 0x00, 0x38, 0xE0, 0x00,
    0x1C, 0x70, 0x00, 0x0E, 0x38, 0x03, 0xFF, 0x1F, 0xFD, 0xFF, 0x8F, 0xFE, 0x01, 0xC7, 0x00, 0x00,
    0xE3, 0x80, 0x00, 0x71, 0xC0, 0x00, 0x38, 0xE0, 0x0F, 0xFC, 0x7F, 0xE7, 0xFE, 0x3F, 0xF0, 0x07,
    0x1C, 0x00, 0x03, 0x8E, 0x00, 0x01, 0xC7, 0x00, 0x00, 0xE3, 0x80, 0x00, 0x71, 0xC0, 0x3F, 0xF8,
    0xFF, 0xFF, 0xFC, 0x7F, 0xF0, 0x0E, 0x38, 0x00, 0x07, 0x1C, 0x00, 0x03, 0x8E, 0x00, 0x01, 0xC7,
    0x00, 0x00, 0xE3, 0x80, 0x00, 0x71, 0xC0, 0x00, 0x38, 0xE0, 0x00, 0xFF, 0xFF, 0xFF, 0xFF, 0xFF,
    0xFF, 0xC0, 0x07, 0x00, 0x00, 0x07, 0x00, 0x00, 0x03, 0x80, 0x00, 0x01, 0xC0, 0x01, 0xFF, 0xFF,
    0xFC, 0xFF, 0xFF, 0xFE, 0x71, 0xC1, 0xC7, 0x38, 0xE0, 0xE3, 0x9C, 0x70, 0x71, 0xCE, 0x3F, 0xF8,
    0xE7, 0x1F, 0xFC, 0x73, 0x8E, 0x0E, 0x39, 0xC7, 0x07, 0x1C, 0xE3, 0x83, 0x8E, 0x71, 0xFF, 0xC7,
    0x38, 0xFF, 0xE3, 0x9C, 0x70, 0x71, 0xCE, 0x38, 0x38, 0xE7, 0x1C, 0x1C, 0x73, 0xFF, 0xFF, 0xF9,
    0xFF, 0xFF, 0xFC, 0xE0, 0x00, 0x0E, 0x30, 0x00, 0x06, 0x00, 0x08, 0x18, 0x00, 0x0E, 0x0E, 0x3F,
    0xCE, 0xFF, 0xFF, 0xEE, 0xFF, 0xFE, 0x6F, 0xEF, 0xFF, 0x73, 0xE7, 0xFF, 0xB0, 0xE7, 0x8F, 0xDC,
    0xFF, 0xFF, 0xE6, 0xFF, 0xFF, 0xF3, 0xB3, 0x73, 0xB8, 0xC7, 0xBF, 0xFF, 0xE7, 0x9F, 0xFF, 0xEF,
    0x0F, 0xCF, 0x03, 0xFF, 0xFF, 0xF0, 0x7F, 0xFF, 0xF8, 0x03, 0x01, 0xC0, 0x01, 0xC1, 0xC0, 0x7F,
    0xFF, 0xFF, 0xFF, 0xFF, 0xFF, 0xE1, 0xFF, 0xFF, 0x00, 0xFF, 0xFF, 0x80, 0x70, 0x00, 0xC0, 0x3F,
    0xFF, 0xE0, 0x1C, 0x00, 0x30, 0x0F, 0xFF, 0xF8, 0x07, 0xFF, 0xFC, 0x03, 0x00, 0x06, 0x00, 0x7F,
    0xFF, 0xFF, 0x3F, 0xFF, 0xFF, 0x80, 0x07, 0x00, 0x00, 0x03, 0x80, 0x01, 0xFF, 0xFF, 0xC0, 0xFF,
    0xFF, 0xE0, 0x70, 0x00, 0x70, 0x38, 0x00, 0x38, 0x1C, 0x00, 0x1C, 0x0F, 0xFF, 0xFE, 0x07, 0xFF,
    0xFF, 0x03, 0x80, 0x03, 0x81, 0xC0, 0x01, 0xC0, 0xFF, 0xFF, 0xE0, 0x7F, 0xFF, 0xF0, 0x38, 0x00,
    0x38, 0x1C, 0x00, 0x1C, 0x0F, 0xFF, 0xFE, 0x07, 0xFF, 0xFF, 0x00, 0x18, 0x30, 0x00, 0x3E, 0x3F,
    0x00, 0xFE, 0x0F, 0xE3, 0xFC, 0x00, 0xFD, 0xF0, 0x00, 0x1F, 0x40, 0x00, 0x02, 0x00, 0xFF, 0xFF,
    0xFF, 0xBF, 0xFF, 0xFF, 0xE0, 0xE0, 0x0E, 0x00, 0x38, 0x07, 0x00, 0x0E, 0x1F, 0xFF, 0x03, 0x87,
    0xFF, 0xC0, 0xE1, 0x80, 0x30, 0x38, 0x60, 0x0C, 0x0E, 0x18, 0x03, 0x03, 0x87, 0xFF, 0xC0, 0xE1,
    0xFF, 0xF0, 0x38, 0x60, 0x0C, 0x0E, 0x18, 0x03, 0x03, 0x87, 0xFF, 0xC0, 0xE1, 0xFF, 0xF0, 0x38,
    0x60, 0x0C, 0x0E, 0x18, 0x03, 0x03, 0x87, 0xFF, 0xC0, 0xE1, 0xFF, 0xF0, 0x38, 0x18, 0x60, 0x0E,
    0x1F, 0x3E, 0x3F, 0x9F, 0x83, 0xCF, 0xCF, 0x80, 0x7C, 0x03, 0x80, 0x06, 0x00, 0x00, 0x00, 0x00,
    0x00, 0x3F, 0xFF, 0xC0, 0x07, 0xFF, 0xF9, 0xFF, 0x81, 0xC0, 0x3F, 0xF0, 0x70, 0x00, 0x60, 0xFF,
    0xF8, 0x0C, 0x1F, 0xFF, 0x01, 0x83, 0x00, 0x60, 0x30, 0x60, 0x0C, 0x06, 0x0C, 0x01, 0x80, 0xC1,
    0xFF, 0xF0, 0x18, 0x3F, 0xFE, 0x03, 0x06, 0x00, 0xC0, 0x60, 0xC0, 0x18, 0x0C, 0x5F, 0xFF, 0x01,
    0xFF, 0xFF, 0xE0, 0x7F, 0x60, 0x0C, 0x7F, 0x8C, 0x01, 0x8F, 0xC1, 0xFF, 0xF1, 0xC0, 0x3F, 0xFE,
    0x00, 0x01, 0x82, 0x00, 0x00, 0x79, 0xE0, 0x00, 0x3E, 0x1F, 0x00, 0x1F, 0x80, 0xF0, 0x03, 0xC0,
    0x0F, 0x00, 0x40, 0x00, 0x80, 0x03, 0x00, 0x00, 0x00, 0xC0, 0x00, 0x00, 0x30, 0xFF, 0xF8, 0xCC,
    0x3F, 0xFE, 0x33, 0xF0, 0x70, 0x0C, 0xFC, 0x1C, 0x03, 0x30, 0x7F, 0xF0, 0xCC, 0x1F, 0xFE, 0x33,
    0x07, 0x03, 0xBF, 0xFF, 0xC0, 0xEF, 0xFF, 0xF0, 0x38, 0x1C, 0x1F, 0xFE, 0x07, 0x07, 0xFF, 0x8F,
    0xCD, 0xC0, 0xE3, 0x73, 0x70, 0x39, 0xDD, 0xDF, 0xFE, 0x77, 0x77, 0xFF, 0xB9, 0xF9, 0xC0, 0xEC,
    0x7E, 0x70, 0x39, 0x1F, 0x1F, 0xFE, 0x03, 0xC7, 0xFF, 0x81, 0xE0, 0x23, 0x00, 0xF0, 0x1C, 0xE0,
    0xF8, 0x1F, 0x3C, 0xFC, 0x1F, 0x03, 0x9C, 0x07, 0x80, 0x64, 0x00, 0x80, 0x00, 0x33, 0x30, 0x00,
    0x06, 0x67, 0xFF, 0xF8, 0xEC, 0xDF, 0xFF, 0x0D, 0xB8, 0x18, 0x01, 0x32, 0x07, 0x00, 0xFF, 0xF7,
    0xFF, 0x1F, 0xFE, 0xFF, 0xE0, 0x7C, 0x18, 0x0C, 0x1F, 0xE3, 0x01, 0x87, 0xFF, 0x60, 0x31, 0xEC,
    0xEF, 0xFE, 0x39, 0x89, 0xFF, 0xC2, 0x36, 0x30, 0x18, 0x06, 0xE6, 0x03, 0x00, 0xCE, 0xFF, 0xE3,
    0xFF, 0xDF, 0xFC, 0x7F, 0xFB, 0x01, 0x80, 0x60, 0x60, 0x30, 0x1E, 0x0F, 0xFE, 0x03, 0xE1, 0xFF,
    0xC0, 0xFE, 0x08, 0x40, 0x3C, 0xF3, 0x9E, 0x1F, 0x0F, 0xF1, 0xE3, 0xC0, 0xF8, 0x1E, 0x60, 0x1E,
    0x01, 0xE0, 0x01, 0x00, 0x00, 0x3F, 0xFD, 0xFF, 0xC7, 0xFF, 0xBF, 0xF8, 0xE0, 0x30, 0x60, 0x1F,
    0xFE, 0x0C, 0x03, 0xFF, 0xDF, 0xF8, 0x70, 0x1B, 0xFF, 0x0F, 0xFF, 0x70, 0x61, 0xFF, 0xEE, 0x0C,
    0x18, 0x31, 0xC1, 0x83, 0x0E, 0x3F, 0xF0, 0xED, 0xBF, 0xFE, 0x1B, 0xFE, 0xE0, 0xC7, 0xEF, 0xDC,
    0x18, 0xF9, 0xF3, 0xFF, 0x07, 0x9F, 0xFF, 0xE1, 0xDB, 0xFE, 0x0C, 0x7F, 0xFF, 0xC1, 0x8F, 0xFF,
    0xFF, 0xF0, 0x01, 0x6F, 0xFE, 0x1F, 0x6E, 0x00, 0x03, 0x7E, 0xC7, 0x70, 0x6E, 0xDF, 0xC7, 0x1C,
    0xD8, 0xF0, 0x73, 0x18, 0x3C, 0x06, 0x20, 0x02, 0x00, 0x80, 0x7F, 0xFF, 0xFF, 0xBF, 0xFF, 0xFF,
    0xC0, 0x07, 0x00, 0x00, 0x07, 0x00, 0x00, 0x03, 0x80, 0x00, 0xFF, 0xFF, 0xE0, 0x7F, 0xFF, 0xF0,
    0x38, 0x00, 0x38, 0x1C, 0x08, 0x1C, 0x0E, 0x0E, 0x0E, 0x07, 0x07, 0x07, 0x03, 0x83, 0x83, 0x81,
    0xC1, 0xC1, 0xC0, 0xE0, 0xE0, 0xE0, 0x70, 0x70, 0x70, 0x38, 0x38, 0x38, 0x1C, 0x1C, 0x1C, 0x0E,
    0x1D, 0x8E, 0x07, 0x1E, 0xF7, 0x00, 0x1E, 0x7E, 0x00, 0x3E, 0x0F, 0x80, 0xFE, 0x01, 0xF3, 0xFC,
    0x00, 0x7C, 0xF8, 0x00, 0x0E, 0x40, 0x00, 0x02, 0x00, 0x00, 0x3F, 0xFF, 0xBF, 0xFF, 0xFF, 0xEF,
    0xFE, 0x0E, 0x00, 0x38, 0x03, 0x80, 0x0E, 0x00, 0xC0, 0x03, 0x83, 0xFF, 0xC0, 0xE0, 0xFF, 0xF0,
    0x38, 0x30, 0x0C, 0x0E, 0x0C, 0x63, 0x03, 0x83, 0x18, 0xC0, 0xE0, 0xC6, 0x30, 0x38, 0x31, 0x8C,
    0x0E, 0x0C, 0x63, 0x03, 0x83, 0x18, 0xC0, 0xE0, 0xC6, 0x30, 0x38, 0x33, 0x8C, 0x0E, 0x0C, 0xE3,
    0x03, 0x83, 0x38, 0xC0, 0xE0, 0x1F, 0x80, 0x38, 0x0F, 0xF0, 0x0E, 0x07, 0x9E, 0x3F, 0x87, 0xC3,
    0xC7, 0xC3, 0xE0, 0x78, 0x00, 0xE0, 0x06, 0x00, 0x00, 0x00, 0x00, 0x00, 0x3F, 0xFF, 0xC0, 0x07,
    0xFF, 0xF9, 0xFF, 0x03, 0x80, 0x3F, 0xE0, 0x70, 0x00, 0xE0, 0x1C, 0x00, 0x1C, 0x3F, 0xFE, 0x03,
    0x87, 0xFF, 0xC0, 0x70, 0xE0, 0x18, 0x0E, 0x1C, 0xE3, 0x01, 0xC3, 0x9C, 0x60, 0x38, 0x73, 0x8C,
    0x07, 0x0E, 0x71, 0x80, 0xE1, 0xCE, 0x30, 0x1C, 0x39, 0xC6, 0x03, 0xB7, 0x38, 0xC0, 0x7F, 0xE7,
    0x18, 0x3F, 0xDC, 0xE3, 0x0F, 0xC3, 0x9C, 0x61, 0xE0, 0x07, 0x60, 0x00, 0x01, 0xEE, 0x00, 0x00,
    0x79, 0xF0, 0x00, 0x3E, 0x0F, 0x00, 0x1F, 0x80, 0xF0, 0x03, 0xC0, 0x0E, 0x00, 0x00, 0x00, 0x80,
    0x03, 0x00, 0x00, 0x00, 0xC0, 0x00, 0x00, 0x30, 0x7F, 0xF8, 0xCC, 0x1F, 0xFE, 0x33, 0xF0, 0x30,
    0x0C, 0xFC, 0x1C, 0x03, 0x30, 0x07, 0x00, 0xCC, 0x1F, 0xFC, 0x33, 0x07, 0xFF, 0x3F, 0xFF, 0xC0,
    0xCF, 0xFF, 0xF3, 0x30, 0x1C, 0x1C, 0xCC, 0x07, 0x07, 0x33, 0x0F, 0xCD, 0xCC, 0xC3, 0x73, 0x73,
    0x31, 0xDD, 0xDD, 0xCC, 0x77, 0x77, 0x73, 0x39, 0xD9, 0xDC, 0xCE, 0x7E, 0x77, 0x31, 0x1F, 0x1D,
    0x8C, 0x01, 0xC2, 0x73, 0x01, 0xE0, 0x3F, 0x00, 0xF0, 0x1D, 0xE0, 0xF8, 0x0F, 0x3C, 0xFC, 0x1F,
    0x87, 0xBC, 0x07, 0x80, 0x64, 0x00, 0x80, 0x00, 0x1F, 0xFF, 0xFF, 0xC3, 0xFF, 0xFF, 0xF8, 0x60,
    0xE0, 0xE0, 0x0F, 0xFC, 0x18, 0x01, 0xFF, 0xBF, 0xF8, 0x30, 0x77, 0xFF, 0x06, 0x0E, 0xE0, 0xE0,
    0xFF, 0xDD, 0xDC, 0x1F, 0xF3, 0xBB, 0x80, 0x00, 0x77, 0x71, 0xFF, 0xFE, 0xEE, 0x3F, 0xFF, 0xDD,
    0xC0, 0x38, 0x3B, 0xB8, 0x37, 0x07, 0x67, 0x06, 0xE0, 0xEC, 0xE0, 0xDF, 0xDF, 0x9C, 0x1B, 0xF8,
    0x7C, 0x03, 0x70, 0x1D, 0xE0, 0xFE, 0x07, 0x1E, 0x1F, 0xC3, 0xE1, 0xE3, 0x78, 0xF0, 0x1C, 0x67,
    0xFC, 0x00, 0x1C, 0x3F, 0xFF, 0xF3, 0x01, 0xFF, 0xFE, 0x00, 0x00, 0x00, 0x00, 0x02, 0x00, 0x00,
    0x01, 0x80, 0x00, 0x00, 0x70, 0x7F, 0xFB, 0xFF, 0xFF, 0xFE, 0xFF, 0xF8, 0x70, 0x38, 0x0E, 0x1C,
    0x0E, 0xE3, 0x86, 0x03, 0xB0, 0xFF, 0xFC, 0x1F, 0xF7, 0xFF, 0x0F, 0xF9, 0x80, 0xC7, 0x0E, 0x67,
    0x33, 0xF7, 0x19, 0xCC, 0xDF, 0x86, 0x73, 0x03, 0xE1, 0x9C, 0xC1, 0xFE, 0x67, 0x33, 0xF3, 0xF9,
    0xCC, 0xF0, 0x36, 0x73, 0x3F, 0xF9, 0x98, 0xC3, 0xFE, 0x66, 0x30, 0xE1, 0x9B, 0x8C, 0x38, 0x60,
    0xF8, 0x0E, 0x18, 0x37, 0x03, 0x86, 0x1D, 0xE0, 0xFF, 0x8E, 0x1C, 0x3F, 0xEF, 0x03, 0x8E, 0x1F,
    0x80, 0x60, 0x00, 0x80, 0x00, 0x0F, 0xFF, 0xFE, 0x01, 0xFF, 0xFF, 0xC0, 0x30, 0x00, 0x38, 0x06,
    0x00, 0x77, 0x00, 0xCF, 0xFF, 0xE0, 0x1B, 0xFF, 0xDC, 0x03, 0x7B, 0x83, 0x80, 0x60, 0x70, 0x30,
    0x0D, 0xFF, 0xE6, 0x01, 0xBF, 0xFC, 0xC0, 0x37, 0x39, 0x98, 0x06, 0xE7, 0x33, 0x00, 0xDC, 0xE6,
    0x60, 0x1B, 0x9C, 0xCC, 0x07, 0x7F, 0xF9, 0x80, 0xEF, 0xFF, 0x30, 0x1C, 0x0E, 0x46, 0x03, 0x81,
    0xDC, 0xE0, 0x60, 0x39, 0x9D, 0x1C, 0x07, 0xFB, 0xB3, 0xBF, 0xFF, 0xFC, 0xE7, 0xFF, 0xF7, 0x9C,
    0x00, 0x06, 0xF3, 0x00, 0x00, 0x8E, 0x00, 0x00, 0x00, 0x00, 0x1F, 0xFF, 0xFC, 0x07, 0xFF, 0xFF,
    0x01, 0xC0, 0x01, 0xC0, 0x70, 0x00, 0x70, 0x1C, 0x01, 0x9C, 0x07, 0x60, 0x67, 0x01, 0xDC, 0x39,
    0xC0, 0x77, 0x8E, 0x70, 0x1C, 0xE7, 0x1C, 0x07, 0x1D, 0xC7, 0x01, 0xC3, 0xE1, 0xC0, 0x70, 0xF8,
    0x70, 0x1C, 0x1E, 0x1C, 0x06, 0x07, 0x87, 0x01, 0x83, 0xF1, 0xC0, 0xE1, 0xFE, 0x70, 0x38, 0xF3,
    0x8C, 0x0E, 0x78, 0x73, 0x03, 0xBC, 0x1E, 0xC9, 0xDE, 0x03, 0xBB, 0x73, 0x00, 0xCF, 0xFC, 0x00,
    0x03, 0xEE, 0x00, 0x00, 0x7B, 0x80, 0x00, 0x1E, 0x40, 0x00, 0x00, 0x00, 0x02, 0x00, 0x30, 0x03,
    0x80, 0x38, 0x00, 0xE0, 0x3C, 0x00, 0x38, 0x1C, 0x0F, 0xFF, 0xFF, 0xFF, 0xFF, 0xFF, 0xFC, 0x00,
    0x70, 0x00, 0x00, 0x38, 0x00, 0x00, 0x38, 0x00, 0x0F, 0xFF, 0xFE, 0x07, 0xFF, 0xFF, 0x03, 0x80,
    0x03, 0x81, 0xC0, 0x01, 0xC0, 0xE0, 0x00, 0xE0, 0x7F, 0xFF, 0xF0, 0x3F, 0xFF, 0xF8, 0x1C, 0x00,
    0x1C, 0x0E, 0x00, 0x0E, 0x07, 0xFF, 0xFF, 0x03, 0xFF, 0xFF, 0x81, 0xC0, 0x01, 0xC0, 0xE0, 0x00,
    0xE0, 0x70, 0x00, 0x70, 0x3F, 0xFF, 0xF8, 0x1F, 0xFF, 0xFC, 0x0E, 0x00, 0x0E, 0x07, 0x00, 0x07,
    0x00, 0x00, 0x00, 0x30, 0x00, 0x00, 0x0E, 0x00, 0xFF, 0xC3, 0xE0, 0x1F, 0xF8, 0xFE, 0x03, 0x30,
    0x1D, 0xE0, 0x66, 0x0F, 0x1E, 0x0F, 0xFB, 0xC1, 0xF1, 0xFF, 0xFF, 0xFE, 0x33, 0x1F, 0xFE, 0xC6,
    0x60, 0x00, 0x00, 0xFF, 0x80, 0x00, 0x1F, 0xF7, 0xEF, 0xC3, 0x30, 0xFD, 0xF8, 0x66, 0x19, 0xB3,
    0x0C, 0xC3, 0x36, 0x61, 0xFF, 0xE6, 0xCC, 0x3F, 0xFF, 0xDF, 0x80, 0x2F, 0xFB, 0xF0, 0xFF, 0xCC,
    0x18, 0x3F, 0xF9, 0x83, 0x06, 0xAF, 0x70, 0xE0, 0xD6, 0xEF, 0x1C, 0x1B, 0xDB, 0xFF, 0xC3, 0x43,
    0x77, 0xFC, 0x43, 0xFC, 0x79, 0xC0, 0x7F, 0x06, 0x10, 0x00, 0x00, 0x00, 0x00, 0x00, 0x00, 0x20,
    0x00, 0x00, 0x0E, 0x01, 0xFF, 0x01, 0xC0, 0x3F, 0xE0, 0x78, 0x00, 0x0C, 0x1F, 0x80, 0x01, 0x83,
    0xB8, 0x0E, 0x30, 0xE3, 0x81, 0xC6, 0x38, 0x78, 0x39, 0xCE, 0x07, 0x87, 0x3F, 0xFF, 0xF8, 0xE7,
    0xFF, 0xFF, 0x1C, 0xE8, 0x00, 0x63, 0x1C, 0x00, 0x00, 0x63, 0x00, 0xC0, 0x0F, 0xFF, 0x9C, 0x71,
    0xFF, 0x33, 0x8C, 0x00, 0x66, 0x33, 0x80, 0x0C, 0xE6, 0x60, 0x0D, 0x8C, 0xDC, 0x1F, 0xF1, 0x9B,
    0x87, 0xE6, 0x30, 0x60, 0xE1, 0xC0, 0x1C, 0x00, 0x38, 0x03, 0x00, 0x07, 0xFF, 0xFE, 0x0F, 0xDF,
    0xFF, 0xC1, 0xF8, 0x00, 0x00, 0x00, 0x00, 0x00, 0x00, 0x00, 0x01, 0x98, 0x1F, 0xE0, 0xDC, 0x0F,
    0xF0, 0x6E, 0x06, 0x1B, 0xFF, 0xE3, 0x0D, 0xFF, 0xF1, 0xF6, 0xED, 0xD8, 0xFB, 0x7F, 0xFC, 0x6D,
    0xBF, 0xFE, 0x36, 0xDD, 0xBB, 0x7F, 0xFE, 0xDD, 0xBF, 0xFF, 0xFF, 0xDC, 0x0F, 0xFF, 0xEF, 0xFF,
    0x00, 0x01, 0xFE, 0xFF, 0xFC, 0xC7, 0x7F, 0xFE, 0x63, 0x9F, 0xFE, 0x3F, 0xCF, 0xFF, 0x1F, 0xE7,
    0x03, 0x8C, 0x73, 0x81, 0xC6, 0x39, 0xFF, 0xE3, 0xFC, 0xFF, 0xF1, 0xFE, 0x18, 0x60, 0xC7, 0x0C,
    0x30, 0x63, 0x87, 0x38, 0x37, 0xDF, 0xFF, 0x99, 0xFF, 0xFF, 0xCC, 0x00, 0x00, 0x00, 0x00, 0x18,
    0x00, 0x00, 0x0E, 0x00, 0x00, 0x07, 0x00, 0x1F, 0xFF, 0xFF, 0xFF, 0xFF, 0xFF, 0xF8, 0x00, 0x00,
    0x00, 0x00, 0x00, 0x00, 0x1F, 0xFF, 0xF0, 0x0F, 0xFF, 0xF8, 0x07, 0x00, 0x1C, 0x03, 0x80, 0x0E,
    0x01, 0xFF, 0xFF, 0x00, 0xFF, 0xFF, 0x80, 0x00, 0x00, 0x01, 0xFF, 0xFF, 0xFC, 0xFF, 0xFF, 0xFE,
    0x70, 0x00, 0x07, 0x39, 0xFF, 0xE3, 0x9C, 0xFF, 0xF1, 0xCE, 0x70, 0x18, 0xE7, 0x38, 0x0C, 0x73,
    0x9C, 0x06, 0x39, 0xCF, 0xFF, 0x1C, 0xE7, 0xFF, 0x8E, 0x73, 0x80, 0x3F, 0x38, 0x00, 0x1F, 0x08,
    0x00, 0x00, 0x00, 0x1F, 0xFF, 0xFC, 0x0F, 0xFF, 0xFE, 0x07, 0x47, 0x37, 0x03, 0xB3, 0x9B, 0x81,
    0xDD, 0xDD, 0xC0, 0xE6, 0xEC, 0xE0, 0x73, 0x76, 0x70, 0x3F, 0xFF, 0xF8, 0x1F, 0xFF, 0xFC, 0x00,
    0x0E, 0x00, 0x00, 0x07, 0x00, 0x07, 0xFF, 0xFF, 0xC3, 0xFF, 0xFF, 0xE0, 0x00, 0xE0, 0x00, 0x00,
    0x70, 0x00, 0x00, 0x38, 0x00, 0xFF, 0xFF, 0xFF, 0xFF, 0xFF, 0xFF, 0xC0, 0x00, 0x00, 0x03, 0x98,
    0x63, 0x83, 0x8E, 0x38, 0xE1, 0xC7, 0x1C, 0x79, 0xC3, 0x8E, 0x1D, 0xE1, 0xC3, 0x07, 0x20, 0x00,
    0x00, 0x00, 0x00, 0x00, 0x30, 0x07, 0xFF, 0x07, 0x00, 0xFF, 0xF0, 0xF8, 0x18, 0xCE, 0x1F, 0x03,
    0xDB, 0xC3, 0xF0, 0x7B, 0xF8, 0x77, 0x0D, 0x7F, 0x0E, 0x61, 0xBF, 0xE1, 0xC8, 0x37, 0xDC, 0x38,
    0x06, 0x3B, 0xFF, 0xF8, 0xFF, 0xFF, 0xFF, 0x1F, 0xFC, 0x1C, 0x00, 0x18, 0x03, 0x80, 0x7F, 0xF0,
    0x70, 0x0F, 0xFE, 0x0E, 0x00, 0x0C, 0x03, 0xE0, 0x01, 0x80, 0x7C, 0x00, 0x7F, 0x8D, 0x81, 0xFF,
    0xF3, 0xB8, 0x3F, 0xF8, 0x77, 0x01, 0x2D, 0x8C, 0x70, 0x7D, 0xB3, 0x8E, 0x0D, 0xB6, 0xF0, 0xE3,
    0xB7, 0xFC, 0x1E, 0x67, 0x67, 0x01, 0xEC, 0xC8, 0xE0, 0x18, 0x00, 0x00, 0x00, 0x00, 0x00, 0x00,
    0x30, 0x07, 0xFF, 0x07, 0x00, 0xFF, 0xE0, 0xE0, 0x19, 0x8C, 0x1C, 0x03, 0xB7, 0x83, 0x80, 0x7E,
    0xF0, 0x70, 0x0F, 0xDE, 0x0E, 0x01, 0xFE, 0xC1, 0xFE, 0x37, 0xD8, 0x3F, 0xC6, 0x63, 0x07, 0x00,
    0xFF, 0xE0, 0xE0, 0x1F, 0xFC, 0x1C, 0x00, 0x38, 0x03, 0x80, 0x7F, 0xF0, 0x70, 0x0F, 0xFE, 0xFF,
    0xE0, 0x1C, 0x1F, 0xFC, 0x03, 0x83, 0x81, 0x8F, 0xFF, 0xF0, 0x31, 0xFF, 0xFE, 0x06, 0x00, 0x09,
    0xC0, 0xC3, 0x7B, 0x38, 0x18, 0x6D, 0xB7, 0x03, 0x0D, 0xB7, 0xE0, 0x61, 0xB6, 0x7F, 0xFC, 0x76,
    0xE3, 0xFF, 0x8C, 0xC0, 0x70, 0x30, 0x00, 0x0C, 0x06, 0x00, 0x00, 0x18, 0x00, 0x00, 0x07, 0x00,
    0x00, 0x01, 0xC0, 0x03, 0xFF, 0xFF, 0xFE, 0xFF, 0xFF, 0xFF, 0x80, 0x18, 0xC1, 0x87, 0xFF, 0x73,
    0xF1, 0xFF, 0xFB, 0xF0, 0x19, 0xDC, 0xEC, 0x06, 0x67, 0x33, 0x03, 0x99, 0xCC, 0xE0, 0xC6, 0x73,
    0x3C, 0x7F, 0x9D, 0xFF, 0xBB, 0xE7, 0x7E, 0xEC, 0xE1, 0xC1, 0x98, 0x38, 0x00, 0x60, 0x0F, 0xFF,
    0xF8, 0x03, 0xFF, 0xFE, 0x00, 0xE0, 0x01, 0x80, 0x38, 0x00, 0x60, 0x0F, 0xFF, 0xF8, 0x07, 0xFF,
    0xFE, 0x01, 0xC0, 0x01, 0x80, 0xE0, 0x00, 0x60, 0x78, 0x00, 0x18, 0x1C, 0x00, 0x06, 0x02, 0x00,
    0x01, 0x80, 0x00, 0x18, 0x00, 0x00, 0x07, 0x00, 0x00, 0x01, 0xC0, 0x03, 0xFF, 0xFF, 0xFE, 0xFF,
    0xFF, 0xFF, 0x81, 0xE0, 0x3C, 0x00, 0x38, 0x1E, 0x00, 0x07, 0x8F, 0x00, 0x00, 0xF7, 0x80, 0x00,
    0x1F, 0xC0, 0x00, 0x07, 0xF0, 0x00, 0x0F, 0xFF, 0x80, 0x3F, 0xE3, 0xFF, 0xBF, 0xE0, 0x1F, 0xE7,
    0xB0, 0x06, 0xF8, 0x0E, 0x03, 0x80, 0x03, 0x80, 0xE0, 0x00, 0xE0, 0x38, 0x00, 0x38, 0x0E, 0x00,
    0x0C, 0x03, 0x80, 0x07, 0x00, 0xE0, 0x01, 0xC0, 0x38, 0x00, 0xF0, 0x0E, 0x00, 0x38, 0x03, 0x80,
    0x3E, 0x00, 0xE0, 0x07, 0x00, 0x38, 0x00, 0x00, 0x06, 0x00, 0x00, 0x1C, 0x00, 0x00, 0x0E, 0x00,
    0x03, 0x87, 0x00, 0x01, 0xC3, 0xFF, 0xC0, 0xE1, 0xFF, 0xE0, 0x70, 0xE0, 0x00, 0x38, 0x70, 0x01,
    0xFF, 0xFF, 0xFF, 0xFF, 0xFF, 0xFF, 0x98, 0x60, 0xE3, 0x0C, 0x70, 0x61, 0xC6, 0x38, 0x70, 0xE3,
    0x3F, 0x7E, 0x71, 0xBB, 0xFF, 0xB8, 0xF8, 0xF8, 0xDC, 0x7F, 0xFF, 0xFE, 0x3F, 0xFF, 0xFF, 0x18,
    0x60, 0xE3, 0x8C, 0x70, 0x61, 0xC6, 0x3C, 0x78, 0xE3, 0x3F, 0x7E, 0x71, 0xB9, 0xFB, 0xB8, 0xD8,
    0x38, 0xDC, 0x7F, 0xFF, 0xFE, 0x3F, 0xFF, 0xFF, 0x00, 0x00, 0x03, 0x80, 0x00, 0x01, 0x80, 0x00,
    0x1C, 0x00, 0x07, 0x0E, 0x00, 0x03, 0x87, 0x00, 0x01, 0xC3, 0xFF, 0xC0, 0xE1, 0xFF, 0xE0, 0x70,
    0xE0, 0x00, 0x38, 0x70, 0x00, 0x1C, 0x38, 0x00, 0xFF, 0xFF, 0xFF, 0xFF, 0xFF, 0xFF, 0xC0, 0x02,
    0x00, 0x07, 0x03, 0x80, 0xC3, 0x81, 0xC0, 0x61, 0xC0, 0xE0, 0x30, 0xE0, 0xF0, 0x18, 0x70, 0x7C,
    0x0C, 0x38, 0x77, 0x86, 0x1C, 0x71, 0xE3, 0x0E, 0x78, 0x79, 0x87, 0xF8, 0x1E, 0xC3, 0xF0, 0x07,
    0x61, 0xD0, 0x00, 0x30, 0xFF, 0xFF, 0xF8, 0x7F, 0xFF, 0xFC, 0x00, 0x00, 0x06, 0x00, 0x00, 0x03,
    0x00, 0xFF, 0xFF, 0xFE, 0xEE, 0xEE, 0xEE, 0xEE, 0x60, 0x06, 0xFF, 0xE0, 0x07, 0x07, 0x0E, 0x1C,
    0x1C, 0x38, 0x30, 0x70, 0x70, 0x70, 0x60, 0x60, 0xE0, 0xE0, 0x60, 0x60, 0x70, 0x70, 0x70, 0x38,
    0x38, 0x1C, 0x1C, 0x0E, 0x07, 0x07, 0xE0, 0xF0, 0x70, 0x38, 0x18, 0x1C, 0x0C, 0x0E, 0x0E, 0x06,
    0x06, 0x06, 0x07, 0x07, 0x06, 0x06, 0x0E, 0x0E, 0x0E, 0x0C, 0x1C, 0x38, 0x38, 0x70, 0xE0, 0x60,
    0x39, 0xF7, 0xCF, 0x0C, 0x73, 0x9C, 0x60, 0x00, 0x7F, 0xFE, 0xF0, 0x00, 0x00, 0x00, 0x00, 0x00,
    0x01, 0xFF, 0xFB, 0xC0, 0x3C, 0xF9, 0xF1, 0xE0, 0x00, 0x00, 0x00, 0x00, 0x00, 0x00, 0x00, 0x07,
    0x8F, 0x1F, 0x3E, 0x18, 0x30, 0xE3, 0x8E, 0x18, 0x00, 0x00, 0x00, 0xFE, 0x0F, 0xFC, 0xFB, 0xE7,
    0x07, 0x80, 0x1C, 0x00, 0xE0, 0x0F, 0x00, 0x70, 0x07, 0x00, 0x70, 0x07, 0x00, 0x78, 0x03, 0x80,
    0x1C, 0x00, 0xE0, 0x00, 0x00, 0x00, 0x01, 0xC0, 0x1E, 0x00, 0xF0, 0x03, 0x80,
};

static const EpdGlyph m4_ui_cjk_13Glyphs[] = {
    { 0, 0, 7, 0, 0, 0, 0 }, //  
    { 6, 21, 8, 1, 20, 16, 0 }, // !
    { 11, 8, 13, 1, 20, 11, 16 }, // "
    { 17, 20, 18, 0, 20, 43, 27 }, // #
    { 14, 23, 15, 1, 21, 41, 70 }, // $
    { 24, 21, 24, 0, 20, 63, 111 }, // %
    { 20, 21, 20, 1, 20, 53, 174 }, // &
    { 5, 8, 7, 1, 20, 5, 227 }, // '
    { 8, 25, 9, 1, 20, 25, 232 }, // (
    { 9, 25, 9, 0, 20, 29, 257 }, // )
    { 14, 14, 15, 0, 21, 25, 286 }, // *
    { 14, 14, 15, 1, 17, 25, 311 }, // +
    { 7, 8, 8, 0, 4, 7, 336 }, // ,
    { 8, 4, 9, 0, 9, 4, 343 }, // -
    { 6, 6, 8, 1, 5, 5, 347 }, // .
    { 12, 21, 11, 0, 20, 32, 352 }, // /
    { 15, 21, 15, 0, 20, 40, 384 }, // 0
    { 11, 20, 15, 1, 20, 28, 424 }, // 1
    { 14, 20, 15, 1, 20, 35, 452 }, // 2
    { 14, 21, 15, 1, 20, 37, 487 }, // 3
    { 16, 20, 15, 0, 20, 40, 524 }, // 4
    { 14, 21, 15, 1, 20, 37, 564 }, // 5
    { 15, 21, 15, 0, 20, 40, 601 }, // 6
    { 15, 20, 15, 0, 20, 38, 641 }, // 7
    { 15, 21, 15, 0, 20, 40, 679 }, // 8
    { 15, 21, 15, 0, 20, 40, 719 }, // 9
    { 6, 17, 8, 1, 16, 13, 759 }, // :
    { 7, 20, 8, 0, 16, 18, 772 }, // ;
    { 14, 15, 15, 1, 17, 27, 790 }, // <
    { 14, 9, 15, 1, 14, 16, 817 }, // =
    { 14, 15, 15, 1, 17, 27, 833 }, // >
    { 13, 21, 13, 0, 20, 35, 860 }, // ?
    { 23, 23, 24, 1, 20, 67, 895 }, // @
    { 19, 20, 19, 0, 20, 48, 962 }, // A
    { 15, 20, 18, 2, 20, 38, 1010 }, // B
    { 16, 21, 17, 1, 20, 42, 1048 }, // C
    { 17, 20, 20, 2, 20, 43, 1090 }, // D
    { 12, 20, 15, 2, 20, 30, 1133 }, // E
    { 12, 20, 15, 2, 20, 30, 1163 }, // F
    { 17, 21, 20, 1, 20, 45, 1193 }, // G
    { 17, 20, 21, 2, 20, 43, 1238 }, // H
    { 10, 20, 11, 0, 20, 25, 1281 }, // I
    { 9, 26, 9, -2, 20, 30, 1306 }, // J
    { 16, 20, 18, 2, 20, 40, 1336 }, // K
    { 13, 20, 15, 2, 20, 33, 1376 }, // L
    { 22, 20, 26, 2, 20, 55, 1409 }, // M
    { 18, 20, 22, 2, 20, 45, 1464 }, // N
    { 19, 21, 21, 1, 20, 50, 1509 }, // O
    { 14, 20, 17, 2, 20, 35, 1559 }, // P
    { 19, 25, 21, 1, 20, 60, 1594 }, // Q
    { 16, 20, 18, 2, 20, 40, 1654 }, // R
    { 13, 21, 15, 1, 20, 35, 1694 }, // S
    { 16, 20, 16, 0, 20, 40, 1729 }, // T
    { 17, 21, 20, 2, 20, 45, 1769 }, // U
    { 18, 20, 18, 0, 20, 45, 1814 }, // V
    { 27, 20, 26, 0, 20, 68, 1859 }, // W
    { 19, 20, 18, 0, 20, 48, 1927 }, // X
    { 17, 20, 17, 0, 20, 43, 1975 }, // Y
    { 16, 20, 16, 0, 20, 40, 2018 }, // Z
    { 8, 25, 9, 1, 20, 25, 2058 }, // [
    { 12, 21, 11, 0, 20, 32, 2083 }, // <backslash>
    { 8, 25, 9, 0, 20, 25, 2115 }, // ]
    { 15, 14, 15, 0, 20, 27, 2140 }, // ^
    { 13, 3, 11, -1, -2, 5, 2167 }, // _
    { 8, 5, 10, 1, 21, 5, 2172 }, // `
    { 14, 17, 16, 1, 16, 30, 2177 }, // a
    { 15, 22, 17, 1, 21, 42, 2207 }, // b
    { 13, 17, 14, 1, 16, 28, 2249 }, // c
    { 15, 22, 17, 1, 21, 42, 2277 }, // d
    { 14, 17, 16, 1, 16, 30, 2319 }, // e
    { 12, 21, 10, 0, 21, 32, 2349 }, // f
    { 15, 23, 17, 1, 16, 44, 2381 }, // g
    { 15, 21, 18, 1, 21, 40, 2425 }, // h
    { 6, 21, 8, 1, 21, 16, 2465 }, // i
    { 9, 28, 8, -2, 21, 32, 2481 }, // j
    { 15, 21, 17, 2, 21, 40, 2513 }, // k
    { 6, 21, 8, 1, 21, 16, 2553 }, // l
    { 24, 16, 26, 1, 16, 48, 2569 }, // m
    { 15, 16, 18, 1, 16, 30, 2617 }, // n
    { 15, 17, 17, 1, 16, 32, 2647 }, // o
    { 15, 23, 17, 1, 16, 44, 2679 }, // p
    { 15, 23, 17, 1, 16, 44, 2723 }, // q
    { 11, 16, 12, 1, 16, 22, 2767 }, // r
    { 12, 17, 14, 1, 16, 26, 2789 }, // s
    { 11, 19, 12, 0, 18, 27, 2815 }, // t
    { 15, 16, 18, 1, 15, 30, 2842 }, // u
    { 16, 15, 15, 0, 15, 30, 2872 }, // v
    { 23, 15, 23, 0, 15, 44, 2902 }, // w
    { 16, 15, 16, 0, 15, 30, 2946 }, // x
    { 16, 22, 15, 0, 15, 44, 2976 }, // y
    { 13, 15, 13, 0, 15, 25, 3020 }, // z
    { 10, 25, 11, 0, 20, 32, 3045 }, // {
    { 3, 28, 15, 6, 21, 11, 3077 }, // |
    { 10, 25, 11, 1, 20, 32, 3088 }, // }
    { 14, 5, 15, 1, 12, 9, 3120 }, // ~
    { 15, 13, 17, 1, 14, 25, 3129 }, // «
    { 0, 0, 0, 0, 0, 0, 3154 }, // ¬
    { 0, 0, 0, 0, 0, 0, 3154 }, // ­
    { 0, 0, 0, 0, 0, 0, 3154 }, // ®
    { 0, 0, 0, 0, 0, 0, 3154 }, // ¯
    { 10, 10, 11, 1, 20, 13, 3154 }, // °
    { 14, 17, 15, 1, 17, 30, 3167 }, // ±
    { 0, 0, 0, 0, 0, 0, 3197 }, // ²
    { 0, 0, 0, 0, 0, 0, 3197 }, // ³
    { 0, 0, 0, 0, 0, 0, 3197 }, // ´
    { 0, 0, 0, 0, 0, 0, 3197 }, // µ
    { 0, 0, 0, 0, 0, 0, 3197 }, // ¶
    { 6, 6, 8, 1, 13, 5, 3197 }, // ·
    { 0, 0, 0, 0, 0, 0, 3202 }, // ¸
    { 0, 0, 0, 0, 0, 0, 3202 }, // ¹
    { 0, 0, 0, 0, 0, 0, 3202 }, // º
    { 15, 13, 17, 1, 14, 25, 3202 }, // »
    { 21, 6, 23, 1, 5, 16, 3227 }, // …
    { 0, 0, 0, 0, 0, 0, 3243 }, // ‧
    { 0, 0, 0, 0, 0, 0, 3243 }, //  
    { 0, 0, 0, 0, 0, 0, 3243 }, //  
    { 0, 0, 0, 0, 0, 0, 3243 }, //  
    { 0, 0, 0, 0, 0, 0, 3243 }, // ‰
    { 0, 0, 0, 0, 0, 0, 3243 }, // ‱
    { 0, 0, 0, 0, 0, 0, 3243 }, // ′
    { 0, 0, 0, 0, 0, 0, 3243 }, // ″
    { 0, 0, 0, 0, 0, 0, 3243 }, // ‴
    { 0, 0, 0, 0, 0, 0, 3243 }, // ‵
    { 0, 0, 0, 0, 0, 0, 3243 }, // ‶
    { 0, 0, 0, 0, 0, 0, 3243 }, // ‷
    { 0, 0, 0, 0, 0, 0, 3243 }, // ‸
    { 8, 13, 10, 1, 14, 13, 3243 }, // ‹
    { 8, 13, 10, 1, 14, 13, 3256 }, // ›
    { 26, 14, 27, 0, 17, 46, 3269 }, // ←
    { 13, 26, 27, 7, 24, 43, 3315 }, // ↑
    { 26, 14, 27, 1, 17, 46, 3358 }, // →
    { 13, 26, 27, 7, 23, 43, 3404 }, // ↓
    { 9, 8, 27, 1, 6, 9, 3447 }, // 、
    { 9, 9, 27, 1, 7, 11, 3456 }, // 。
    { 25, 3, 27, 1, 12, 10, 3467 }, // 一
    { 0, 0, 0, 0, 0, 0, 3477 }, // 丁
    { 0, 0, 0, 0, 0, 0, 3477 }, // 丂
    { 0, 0, 0, 0, 0, 0, 3477 }, // 七
    { 0, 0, 0, 0, 0, 0, 3477 }, // 丄
    { 0, 0, 0, 0, 0, 0, 3477 }, // 丅
    { 0, 0, 0, 0, 0, 0, 3477 }, // 丆
    { 26, 24, 27, 0, 21, 78, 3477 }, // 万
    { 0, 0, 0, 0, 0, 0, 3555 }, // 丈
    { 25, 22, 27, 1, 21, 69, 3555 }, // 三
    { 25, 24, 27, 1, 23, 75, 3624 }, // 上
    { 25, 25, 27, 1, 22, 79, 3699 }, // 下
    { 0, 0, 0, 0, 0, 0, 3778 }, // 丌
    { 25, 25, 27, 1, 22, 79, 3778 }, // 不
    { 24, 25, 27, 1, 23, 75, 3857 }, // 与
    { 0, 0, 0, 0, 0, 0, 3932 }, // 丏
    { 0, 0, 0, 0, 0, 0, 3932 }, // 丐
    { 0, 0, 0, 0, 0, 0, 3932 }, // 丑
    { 0, 0, 0, 0, 0, 0, 3932 }, // 丒
    { 0, 0, 0, 0, 0, 0, 3932 }, // 专
    { 0, 0, 0, 0, 0, 0, 3932 }, // 且
    { 0, 0, 0, 0, 0, 0, 3932 }, // 丕
    { 25, 25, 27, 1, 24, 79, 3932 }, // 世
    { 0, 0, 0, 0, 0, 0, 4011 }, // 丗
    { 0, 0, 0, 0, 0, 0, 4011 }, // 丘
    { 0, 0, 0, 0, 0, 0, 4011 }, // 丙
    { 0, 0, 0, 0, 0, 0, 4011 }, // 业
    { 0, 0, 0, 0, 0, 0, 4011 }, // 丛
    { 0, 0, 0, 0, 0, 0, 4011 }, // 东
    { 0, 0, 0, 0, 0, 0, 4011 }, // 丝
    { 0, 0, 0, 0, 0, 0, 4011 }, // 丞
    { 25, 25, 27, 1, 22, 79, 4011 }, // 丟
    { 0, 0, 0, 0, 0, 0, 4090 }, // 丠
    { 0, 0, 0, 0, 0, 0, 4090 }, // 両
    { 25, 27, 27, 1, 24, 85, 4090 }, // 丢
    { 0, 0, 0, 0, 0, 0, 4175 }, // 丣
    { 25, 24, 27, 1, 21, 75, 4175 }, // 两
    { 0, 0, 0, 0, 0, 0, 4250 }, // 严
    { 0, 0, 0, 0, 0, 0, 4250 }, // 並
    { 0, 0, 0, 0, 0, 0, 4250 }, // 丧
    { 0, 0, 0, 0, 0, 0, 4250 }, // 丨
    { 0, 0, 0, 0, 0, 0, 4250 }, // 丩
    { 27, 25, 27, 0, 23, 85, 4250 }, // 个
    { 0, 0, 0, 0, 0, 0, 4335 }, // 丫
    { 0, 0, 0, 0, 0, 0, 4335 }, // 丬
    { 23, 27, 27, 2, 24, 78, 4335 }, // 中
    { 0, 0, 0, 0, 0, 0, 4413 }, // 丮
    { 0, 0, 0, 0, 0, 0, 4413 }, // 丯
    { 0, 0, 0, 0, 0, 0, 4413 }, // 丰
    { 0, 0, 0, 0, 0, 0, 4413 }, // 丱
    { 23, 26, 27, 2, 23, 75, 4413 }, // 串
    { 0, 0, 0, 0, 0, 0, 4488 }, // 丳
    { 24, 27, 27, 2, 24, 81, 4488 }, // 临
    { 0, 0, 0, 0, 0, 0, 4569 }, // 丵
    { 0, 0, 0, 0, 0, 0, 4569 }, // 丶
    { 0, 0, 0, 0, 0, 0, 4569 }, // 丷
    { 0, 0, 0, 0, 0, 0, 4569 }, // 丸
    { 0, 0, 0, 0, 0, 0, 4569 }, // 丹
    { 24, 27, 27, 1, 24, 81, 4569 }, // 为
    { 25, 25, 27, 1, 24, 79, 4650 }, // 主
    { 0, 0, 0, 0, 0, 0, 4729 }, // 丼
    { 0, 0, 0, 0, 0, 0, 4729 }, // 丽
    { 0, 0, 0, 0, 0, 0, 4729 }, // 举
    { 0, 0, 0, 0, 0, 0, 4729 }, // 丿
    { 0, 0, 0, 0, 0, 0, 4729 }, // 乀
    { 0, 0, 0, 0, 0, 0, 4729 }, // 乁
    { 0, 0, 0, 0, 0, 0, 4729 }, // 乂
    { 25, 24, 27, 0, 21, 75, 4729 }, // 乃
    { 0, 0, 0, 0, 0, 0, 4804 }, // 乄
    { 0, 0, 0, 0, 0, 0, 4804 }, // 久
    { 0, 0, 0, 0, 0, 0, 4804 }, // 乆
    { 0, 0, 0, 0, 0, 0, 4804 }, // 乇
    { 0, 0, 0, 0, 0, 0, 4804 }, // 么
    { 27, 25, 27, 0, 23, 85, 4804 }, // 义
    { 23, 24, 27, 2, 21, 69, 4889 }, // 习
    { 0, 0, 0, 0, 0, 0, 4958 }, // 乡
    { 0, 0, 0, 0, 0, 0, 4958 }, // 乢
    { 0, 0, 0, 0, 0, 0, 4958 }, // 乣
    { 0, 0, 0, 0, 0, 0, 4958 }, // 乤
    { 0, 0, 0, 0, 0, 0, 4958 }, // 乥
    { 25, 27, 27, 1, 24, 85, 4958 }, // 书
    { 23, 25, 27, 2, 22, 72, 5043 }, // 了
    { 0, 0, 0, 0, 0, 0, 5115 }, // 亇
    { 0, 0, 0, 0, 0, 0, 5115 }, // 予
    { 0, 0, 0, 0, 0, 0, 5115 }, // 争
    { 0, 0, 0, 0, 0, 0, 5115 }, // 亊
    { 25, 27, 27, 1, 24, 85, 5115 }, // 事
    { 25, 20, 27, 1, 20, 63, 5200 }, // 二
    { 0, 0, 0, 0, 0, 0, 5263 }, // 亍
    { 25, 25, 27, 1, 22, 79, 5263 }, // 于
    { 0, 0, 0, 0, 0, 0, 5342 }, // 亏
    { 0, 0, 0, 0, 0, 0, 5342 }, // 亐
    { 25, 25, 27, 1, 22, 79, 5342 }, // 云
    { 25, 27, 27, 1, 24, 85, 5421 }, // 亮
    { 0, 0, 0, 0, 0, 0, 5506 }, // 亯
    { 0, 0, 0, 0, 0, 0, 5506 }, // 亰
    { 0, 0, 0, 0, 0, 0, 5506 }, // 亱
    { 0, 0, 0, 0, 0, 0, 5506 }, // 亲
    { 0, 0, 0, 0, 0, 0, 5506 }, // 亳
    { 0, 0, 0, 0, 0, 0, 5506 }, // 亴
    { 0, 0, 0, 0, 0, 0, 5506 }, // 亵
    { 0, 0, 0, 0, 0, 0, 5506 }, // 亶
    { 0, 0, 0, 0, 0, 0, 5506 }, // 亷
    { 0, 0, 0, 0, 0, 0, 5506 }, // 亸
    { 0, 0, 0, 0, 0, 0, 5506 }, // 亹
    { 26, 25, 27, 1, 23, 82, 5506 }, // 人
    { 0, 0, 0, 0, 0, 0, 5588 }, // 亻
    { 0, 0, 0, 0, 0, 0, 5588 }, // 亼
    { 0, 0, 0, 0, 0, 0, 5588 }, // 亽
    { 0, 0, 0, 0, 0, 0, 5588 }, // 亾
    { 0, 0, 0, 0, 0, 0, 5588 }, // 亿
    { 0, 0, 0, 0, 0, 0, 5588 }, // 什
    { 0, 0, 0, 0, 0, 0, 5588 }, // 仁
    { 0, 0, 0, 0, 0, 0, 5588 }, // 仂
    { 0, 0, 0, 0, 0, 0, 5588 }, // 仃
    { 0, 0, 0, 0, 0, 0, 5588 }, // 仄
    { 27, 27, 27, 0, 24, 92, 5588 }, // 仅
    { 0, 0, 0, 0, 0, 0, 5680 }, // 仆
    { 0, 0, 0, 0, 0, 0, 5680 }, // 仇
    { 0, 0, 0, 0, 0, 0, 5680 }, // 仈
    { 0, 0, 0, 0, 0, 0, 5680 }, // 仉
    { 0, 0, 0, 0, 0, 0, 5680 }, // 今
    { 0, 0, 0, 0, 0, 0, 5680 }, // 介
    { 0, 0, 0, 0, 0, 0, 5680 }, // 仌
    { 0, 0, 0, 0, 0, 0, 5680 }, // 仍
    { 25, 25, 27, 1, 23, 79, 5680 }, // 从
    { 0, 0, 0, 0, 0, 0, 5759 }, // 仏
    { 0, 0, 0, 0, 0, 0, 5759 }, // 仐
    { 0, 0, 0, 0, 0, 0, 5759 }, // 仑
    { 0, 0, 0, 0, 0, 0, 5759 }, // 仒
    { 0, 0, 0, 0, 0, 0, 5759 }, // 仓
    { 0, 0, 0, 0, 0, 0, 5759 }, // 仔
    { 0, 0, 0, 0, 0, 0, 5759 }, // 仕
    { 27, 27, 27, 0, 24, 92, 5759 }, // 他
    { 0, 0, 0, 0, 0, 0, 5851 }, // 仗
    { 0, 0, 0, 0, 0, 0, 5851 }, // 付
    { 0, 0, 0, 0, 0, 0, 5851 }, // 仙
    { 0, 0, 0, 0, 0, 0, 5851 }, // 仚
    { 0, 0, 0, 0, 0, 0, 5851 }, // 仛
    { 0, 0, 0, 0, 0, 0, 5851 }, // 仜
    { 0, 0, 0, 0, 0, 0, 5851 }, // 仝
    { 0, 0, 0, 0, 0, 0, 5851 }, // 仞
    { 0, 0, 0, 0, 0, 0, 5851 }, // 仟
    { 0, 0, 0, 0, 0, 0, 5851 }, // 仠
    { 0, 0, 0, 0, 0, 0, 5851 }, // 仡
    { 0, 0, 0, 0, 0, 0, 5851 }, // 仢
    { 0, 0, 0, 0, 0, 0, 5851 }, // 代
    { 0, 0, 0, 0, 0, 0, 5851 }, // 令
    { 25, 25, 27, 2, 22, 79, 5851 }, // 以
    { 0, 0, 0, 0, 0, 0, 5930 }, // 仦
    { 0, 0, 0, 0, 0, 0, 5930 }, // 仧
    { 0, 0, 0, 0, 0, 0, 5930 }, // 仨
    { 0, 0, 0, 0, 0, 0, 5930 }, // 仩
    { 0, 0, 0, 0, 0, 0, 5930 }, // 仪
    { 0, 0, 0, 0, 0, 0, 5930 }, // 仫
    { 0, 0, 0, 0, 0, 0, 5930 }, // 们
    { 0, 0, 0, 0, 0, 0, 5930 }, // 仭
    { 0, 0, 0, 0, 0, 0, 5930 }, // 仮
    { 0, 0, 0, 0, 0, 0, 5930 }, // 仯
    { 0, 0, 0, 0, 0, 0, 5930 }, // 仰
    { 0, 0, 0, 0, 0, 0, 5930 }, // 仱
    { 0, 0, 0, 0, 0, 0, 5930 }, // 仲
    { 0, 0, 0, 0, 0, 0, 5930 }, // 仳
    { 0, 0, 0, 0, 0, 0, 5930 }, // 仴
    { 0, 0, 0, 0, 0, 0, 5930 }, // 仵
    { 26, 27, 27, 0, 24, 88, 5930 }, // 件
    { 0, 0, 0, 0, 0, 0, 6018 }, // 价
    { 0, 0, 0, 0, 0, 0, 6018 }, // 仸
    { 0, 0, 0, 0, 0, 0, 6018 }, // 仹
    { 0, 0, 0, 0, 0, 0, 6018 }, // 仺
    { 26, 27, 27, 0, 24, 88, 6018 }, // 任
    { 27, 27, 27, 0, 24, 92, 6106 }, // 休
    { 0, 0, 0, 0, 0, 0, 6198 }, // 伒
    { 0, 0, 0, 0, 0, 0, 6198 }, // 伓
    { 0, 0, 0, 0, 0, 0, 6198 }, // 伔
    { 0, 0, 0, 0, 0, 0, 6198 }, // 伕
    { 0, 0, 0, 0, 0, 0, 6198 }, // 伖
    { 25, 26, 27, 1, 24, 82, 6198 }, // 众
    { 0, 0, 0, 0, 0, 0, 6280 }, // 优
    { 0, 0, 0, 0, 0, 0, 6280 }, // 伙
    { 26, 27, 27, 1, 24, 88, 6280 }, // 会
    { 0, 0, 0, 0, 0, 0, 6368 }, // 伛
    { 0, 0, 0, 0, 0, 0, 6368 }, // 伜
    { 0, 0, 0, 0, 0, 0, 6368 }, // 伝
    { 0, 0, 0, 0, 0, 0, 6368 }, // 伞
    { 0, 0, 0, 0, 0, 0, 6368 }, // 伟
    { 26, 27, 27, 0, 24, 88, 6368 }, // 传
    { 0, 0, 0, 0, 0, 0, 6456 }, // 伡
    { 0, 0, 0, 0, 0, 0, 6456 }, // 伢
    { 0, 0, 0, 0, 0, 0, 6456 }, // 伣
    { 26, 27, 27, 0, 24, 88, 6456 }, // 伤
    { 27, 27, 27, 0, 24, 92, 6544 }, // 佈
    { 0, 0, 0, 0, 0, 0, 6636 }, // 佉
    { 0, 0, 0, 0, 0, 0, 6636 }, // 佊
    { 0, 0, 0, 0, 0, 0, 6636 }, // 佋
    { 0, 0, 0, 0, 0, 0, 6636 }, // 佌
    { 0, 0, 0, 0, 0, 0, 6636 }, // 位
    { 27, 27, 27, 0, 24, 92, 6636 }, // 低
    { 0, 0, 0, 0, 0, 0, 6728 }, // 住
    { 0, 0, 0, 0, 0, 0, 6728 }, // 佐
    { 0, 0, 0, 0, 0, 0, 6728 }, // 佑
    { 0, 0, 0, 0, 0, 0, 6728 }, // 佒
    { 27, 27, 27, 0, 24, 92, 6728 }, // 体
    { 0, 0, 0, 0, 0, 0, 6820 }, // 佔
    { 26, 27, 27, 1, 24, 88, 6820 }, // 何
    { 0, 0, 0, 0, 0, 0, 6908 }, // 佖
    { 0, 0, 0, 0, 0, 0, 6908 }, // 佗
    { 0, 0, 0, 0, 0, 0, 6908 }, // 佘
    { 0, 0, 0, 0, 0, 0, 6908 }, // 余
    { 0, 0, 0, 0, 0, 0, 6908 }, // 佚
    { 0, 0, 0, 0, 0, 0, 6908 }, // 佛
    { 27, 27, 27, 0, 24, 92, 6908 }, // 作
    { 0, 0, 0, 0, 0, 0, 7000 }, // 佝
    { 0, 0, 0, 0, 0, 0, 7000 }, // 佞
    { 0, 0, 0, 0, 0, 0, 7000 }, // 佟
    { 26, 27, 27, 0, 24, 88, 7000 }, // 你
    { 27, 27, 27, 0, 24, 92, 7088 }, // 使
    { 26, 27, 27, 0, 24, 88, 7180 }, // 供
    { 0, 0, 0, 0, 0, 0, 7268 }, // 侜
    { 0, 0, 0, 0, 0, 0, 7268 }, // 依
    { 0, 0, 0, 0, 0, 0, 7268 }, // 侞
    { 0, 0, 0, 0, 0, 0, 7268 }, // 侟
    { 0, 0, 0, 0, 0, 0, 7268 }, // 侠
    { 0, 0, 0, 0, 0, 0, 7268 }, // 価
    { 0, 0, 0, 0, 0, 0, 7268 }, // 侢
    { 0, 0, 0, 0, 0, 0, 7268 }, // 侣
    { 0, 0, 0, 0, 0, 0, 7268 }, // 侤
    { 0, 0, 0, 0, 0, 0, 7268 }, // 侥
    { 0, 0, 0, 0, 0, 0, 7268 }, // 侦
    { 25, 27, 27, 0, 24, 85, 7268 }, // 侧
    { 27, 27, 27, 0, 24, 92, 7353 }, // 保
    { 0, 0, 0, 0, 0, 0, 7445 }, // 俞
    { 0, 0, 0, 0, 0, 0, 7445 }, // 俟
    { 0, 0, 0, 0, 0, 0, 7445 }, // 俠
    { 26, 27, 27, 0, 24, 88, 7445 }, // 信
    { 0, 0, 0, 0, 0, 0, 7533 }, // 俢
    { 0, 0, 0, 0, 0, 0, 7533 }, // 俣
    { 0, 0, 0, 0, 0, 0, 7533 }, // 俤
    { 0, 0, 0, 0, 0, 0, 7533 }, // 俥
    { 0, 0, 0, 0, 0, 0, 7533 }, // 俦
    { 0, 0, 0, 0, 0, 0, 7533 }, // 俧
    { 0, 0, 0, 0, 0, 0, 7533 }, // 俨
    { 0, 0, 0, 0, 0, 0, 7533 }, // 俩
    { 0, 0, 0, 0, 0, 0, 7533 }, // 俪
    { 0, 0, 0, 0, 0, 0, 7533 }, // 俫
    { 0, 0, 0, 0, 0, 0, 7533 }, // 俬
    { 0, 0, 0, 0, 0, 0, 7533 }, // 俭
    { 27, 27, 27, 0, 24, 92, 7533 }, // 修
    { 26, 27, 27, 0, 24, 88, 7625 }, // 個
    { 0, 0, 0, 0, 0, 0, 7713 }, // 倌
    { 26, 27, 27, 0, 24, 88, 7713 }, // 倍
    { 0, 0, 0, 0, 0, 0, 7801 }, // 倎
    { 0, 0, 0, 0, 0, 0, 7801 }, // 倏
    { 0, 0, 0, 0, 0, 0, 7801 }, // 倐
    { 0, 0, 0, 0, 0, 0, 7801 }, // 們
    { 0, 0, 0, 0, 0, 0, 7801 }, // 倒
    { 0, 0, 0, 0, 0, 0, 7801 }, // 倓
    { 0, 0, 0, 0, 0, 0, 7801 }, // 倔
    { 0, 0, 0, 0, 0, 0, 7801 }, // 倕
    { 0, 0, 0, 0, 0, 0, 7801 }, // 倖
    { 0, 0, 0, 0, 0, 0, 7801 }, // 倗
    { 0, 0, 0, 0, 0, 0, 7801 }, // 倘
    { 27, 27, 27, 0, 24, 92, 7801 }, // 候
    { 0, 0, 0, 0, 0, 0, 7893 }, // 倚
    { 0, 0, 0, 0, 0, 0, 7893 }, // 倛
    { 0, 0, 0, 0, 0, 0, 7893 }, // 倜
    { 0, 0, 0, 0, 0, 0, 7893 }, // 倝
    { 0, 0, 0, 0, 0, 0, 7893 }, // 倞
    { 0, 0, 0, 0, 0, 0, 7893 }, // 借
    { 0, 0, 0, 0, 0, 0, 7893 }, // 倠
    { 0, 0, 0, 0, 0, 0, 7893 }, // 倡
    { 0, 0, 0, 0, 0, 0, 7893 }, // 倢
    { 0, 0, 0, 0, 0, 0, 7893 }, // 倣
    { 0, 0, 0, 0, 0, 0, 7893 }, // 値
    { 0, 0, 0, 0, 0, 0, 7893 }, // 倥
    { 26, 27, 27, 0, 24, 88, 7893 }, // 倦
    { 26, 27, 27, 0, 24, 88, 7981 }, // 值
    { 0, 0, 0, 0, 0, 0, 8069 }, // 倽
    { 26, 27, 27, 0, 24, 88, 8069 }, // 倾
    { 0, 0, 0, 0, 0, 0, 8157 }, // 倿
    { 0, 0, 0, 0, 0, 0, 8157 }, // 偀
    { 0, 0, 0, 0, 0, 0, 8157 }, // 偁
    { 0, 0, 0, 0, 0, 0, 8157 }, // 偂
    { 0, 0, 0, 0, 0, 0, 8157 }, // 偃
    { 0, 0, 0, 0, 0, 0, 8157 }, // 偄
    { 0, 0, 0, 0, 0, 0, 8157 }, // 偅
    { 0, 0, 0, 0, 0, 0, 8157 }, // 偆
    { 0, 0, 0, 0, 0, 0, 8157 }, // 假
    { 0, 0, 0, 0, 0, 0, 8157 }, // 偈
    { 0, 0, 0, 0, 0, 0, 8157 }, // 偉
    { 0, 0, 0, 0, 0, 0, 8157 }, // 偊
    { 0, 0, 0, 0, 0, 0, 8157 }, // 偋
    { 0, 0, 0, 0, 0, 0, 8157 }, // 偌
    { 0, 0, 0, 0, 0, 0, 8157 }, // 偍
    { 0, 0, 0, 0, 0, 0, 8157 }, // 偎
    { 26, 27, 27, 0, 24, 88, 8157 }, // 偏
    { 26, 26, 27, 0, 24, 85, 8245 }, // 側
    { 26, 27, 27, 0, 24, 88, 8330 }, // 備
    { 27, 27, 27, 0, 24, 92, 8418 }, // 傳
    { 0, 0, 0, 0, 0, 0, 8510 }, // 傴
    { 0, 0, 0, 0, 0, 0, 8510 }, // 債
    { 0, 0, 0, 0, 0, 0, 8510 }, // 傶
    { 27, 27, 27, 0, 24, 92, 8510 }, // 傷
    { 0, 0, 0, 0, 0, 0, 8602 }, // 傸
    { 0, 0, 0, 0, 0, 0, 8602 }, // 傹
    { 0, 0, 0, 0, 0, 0, 8602 }, // 傺
    { 0, 0, 0, 0, 0, 0, 8602 }, // 傻
    { 0, 0, 0, 0, 0, 0, 8602 }, // 傼
    { 0, 0, 0, 0, 0, 0, 8602 }, // 傽
    { 0, 0, 0, 0, 0, 0, 8602 }, // 傾
    { 0, 0, 0, 0, 0, 0, 8602 }, // 傿
    { 0, 0, 0, 0, 0, 0, 8602 }, // 僀
    { 0, 0, 0, 0, 0, 0, 8602 }, // 僁
    { 0, 0, 0, 0, 0, 0, 8602 }, // 僂
    { 0, 0, 0, 0, 0, 0, 8602 }, // 僃
    { 0, 0, 0, 0, 0, 0, 8602 }, // 僄
    { 27, 27, 27, 0, 24, 92, 8602 }, // 僅
    { 27, 27, 27, 0, 24, 92, 8694 }, // 允
    { 0, 0, 0, 0, 0, 0, 8786 }, // 兂
    { 0, 0, 0, 0, 0, 0, 8786 }, // 元
    { 0, 0, 0, 0, 0, 0, 8786 }, // 兄
    { 0, 0, 0, 0, 0, 0, 8786 }, // 充
    { 0, 0, 0, 0, 0, 0, 8786 }, // 兆
    { 0, 0, 0, 0, 0, 0, 8786 }, // 兇
    { 25, 27, 27, 1, 24, 85, 8786 }, // 先
    { 26, 27, 27, 0, 24, 88, 8871 }, // 光
    { 26, 25, 27, 1, 23, 82, 8959 }, // 入
    { 0, 0, 0, 0, 0, 0, 9041 }, // 兦
    { 23, 26, 27, 2, 23, 75, 9041 }, // 內
    { 27, 26, 27, 0, 24, 88, 9116 }, // 全
    { 25, 25, 27, 1, 22, 79, 9204 }, // 兩
    { 0, 0, 0, 0, 0, 0, 9283 }, // 兪
    { 0, 0, 0, 0, 0, 0, 9283 }, // 八
    { 0, 0, 0, 0, 0, 0, 9283 }, // 公
    { 0, 0, 0, 0, 0, 0, 9283 }, // 六
    { 0, 0, 0, 0, 0, 0, 9283 }, // 兮
    { 0, 0, 0, 0, 0, 0, 9283 }, // 兯
    { 0, 0, 0, 0, 0, 0, 9283 }, // 兰
    { 25, 27, 27, 1, 24, 85, 9283 }, // 共
    { 0, 0, 0, 0, 0, 0, 9368 }, // 兲
    { 25, 27, 27, 1, 24, 85, 9368 }, // 关
    { 0, 0, 0, 0, 0, 0, 9453 }, // 兴
    { 0, 0, 0, 0, 0, 0, 9453 }, // 兵
    { 25, 27, 27, 1, 24, 85, 9453 }, // 其
    { 0, 0, 0, 0, 0, 0, 9538 }, // 具
    { 25, 27, 27, 1, 24, 85, 9538 }, // 典
    { 0, 0, 0, 0, 0, 0, 9623 }, // 兹
    { 0, 0, 0, 0, 0, 0, 9623 }, // 兺
    { 0, 0, 0, 0, 0, 0, 9623 }, // 养
    { 0, 0, 0, 0, 0, 0, 9623 }, // 兼
    { 0, 0, 0, 0, 0, 0, 9623 }, // 兽
    { 0, 0, 0, 0, 0, 0, 9623 }, // 兾
    { 0, 0, 0, 0, 0, 0, 9623 }, // 兿
    { 0, 0, 0, 0, 0, 0, 9623 }, // 冀
    { 0, 0, 0, 0, 0, 0, 9623 }, // 冁
    { 0, 0, 0, 0, 0, 0, 9623 }, // 冂
    { 0, 0, 0, 0, 0, 0, 9623 }, // 冃
    { 0, 0, 0, 0, 0, 0, 9623 }, // 冄
    { 23, 27, 27, 2, 24, 78, 9623 }, // 内
    { 0, 0, 0, 0, 0, 0, 9701 }, // 円
    { 0, 0, 0, 0, 0, 0, 9701 }, // 冇
    { 0, 0, 0, 0, 0, 0, 9701 }, // 冈
    { 0, 0, 0, 0, 0, 0, 9701 }, // 冉
    { 0, 0, 0, 0, 0, 0, 9701 }, // 冊
    { 0, 0, 0, 0, 0, 0, 9701 }, // 冋
    { 25, 25, 27, 1, 22, 79, 9701 }, // 册
    { 26, 25, 27, 1, 22, 82, 9780 }, // 再
    { 0, 0, 0, 0, 0, 0, 9862 }, // 冎
    { 0, 0, 0, 0, 0, 0, 9862 }, // 冏
    { 0, 0, 0, 0, 0, 0, 9862 }, // 冐
    { 0, 0, 0, 0, 0, 0, 9862 }, // 冑
    { 0, 0, 0, 0, 0, 0, 9862 }, // 冒
    { 0, 0, 0, 0, 0, 0, 9862 }, // 冓
    { 0, 0, 0, 0, 0, 0, 9862 }, // 冔
    { 0, 0, 0, 0, 0, 0, 9862 }, // 冕
    { 0, 0, 0, 0, 0, 0, 9862 }, // 冖
    { 0, 0, 0, 0, 0, 0, 9862 }, // 冗
    { 0, 0, 0, 0, 0, 0, 9862 }, // 冘
    { 23, 25, 27, 2, 22, 72, 9862 }, // 写
    { 25, 27, 27, 1, 24, 85, 9934 }, // 冲
    { 0, 0, 0, 0, 0, 0, 10019 }, // 决
    { 0, 0, 0, 0, 0, 0, 10019 }, // 冴
    { 0, 0, 0, 0, 0, 0, 10019 }, // 况
    { 0, 0, 0, 0, 0, 0, 10019 }, // 冶
    { 25, 27, 27, 1, 24, 85, 10019 }, // 冷
    { 0, 0, 0, 0, 0, 0, 10104 }, // 冸
    { 0, 0, 0, 0, 0, 0, 10104 }, // 冹
    { 0, 0, 0, 0, 0, 0, 10104 }, // 冺
    { 0, 0, 0, 0, 0, 0, 10104 }, // 冻
    { 0, 0, 0, 0, 0, 0, 10104 }, // 冼
    { 0, 0, 0, 0, 0, 0, 10104 }, // 冽
    { 0, 0, 0, 0, 0, 0, 10104 }, // 冾
    { 0, 0, 0, 0, 0, 0, 10104 }, // 冿
    { 0, 0, 0, 0, 0, 0, 10104 }, // 净
    { 0, 0, 0, 0, 0, 0, 10104 }, // 凁
    { 0, 0, 0, 0, 0, 0, 10104 }, // 凂
    { 0, 0, 0, 0, 0, 0, 10104 }, // 凃
    { 0, 0, 0, 0, 0, 0, 10104 }, // 凄
    { 0, 0, 0, 0, 0, 0, 10104 }, // 凅
    { 25, 27, 27, 1, 24, 85, 10104 }, // 准
    { 0, 0, 0, 0, 0, 0, 10189 }, // 凇
    { 0, 0, 0, 0, 0, 0, 10189 }, // 凈
    { 0, 0, 0, 0, 0, 0, 10189 }, // 凉
    { 0, 0, 0, 0, 0, 0, 10189 }, // 凊
    { 0, 0, 0, 0, 0, 0, 10189 }, // 凋
    { 26, 27, 27, 1, 24, 88, 10189 }, // 凌
    { 0, 0, 0, 0, 0, 0, 10277 }, // 凍
    { 0, 0, 0, 0, 0, 0, 10277 }, // 凎
    { 0, 0, 0, 0, 0, 0, 10277 }, // 减
    { 0, 0, 0, 0, 0, 0, 10277 }, // 凐
    { 26, 27, 27, 1, 24, 88, 10277 }, // 凑
    { 27, 27, 27, 0, 24, 92, 10365 }, // 凭
    { 0, 0, 0, 0, 0, 0, 10457 }, // 凮
    { 0, 0, 0, 0, 0, 0, 10457 }, // 凯
    { 0, 0, 0, 0, 0, 0, 10457 }, // 凰
    { 0, 0, 0, 0, 0, 0, 10457 }, // 凱
    { 0, 0, 0, 0, 0, 0, 10457 }, // 凲
    { 0, 0, 0, 0, 0, 0, 10457 }, // 凳
    { 0, 0, 0, 0, 0, 0, 10457 }, // 凴
    { 0, 0, 0, 0, 0, 0, 10457 }, // 凵
    { 0, 0, 0, 0, 0, 0, 10457 }, // 凶
    { 0, 0, 0, 0, 0, 0, 10457 }, // 凷
    { 0, 0, 0, 0, 0, 0, 10457 }, // 凸
    { 0, 0, 0, 0, 0, 0, 10457 }, // 凹
    { 23, 27, 27, 2, 24, 78, 10457 }, // 出
    { 25, 27, 27, 1, 24, 85, 10535 }, // 击
    { 0, 0, 0, 0, 0, 0, 10620 }, // 凼
    { 0, 0, 0, 0, 0, 0, 10620 }, // 函
    { 0, 0, 0, 0, 0, 0, 10620 }, // 凾
    { 0, 0, 0, 0, 0, 0, 10620 }, // 凿
    { 0, 0, 0, 0, 0, 0, 10620 }, // 刀
    { 0, 0, 0, 0, 0, 0, 10620 }, // 刁
    { 0, 0, 0, 0, 0, 0, 10620 }, // 刂
    { 0, 0, 0, 0, 0, 0, 10620 }, // 刃
    { 0, 0, 0, 0, 0, 0, 10620 }, // 刄
    { 0, 0, 0, 0, 0, 0, 10620 }, // 刅
    { 26, 26, 27, 1, 23, 85, 10620 }, // 分
    { 26, 26, 27, 0, 23, 85, 10705 }, // 切
    { 0, 0, 0, 0, 0, 0, 10790 }, // 刈
    { 0, 0, 0, 0, 0, 0, 10790 }, // 刉
    { 0, 0, 0, 0, 0, 0, 10790 }, // 刊
    { 0, 0, 0, 0, 0, 0, 10790 }, // 刋
    { 0, 0, 0, 0, 0, 0, 10790 }, // 刌
    { 0, 0, 0, 0, 0, 0, 10790 }, // 刍
    { 0, 0, 0, 0, 0, 0, 10790 }, // 刎
    { 0, 0, 0, 0, 0, 0, 10790 }, // 刏
    { 0, 0, 0, 0, 0, 0, 10790 }, // 刐
    { 0, 0, 0, 0, 0, 0, 10790 }, // 刑
    { 25, 27, 27, 0, 24, 85, 10790 }, // 划
    { 0, 0, 0, 0, 0, 0, 10875 }, // 刓
    { 0, 0, 0, 0, 0, 0, 10875 }, // 刔
    { 0, 0, 0, 0, 0, 0, 10875 }, // 刕
    { 0, 0, 0, 0, 0, 0, 10875 }, // 刖
    { 0, 0, 0, 0, 0, 0, 10875 }, // 列
    { 0, 0, 0, 0, 0, 0, 10875 }, // 刘
    { 0, 0, 0, 0, 0, 0, 10875 }, // 则
    { 0, 0, 0, 0, 0, 0, 10875 }, // 刚
    { 25, 27, 27, 0, 24, 85, 10875 }, // 创
    { 0, 0, 0, 0, 0, 0, 10960 }, // 刜
    { 25, 27, 27, 0, 24, 85, 10960 }, // 初
    { 0, 0, 0, 0, 0, 0, 11045 }, // 刞
    { 0, 0, 0, 0, 0, 0, 11045 }, // 刟
    { 24, 27, 27, 1, 24, 81, 11045 }, // 删
    { 0, 0, 0, 0, 0, 0, 11126 }, // 刡
    { 0, 0, 0, 0, 0, 0, 11126 }, // 刢
    { 0, 0, 0, 0, 0, 0, 11126 }, // 刣
    { 0, 0, 0, 0, 0, 0, 11126 }, // 判
    { 0, 0, 0, 0, 0, 0, 11126 }, // 別
    { 0, 0, 0, 0, 0, 0, 11126 }, // 刦
    { 0, 0, 0, 0, 0, 0, 11126 }, // 刧
    { 0, 0, 0, 0, 0, 0, 11126 }, // 刨
    { 0, 0, 0, 0, 0, 0, 11126 }, // 利
    { 0, 0, 0, 0, 0, 0, 11126 }, // 刪
    { 0, 0, 0, 0, 0, 0, 11126 }, // 别
    { 0, 0, 0, 0, 0, 0, 11126 }, // 刬
    { 0, 0, 0, 0, 0, 0, 11126 }, // 刭
    { 0, 0, 0, 0, 0, 0, 11126 }, // 刮
    { 0, 0, 0, 0, 0, 0, 11126 }, // 刯
    { 24, 25, 27, 1, 23, 75, 11126 }, // 到
    { 0, 0, 0, 0, 0, 0, 11201 }, // 刱
    { 0, 0, 0, 0, 0, 0, 11201 }, // 刲
    { 0, 0, 0, 0, 0, 0, 11201 }, // 刳
    { 0, 0, 0, 0, 0, 0, 11201 }, // 刴
    { 0, 0, 0, 0, 0, 0, 11201 }, // 刵
    { 25, 27, 27, 1, 24, 85, 11201 }, // 制
    { 25, 26, 27, 0, 23, 82, 11286 }, // 刷
    { 0, 0, 0, 0, 0, 0, 11368 }, // 券
    { 0, 0, 0, 0, 0, 0, 11368 }, // 刹
    { 0, 0, 0, 0, 0, 0, 11368 }, // 刺
    { 25, 27, 27, 1, 24, 85, 11368 }, // 刻
    { 0, 0, 0, 0, 0, 0, 11453 }, // 刼
    { 0, 0, 0, 0, 0, 0, 11453 }, // 刽
    { 0, 0, 0, 0, 0, 0, 11453 }, // 刾
    { 0, 0, 0, 0, 0, 0, 11453 }, // 刿
    { 0, 0, 0, 0, 0, 0, 11453 }, // 剀
    { 0, 0, 0, 0, 0, 0, 11453 }, // 剁
    { 0, 0, 0, 0, 0, 0, 11453 }, // 剂
    { 0, 0, 0, 0, 0, 0, 11453 }, // 剃
    { 0, 0, 0, 0, 0, 0, 11453 }, // 剄
    { 0, 0, 0, 0, 0, 0, 11453 }, // 剅
    { 0, 0, 0, 0, 0, 0, 11453 }, // 剆
    { 0, 0, 0, 0, 0, 0, 11453 }, // 則
    { 0, 0, 0, 0, 0, 0, 11453 }, // 剈
    { 0, 0, 0, 0, 0, 0, 11453 }, // 剉
    { 0, 0, 0, 0, 0, 0, 11453 }, // 削
    { 0, 0, 0, 0, 0, 0, 11453 }, // 剋
    { 0, 0, 0, 0, 0, 0, 11453 }, // 剌
    { 25, 27, 27, 1, 24, 85, 11453 }, // 前
    { 25, 27, 27, 1, 24, 85, 11538 }, // 剪
    { 24, 26, 27, 1, 24, 78, 11623 }, // 劃
    { 24, 27, 27, 1, 24, 81, 11701 }, // 力
    { 0, 0, 0, 0, 0, 0, 11782 }, // 劜
    { 0, 0, 0, 0, 0, 0, 11782 }, // 劝
    { 0, 0, 0, 0, 0, 0, 11782 }, // 办
    { 25, 26, 27, 1, 23, 82, 11782 }, // 功
    { 25, 26, 27, 0, 23, 82, 11864 }, // 加
    { 26, 27, 27, 1, 24, 88, 11946 }, // 务
    { 0, 0, 0, 0, 0, 0, 12034 }, // 劢
    { 0, 0, 0, 0, 0, 0, 12034 }, // 劣
    { 0, 0, 0, 0, 0, 0, 12034 }, // 劤
    { 0, 0, 0, 0, 0, 0, 12034 }, // 劥
    { 0, 0, 0, 0, 0, 0, 12034 }, // 劦
    { 0, 0, 0, 0, 0, 0, 12034 }, // 劧
    { 25, 26, 27, 1, 23, 82, 12034 }, // 动
    { 0, 0, 0, 0, 0, 0, 12116 }, // 助
    { 26, 27, 27, 1, 24, 88, 12116 }, // 努
    { 25, 26, 27, 1, 23, 82, 12204 }, // 動
    { 0, 0, 0, 0, 0, 0, 12286 }, // 勖
    { 0, 0, 0, 0, 0, 0, 12286 }, // 勗
    { 0, 0, 0, 0, 0, 0, 12286 }, // 勘
    { 27, 27, 27, 0, 24, 92, 12286 }, // 務
    { 0, 0, 0, 0, 0, 0, 12378 }, // 勚
    { 0, 0, 0, 0, 0, 0, 12378 }, // 勛
    { 0, 0, 0, 0, 0, 0, 12378 }, // 勜
    { 0, 0, 0, 0, 0, 0, 12378 }, // 勝
    { 0, 0, 0, 0, 0, 0, 12378 }, // 勞
    { 0, 0, 0, 0, 0, 0, 12378 }, // 募
    { 0, 0, 0, 0, 0, 0, 12378 }, // 勠
    { 0, 0, 0, 0, 0, 0, 12378 }, // 勡
    { 0, 0, 0, 0, 0, 0, 12378 }, // 勢
    { 0, 0, 0, 0, 0, 0, 12378 }, // 勣
    { 25, 27, 27, 1, 24, 85, 12378 }, // 勤
    { 26, 27, 27, 0, 24, 88, 12463 }, // 勿
    { 0, 0, 0, 0, 0, 0, 12551 }, // 匀
    { 0, 0, 0, 0, 0, 0, 12551 }, // 匁
    { 0, 0, 0, 0, 0, 0, 12551 }, // 匂
    { 0, 0, 0, 0, 0, 0, 12551 }, // 匃
    { 0, 0, 0, 0, 0, 0, 12551 }, // 匄
    { 27, 26, 27, 0, 24, 88, 12551 }, // 包
    { 24, 24, 27, 2, 22, 72, 12639 }, // 区
    { 0, 0, 0, 0, 0, 0, 12711 }, // 医
    { 0, 0, 0, 0, 0, 0, 12711 }, // 匼
    { 0, 0, 0, 0, 0, 0, 12711 }, // 匽
    { 0, 0, 0, 0, 0, 0, 12711 }, // 匾
    { 0, 0, 0, 0, 0, 0, 12711 }, // 匿
    { 24, 23, 27, 2, 22, 69, 12711 }, // 區
    { 25, 27, 27, 1, 24, 85, 12780 }, // 十
    { 0, 0, 0, 0, 0, 0, 12865 }, // 卂
    { 25, 26, 27, 1, 23, 82, 12865 }, // 千
    { 0, 0, 0, 0, 0, 0, 12947 }, // 卄
    { 0, 0, 0, 0, 0, 0, 12947 }, // 卅
    { 0, 0, 0, 0, 0, 0, 12947 }, // 卆
    { 25, 26, 27, 1, 23, 82, 12947 }, // 升
    { 0, 0, 0, 0, 0, 0, 13029 }, // 午
    { 0, 0, 0, 0, 0, 0, 13029 }, // 卉
    { 25, 27, 27, 1, 24, 85, 13029 }, // 半
    { 0, 0, 0, 0, 0, 0, 13114 }, // 卋
    { 0, 0, 0, 0, 0, 0, 13114 }, // 卌
    { 0, 0, 0, 0, 0, 0, 13114 }, // 卍
    { 0, 0, 0, 0, 0, 0, 13114 }, // 华
    { 0, 0, 0, 0, 0, 0, 13114 }, // 协
    { 0, 0, 0, 0, 0, 0, 13114 }, // 卐
    { 0, 0, 0, 0, 0, 0, 13114 }, // 卑
    { 0, 0, 0, 0, 0, 0, 13114 }, // 卒
    { 0, 0, 0, 0, 0, 0, 13114 }, // 卓
    { 0, 0, 0, 0, 0, 0, 13114 }, // 協
    { 25, 27, 27, 1, 24, 85, 13114 }, // 单
    { 0, 0, 0, 0, 0, 0, 13199 }, // 卖
    { 0, 0, 0, 0, 0, 0, 13199 }, // 南
    { 0, 0, 0, 0, 0, 0, 13199 }, // 単
    { 0, 0, 0, 0, 0, 0, 13199 }, // 卙
    { 26, 27, 27, 1, 24, 88, 13199 }, // 博
    { 0, 0, 0, 0, 0, 0, 13287 }, // 卛
    { 0, 0, 0, 0, 0, 0, 13287 }, // 卜
    { 0, 0, 0, 0, 0, 0, 13287 }, // 卝
    { 0, 0, 0, 0, 0, 0, 13287 }, // 卞
    { 0, 0, 0, 0, 0, 0, 13287 }, // 卟
    { 0, 0, 0, 0, 0, 0, 13287 }, // 占
    { 25, 27, 27, 1, 24, 85, 13287 }, // 卡
    { 0, 0, 0, 0, 0, 0, 13372 }, // 卢
    { 0, 0, 0, 0, 0, 0, 13372 }, // 卣
    { 0, 0, 0, 0, 0, 0, 13372 }, // 卤
    { 0, 0, 0, 0, 0, 0, 13372 }, // 卥
    { 0, 0, 0, 0, 0, 0, 13372 }, // 卦
    { 0, 0, 0, 0, 0, 0, 13372 }, // 卧
    { 0, 0, 0, 0, 0, 0, 13372 }, // 卨
    { 0, 0, 0, 0, 0, 0, 13372 }, // 卩
    { 0, 0, 0, 0, 0, 0, 13372 }, // 卪
    { 0, 0, 0, 0, 0, 0, 13372 }, // 卫
    { 0, 0, 0, 0, 0, 0, 13372 }, // 卬
    { 0, 0, 0, 0, 0, 0, 13372 }, // 卭
    { 0, 0, 0, 0, 0, 0, 13372 }, // 卮
    { 0, 0, 0, 0, 0, 0, 13372 }, // 卯
    { 24, 26, 27, 1, 23, 78, 13372 }, // 印
    { 0, 0, 0, 0, 0, 0, 13450 }, // 危
    { 0, 0, 0, 0, 0, 0, 13450 }, // 卲
    { 24, 25, 27, 1, 22, 75, 13450 }, // 即
    { 24, 27, 27, 1, 24, 81, 13525 }, // 却
    { 0, 0, 0, 0, 0, 0, 13606 }, // 卵
    { 0, 0, 0, 0, 0, 0, 13606 }, // 卶
    { 27, 26, 27, 0, 24, 88, 13606 }, // 卷
    { 26, 27, 27, 0, 24, 88, 13694 }, // 卸
    { 0, 0, 0, 0, 0, 0, 13782 }, // 卹
    { 0, 0, 0, 0, 0, 0, 13782 }, // 卺
    { 25, 26, 27, 0, 23, 82, 13782 }, // 卻
    { 0, 0, 0, 0, 0, 0, 13864 }, // 卼
    { 0, 0, 0, 0, 0, 0, 13864 }, // 卽
    { 0, 0, 0, 0, 0, 0, 13864 }, // 卾
    { 0, 0, 0, 0, 0, 0, 13864 }, // 卿
    { 0, 0, 0, 0, 0, 0, 13864 }, // 厀
    { 0, 0, 0, 0, 0, 0, 13864 }, // 厁
    { 25, 25, 27, 1, 22, 79, 13864 }, // 厂
    { 0, 0, 0, 0, 0, 0, 13943 }, // 厃
    { 0, 0, 0, 0, 0, 0, 13943 }, // 厄
    { 0, 0, 0, 0, 0, 0, 13943 }, // 厅
    { 26, 25, 27, 0, 22, 82, 13943 }, // 历
    { 0, 0, 0, 0, 0, 0, 14025 }, // 厇
    { 0, 0, 0, 0, 0, 0, 14025 }, // 厈
    { 0, 0, 0, 0, 0, 0, 14025 }, // 厉
    { 0, 0, 0, 0, 0, 0, 14025 }, // 厊
    { 26, 25, 27, 0, 22, 82, 14025 }, // 压
    { 27, 25, 27, 0, 22, 85, 14107 }, // 厌
    { 0, 0, 0, 0, 0, 0, 14192 }, // 厍
    { 0, 0, 0, 0, 0, 0, 14192 }, // 厎
    { 0, 0, 0, 0, 0, 0, 14192 }, // 厏
    { 0, 0, 0, 0, 0, 0, 14192 }, // 厐
    { 0, 0, 0, 0, 0, 0, 14192 }, // 厑
    { 0, 0, 0, 0, 0, 0, 14192 }, // 厒
    { 0, 0, 0, 0, 0, 0, 14192 }, // 厓
    { 0, 0, 0, 0, 0, 0, 14192 }, // 厔
    { 0, 0, 0, 0, 0, 0, 14192 }, // 厕
    { 0, 0, 0, 0, 0, 0, 14192 }, // 厖
    { 0, 0, 0, 0, 0, 0, 14192 }, // 厗
    { 0, 0, 0, 0, 0, 0, 14192 }, // 厘
    { 0, 0, 0, 0, 0, 0, 14192 }, // 厙
    { 26, 25, 27, 0, 22, 82, 14192 }, // 厚
    { 0, 0, 0, 0, 0, 0, 14274 }, // 厛
    { 0, 0, 0, 0, 0, 0, 14274 }, // 厜
    { 0, 0, 0, 0, 0, 0, 14274 }, // 厝
    { 0, 0, 0, 0, 0, 0, 14274 }, // 厞
    { 26, 24, 27, 0, 22, 78, 14274 }, // 原
    { 0, 0, 0, 0, 0, 0, 14352 }, // 厠
    { 0, 0, 0, 0, 0, 0, 14352 }, // 厡
    { 0, 0, 0, 0, 0, 0, 14352 }, // 厢
    { 0, 0, 0, 0, 0, 0, 14352 }, // 厣
    { 0, 0, 0, 0, 0, 0, 14352 }, // 厤
    { 0, 0, 0, 0, 0, 0, 14352 }, // 厥
    { 0, 0, 0, 0, 0, 0, 14352 }, // 厦
    { 0, 0, 0, 0, 0, 0, 14352 }, // 厧
    { 0, 0, 0, 0, 0, 0, 14352 }, // 厨
    { 0, 0, 0, 0, 0, 0, 14352 }, // 厩
    { 0, 0, 0, 0, 0, 0, 14352 }, // 厪
    { 0, 0, 0, 0, 0, 0, 14352 }, // 厫
    { 0, 0, 0, 0, 0, 0, 14352 }, // 厬
    { 27, 25, 27, 0, 22, 85, 14352 }, // 厭
    { 27, 25, 27, 0, 22, 85, 14437 }, // 双
    { 25, 27, 27, 1, 24, 85, 14522 }, // 反
    { 0, 0, 0, 0, 0, 0, 14607 }, // 収
    { 0, 0, 0, 0, 0, 0, 14607 }, // 叏
    { 0, 0, 0, 0, 0, 0, 14607 }, // 叐
    { 27, 27, 27, 0, 24, 92, 14607 }, // 发
    { 0, 0, 0, 0, 0, 0, 14699 }, // 叒
    { 0, 0, 0, 0, 0, 0, 14699 }, // 叓
    { 0, 0, 0, 0, 0, 0, 14699 }, // 叔
    { 0, 0, 0, 0, 0, 0, 14699 }, // 叕
    { 26, 25, 27, 1, 22, 82, 14699 }, // 取
    { 25, 27, 27, 1, 24, 85, 14781 }, // 受
    { 0, 0, 0, 0, 0, 0, 14866 }, // 变
    { 0, 0, 0, 0, 0, 0, 14866 }, // 叙
    { 0, 0, 0, 0, 0, 0, 14866 }, // 叚
    { 0, 0, 0, 0, 0, 0, 14866 }, // 叛
    { 0, 0, 0, 0, 0, 0, 14866 }, // 叜
    { 0, 0, 0, 0, 0, 0, 14866 }, // 叝
    { 0, 0, 0, 0, 0, 0, 14866 }, // 叞
    { 0, 0, 0, 0, 0, 0, 14866 }, // 叟
    { 25, 25, 27, 1, 23, 79, 14866 }, // 叠
    { 0, 0, 0, 0, 0, 0, 14945 }, // 叡
    { 0, 0, 0, 0, 0, 0, 14945 }, // 叢
    { 21, 23, 27, 3, 21, 61, 14945 }, // 口
    { 0, 0, 0, 0, 0, 0, 15006 }, // 古
    { 0, 0, 0, 0, 0, 0, 15006 }, // 句
    { 0, 0, 0, 0, 0, 0, 15006 }, // 另
    { 0, 0, 0, 0, 0, 0, 15006 }, // 叧
    { 0, 0, 0, 0, 0, 0, 15006 }, // 叨
    { 0, 0, 0, 0, 0, 0, 15006 }, // 叩
    { 25, 24, 27, 1, 21, 75, 15006 }, // 只
    { 0, 0, 0, 0, 0, 0, 15081 }, // 叫
    { 0, 0, 0, 0, 0, 0, 15081 }, // 召
    { 0, 0, 0, 0, 0, 0, 15081 }, // 叭
    { 0, 0, 0, 0, 0, 0, 15081 }, // 叮
    { 25, 25, 27, 1, 22, 79, 15081 }, // 可
    { 0, 0, 0, 0, 0, 0, 15160 }, // 台
    { 0, 0, 0, 0, 0, 0, 15160 }, // 叱
    { 26, 27, 27, 1, 24, 88, 15160 }, // 史
    { 26, 27, 27, 0, 24, 88, 15248 }, // 右
    { 0, 0, 0, 0, 0, 0, 15336 }, // 叴
    { 0, 0, 0, 0, 0, 0, 15336 }, // 叵
    { 0, 0, 0, 0, 0, 0, 15336 }, // 叶
    { 25, 25, 27, 1, 22, 79, 15336 }, // 号
    { 0, 0, 0, 0, 0, 0, 15415 }, // 司
    { 0, 0, 0, 0, 0, 0, 15415 }, // 叹
    { 0, 0, 0, 0, 0, 0, 15415 }, // 叺
    { 0, 0, 0, 0, 0, 0, 15415 }, // 叻
    { 0, 0, 0, 0, 0, 0, 15415 }, // 叼
    { 0, 0, 0, 0, 0, 0, 15415 }, // 叽
    { 0, 0, 0, 0, 0, 0, 15415 }, // 叾
    { 0, 0, 0, 0, 0, 0, 15415 }, // 叿
    { 0, 0, 0, 0, 0, 0, 15415 }, // 吀
    { 0, 0, 0, 0, 0, 0, 15415 }, // 吁
    { 0, 0, 0, 0, 0, 0, 15415 }, // 吂
    { 0, 0, 0, 0, 0, 0, 15415 }, // 吃
    { 0, 0, 0, 0, 0, 0, 15415 }, // 各
    { 0, 0, 0, 0, 0, 0, 15415 }, // 吅
    { 0, 0, 0, 0, 0, 0, 15415 }, // 吆
    { 0, 0, 0, 0, 0, 0, 15415 }, // 吇
    { 26, 27, 27, 1, 24, 88, 15415 }, // 合
    { 0, 0, 0, 0, 0, 0, 15503 }, // 吉
    { 0, 0, 0, 0, 0, 0, 15503 }, // 吊
    { 0, 0, 0, 0, 0, 0, 15503 }, // 吋
    { 23, 25, 27, 2, 22, 72, 15503 }, // 同
    { 22, 27, 27, 1, 24, 75, 15575 }, // 名
    { 26, 27, 27, 0, 24, 88, 15650 }, // 后
    { 0, 0, 0, 0, 0, 0, 15738 }, // 吏
    { 0, 0, 0, 0, 0, 0, 15738 }, // 吐
    { 23, 27, 27, 2, 24, 78, 15738 }, // 向
    { 0, 0, 0, 0, 0, 0, 15816 }, // 吒
    { 0, 0, 0, 0, 0, 0, 15816 }, // 吓
    { 0, 0, 0, 0, 0, 0, 15816 }, // 吔
    { 0, 0, 0, 0, 0, 0, 15816 }, // 吕
    { 0, 0, 0, 0, 0, 0, 15816 }, // 吖
    { 0, 0, 0, 0, 0, 0, 15816 }, // 吗
    { 0, 0, 0, 0, 0, 0, 15816 }, // 吘
    { 0, 0, 0, 0, 0, 0, 15816 }, // 吙
    { 0, 0, 0, 0, 0, 0, 15816 }, // 吚
    { 0, 0, 0, 0, 0, 0, 15816 }, // 君
    { 0, 0, 0, 0, 0, 0, 15816 }, // 吜
    { 0, 0, 0, 0, 0, 0, 15816 }, // 吝
    { 0, 0, 0, 0, 0, 0, 15816 }, // 吞
    { 0, 0, 0, 0, 0, 0, 15816 }, // 吟
    { 0, 0, 0, 0, 0, 0, 15816 }, // 吠
    { 0, 0, 0, 0, 0, 0, 15816 }, // 吡
    { 0, 0, 0, 0, 0, 0, 15816 }, // 吢
    { 0, 0, 0, 0, 0, 0, 15816 }, // 吣
    { 0, 0, 0, 0, 0, 0, 15816 }, // 吤
    { 0, 0, 0, 0, 0, 0, 15816 }, // 吥
    { 26, 25, 27, 0, 22, 82, 15816 }, // 否
    { 0, 0, 0, 0, 0, 0, 15898 }, // 吧
    { 0, 0, 0, 0, 0, 0, 15898 }, // 吨
    { 0, 0, 0, 0, 0, 0, 15898 }, // 吩
    { 0, 0, 0, 0, 0, 0, 15898 }, // 吪
    { 27, 27, 27, 0, 24, 92, 15898 }, // 含
    { 0, 0, 0, 0, 0, 0, 15990 }, // 听
    { 0, 0, 0, 0, 0, 0, 15990 }, // 吭
    { 0, 0, 0, 0, 0, 0, 15990 }, // 吮
    { 25, 27, 27, 0, 24, 85, 15990 }, // 启
    { 27, 27, 27, 0, 24, 92, 16075 }, // 命
    { 0, 0, 0, 0, 0, 0, 16167 }, // 呾
    { 0, 0, 0, 0, 0, 0, 16167 }, // 呿
    { 0, 0, 0, 0, 0, 0, 16167 }, // 咀
    { 0, 0, 0, 0, 0, 0, 16167 }, // 咁
    { 0, 0, 0, 0, 0, 0, 16167 }, // 咂
    { 0, 0, 0, 0, 0, 0, 16167 }, // 咃
    { 0, 0, 0, 0, 0, 0, 16167 }, // 咄
    { 0, 0, 0, 0, 0, 0, 16167 }, // 咅
    { 0, 0, 0, 0, 0, 0, 16167 }, // 咆
    { 0, 0, 0, 0, 0, 0, 16167 }, // 咇
    { 0, 0, 0, 0, 0, 0, 16167 }, // 咈
    { 0, 0, 0, 0, 0, 0, 16167 }, // 咉
    { 0, 0, 0, 0, 0, 0, 16167 }, // 咊
    { 0, 0, 0, 0, 0, 0, 16167 }, // 咋
    { 25, 27, 27, 0, 24, 85, 16167 }, // 和
    { 24, 27, 27, 2, 24, 81, 16252 }, // 响
    { 23, 25, 27, 2, 22, 72, 16333 }, // 問
    { 0, 0, 0, 0, 0, 0, 16405 }, // 啐
    { 0, 0, 0, 0, 0, 0, 16405 }, // 啑
    { 0, 0, 0, 0, 0, 0, 16405 }, // 啒
    { 0, 0, 0, 0, 0, 0, 16405 }, // 啓
    { 0, 0, 0, 0, 0, 0, 16405 }, // 啔
    { 0, 0, 0, 0, 0, 0, 16405 }, // 啕
    { 0, 0, 0, 0, 0, 0, 16405 }, // 啖
    { 0, 0, 0, 0, 0, 0, 16405 }, // 啗
    { 0, 0, 0, 0, 0, 0, 16405 }, // 啘
    { 0, 0, 0, 0, 0, 0, 16405 }, // 啙
    { 0, 0, 0, 0, 0, 0, 16405 }, // 啚
    { 0, 0, 0, 0, 0, 0, 16405 }, // 啛
    { 0, 0, 0, 0, 0, 0, 16405 }, // 啜
    { 0, 0, 0, 0, 0, 0, 16405 }, // 啝
    { 0, 0, 0, 0, 0, 0, 16405 }, // 啞
    { 27, 27, 27, 0, 24, 92, 16405 }, // 啟
    { 25, 27, 27, 1, 24, 85, 16497 }, // 善
    { 25, 25, 27, 1, 23, 79, 16582 }, // 單
    { 27, 25, 27, 0, 22, 85, 16661 }, // 器
    { 25, 27, 27, 1, 24, 85, 16746 }, // 囊
    { 0, 0, 0, 0, 0, 0, 16831 }, // 囋
    { 0, 0, 0, 0, 0, 0, 16831 }, // 囌
    { 0, 0, 0, 0, 0, 0, 16831 }, // 囍
    { 0, 0, 0, 0, 0, 0, 16831 }, // 囎
    { 0, 0, 0, 0, 0, 0, 16831 }, // 囏
    { 0, 0, 0, 0, 0, 0, 16831 }, // 囐
    { 0, 0, 0, 0, 0, 0, 16831 }, // 囑
    { 0, 0, 0, 0, 0, 0, 16831 }, // 囒
    { 0, 0, 0, 0, 0, 0, 16831 }, // 囓
    { 0, 0, 0, 0, 0, 0, 16831 }, // 囔
    { 0, 0, 0, 0, 0, 0, 16831 }, // 囕
    { 0, 0, 0, 0, 0, 0, 16831 }, // 囖
    { 0, 0, 0, 0, 0, 0, 16831 }, // 囗
    { 0, 0, 0, 0, 0, 0, 16831 }, // 囘
    { 0, 0, 0, 0, 0, 0, 16831 }, // 囙
    { 0, 0, 0, 0, 0, 0, 16831 }, // 囚
    { 23, 23, 27, 2, 21, 67, 16831 }, // 四
    { 0, 0, 0, 0, 0, 0, 16898 }, // 囜
    { 0, 0, 0, 0, 0, 0, 16898 }, // 囝
    { 23, 26, 27, 2, 23, 75, 16898 }, // 回
    { 23, 25, 27, 2, 22, 72, 16973 }, // 围
    { 0, 0, 0, 0, 0, 0, 17045 }, // 囵
    { 0, 0, 0, 0, 0, 0, 17045 }, // 囶
    { 0, 0, 0, 0, 0, 0, 17045 }, // 囷
    { 0, 0, 0, 0, 0, 0, 17045 }, // 囸
    { 0, 0, 0, 0, 0, 0, 17045 }, // 囹
    { 23, 25, 27, 2, 22, 72, 17045 }, // 固
    { 0, 0, 0, 0, 0, 0, 17117 }, // 囻
    { 0, 0, 0, 0, 0, 0, 17117 }, // 囼
    { 0, 0, 0, 0, 0, 0, 17117 }, // 国
    { 23, 25, 27, 2, 22, 72, 17117 }, // 图
    { 0, 0, 0, 0, 0, 0, 17189 }, // 囿
    { 0, 0, 0, 0, 0, 0, 17189 }, // 圀
    { 0, 0, 0, 0, 0, 0, 17189 }, // 圁
    { 0, 0, 0, 0, 0, 0, 17189 }, // 圂
    { 0, 0, 0, 0, 0, 0, 17189 }, // 圃
    { 0, 0, 0, 0, 0, 0, 17189 }, // 圄
    { 0, 0, 0, 0, 0, 0, 17189 }, // 圅
    { 0, 0, 0, 0, 0, 0, 17189 }, // 圆
    { 0, 0, 0, 0, 0, 0, 17189 }, // 圇
    { 0, 0, 0, 0, 0, 0, 17189 }, // 圈
    { 0, 0, 0, 0, 0, 0, 17189 }, // 圉
    { 0, 0, 0, 0, 0, 0, 17189 }, // 圊
    { 0, 0, 0, 0, 0, 0, 17189 }, // 國
    { 0, 0, 0, 0, 0, 0, 17189 }, // 圌
    { 23, 25, 27, 2, 22, 72, 17189 }, // 圍
    { 0, 0, 0, 0, 0, 0, 17261 }, // 圎
    { 0, 0, 0, 0, 0, 0, 17261 }, // 圏
    { 0, 0, 0, 0, 0, 0, 17261 }, // 圐
    { 0, 0, 0, 0, 0, 0, 17261 }, // 圑
    { 0, 0, 0, 0, 0, 0, 17261 }, // 園
    { 0, 0, 0, 0, 0, 0, 17261 }, // 圓
    { 0, 0, 0, 0, 0, 0, 17261 }, // 圔
    { 0, 0, 0, 0, 0, 0, 17261 }, // 圕
    { 23, 25, 27, 2, 22, 72, 17261 }, // 圖
    { 0, 0, 0, 0, 0, 0, 17333 }, // 圗
    { 0, 0, 0, 0, 0, 0, 17333 }, // 團
    { 0, 0, 0, 0, 0, 0, 17333 }, // 圙
    { 0, 0, 0, 0, 0, 0, 17333 }, // 圚
    { 0, 0, 0, 0, 0, 0, 17333 }, // 圛
    { 0, 0, 0, 0, 0, 0, 17333 }, // 圜
    { 0, 0, 0, 0, 0, 0, 17333 }, // 圝
    { 0, 0, 0, 0, 0, 0, 17333 }, // 圞
    { 0, 0, 0, 0, 0, 0, 17333 }, // 土
    { 0, 0, 0, 0, 0, 0, 17333 }, // 圠
    { 0, 0, 0, 0, 0, 0, 17333 }, // 圡
    { 0, 0, 0, 0, 0, 0, 17333 }, // 圢
    { 0, 0, 0, 0, 0, 0, 17333 }, // 圣
    { 0, 0, 0, 0, 0, 0, 17333 }, // 圤
    { 0, 0, 0, 0, 0, 0, 17333 }, // 圥
    { 0, 0, 0, 0, 0, 0, 17333 }, // 圦
    { 0, 0, 0, 0, 0, 0, 17333 }, // 圧
    { 25, 27, 27, 1, 24, 85, 17333 }, // 在
    { 0, 0, 0, 0, 0, 0, 17418 }, // 圩
    { 0, 0, 0, 0, 0, 0, 17418 }, // 圪
    { 0, 0, 0, 0, 0, 0, 17418 }, // 圫
    { 0, 0, 0, 0, 0, 0, 17418 }, // 圬
    { 0, 0, 0, 0, 0, 0, 17418 }, // 圭
    { 0, 0, 0, 0, 0, 0, 17418 }, // 圮
    { 0, 0, 0, 0, 0, 0, 17418 }, // 圯
    { 27, 26, 27, 0, 24, 88, 17418 }, // 地
    { 0, 0, 0, 0, 0, 0, 17506 }, // 圱
    { 0, 0, 0, 0, 0, 0, 17506 }, // 圲
    { 0, 0, 0, 0, 0, 0, 17506 }, // 圳
    { 0, 0, 0, 0, 0, 0, 17506 }, // 圴
    { 0, 0, 0, 0, 0, 0, 17506 }, // 圵
    { 0, 0, 0, 0, 0, 0, 17506 }, // 圶
    { 0, 0, 0, 0, 0, 0, 17506 }, // 圷
    { 0, 0, 0, 0, 0, 0, 17506 }, // 圸
    { 0, 0, 0, 0, 0, 0, 17506 }, // 圹
    { 0, 0, 0, 0, 0, 0, 17506 }, // 场
    { 0, 0, 0, 0, 0, 0, 17506 }, // 圻
    { 0, 0, 0, 0, 0, 0, 17506 }, // 圼
    { 0, 0, 0, 0, 0, 0, 17506 }, // 圽
    { 0, 0, 0, 0, 0, 0, 17506 }, // 圾
    { 0, 0, 0, 0, 0, 0, 17506 }, // 圿
    { 27, 25, 27, 0, 24, 85, 17506 }, // 址
    { 0, 0, 0, 0, 0, 0, 17591 }, // 坁
    { 0, 0, 0, 0, 0, 0, 17591 }, // 坂
    { 0, 0, 0, 0, 0, 0, 17591 }, // 坃
    { 0, 0, 0, 0, 0, 0, 17591 }, // 坄
    { 0, 0, 0, 0, 0, 0, 17591 }, // 坅
    { 0, 0, 0, 0, 0, 0, 17591 }, // 坆
    { 0, 0, 0, 0, 0, 0, 17591 }, // 均
    { 0, 0, 0, 0, 0, 0, 17591 }, // 坈
    { 0, 0, 0, 0, 0, 0, 17591 }, // 坉
    { 0, 0, 0, 0, 0, 0, 17591 }, // 坊
    { 0, 0, 0, 0, 0, 0, 17591 }, // 坋
    { 0, 0, 0, 0, 0, 0, 17591 }, // 坌
    { 0, 0, 0, 0, 0, 0, 17591 }, // 坍
    { 0, 0, 0, 0, 0, 0, 17591 }, // 坎
    { 0, 0, 0, 0, 0, 0, 17591 }, // 坏
    { 25, 25, 27, 1, 24, 79, 17591 }, // 坐
    { 0, 0, 0, 0, 0, 0, 17670 }, // 坑
    { 0, 0, 0, 0, 0, 0, 17670 }, // 坒
    { 0, 0, 0, 0, 0, 0, 17670 }, // 坓
    { 0, 0, 0, 0, 0, 0, 17670 }, // 坔
    { 0, 0, 0, 0, 0, 0, 17670 }, // 坕
    { 0, 0, 0, 0, 0, 0, 17670 }, // 坖
    { 0, 0, 0, 0, 0, 0, 17670 }, // 块
    { 0, 0, 0, 0, 0, 0, 17670 }, // 坘
    { 0, 0, 0, 0, 0, 0, 17670 }, // 坙
    { 25, 25, 27, 1, 23, 79, 17670 }, // 坚
    { 27, 26, 27, 0, 24, 88, 17749 }, // 域
    { 25, 25, 27, 1, 23, 79, 17837 }, // 堅
    { 26, 27, 27, 0, 24, 88, 17916 }, // 墙
    { 0, 0, 0, 0, 0, 0, 18004 }, // 墚
    { 0, 0, 0, 0, 0, 0, 18004 }, // 墛
    { 0, 0, 0, 0, 0, 0, 18004 }, // 墜
    { 0, 0, 0, 0, 0, 0, 18004 }, // 墝
    { 24, 27, 27, 1, 24, 81, 18004 }, // 增
    { 26, 26, 27, 0, 24, 85, 18085 }, // 壁
    { 27, 27, 27, 0, 24, 92, 18170 }, // 壮
    { 27, 27, 27, 0, 24, 92, 18262 }, // 壯
    { 26, 27, 27, 0, 24, 88, 18354 }, // 声
    { 0, 0, 0, 0, 0, 0, 18442 }, // 壱
    { 0, 0, 0, 0, 0, 0, 18442 }, // 売
    { 0, 0, 0, 0, 0, 0, 18442 }, // 壳
    { 0, 0, 0, 0, 0, 0, 18442 }, // 壴
    { 0, 0, 0, 0, 0, 0, 18442 }, // 壵
    { 0, 0, 0, 0, 0, 0, 18442 }, // 壶
    { 0, 0, 0, 0, 0, 0, 18442 }, // 壷
    { 0, 0, 0, 0, 0, 0, 18442 }, // 壸
    { 0, 0, 0, 0, 0, 0, 18442 }, // 壹
    { 0, 0, 0, 0, 0, 0, 18442 }, // 壺
    { 0, 0, 0, 0, 0, 0, 18442 }, // 壻
    { 0, 0, 0, 0, 0, 0, 18442 }, // 壼
    { 0, 0, 0, 0, 0, 0, 18442 }, // 壽
    { 0, 0, 0, 0, 0, 0, 18442 }, // 壾
    { 0, 0, 0, 0, 0, 0, 18442 }, // 壿
    { 0, 0, 0, 0, 0, 0, 18442 }, // 夀
    { 0, 0, 0, 0, 0, 0, 18442 }, // 夁
    { 0, 0, 0, 0, 0, 0, 18442 }, // 夂
    { 0, 0, 0, 0, 0, 0, 18442 }, // 夃
    { 27, 27, 27, 0, 24, 92, 18442 }, // 处
    { 0, 0, 0, 0, 0, 0, 18534 }, // 夅
    { 0, 0, 0, 0, 0, 0, 18534 }, // 夆
    { 27, 27, 27, 0, 24, 92, 18534 }, // 备
    { 0, 0, 0, 0, 0, 0, 18626 }, // 夈
    { 0, 0, 0, 0, 0, 0, 18626 }, // 変
    { 0, 0, 0, 0, 0, 0, 18626 }, // 夊
    { 0, 0, 0, 0, 0, 0, 18626 }, // 夋
    { 0, 0, 0, 0, 0, 0, 18626 }, // 夌
    { 27, 27, 27, 0, 24, 92, 18626 }, // 复
    { 0, 0, 0, 0, 0, 0, 18718 }, // 夎
    { 0, 0, 0, 0, 0, 0, 18718 }, // 夏
    { 0, 0, 0, 0, 0, 0, 18718 }, // 夐
    { 0, 0, 0, 0, 0, 0, 18718 }, // 夑
    { 0, 0, 0, 0, 0, 0, 18718 }, // 夒
    { 0, 0, 0, 0, 0, 0, 18718 }, // 夓
    { 0, 0, 0, 0, 0, 0, 18718 }, // 夔
    { 0, 0, 0, 0, 0, 0, 18718 }, // 夕
    { 26, 27, 27, 1, 24, 88, 18718 }, // 外
    { 0, 0, 0, 0, 0, 0, 18806 }, // 夗
    { 0, 0, 0, 0, 0, 0, 18806 }, // 夘
    { 0, 0, 0, 0, 0, 0, 18806 }, // 夙
    { 24, 27, 27, 2, 24, 81, 18806 }, // 多
    { 0, 0, 0, 0, 0, 0, 18887 }, // 夛
    { 0, 0, 0, 0, 0, 0, 18887 }, // 夜
    { 0, 0, 0, 0, 0, 0, 18887 }, // 夝
    { 0, 0, 0, 0, 0, 0, 18887 }, // 夞
    { 0, 0, 0, 0, 0, 0, 18887 }, // 够
    { 0, 0, 0, 0, 0, 0, 18887 }, // 夠
    { 0, 0, 0, 0, 0, 0, 18887 }, // 夡
    { 0, 0, 0, 0, 0, 0, 18887 }, // 夢
    { 0, 0, 0, 0, 0, 0, 18887 }, // 夣
    { 0, 0, 0, 0, 0, 0, 18887 }, // 夤
    { 0, 0, 0, 0, 0, 0, 18887 }, // 夥
    { 0, 0, 0, 0, 0, 0, 18887 }, // 夦
    { 25, 27, 27, 1, 24, 85, 18887 }, // 大
    { 0, 0, 0, 0, 0, 0, 18972 }, // 夨
    { 26, 25, 27, 1, 22, 82, 18972 }, // 天
    { 0, 0, 0, 0, 0, 0, 19054 }, // 太
    { 0, 0, 0, 0, 0, 0, 19054 }, // 夫
    { 0, 0, 0, 0, 0, 0, 19054 }, // 夬
    { 0, 0, 0, 0, 0, 0, 19054 }, // 夭
    { 0, 0, 0, 0, 0, 0, 19054 }, // 央
    { 0, 0, 0, 0, 0, 0, 19054 }, // 夯
    { 0, 0, 0, 0, 0, 0, 19054 }, // 夰
    { 26, 27, 27, 1, 24, 88, 19054 }, // 失
    { 26, 27, 27, 0, 24, 88, 19142 }, // 好
    { 0, 0, 0, 0, 0, 0, 19230 }, // 奾
    { 0, 0, 0, 0, 0, 0, 19230 }, // 奿
    { 0, 0, 0, 0, 0, 0, 19230 }, // 妀
    { 0, 0, 0, 0, 0, 0, 19230 }, // 妁
    { 25, 27, 27, 1, 24, 85, 19230 }, // 如
    { 26, 27, 27, 1, 24, 88, 19315 }, // 始
    { 25, 25, 27, 1, 22, 79, 19403 }, // 子
    { 0, 0, 0, 0, 0, 0, 19482 }, // 孑
    { 0, 0, 0, 0, 0, 0, 19482 }, // 孒
    { 0, 0, 0, 0, 0, 0, 19482 }, // 孓
    { 0, 0, 0, 0, 0, 0, 19482 }, // 孔
    { 0, 0, 0, 0, 0, 0, 19482 }, // 孕
    { 0, 0, 0, 0, 0, 0, 19482 }, // 孖
    { 25, 26, 27, 1, 24, 82, 19482 }, // 字
    { 26, 26, 27, 0, 24, 85, 19564 }, // 存
    { 0, 0, 0, 0, 0, 0, 19649 }, // 孙
    { 0, 0, 0, 0, 0, 0, 19649 }, // 孚
    { 0, 0, 0, 0, 0, 0, 19649 }, // 孛
    { 0, 0, 0, 0, 0, 0, 19649 }, // 孜
    { 0, 0, 0, 0, 0, 0, 19649 }, // 孝
    { 0, 0, 0, 0, 0, 0, 19649 }, // 孞
    { 0, 0, 0, 0, 0, 0, 19649 }, // 孟
    { 0, 0, 0, 0, 0, 0, 19649 }, // 孠
    { 0, 0, 0, 0, 0, 0, 19649 }, // 孡
    { 0, 0, 0, 0, 0, 0, 19649 }, // 孢
    { 0, 0, 0, 0, 0, 0, 19649 }, // 季
    { 0, 0, 0, 0, 0, 0, 19649 }, // 孤
    { 0, 0, 0, 0, 0, 0, 19649 }, // 孥
    { 25, 26, 27, 1, 24, 82, 19649 }, // 学
    { 0, 0, 0, 0, 0, 0, 19731 }, // 孧
    { 0, 0, 0, 0, 0, 0, 19731 }, // 孨
    { 0, 0, 0, 0, 0, 0, 19731 }, // 孩
    { 0, 0, 0, 0, 0, 0, 19731 }, // 孪
    { 0, 0, 0, 0, 0, 0, 19731 }, // 孫
    { 0, 0, 0, 0, 0, 0, 19731 }, // 孬
    { 0, 0, 0, 0, 0, 0, 19731 }, // 孭
    { 0, 0, 0, 0, 0, 0, 19731 }, // 孮
    { 0, 0, 0, 0, 0, 0, 19731 }, // 孯
    { 0, 0, 0, 0, 0, 0, 19731 }, // 孰
    { 0, 0, 0, 0, 0, 0, 19731 }, // 孱
    { 0, 0, 0, 0, 0, 0, 19731 }, // 孲
    { 0, 0, 0, 0, 0, 0, 19731 }, // 孳
    { 0, 0, 0, 0, 0, 0, 19731 }, // 孴
    { 0, 0, 0, 0, 0, 0, 19731 }, // 孵
    { 0, 0, 0, 0, 0, 0, 19731 }, // 孶
    { 0, 0, 0, 0, 0, 0, 19731 }, // 孷
    { 25, 27, 27, 1, 24, 85, 19731 }, // 學
    { 0, 0, 0, 0, 0, 0, 19816 }, // 孹
    { 0, 0, 0, 0, 0, 0, 19816 }, // 孺
    { 0, 0, 0, 0, 0, 0, 19816 }, // 孻
    { 0, 0, 0, 0, 0, 0, 19816 }, // 孼
    { 0, 0, 0, 0, 0, 0, 19816 }, // 孽
    { 0, 0, 0, 0, 0, 0, 19816 }, // 孾
    { 0, 0, 0, 0, 0, 0, 19816 }, // 孿
    { 0, 0, 0, 0, 0, 0, 19816 }, // 宀
    { 25, 27, 27, 1, 24, 85, 19816 }, // 宁
    { 0, 0, 0, 0, 0, 0, 19901 }, // 宂
    { 0, 0, 0, 0, 0, 0, 19901 }, // 它
    { 0, 0, 0, 0, 0, 0, 19901 }, // 宄
    { 0, 0, 0, 0, 0, 0, 19901 }, // 宅
    { 0, 0, 0, 0, 0, 0, 19901 }, // 宆
    { 0, 0, 0, 0, 0, 0, 19901 }, // 宇
    { 0, 0, 0, 0, 0, 0, 19901 }, // 守
    { 25, 27, 27, 1, 24, 85, 19901 }, // 安
    { 0, 0, 0, 0, 0, 0, 19986 }, // 宊
    { 0, 0, 0, 0, 0, 0, 19986 }, // 宋
    { 25, 27, 27, 1, 24, 85, 19986 }, // 完
    { 0, 0, 0, 0, 0, 0, 20071 }, // 宍
    { 0, 0, 0, 0, 0, 0, 20071 }, // 宎
    { 0, 0, 0, 0, 0, 0, 20071 }, // 宏
    { 0, 0, 0, 0, 0, 0, 20071 }, // 宐
    { 0, 0, 0, 0, 0, 0, 20071 }, // 宑
    { 0, 0, 0, 0, 0, 0, 20071 }, // 宒
    { 0, 0, 0, 0, 0, 0, 20071 }, // 宓
    { 0, 0, 0, 0, 0, 0, 20071 }, // 宔
    { 0, 0, 0, 0, 0, 0, 20071 }, // 宕
    { 0, 0, 0, 0, 0, 0, 20071 }, // 宖
    { 0, 0, 0, 0, 0, 0, 20071 }, // 宗
    { 24, 27, 27, 2, 24, 81, 20071 }, // 官
    { 0, 0, 0, 0, 0, 0, 20152 }, // 宙
    { 26, 27, 27, 0, 24, 88, 20152 }, // 定
    { 0, 0, 0, 0, 0, 0, 20240 }, // 宛
    { 0, 0, 0, 0, 0, 0, 20240 }, // 宜
    { 0, 0, 0, 0, 0, 0, 20240 }, // 宝
    { 25, 27, 27, 1, 24, 85, 20240 }, // 实
    { 25, 27, 27, 1, 24, 85, 20325 }, // 容
    { 0, 0, 0, 0, 0, 0, 20410 }, // 宺
    { 0, 0, 0, 0, 0, 0, 20410 }, // 宻
    { 0, 0, 0, 0, 0, 0, 20410 }, // 宼
    { 26, 27, 27, 1, 24, 88, 20410 }, // 宽
    { 0, 0, 0, 0, 0, 0, 20498 }, // 宾
    { 0, 0, 0, 0, 0, 0, 20498 }, // 宿
    { 0, 0, 0, 0, 0, 0, 20498 }, // 寀
    { 0, 0, 0, 0, 0, 0, 20498 }, // 寁
    { 0, 0, 0, 0, 0, 0, 20498 }, // 寂
    { 0, 0, 0, 0, 0, 0, 20498 }, // 寃
    { 0, 0, 0, 0, 0, 0, 20498 }, // 寄
    { 0, 0, 0, 0, 0, 0, 20498 }, // 寅
    { 25, 27, 27, 1, 24, 85, 20498 }, // 密
    { 25, 27, 27, 1, 24, 85, 20583 }, // 實
    { 25, 27, 27, 1, 24, 85, 20668 }, // 寧
    { 0, 0, 0, 0, 0, 0, 20753 }, // 寨
    { 0, 0, 0, 0, 0, 0, 20753 }, // 審
    { 0, 0, 0, 0, 0, 0, 20753 }, // 寪
    { 25, 27, 27, 1, 24, 85, 20753 }, // 寫
    { 25, 27, 27, 1, 24, 85, 20838 }, // 寬
    { 0, 0, 0, 0, 0, 0, 20923 }, // 寭
    { 0, 0, 0, 0, 0, 0, 20923 }, // 寮
    { 0, 0, 0, 0, 0, 0, 20923 }, // 寯
    { 0, 0, 0, 0, 0, 0, 20923 }, // 寰
    { 0, 0, 0, 0, 0, 0, 20923 }, // 寱
    { 0, 0, 0, 0, 0, 0, 20923 }, // 寲
    { 0, 0, 0, 0, 0, 0, 20923 }, // 寳
    { 0, 0, 0, 0, 0, 0, 20923 }, // 寴
    { 0, 0, 0, 0, 0, 0, 20923 }, // 寵
    { 0, 0, 0, 0, 0, 0, 20923 }, // 寶
    { 0, 0, 0, 0, 0, 0, 20923 }, // 寷
    { 0, 0, 0, 0, 0, 0, 20923 }, // 寸
    { 25, 27, 27, 1, 24, 85, 20923 }, // 对
    { 0, 0, 0, 0, 0, 0, 21008 }, // 寺
    { 0, 0, 0, 0, 0, 0, 21008 }, // 寻
    { 25, 24, 27, 1, 22, 75, 21008 }, // 导
    { 0, 0, 0, 0, 0, 0, 21083 }, // 寽
    { 0, 0, 0, 0, 0, 0, 21083 }, // 対
    { 0, 0, 0, 0, 0, 0, 21083 }, // 寿
    { 0, 0, 0, 0, 0, 0, 21083 }, // 尀
    { 25, 26, 27, 1, 24, 82, 21083 }, // 封
    { 0, 0, 0, 0, 0, 0, 21165 }, // 専
    { 0, 0, 0, 0, 0, 0, 21165 }, // 尃
    { 26, 27, 27, 0, 24, 88, 21165 }, // 射
    { 0, 0, 0, 0, 0, 0, 21253 }, // 尅
    { 25, 26, 27, 1, 24, 82, 21253 }, // 将
    { 26, 27, 27, 0, 24, 88, 21335 }, // 將
    { 0, 0, 0, 0, 0, 0, 21423 }, // 專
    { 0, 0, 0, 0, 0, 0, 21423 }, // 尉
    { 0, 0, 0, 0, 0, 0, 21423 }, // 尊
    { 0, 0, 0, 0, 0, 0, 21423 }, // 尋
    { 0, 0, 0, 0, 0, 0, 21423 }, // 尌
    { 25, 26, 27, 1, 24, 82, 21423 }, // 對
    { 25, 26, 27, 1, 24, 82, 21505 }, // 導
    { 27, 26, 27, 0, 23, 88, 21587 }, // 小
    { 0, 0, 0, 0, 0, 0, 21675 }, // 尐
    { 26, 25, 27, 0, 23, 82, 21675 }, // 少
    { 0, 0, 0, 0, 0, 0, 21757 }, // 尒
    { 0, 0, 0, 0, 0, 0, 21757 }, // 尓
    { 0, 0, 0, 0, 0, 0, 21757 }, // 尔
    { 0, 0, 0, 0, 0, 0, 21757 }, // 尕
    { 0, 0, 0, 0, 0, 0, 21757 }, // 尖
    { 0, 0, 0, 0, 0, 0, 21757 }, // 尗
    { 0, 0, 0, 0, 0, 0, 21757 }, // 尘
    { 0, 0, 0, 0, 0, 0, 21757 }, // 尙
    { 21, 27, 27, 3, 24, 71, 21757 }, // 尚
    { 25, 25, 27, 0, 22, 79, 21828 }, // 局
    { 0, 0, 0, 0, 0, 0, 21907 }, // 屁
    { 26, 25, 27, 0, 22, 82, 21907 }, // 层
    { 0, 0, 0, 0, 0, 0, 21989 }, // 屃
    { 0, 0, 0, 0, 0, 0, 21989 }, // 屄
    { 26, 25, 27, 0, 22, 82, 21989 }, // 居
    { 0, 0, 0, 0, 0, 0, 22071 }, // 屆
    { 0, 0, 0, 0, 0, 0, 22071 }, // 屇
    { 0, 0, 0, 0, 0, 0, 22071 }, // 屈
    { 0, 0, 0, 0, 0, 0, 22071 }, // 屉
    { 0, 0, 0, 0, 0, 0, 22071 }, // 届
    { 0, 0, 0, 0, 0, 0, 22071 }, // 屋
    { 0, 0, 0, 0, 0, 0, 22071 }, // 屌
    { 0, 0, 0, 0, 0, 0, 22071 }, // 屍
    { 0, 0, 0, 0, 0, 0, 22071 }, // 屎
    { 26, 25, 27, 0, 22, 82, 22071 }, // 屏
    { 0, 0, 0, 0, 0, 0, 22153 }, // 屐
    { 0, 0, 0, 0, 0, 0, 22153 }, // 屑
    { 0, 0, 0, 0, 0, 0, 22153 }, // 屒
    { 0, 0, 0, 0, 0, 0, 22153 }, // 屓
    { 0, 0, 0, 0, 0, 0, 22153 }, // 屔
    { 27, 25, 27, 0, 22, 85, 22153 }, // 展
    { 0, 0, 0, 0, 0, 0, 22238 }, // 屖
    { 0, 0, 0, 0, 0, 0, 22238 }, // 屗
    { 0, 0, 0, 0, 0, 0, 22238 }, // 屘
    { 0, 0, 0, 0, 0, 0, 22238 }, // 屙
    { 0, 0, 0, 0, 0, 0, 22238 }, // 屚
    { 0, 0, 0, 0, 0, 0, 22238 }, // 屛
    { 0, 0, 0, 0, 0, 0, 22238 }, // 屜
    { 0, 0, 0, 0, 0, 0, 22238 }, // 屝
    { 0, 0, 0, 0, 0, 0, 22238 }, // 属
    { 0, 0, 0, 0, 0, 0, 22238 }, // 屟
    { 0, 0, 0, 0, 0, 0, 22238 }, // 屠
    { 0, 0, 0, 0, 0, 0, 22238 }, // 屡
    { 0, 0, 0, 0, 0, 0, 22238 }, // 屢
    { 0, 0, 0, 0, 0, 0, 22238 }, // 屣
    { 25, 25, 27, 0, 22, 79, 22238 }, // 層
    { 0, 0, 0, 0, 0, 0, 22317 }, // 履
    { 0, 0, 0, 0, 0, 0, 22317 }, // 屦
    { 0, 0, 0, 0, 0, 0, 22317 }, // 屧
    { 0, 0, 0, 0, 0, 0, 22317 }, // 屨
    { 0, 0, 0, 0, 0, 0, 22317 }, // 屩
    { 0, 0, 0, 0, 0, 0, 22317 }, // 屪
    { 0, 0, 0, 0, 0, 0, 22317 }, // 屫
    { 0, 0, 0, 0, 0, 0, 22317 }, // 屬
    { 0, 0, 0, 0, 0, 0, 22317 }, // 屭
    { 0, 0, 0, 0, 0, 0, 22317 }, // 屮
    { 0, 0, 0, 0, 0, 0, 22317 }, // 屯
    { 0, 0, 0, 0, 0, 0, 22317 }, // 屰
    { 23, 27, 27, 2, 24, 78, 22317 }, // 山
    { 25, 26, 27, 1, 23, 82, 22395 }, // 嵌
    { 25, 24, 27, 0, 22, 75, 22477 }, // 川
    { 0, 0, 0, 0, 0, 0, 22552 }, // 州
    { 0, 0, 0, 0, 0, 0, 22552 }, // 巟
    { 0, 0, 0, 0, 0, 0, 22552 }, // 巠
    { 0, 0, 0, 0, 0, 0, 22552 }, // 巡
    { 0, 0, 0, 0, 0, 0, 22552 }, // 巢
    { 0, 0, 0, 0, 0, 0, 22552 }, // 巣
    { 0, 0, 0, 0, 0, 0, 22552 }, // 巤
    { 0, 0, 0, 0, 0, 0, 22552 }, // 工
    { 26, 26, 27, 0, 24, 85, 22552 }, // 左
    { 0, 0, 0, 0, 0, 0, 22637 }, // 巧
    { 0, 0, 0, 0, 0, 0, 22637 }, // 巨
    { 0, 0, 0, 0, 0, 0, 22637 }, // 巩
    { 0, 0, 0, 0, 0, 0, 22637 }, // 巪
    { 0, 0, 0, 0, 0, 0, 22637 }, // 巫
    { 0, 0, 0, 0, 0, 0, 22637 }, // 巬
    { 0, 0, 0, 0, 0, 0, 22637 }, // 巭
    { 0, 0, 0, 0, 0, 0, 22637 }, // 差
    { 0, 0, 0, 0, 0, 0, 22637 }, // 巯
    { 0, 0, 0, 0, 0, 0, 22637 }, // 巰
    { 23, 24, 27, 3, 22, 69, 22637 }, // 己
    { 24, 24, 27, 2, 22, 72, 22706 }, // 已
    { 0, 0, 0, 0, 0, 0, 22778 }, // 巳
    { 0, 0, 0, 0, 0, 0, 22778 }, // 巴
    { 0, 0, 0, 0, 0, 0, 22778 }, // 巵
    { 0, 0, 0, 0, 0, 0, 22778 }, // 巶
    { 0, 0, 0, 0, 0, 0, 22778 }, // 巷
    { 0, 0, 0, 0, 0, 0, 22778 }, // 巸
    { 0, 0, 0, 0, 0, 0, 22778 }, // 巹
    { 0, 0, 0, 0, 0, 0, 22778 }, // 巺
    { 0, 0, 0, 0, 0, 0, 22778 }, // 巻
    { 0, 0, 0, 0, 0, 0, 22778 }, // 巼
    { 0, 0, 0, 0, 0, 0, 22778 }, // 巽
    { 0, 0, 0, 0, 0, 0, 22778 }, // 巾
    { 0, 0, 0, 0, 0, 0, 22778 }, // 巿
    { 0, 0, 0, 0, 0, 0, 22778 }, // 帀
    { 0, 0, 0, 0, 0, 0, 22778 }, // 币
    { 0, 0, 0, 0, 0, 0, 22778 }, // 市
    { 26, 27, 27, 0, 24, 88, 22778 }, // 布
    { 0, 0, 0, 0, 0, 0, 22866 }, // 帄
    { 0, 0, 0, 0, 0, 0, 22866 }, // 帅
    { 0, 0, 0, 0, 0, 0, 22866 }, // 帆
    { 0, 0, 0, 0, 0, 0, 22866 }, // 帇
    { 24, 27, 27, 2, 24, 81, 22866 }, // 师
    { 0, 0, 0, 0, 0, 0, 22947 }, // 帉
    { 0, 0, 0, 0, 0, 0, 22947 }, // 帊
    { 0, 0, 0, 0, 0, 0, 22947 }, // 帋
    { 0, 0, 0, 0, 0, 0, 22947 }, // 希
    { 0, 0, 0, 0, 0, 0, 22947 }, // 帍
    { 0, 0, 0, 0, 0, 0, 22947 }, // 帎
    { 0, 0, 0, 0, 0, 0, 22947 }, // 帏
    { 0, 0, 0, 0, 0, 0, 22947 }, // 帐
    { 0, 0, 0, 0, 0, 0, 22947 }, // 帑
    { 0, 0, 0, 0, 0, 0, 22947 }, // 帒
    { 0, 0, 0, 0, 0, 0, 22947 }, // 帓
    { 0, 0, 0, 0, 0, 0, 22947 }, // 帔
    { 0, 0, 0, 0, 0, 0, 22947 }, // 帕
    { 0, 0, 0, 0, 0, 0, 22947 }, // 帖
    { 0, 0, 0, 0, 0, 0, 22947 }, // 帗
    { 24, 27, 27, 2, 24, 81, 22947 }, // 帘
    { 0, 0, 0, 0, 0, 0, 23028 }, // 帙
    { 0, 0, 0, 0, 0, 0, 23028 }, // 帚
    { 0, 0, 0, 0, 0, 0, 23028 }, // 帛
    { 0, 0, 0, 0, 0, 0, 23028 }, // 帜
    { 0, 0, 0, 0, 0, 0, 23028 }, // 帝
    { 0, 0, 0, 0, 0, 0, 23028 }, // 帞
    { 0, 0, 0, 0, 0, 0, 23028 }, // 帟
    { 0, 0, 0, 0, 0, 0, 23028 }, // 帠
    { 0, 0, 0, 0, 0, 0, 23028 }, // 帡
    { 0, 0, 0, 0, 0, 0, 23028 }, // 帢
    { 0, 0, 0, 0, 0, 0, 23028 }, // 帣
    { 0, 0, 0, 0, 0, 0, 23028 }, // 帤
    { 0, 0, 0, 0, 0, 0, 23028 }, // 帥
    { 25, 26, 27, 1, 23, 82, 23028 }, // 带
    { 24, 27, 27, 2, 24, 81, 23110 }, // 帧
    { 0, 0, 0, 0, 0, 0, 23191 }, // 帨
    { 0, 0, 0, 0, 0, 0, 23191 }, // 帩
    { 0, 0, 0, 0, 0, 0, 23191 }, // 帪
    { 24, 27, 27, 2, 24, 81, 23191 }, // 師
    { 0, 0, 0, 0, 0, 0, 23272 }, // 帬
    { 0, 0, 0, 0, 0, 0, 23272 }, // 席
    { 0, 0, 0, 0, 0, 0, 23272 }, // 帮
    { 0, 0, 0, 0, 0, 0, 23272 }, // 帯
    { 0, 0, 0, 0, 0, 0, 23272 }, // 帰
    { 0, 0, 0, 0, 0, 0, 23272 }, // 帱
    { 0, 0, 0, 0, 0, 0, 23272 }, // 帲
    { 0, 0, 0, 0, 0, 0, 23272 }, // 帳
    { 0, 0, 0, 0, 0, 0, 23272 }, // 帴
    { 0, 0, 0, 0, 0, 0, 23272 }, // 帵
    { 0, 0, 0, 0, 0, 0, 23272 }, // 帶
    { 0, 0, 0, 0, 0, 0, 23272 }, // 帷
    { 23, 27, 27, 2, 24, 78, 23272 }, // 常
    { 0, 0, 0, 0, 0, 0, 23350 }, // 帹
    { 0, 0, 0, 0, 0, 0, 23350 }, // 帺
    { 0, 0, 0, 0, 0, 0, 23350 }, // 帻
    { 0, 0, 0, 0, 0, 0, 23350 }, // 帼
    { 0, 0, 0, 0, 0, 0, 23350 }, // 帽
    { 0, 0, 0, 0, 0, 0, 23350 }, // 帾
    { 0, 0, 0, 0, 0, 0, 23350 }, // 帿
    { 0, 0, 0, 0, 0, 0, 23350 }, // 幀
    { 0, 0, 0, 0, 0, 0, 23350 }, // 幁
    { 0, 0, 0, 0, 0, 0, 23350 }, // 幂
    { 0, 0, 0, 0, 0, 0, 23350 }, // 幃
    { 0, 0, 0, 0, 0, 0, 23350 }, // 幄
    { 25, 27, 27, 1, 24, 85, 23350 }, // 幅
    { 0, 0, 0, 0, 0, 0, 23435 }, // 幆
    { 0, 0, 0, 0, 0, 0, 23435 }, // 幇
    { 0, 0, 0, 0, 0, 0, 23435 }, // 幈
    { 0, 0, 0, 0, 0, 0, 23435 }, // 幉
    { 0, 0, 0, 0, 0, 0, 23435 }, // 幊
    { 0, 0, 0, 0, 0, 0, 23435 }, // 幋
    { 0, 0, 0, 0, 0, 0, 23435 }, // 幌
    { 0, 0, 0, 0, 0, 0, 23435 }, // 幍
    { 0, 0, 0, 0, 0, 0, 23435 }, // 幎
    { 0, 0, 0, 0, 0, 0, 23435 }, // 幏
    { 0, 0, 0, 0, 0, 0, 23435 }, // 幐
    { 0, 0, 0, 0, 0, 0, 23435 }, // 幑
    { 0, 0, 0, 0, 0, 0, 23435 }, // 幒
    { 0, 0, 0, 0, 0, 0, 23435 }, // 幓
    { 0, 0, 0, 0, 0, 0, 23435 }, // 幔
    { 27, 27, 27, 0, 24, 92, 23435 }, // 幕
    { 25, 27, 27, 1, 24, 85, 23527 }, // 并
    { 26, 27, 27, 0, 24, 88, 23612 }, // 序
    { 0, 0, 0, 0, 0, 0, 23700 }, // 庐
    { 0, 0, 0, 0, 0, 0, 23700 }, // 庑
    { 0, 0, 0, 0, 0, 0, 23700 }, // 庒
    { 26, 27, 27, 0, 24, 88, 23700 }, // 库
    { 26, 27, 27, 0, 24, 88, 23788 }, // 应
    { 0, 0, 0, 0, 0, 0, 23876 }, // 底
    { 0, 0, 0, 0, 0, 0, 23876 }, // 庖
    { 0, 0, 0, 0, 0, 0, 23876 }, // 店
    { 0, 0, 0, 0, 0, 0, 23876 }, // 庘
    { 0, 0, 0, 0, 0, 0, 23876 }, // 庙
    { 0, 0, 0, 0, 0, 0, 23876 }, // 庚
    { 0, 0, 0, 0, 0, 0, 23876 }, // 庛
    { 0, 0, 0, 0, 0, 0, 23876 }, // 府
    { 0, 0, 0, 0, 0, 0, 23876 }, // 庝
    { 0, 0, 0, 0, 0, 0, 23876 }, // 庞
    { 0, 0, 0, 0, 0, 0, 23876 }, // 废
    { 0, 0, 0, 0, 0, 0, 23876 }, // 庠
    { 0, 0, 0, 0, 0, 0, 23876 }, // 庡
    { 0, 0, 0, 0, 0, 0, 23876 }, // 庢
    { 0, 0, 0, 0, 0, 0, 23876 }, // 庣
    { 0, 0, 0, 0, 0, 0, 23876 }, // 庤
    { 0, 0, 0, 0, 0, 0, 23876 }, // 庥
    { 26, 27, 27, 1, 24, 88, 23876 }, // 度
    { 27, 27, 27, 0, 24, 92, 23964 }, // 廠
    { 26, 27, 27, 1, 24, 88, 24056 }, // 建
    { 0, 0, 0, 0, 0, 0, 24144 }, // 廻
    { 0, 0, 0, 0, 0, 0, 24144 }, // 廼
    { 0, 0, 0, 0, 0, 0, 24144 }, // 廽
    { 0, 0, 0, 0, 0, 0, 24144 }, // 廾
    { 0, 0, 0, 0, 0, 0, 24144 }, // 廿
    { 25, 25, 27, 1, 22, 79, 24144 }, // 开
    { 0, 0, 0, 0, 0, 0, 24223 }, // 弁
    { 25, 25, 27, 1, 22, 79, 24223 }, // 异
    { 0, 0, 0, 0, 0, 0, 24302 }, // 弃
    { 0, 0, 0, 0, 0, 0, 24302 }, // 弄
    { 0, 0, 0, 0, 0, 0, 24302 }, // 弅
    { 0, 0, 0, 0, 0, 0, 24302 }, // 弆
    { 0, 0, 0, 0, 0, 0, 24302 }, // 弇
    { 0, 0, 0, 0, 0, 0, 24302 }, // 弈
    { 0, 0, 0, 0, 0, 0, 24302 }, // 弉
    { 0, 0, 0, 0, 0, 0, 24302 }, // 弊
    { 0, 0, 0, 0, 0, 0, 24302 }, // 弋
    { 0, 0, 0, 0, 0, 0, 24302 }, // 弌
    { 0, 0, 0, 0, 0, 0, 24302 }, // 弍
    { 0, 0, 0, 0, 0, 0, 24302 }, // 弎
    { 26, 27, 27, 1, 24, 88, 24302 }, // 式
    { 0, 0, 0, 0, 0, 0, 24390 }, // 弐
    { 0, 0, 0, 0, 0, 0, 24390 }, // 弑
    { 0, 0, 0, 0, 0, 0, 24390 }, // 弒
    { 0, 0, 0, 0, 0, 0, 24390 }, // 弓
    { 0, 0, 0, 0, 0, 0, 24390 }, // 弔
    { 22, 26, 27, 2, 23, 72, 24390 }, // 引
    { 26, 25, 27, 1, 22, 82, 24462 }, // 强
    { 21, 27, 27, 3, 24, 71, 24544 }, // 当
    { 0, 0, 0, 0, 0, 0, 24615 }, // 彔
    { 25, 25, 27, 1, 22, 79, 24615 }, // 录
    { 26, 26, 27, 1, 23, 85, 24694 }, // 影
    { 0, 0, 0, 0, 0, 0, 24779 }, // 彲
    { 0, 0, 0, 0, 0, 0, 24779 }, // 彳
    { 0, 0, 0, 0, 0, 0, 24779 }, // 彴
    { 0, 0, 0, 0, 0, 0, 24779 }, // 彵
    { 0, 0, 0, 0, 0, 0, 24779 }, // 彶
    { 0, 0, 0, 0, 0, 0, 24779 }, // 彷
    { 0, 0, 0, 0, 0, 0, 24779 }, // 彸
    { 0, 0, 0, 0, 0, 0, 24779 }, // 役
    { 0, 0, 0, 0, 0, 0, 24779 }, // 彺
    { 0, 0, 0, 0, 0, 0, 24779 }, // 彻
    { 0, 0, 0, 0, 0, 0, 24779 }, // 彼
    { 0, 0, 0, 0, 0, 0, 24779 }, // 彽
    { 0, 0, 0, 0, 0, 0, 24779 }, // 彾
    { 0, 0, 0, 0, 0, 0, 24779 }, // 彿
    { 0, 0, 0, 0, 0, 0, 24779 }, // 往
    { 0, 0, 0, 0, 0, 0, 24779 }, // 征
    { 0, 0, 0, 0, 0, 0, 24779 }, // 徂
    { 0, 0, 0, 0, 0, 0, 24779 }, // 徃
    { 26, 27, 27, 0, 24, 88, 24779 }, // 径
    { 27, 27, 27, 0, 24, 92, 24867 }, // 待
    { 0, 0, 0, 0, 0, 0, 24959 }, // 徆
    { 0, 0, 0, 0, 0, 0, 24959 }, // 徇
    { 0, 0, 0, 0, 0, 0, 24959 }, // 很
    { 0, 0, 0, 0, 0, 0, 24959 }, // 徉
    { 0, 0, 0, 0, 0, 0, 24959 }, // 徊
    { 0, 0, 0, 0, 0, 0, 24959 }, // 律
    { 27, 27, 27, 0, 24, 92, 24959 }, // 後
    { 0, 0, 0, 0, 0, 0, 25051 }, // 徍
    { 0, 0, 0, 0, 0, 0, 25051 }, // 徎
    { 0, 0, 0, 0, 0, 0, 25051 }, // 徏
    { 0, 0, 0, 0, 0, 0, 25051 }, // 徐
    { 27, 27, 27, 0, 24, 92, 25051 }, // 徑
    { 27, 27, 27, 0, 24, 92, 25143 }, // 徒
    { 0, 0, 0, 0, 0, 0, 25235 }, // 従
    { 0, 0, 0, 0, 0, 0, 25235 }, // 徔
    { 0, 0, 0, 0, 0, 0, 25235 }, // 徕
    { 0, 0, 0, 0, 0, 0, 25235 }, // 徖
    { 0, 0, 0, 0, 0, 0, 25235 }, // 得
    { 0, 0, 0, 0, 0, 0, 25235 }, // 徘
    { 0, 0, 0, 0, 0, 0, 25235 }, // 徙
    { 0, 0, 0, 0, 0, 0, 25235 }, // 徚
    { 0, 0, 0, 0, 0, 0, 25235 }, // 徛
    { 0, 0, 0, 0, 0, 0, 25235 }, // 徜
    { 0, 0, 0, 0, 0, 0, 25235 }, // 徝
    { 27, 27, 27, 0, 24, 92, 25235 }, // 從
    { 0, 0, 0, 0, 0, 0, 25327 }, // 徟
    { 0, 0, 0, 0, 0, 0, 25327 }, // 徠
    { 0, 0, 0, 0, 0, 0, 25327 }, // 御
    { 0, 0, 0, 0, 0, 0, 25327 }, // 徢
    { 0, 0, 0, 0, 0, 0, 25327 }, // 徣
    { 0, 0, 0, 0, 0, 0, 25327 }, // 徤
    { 0, 0, 0, 0, 0, 0, 25327 }, // 徥
    { 0, 0, 0, 0, 0, 0, 25327 }, // 徦
    { 0, 0, 0, 0, 0, 0, 25327 }, // 徧
    { 0, 0, 0, 0, 0, 0, 25327 }, // 徨
    { 27, 27, 27, 0, 24, 92, 25327 }, // 復
    { 0, 0, 0, 0, 0, 0, 25419 }, // 循
    { 0, 0, 0, 0, 0, 0, 25419 }, // 徫
    { 0, 0, 0, 0, 0, 0, 25419 }, // 徬
    { 0, 0, 0, 0, 0, 0, 25419 }, // 徭
    { 27, 27, 27, 0, 24, 92, 25419 }, // 微
    { 0, 0, 0, 0, 0, 0, 25511 }, // 徯
    { 0, 0, 0, 0, 0, 0, 25511 }, // 徰
    { 0, 0, 0, 0, 0, 0, 25511 }, // 徱
    { 0, 0, 0, 0, 0, 0, 25511 }, // 徲
    { 0, 0, 0, 0, 0, 0, 25511 }, // 徳
    { 0, 0, 0, 0, 0, 0, 25511 }, // 徴
    { 0, 0, 0, 0, 0, 0, 25511 }, // 徵
    { 0, 0, 0, 0, 0, 0, 25511 }, // 徶
    { 27, 27, 27, 0, 24, 92, 25511 }, // 德
    { 0, 0, 0, 0, 0, 0, 25603 }, // 徸
    { 0, 0, 0, 0, 0, 0, 25603 }, // 徹
    { 0, 0, 0, 0, 0, 0, 25603 }, // 徺
    { 0, 0, 0, 0, 0, 0, 25603 }, // 徻
    { 0, 0, 0, 0, 0, 0, 25603 }, // 徼
    { 0, 0, 0, 0, 0, 0, 25603 }, // 徽
    { 0, 0, 0, 0, 0, 0, 25603 }, // 徾
    { 0, 0, 0, 0, 0, 0, 25603 }, // 徿
    { 0, 0, 0, 0, 0, 0, 25603 }, // 忀
    { 0, 0, 0, 0, 0, 0, 25603 }, // 忁
    { 0, 0, 0, 0, 0, 0, 25603 }, // 忂
    { 26, 25, 27, 1, 23, 82, 25603 }, // 心
    { 0, 0, 0, 0, 0, 0, 25685 }, // 忄
    { 27, 27, 27, 0, 24, 92, 25685 }, // 必
    { 0, 0, 0, 0, 0, 0, 25777 }, // 忆
    { 0, 0, 0, 0, 0, 0, 25777 }, // 忇
    { 0, 0, 0, 0, 0, 0, 25777 }, // 忈
    { 0, 0, 0, 0, 0, 0, 25777 }, // 忉
    { 0, 0, 0, 0, 0, 0, 25777 }, // 忊
    { 0, 0, 0, 0, 0, 0, 25777 }, // 忋
    { 0, 0, 0, 0, 0, 0, 25777 }, // 忌
    { 0, 0, 0, 0, 0, 0, 25777 }, // 忍
    { 0, 0, 0, 0, 0, 0, 25777 }, // 忎
    { 0, 0, 0, 0, 0, 0, 25777 }, // 忏
    { 0, 0, 0, 0, 0, 0, 25777 }, // 忐
    { 0, 0, 0, 0, 0, 0, 25777 }, // 忑
    { 0, 0, 0, 0, 0, 0, 25777 }, // 忒
    { 0, 0, 0, 0, 0, 0, 25777 }, // 忓
    { 0, 0, 0, 0, 0, 0, 25777 }, // 忔
    { 0, 0, 0, 0, 0, 0, 25777 }, // 忕
    { 0, 0, 0, 0, 0, 0, 25777 }, // 忖
    { 25, 26, 27, 1, 24, 82, 25777 }, // 志
    { 0, 0, 0, 0, 0, 0, 25859 }, // 忘
    { 27, 27, 27, 0, 24, 92, 25859 }, // 忙
    { 0, 0, 0, 0, 0, 0, 25951 }, // 忚
    { 0, 0, 0, 0, 0, 0, 25951 }, // 忛
    { 0, 0, 0, 0, 0, 0, 25951 }, // 応
    { 0, 0, 0, 0, 0, 0, 25951 }, // 忝
    { 0, 0, 0, 0, 0, 0, 25951 }, // 忞
    { 0, 0, 0, 0, 0, 0, 25951 }, // 忟
    { 0, 0, 0, 0, 0, 0, 25951 }, // 忠
    { 0, 0, 0, 0, 0, 0, 25951 }, // 忡
    { 0, 0, 0, 0, 0, 0, 25951 }, // 忢
    { 0, 0, 0, 0, 0, 0, 25951 }, // 忣
    { 0, 0, 0, 0, 0, 0, 25951 }, // 忤
    { 0, 0, 0, 0, 0, 0, 25951 }, // 忥
    { 0, 0, 0, 0, 0, 0, 25951 }, // 忦
    { 0, 0, 0, 0, 0, 0, 25951 }, // 忧
    { 0, 0, 0, 0, 0, 0, 25951 }, // 忨
    { 0, 0, 0, 0, 0, 0, 25951 }, // 忩
    { 0, 0, 0, 0, 0, 0, 25951 }, // 忪
    { 27, 27, 27, 0, 24, 92, 25951 }, // 快
    { 0, 0, 0, 0, 0, 0, 26043 }, // 忬
    { 0, 0, 0, 0, 0, 0, 26043 }, // 忭
    { 0, 0, 0, 0, 0, 0, 26043 }, // 忮
    { 0, 0, 0, 0, 0, 0, 26043 }, // 忯
    { 0, 0, 0, 0, 0, 0, 26043 }, // 忰
    { 0, 0, 0, 0, 0, 0, 26043 }, // 忱
    { 0, 0, 0, 0, 0, 0, 26043 }, // 忲
    { 0, 0, 0, 0, 0, 0, 26043 }, // 忳
    { 0, 0, 0, 0, 0, 0, 26043 }, // 忴
    { 0, 0, 0, 0, 0, 0, 26043 }, // 念
    { 0, 0, 0, 0, 0, 0, 26043 }, // 忶
    { 0, 0, 0, 0, 0, 0, 26043 }, // 忷
    { 0, 0, 0, 0, 0, 0, 26043 }, // 忸
    { 0, 0, 0, 0, 0, 0, 26043 }, // 忹
    { 0, 0, 0, 0, 0, 0, 26043 }, // 忺
    { 0, 0, 0, 0, 0, 0, 26043 }, // 忻
    { 0, 0, 0, 0, 0, 0, 26043 }, // 忼
    { 25, 26, 27, 1, 24, 82, 26043 }, // 忽
    { 0, 0, 0, 0, 0, 0, 26125 }, // 忾
    { 0, 0, 0, 0, 0, 0, 26125 }, // 忿
    { 0, 0, 0, 0, 0, 0, 26125 }, // 怀
    { 25, 26, 27, 1, 24, 82, 26125 }, // 态
    { 0, 0, 0, 0, 0, 0, 26207 }, // 怂
    { 0, 0, 0, 0, 0, 0, 26207 }, // 怃
    { 0, 0, 0, 0, 0, 0, 26207 }, // 怄
    { 0, 0, 0, 0, 0, 0, 26207 }, // 怅
    { 0, 0, 0, 0, 0, 0, 26207 }, // 怆
    { 0, 0, 0, 0, 0, 0, 26207 }, // 怇
    { 0, 0, 0, 0, 0, 0, 26207 }, // 怈
    { 0, 0, 0, 0, 0, 0, 26207 }, // 怉
    { 0, 0, 0, 0, 0, 0, 26207 }, // 怊
    { 0, 0, 0, 0, 0, 0, 26207 }, // 怋
    { 0, 0, 0, 0, 0, 0, 26207 }, // 怌
    { 0, 0, 0, 0, 0, 0, 26207 }, // 怍
    { 0, 0, 0, 0, 0, 0, 26207 }, // 怎
    { 0, 0, 0, 0, 0, 0, 26207 }, // 怏
    { 0, 0, 0, 0, 0, 0, 26207 }, // 怐
    { 0, 0, 0, 0, 0, 0, 26207 }, // 怑
    { 0, 0, 0, 0, 0, 0, 26207 }, // 怒
    { 0, 0, 0, 0, 0, 0, 26207 }, // 怓
    { 0, 0, 0, 0, 0, 0, 26207 }, // 怔
    { 25, 27, 27, 1, 24, 85, 26207 }, // 怕
    { 25, 26, 27, 1, 24, 82, 26292 }, // 总
    { 25, 27, 27, 1, 24, 85, 26374 }, // 恢
    { 0, 0, 0, 0, 0, 0, 26459 }, // 恣
    { 0, 0, 0, 0, 0, 0, 26459 }, // 恤
    { 27, 26, 27, 0, 23, 88, 26459 }, // 恥
    { 0, 0, 0, 0, 0, 0, 26547 }, // 恦
    { 0, 0, 0, 0, 0, 0, 26547 }, // 恧
    { 0, 0, 0, 0, 0, 0, 26547 }, // 恨
    { 0, 0, 0, 0, 0, 0, 26547 }, // 恩
    { 0, 0, 0, 0, 0, 0, 26547 }, // 恪
    { 0, 0, 0, 0, 0, 0, 26547 }, // 恫
    { 0, 0, 0, 0, 0, 0, 26547 }, // 恬
    { 0, 0, 0, 0, 0, 0, 26547 }, // 恭
    { 0, 0, 0, 0, 0, 0, 26547 }, // 恮
    { 25, 26, 27, 1, 24, 82, 26547 }, // 息
    { 26, 26, 27, 0, 24, 85, 26629 }, // 您
    { 0, 0, 0, 0, 0, 0, 26714 }, // 悩
    { 0, 0, 0, 0, 0, 0, 26714 }, // 悪
    { 0, 0, 0, 0, 0, 0, 26714 }, // 悫
    { 0, 0, 0, 0, 0, 0, 26714 }, // 悬
    { 0, 0, 0, 0, 0, 0, 26714 }, // 悭
    { 0, 0, 0, 0, 0, 0, 26714 }, // 悮
    { 0, 0, 0, 0, 0, 0, 26714 }, // 悯
    { 0, 0, 0, 0, 0, 0, 26714 }, // 悰
    { 0, 0, 0, 0, 0, 0, 26714 }, // 悱
    { 25, 26, 27, 1, 24, 82, 26714 }, // 悲
    { 26, 26, 27, 0, 24, 85, 26796 }, // 想
    { 25, 26, 27, 1, 24, 82, 26881 }, // 意
    { 26, 25, 27, 1, 23, 82, 26963 }, // 憑
    { 26, 27, 27, 0, 24, 88, 27045 }, // 應
    { 26, 27, 27, 0, 24, 88, 27133 }, // 成
    { 26, 27, 27, 1, 24, 88, 27221 }, // 我
    { 0, 0, 0, 0, 0, 0, 27309 }, // 戒
    { 0, 0, 0, 0, 0, 0, 27309 }, // 戓
    { 0, 0, 0, 0, 0, 0, 27309 }, // 戔
    { 0, 0, 0, 0, 0, 0, 27309 }, // 戕
    { 26, 27, 27, 1, 24, 88, 27309 }, // 或
    { 0, 0, 0, 0, 0, 0, 27397 }, // 戗
    { 0, 0, 0, 0, 0, 0, 27397 }, // 战
    { 0, 0, 0, 0, 0, 0, 27397 }, // 戙
    { 0, 0, 0, 0, 0, 0, 27397 }, // 戚
    { 0, 0, 0, 0, 0, 0, 27397 }, // 戛
    { 0, 0, 0, 0, 0, 0, 27397 }, // 戜
    { 0, 0, 0, 0, 0, 0, 27397 }, // 戝
    { 0, 0, 0, 0, 0, 0, 27397 }, // 戞
    { 0, 0, 0, 0, 0, 0, 27397 }, // 戟
    { 0, 0, 0, 0, 0, 0, 27397 }, // 戠
    { 0, 0, 0, 0, 0, 0, 27397 }, // 戡
    { 0, 0, 0, 0, 0, 0, 27397 }, // 戢
    { 0, 0, 0, 0, 0, 0, 27397 }, // 戣
    { 0, 0, 0, 0, 0, 0, 27397 }, // 戤
    { 0, 0, 0, 0, 0, 0, 27397 }, // 戥
    { 0, 0, 0, 0, 0, 0, 27397 }, // 戦
    { 0, 0, 0, 0, 0, 0, 27397 }, // 戧
    { 0, 0, 0, 0, 0, 0, 27397 }, // 戨
    { 0, 0, 0, 0, 0, 0, 27397 }, // 戩
    { 25, 27, 27, 1, 24, 85, 27397 }, // 截
    { 0, 0, 0, 0, 0, 0, 27482 }, // 戫
    { 0, 0, 0, 0, 0, 0, 27482 }, // 戬
    { 0, 0, 0, 0, 0, 0, 27482 }, // 戭
    { 0, 0, 0, 0, 0, 0, 27482 }, // 戮
    { 0, 0, 0, 0, 0, 0, 27482 }, // 戯
    { 0, 0, 0, 0, 0, 0, 27482 }, // 戰
    { 0, 0, 0, 0, 0, 0, 27482 }, // 戱
    { 0, 0, 0, 0, 0, 0, 27482 }, // 戲
    { 0, 0, 0, 0, 0, 0, 27482 }, // 戳
    { 0, 0, 0, 0, 0, 0, 27482 }, // 戴
    { 0, 0, 0, 0, 0, 0, 27482 }, // 戵
    { 23, 27, 27, 0, 24, 78, 27482 }, // 戶
    { 23, 27, 27, 0, 24, 78, 27560 }, // 户
    { 0, 0, 0, 0, 0, 0, 27638 }, // 戸
    { 0, 0, 0, 0, 0, 0, 27638 }, // 戹
    { 0, 0, 0, 0, 0, 0, 27638 }, // 戺
    { 0, 0, 0, 0, 0, 0, 27638 }, // 戻
    { 0, 0, 0, 0, 0, 0, 27638 }, // 戼
    { 0, 0, 0, 0, 0, 0, 27638 }, // 戽
    { 0, 0, 0, 0, 0, 0, 27638 }, // 戾
    { 0, 0, 0, 0, 0, 0, 27638 }, // 房
    { 26, 27, 27, 0, 24, 88, 27638 }, // 所
    { 0, 0, 0, 0, 0, 0, 27726 }, // 扁
    { 0, 0, 0, 0, 0, 0, 27726 }, // 扂
    { 0, 0, 0, 0, 0, 0, 27726 }, // 扃
    { 0, 0, 0, 0, 0, 0, 27726 }, // 扄
    { 0, 0, 0, 0, 0, 0, 27726 }, // 扅
    { 0, 0, 0, 0, 0, 0, 27726 }, // 扆
    { 0, 0, 0, 0, 0, 0, 27726 }, // 扇
    { 0, 0, 0, 0, 0, 0, 27726 }, // 扈
    { 0, 0, 0, 0, 0, 0, 27726 }, // 扉
    { 0, 0, 0, 0, 0, 0, 27726 }, // 扊
    { 25, 27, 27, 1, 24, 85, 27726 }, // 手
    { 0, 0, 0, 0, 0, 0, 27811 }, // 扌
    { 26, 27, 27, 0, 24, 88, 27811 }, // 才
    { 0, 0, 0, 0, 0, 0, 27899 }, // 扎
    { 0, 0, 0, 0, 0, 0, 27899 }, // 扏
    { 0, 0, 0, 0, 0, 0, 27899 }, // 扐
    { 0, 0, 0, 0, 0, 0, 27899 }, // 扑
    { 0, 0, 0, 0, 0, 0, 27899 }, // 扒
    { 26, 27, 27, 1, 24, 88, 27899 }, // 打
    { 25, 27, 27, 1, 24, 85, 27987 }, // 扩
    { 0, 0, 0, 0, 0, 0, 28072 }, // 扪
    { 24, 27, 27, 1, 24, 81, 28072 }, // 扫
    { 0, 0, 0, 0, 0, 0, 28153 }, // 扬
    { 0, 0, 0, 0, 0, 0, 28153 }, // 扭
    { 0, 0, 0, 0, 0, 0, 28153 }, // 扮
    { 0, 0, 0, 0, 0, 0, 28153 }, // 扯
    { 0, 0, 0, 0, 0, 0, 28153 }, // 扰
    { 0, 0, 0, 0, 0, 0, 28153 }, // 扱
    { 0, 0, 0, 0, 0, 0, 28153 }, // 扲
    { 0, 0, 0, 0, 0, 0, 28153 }, // 扳
    { 0, 0, 0, 0, 0, 0, 28153 }, // 扴
    { 0, 0, 0, 0, 0, 0, 28153 }, // 扵
    { 0, 0, 0, 0, 0, 0, 28153 }, // 扶
    { 0, 0, 0, 0, 0, 0, 28153 }, // 扷
    { 0, 0, 0, 0, 0, 0, 28153 }, // 扸
    { 0, 0, 0, 0, 0, 0, 28153 }, // 批
    { 0, 0, 0, 0, 0, 0, 28153 }, // 扺
    { 0, 0, 0, 0, 0, 0, 28153 }, // 扻
    { 0, 0, 0, 0, 0, 0, 28153 }, // 扼
    { 0, 0, 0, 0, 0, 0, 28153 }, // 扽
    { 27, 27, 27, 0, 24, 92, 28153 }, // 找
    { 27, 27, 27, 0, 24, 92, 28245 }, // 抗
    { 26, 26, 27, 0, 24, 85, 28337 }, // 拒
    { 27, 27, 27, 0, 24, 92, 28422 }, // 择
    { 0, 0, 0, 0, 0, 0, 28514 }, // 拪
    { 0, 0, 0, 0, 0, 0, 28514 }, // 拫
    { 27, 27, 27, 0, 24, 92, 28514 }, // 括
    { 0, 0, 0, 0, 0, 0, 28606 }, // 拭
    { 0, 0, 0, 0, 0, 0, 28606 }, // 拮
    { 0, 0, 0, 0, 0, 0, 28606 }, // 拯
    { 0, 0, 0, 0, 0, 0, 28606 }, // 拰
    { 0, 0, 0, 0, 0, 0, 28606 }, // 拱
    { 0, 0, 0, 0, 0, 0, 28606 }, // 拲
    { 0, 0, 0, 0, 0, 0, 28606 }, // 拳
    { 0, 0, 0, 0, 0, 0, 28606 }, // 拴
    { 0, 0, 0, 0, 0, 0, 28606 }, // 拵
    { 0, 0, 0, 0, 0, 0, 28606 }, // 拶
    { 27, 27, 27, 0, 24, 92, 28606 }, // 拷
    { 0, 0, 0, 0, 0, 0, 28698 }, // 拸
    { 0, 0, 0, 0, 0, 0, 28698 }, // 拹
    { 0, 0, 0, 0, 0, 0, 28698 }, // 拺
    { 0, 0, 0, 0, 0, 0, 28698 }, // 拻
    { 0, 0, 0, 0, 0, 0, 28698 }, // 拼
    { 0, 0, 0, 0, 0, 0, 28698 }, // 拽
    { 0, 0, 0, 0, 0, 0, 28698 }, // 拾
    { 0, 0, 0, 0, 0, 0, 28698 }, // 拿
    { 0, 0, 0, 0, 0, 0, 28698 }, // 挀
    { 26, 27, 27, 0, 24, 88, 28698 }, // 持
    { 0, 0, 0, 0, 0, 0, 28786 }, // 挂
    { 0, 0, 0, 0, 0, 0, 28786 }, // 挃
    { 0, 0, 0, 0, 0, 0, 28786 }, // 挄
    { 0, 0, 0, 0, 0, 0, 28786 }, // 挅
    { 0, 0, 0, 0, 0, 0, 28786 }, // 挆
    { 0, 0, 0, 0, 0, 0, 28786 }, // 指
    { 0, 0, 0, 0, 0, 0, 28786 }, // 挈
    { 26, 27, 27, 0, 24, 88, 28786 }, // 按
    { 26, 27, 27, 0, 24, 88, 28874 }, // 捕
    { 0, 0, 0, 0, 0, 0, 28962 }, // 捖
    { 0, 0, 0, 0, 0, 0, 28962 }, // 捗
    { 0, 0, 0, 0, 0, 0, 28962 }, // 捘
    { 0, 0, 0, 0, 0, 0, 28962 }, // 捙
    { 0, 0, 0, 0, 0, 0, 28962 }, // 捚
    { 0, 0, 0, 0, 0, 0, 28962 }, // 捛
    { 0, 0, 0, 0, 0, 0, 28962 }, // 捜
    { 0, 0, 0, 0, 0, 0, 28962 }, // 捝
    { 0, 0, 0, 0, 0, 0, 28962 }, // 捞
    { 0, 0, 0, 0, 0, 0, 28962 }, // 损
    { 0, 0, 0, 0, 0, 0, 28962 }, // 捠
    { 0, 0, 0, 0, 0, 0, 28962 }, // 捡
    { 27, 27, 27, 0, 24, 92, 28962 }, // 换
    { 0, 0, 0, 0, 0, 0, 29054 }, // 捣
    { 0, 0, 0, 0, 0, 0, 29054 }, // 捤
    { 0, 0, 0, 0, 0, 0, 29054 }, // 捥
    { 0, 0, 0, 0, 0, 0, 29054 }, // 捦
    { 0, 0, 0, 0, 0, 0, 29054 }, // 捧
    { 26, 27, 27, 1, 24, 88, 29054 }, // 捨
    { 0, 0, 0, 0, 0, 0, 29142 }, // 捩
    { 0, 0, 0, 0, 0, 0, 29142 }, // 捪
    { 0, 0, 0, 0, 0, 0, 29142 }, // 捫
    { 0, 0, 0, 0, 0, 0, 29142 }, // 捬
    { 0, 0, 0, 0, 0, 0, 29142 }, // 捭
    { 26, 27, 27, 0, 24, 88, 29142 }, // 据
    { 0, 0, 0, 0, 0, 0, 29230 }, // 捯
    { 0, 0, 0, 0, 0, 0, 29230 }, // 捰
    { 0, 0, 0, 0, 0, 0, 29230 }, // 捱
    { 0, 0, 0, 0, 0, 0, 29230 }, // 捲
    { 0, 0, 0, 0, 0, 0, 29230 }, // 捳
    { 0, 0, 0, 0, 0, 0, 29230 }, // 捴
    { 0, 0, 0, 0, 0, 0, 29230 }, // 捵
    { 0, 0, 0, 0, 0, 0, 29230 }, // 捶
    { 0, 0, 0, 0, 0, 0, 29230 }, // 捷
    { 0, 0, 0, 0, 0, 0, 29230 }, // 捸
    { 0, 0, 0, 0, 0, 0, 29230 }, // 捹
    { 0, 0, 0, 0, 0, 0, 29230 }, // 捺
    { 0, 0, 0, 0, 0, 0, 29230 }, // 捻
    { 0, 0, 0, 0, 0, 0, 29230 }, // 捼
    { 0, 0, 0, 0, 0, 0, 29230 }, // 捽
    { 0, 0, 0, 0, 0, 0, 29230 }, // 捾
    { 0, 0, 0, 0, 0, 0, 29230 }, // 捿
    { 0, 0, 0, 0, 0, 0, 29230 }, // 掀
    { 0, 0, 0, 0, 0, 0, 29230 }, // 掁
    { 0, 0, 0, 0, 0, 0, 29230 }, // 掂
    { 26, 27, 27, 0, 24, 88, 29230 }, // 掃
    { 27, 27, 27, 0, 24, 92, 29318 }, // 接
    { 0, 0, 0, 0, 0, 0, 29410 }, // 掦
    { 27, 27, 27, 0, 24, 92, 29410 }, // 控
    { 26, 27, 27, 0, 24, 88, 29502 }, // 推
    { 26, 27, 27, 0, 24, 88, 29590 }, // 描
    { 27, 27, 27, 0, 24, 92, 29678 }, // 提
    { 0, 0, 0, 0, 0, 0, 29770 }, // 揑
    { 0, 0, 0, 0, 0, 0, 29770 }, // 插
    { 0, 0, 0, 0, 0, 0, 29770 }, // 揓
    { 0, 0, 0, 0, 0, 0, 29770 }, // 揔
    { 0, 0, 0, 0, 0, 0, 29770 }, // 揕
    { 0, 0, 0, 0, 0, 0, 29770 }, // 揖
    { 0, 0, 0, 0, 0, 0, 29770 }, // 揗
    { 0, 0, 0, 0, 0, 0, 29770 }, // 揘
    { 0, 0, 0, 0, 0, 0, 29770 }, // 揙
    { 0, 0, 0, 0, 0, 0, 29770 }, // 揚
    { 27, 27, 27, 0, 24, 92, 29770 }, // 換
    { 26, 27, 27, 1, 24, 88, 29862 }, // 搜
    { 26, 27, 27, 0, 24, 88, 29950 }, // 擇
    { 0, 0, 0, 0, 0, 0, 30038 }, // 擈
    { 0, 0, 0, 0, 0, 0, 30038 }, // 擉
    { 26, 27, 27, 1, 24, 88, 30038 }, // 擊
    { 0, 0, 0, 0, 0, 0, 30126 }, // 擋
    { 0, 0, 0, 0, 0, 0, 30126 }, // 擌
    { 26, 27, 27, 1, 24, 88, 30126 }, // 操
    { 0, 0, 0, 0, 0, 0, 30214 }, // 擎
    { 0, 0, 0, 0, 0, 0, 30214 }, // 擏
    { 0, 0, 0, 0, 0, 0, 30214 }, // 擐
    { 0, 0, 0, 0, 0, 0, 30214 }, // 擑
    { 0, 0, 0, 0, 0, 0, 30214 }, // 擒
    { 0, 0, 0, 0, 0, 0, 30214 }, // 擓
    { 0, 0, 0, 0, 0, 0, 30214 }, // 擔
    { 0, 0, 0, 0, 0, 0, 30214 }, // 擕
    { 0, 0, 0, 0, 0, 0, 30214 }, // 擖
    { 0, 0, 0, 0, 0, 0, 30214 }, // 擗
    { 0, 0, 0, 0, 0, 0, 30214 }, // 擘
    { 0, 0, 0, 0, 0, 0, 30214 }, // 擙
    { 27, 27, 27, 0, 24, 92, 30214 }, // 據
    { 27, 27, 27, 0, 24, 92, 30306 }, // 擴
    { 27, 27, 27, 0, 24, 92, 30398 }, // 支
    { 0, 0, 0, 0, 0, 0, 30490 }, // 攰
    { 0, 0, 0, 0, 0, 0, 30490 }, // 攱
    { 0, 0, 0, 0, 0, 0, 30490 }, // 攲
    { 0, 0, 0, 0, 0, 0, 30490 }, // 攳
    { 0, 0, 0, 0, 0, 0, 30490 }, // 攴
    { 0, 0, 0, 0, 0, 0, 30490 }, // 攵
    { 26, 27, 27, 1, 24, 88, 30490 }, // 收
    { 0, 0, 0, 0, 0, 0, 30578 }, // 攷
    { 0, 0, 0, 0, 0, 0, 30578 }, // 攸
    { 26, 27, 27, 1, 24, 88, 30578 }, // 改
    { 0, 0, 0, 0, 0, 0, 30666 }, // 攺
    { 0, 0, 0, 0, 0, 0, 30666 }, // 攻
    { 0, 0, 0, 0, 0, 0, 30666 }, // 攼
    { 0, 0, 0, 0, 0, 0, 30666 }, // 攽
    { 27, 27, 27, 0, 24, 92, 30666 }, // 放
    { 0, 0, 0, 0, 0, 0, 30758 }, // 政
    { 0, 0, 0, 0, 0, 0, 30758 }, // 敀
    { 0, 0, 0, 0, 0, 0, 30758 }, // 敁
    { 0, 0, 0, 0, 0, 0, 30758 }, // 敂
    { 0, 0, 0, 0, 0, 0, 30758 }, // 敃
    { 0, 0, 0, 0, 0, 0, 30758 }, // 敄
    { 26, 27, 27, 1, 24, 88, 30758 }, // 故
    { 0, 0, 0, 0, 0, 0, 30846 }, // 敆
    { 0, 0, 0, 0, 0, 0, 30846 }, // 敇
    { 27, 27, 27, 0, 24, 92, 30846 }, // 效
    { 0, 0, 0, 0, 0, 0, 30938 }, // 敉
    { 0, 0, 0, 0, 0, 0, 30938 }, // 敊
    { 0, 0, 0, 0, 0, 0, 30938 }, // 敋
    { 0, 0, 0, 0, 0, 0, 30938 }, // 敌
    { 0, 0, 0, 0, 0, 0, 30938 }, // 敍
    { 0, 0, 0, 0, 0, 0, 30938 }, // 敎
    { 27, 27, 27, 0, 24, 92, 30938 }, // 敏
    { 0, 0, 0, 0, 0, 0, 31030 }, // 敐
    { 0, 0, 0, 0, 0, 0, 31030 }, // 救
    { 0, 0, 0, 0, 0, 0, 31030 }, // 敒
    { 0, 0, 0, 0, 0, 0, 31030 }, // 敓
    { 0, 0, 0, 0, 0, 0, 31030 }, // 敔
    { 0, 0, 0, 0, 0, 0, 31030 }, // 敕
    { 0, 0, 0, 0, 0, 0, 31030 }, // 敖
    { 27, 27, 27, 0, 24, 92, 31030 }, // 敗
    { 26, 27, 27, 1, 24, 88, 31122 }, // 数
    { 0, 0, 0, 0, 0, 0, 31210 }, // 敱
    { 26, 27, 27, 1, 24, 88, 31210 }, // 敲
    { 0, 0, 0, 0, 0, 0, 31298 }, // 敳
    { 26, 26, 27, 1, 24, 85, 31298 }, // 整
    { 0, 0, 0, 0, 0, 0, 31383 }, // 敵
    { 0, 0, 0, 0, 0, 0, 31383 }, // 敶
    { 0, 0, 0, 0, 0, 0, 31383 }, // 敷
    { 26, 27, 27, 1, 24, 88, 31383 }, // 數
    { 0, 0, 0, 0, 0, 0, 31471 }, // 敹
    { 0, 0, 0, 0, 0, 0, 31471 }, // 敺
    { 0, 0, 0, 0, 0, 0, 31471 }, // 敻
    { 0, 0, 0, 0, 0, 0, 31471 }, // 敼
    { 0, 0, 0, 0, 0, 0, 31471 }, // 敽
    { 0, 0, 0, 0, 0, 0, 31471 }, // 敾
    { 0, 0, 0, 0, 0, 0, 31471 }, // 敿
    { 0, 0, 0, 0, 0, 0, 31471 }, // 斀
    { 0, 0, 0, 0, 0, 0, 31471 }, // 斁
    { 0, 0, 0, 0, 0, 0, 31471 }, // 斂
    { 0, 0, 0, 0, 0, 0, 31471 }, // 斃
    { 0, 0, 0, 0, 0, 0, 31471 }, // 斄
    { 0, 0, 0, 0, 0, 0, 31471 }, // 斅
    { 0, 0, 0, 0, 0, 0, 31471 }, // 斆
    { 27, 27, 27, 0, 24, 92, 31471 }, // 文
    { 0, 0, 0, 0, 0, 0, 31563 }, // 斈
    { 0, 0, 0, 0, 0, 0, 31563 }, // 斉
    { 0, 0, 0, 0, 0, 0, 31563 }, // 斊
    { 0, 0, 0, 0, 0, 0, 31563 }, // 斋
    { 0, 0, 0, 0, 0, 0, 31563 }, // 斌
    { 0, 0, 0, 0, 0, 0, 31563 }, // 斍
    { 0, 0, 0, 0, 0, 0, 31563 }, // 斎
    { 0, 0, 0, 0, 0, 0, 31563 }, // 斏
    { 0, 0, 0, 0, 0, 0, 31563 }, // 斐
    { 0, 0, 0, 0, 0, 0, 31563 }, // 斑
    { 0, 0, 0, 0, 0, 0, 31563 }, // 斒
    { 0, 0, 0, 0, 0, 0, 31563 }, // 斓
    { 0, 0, 0, 0, 0, 0, 31563 }, // 斔
    { 0, 0, 0, 0, 0, 0, 31563 }, // 斕
    { 0, 0, 0, 0, 0, 0, 31563 }, // 斖
    { 0, 0, 0, 0, 0, 0, 31563 }, // 斗
    { 0, 0, 0, 0, 0, 0, 31563 }, // 斘
    { 0, 0, 0, 0, 0, 0, 31563 }, // 料
    { 0, 0, 0, 0, 0, 0, 31563 }, // 斚
    { 0, 0, 0, 0, 0, 0, 31563 }, // 斛
    { 27, 27, 27, 0, 24, 92, 31563 }, // 斜
    { 0, 0, 0, 0, 0, 0, 31655 }, // 斝
    { 0, 0, 0, 0, 0, 0, 31655 }, // 斞
    { 0, 0, 0, 0, 0, 0, 31655 }, // 斟
    { 0, 0, 0, 0, 0, 0, 31655 }, // 斠
    { 0, 0, 0, 0, 0, 0, 31655 }, // 斡
    { 0, 0, 0, 0, 0, 0, 31655 }, // 斢
    { 0, 0, 0, 0, 0, 0, 31655 }, // 斣
    { 0, 0, 0, 0, 0, 0, 31655 }, // 斤
    { 0, 0, 0, 0, 0, 0, 31655 }, // 斥
    { 0, 0, 0, 0, 0, 0, 31655 }, // 斦
    { 0, 0, 0, 0, 0, 0, 31655 }, // 斧
    { 0, 0, 0, 0, 0, 0, 31655 }, // 斨
    { 0, 0, 0, 0, 0, 0, 31655 }, // 斩
    { 0, 0, 0, 0, 0, 0, 31655 }, // 斪
    { 0, 0, 0, 0, 0, 0, 31655 }, // 斫
    { 0, 0, 0, 0, 0, 0, 31655 }, // 斬
    { 25, 27, 27, 2, 24, 85, 31655 }, // 断
    { 0, 0, 0, 0, 0, 0, 31740 }, // 斮
    { 0, 0, 0, 0, 0, 0, 31740 }, // 斯
    { 25, 27, 27, 1, 24, 85, 31740 }, // 新
    { 0, 0, 0, 0, 0, 0, 31825 }, // 斱
    { 0, 0, 0, 0, 0, 0, 31825 }, // 斲
    { 0, 0, 0, 0, 0, 0, 31825 }, // 斳
    { 0, 0, 0, 0, 0, 0, 31825 }, // 斴
    { 0, 0, 0, 0, 0, 0, 31825 }, // 斵
    { 0, 0, 0, 0, 0, 0, 31825 }, // 斶
    { 24, 27, 27, 2, 24, 81, 31825 }, // 斷
    { 0, 0, 0, 0, 0, 0, 31906 }, // 斸
    { 25, 27, 27, 1, 24, 85, 31906 }, // 方
    { 0, 0, 0, 0, 0, 0, 31991 }, // 斺
    { 0, 0, 0, 0, 0, 0, 31991 }, // 斻
    { 27, 27, 27, 0, 24, 92, 31991 }, // 於
    { 27, 27, 27, 0, 24, 92, 32083 }, // 施
    { 0, 0, 0, 0, 0, 0, 32175 }, // 斾
    { 0, 0, 0, 0, 0, 0, 32175 }, // 斿
    { 0, 0, 0, 0, 0, 0, 32175 }, // 旀
    { 0, 0, 0, 0, 0, 0, 32175 }, // 旁
    { 0, 0, 0, 0, 0, 0, 32175 }, // 旂
    { 0, 0, 0, 0, 0, 0, 32175 }, // 旃
    { 0, 0, 0, 0, 0, 0, 32175 }, // 旄
    { 0, 0, 0, 0, 0, 0, 32175 }, // 旅
    { 0, 0, 0, 0, 0, 0, 32175 }, // 旆
    { 0, 0, 0, 0, 0, 0, 32175 }, // 旇
    { 0, 0, 0, 0, 0, 0, 32175 }, // 旈
    { 0, 0, 0, 0, 0, 0, 32175 }, // 旉
    { 0, 0, 0, 0, 0, 0, 32175 }, // 旊
    { 27, 27, 27, 0, 24, 92, 32175 }, // 旋
    { 0, 0, 0, 0, 0, 0, 32267 }, // 旌
    { 0, 0, 0, 0, 0, 0, 32267 }, // 旍
    { 0, 0, 0, 0, 0, 0, 32267 }, // 旎
    { 0, 0, 0, 0, 0, 0, 32267 }, // 族
    { 0, 0, 0, 0, 0, 0, 32267 }, // 旐
    { 0, 0, 0, 0, 0, 0, 32267 }, // 旑
    { 0, 0, 0, 0, 0, 0, 32267 }, // 旒
    { 0, 0, 0, 0, 0, 0, 32267 }, // 旓
    { 0, 0, 0, 0, 0, 0, 32267 }, // 旔
    { 0, 0, 0, 0, 0, 0, 32267 }, // 旕
    { 0, 0, 0, 0, 0, 0, 32267 }, // 旖
    { 0, 0, 0, 0, 0, 0, 32267 }, // 旗
    { 0, 0, 0, 0, 0, 0, 32267 }, // 旘
    { 0, 0, 0, 0, 0, 0, 32267 }, // 旙
    { 0, 0, 0, 0, 0, 0, 32267 }, // 旚
    { 0, 0, 0, 0, 0, 0, 32267 }, // 旛
    { 0, 0, 0, 0, 0, 0, 32267 }, // 旜
    { 0, 0, 0, 0, 0, 0, 32267 }, // 旝
    { 0, 0, 0, 0, 0, 0, 32267 }, // 旞
    { 0, 0, 0, 0, 0, 0, 32267 }, // 旟
    { 25, 24, 27, 1, 21, 75, 32267 }, // 无
    { 0, 0, 0, 0, 0, 0, 32342 }, // 旡
    { 0, 0, 0, 0, 0, 0, 32342 }, // 既
    { 0, 0, 0, 0, 0, 0, 32342 }, // 旣
    { 0, 0, 0, 0, 0, 0, 32342 }, // 旤
    { 19, 24, 27, 4, 22, 57, 32342 }, // 日
    { 0, 0, 0, 0, 0, 0, 32399 }, // 旦
    { 22, 25, 27, 3, 22, 69, 32399 }, // 旧
    { 0, 0, 0, 0, 0, 0, 32468 }, // 旨
    { 0, 0, 0, 0, 0, 0, 32468 }, // 早
    { 0, 0, 0, 0, 0, 0, 32468 }, // 旪
    { 0, 0, 0, 0, 0, 0, 32468 }, // 旫
    { 0, 0, 0, 0, 0, 0, 32468 }, // 旬
    { 0, 0, 0, 0, 0, 0, 32468 }, // 旭
    { 0, 0, 0, 0, 0, 0, 32468 }, // 旮
    { 0, 0, 0, 0, 0, 0, 32468 }, // 旯
    { 0, 0, 0, 0, 0, 0, 32468 }, // 旰
    { 0, 0, 0, 0, 0, 0, 32468 }, // 旱
    { 0, 0, 0, 0, 0, 0, 32468 }, // 旲
    { 0, 0, 0, 0, 0, 0, 32468 }, // 旳
    { 0, 0, 0, 0, 0, 0, 32468 }, // 旴
    { 0, 0, 0, 0, 0, 0, 32468 }, // 旵
    { 25, 27, 27, 2, 24, 85, 32468 }, // 时
    { 24, 25, 27, 2, 22, 75, 32553 }, // 明
    { 0, 0, 0, 0, 0, 0, 32628 }, // 昏
    { 0, 0, 0, 0, 0, 0, 32628 }, // 昐
    { 0, 0, 0, 0, 0, 0, 32628 }, // 昑
    { 0, 0, 0, 0, 0, 0, 32628 }, // 昒
    { 0, 0, 0, 0, 0, 0, 32628 }, // 易
    { 0, 0, 0, 0, 0, 0, 32628 }, // 昔
    { 0, 0, 0, 0, 0, 0, 32628 }, // 昕
    { 0, 0, 0, 0, 0, 0, 32628 }, // 昖
    { 0, 0, 0, 0, 0, 0, 32628 }, // 昗
    { 0, 0, 0, 0, 0, 0, 32628 }, // 昘
    { 0, 0, 0, 0, 0, 0, 32628 }, // 昙
    { 0, 0, 0, 0, 0, 0, 32628 }, // 昚
    { 0, 0, 0, 0, 0, 0, 32628 }, // 昛
    { 0, 0, 0, 0, 0, 0, 32628 }, // 昜
    { 0, 0, 0, 0, 0, 0, 32628 }, // 昝
    { 0, 0, 0, 0, 0, 0, 32628 }, // 昞
    { 0, 0, 0, 0, 0, 0, 32628 }, // 星
    { 25, 27, 27, 2, 24, 85, 32628 }, // 映
    { 0, 0, 0, 0, 0, 0, 32713 }, // 昡
    { 0, 0, 0, 0, 0, 0, 32713 }, // 昢
    { 0, 0, 0, 0, 0, 0, 32713 }, // 昣
    { 0, 0, 0, 0, 0, 0, 32713 }, // 昤
    { 0, 0, 0, 0, 0, 0, 32713 }, // 春
    { 0, 0, 0, 0, 0, 0, 32713 }, // 昦
    { 0, 0, 0, 0, 0, 0, 32713 }, // 昧
    { 0, 0, 0, 0, 0, 0, 32713 }, // 昨
    { 0, 0, 0, 0, 0, 0, 32713 }, // 昩
    { 0, 0, 0, 0, 0, 0, 32713 }, // 昪
    { 0, 0, 0, 0, 0, 0, 32713 }, // 昫
    { 0, 0, 0, 0, 0, 0, 32713 }, // 昬
    { 0, 0, 0, 0, 0, 0, 32713 }, // 昭
    { 0, 0, 0, 0, 0, 0, 32713 }, // 昮
    { 27, 25, 27, 0, 22, 85, 32713 }, // 是
    { 0, 0, 0, 0, 0, 0, 32798 }, // 昰
    { 0, 0, 0, 0, 0, 0, 32798 }, // 昱
    { 0, 0, 0, 0, 0, 0, 32798 }, // 昲
    { 0, 0, 0, 0, 0, 0, 32798 }, // 昳
    { 0, 0, 0, 0, 0, 0, 32798 }, // 昴
    { 0, 0, 0, 0, 0, 0, 32798 }, // 昵
    { 0, 0, 0, 0, 0, 0, 32798 }, // 昶
    { 0, 0, 0, 0, 0, 0, 32798 }, // 昷
    { 0, 0, 0, 0, 0, 0, 32798 }, // 昸
    { 0, 0, 0, 0, 0, 0, 32798 }, // 昹
    { 0, 0, 0, 0, 0, 0, 32798 }, // 昺
    { 0, 0, 0, 0, 0, 0, 32798 }, // 昻
    { 0, 0, 0, 0, 0, 0, 32798 }, // 昼
    { 0, 0, 0, 0, 0, 0, 32798 }, // 昽
    { 25, 23, 27, 1, 22, 72, 32798 }, // 显
    { 0, 0, 0, 0, 0, 0, 32870 }, // 昿
    { 0, 0, 0, 0, 0, 0, 32870 }, // 晀
    { 0, 0, 0, 0, 0, 0, 32870 }, // 晁
    { 25, 26, 27, 2, 24, 82, 32870 }, // 時
    { 25, 26, 27, 1, 23, 82, 32952 }, // 晃
    { 25, 26, 27, 1, 23, 82, 33034 }, // 景
    { 0, 0, 0, 0, 0, 0, 33116 }, // 晰
    { 0, 0, 0, 0, 0, 0, 33116 }, // 晱
    { 0, 0, 0, 0, 0, 0, 33116 }, // 晲
    { 0, 0, 0, 0, 0, 0, 33116 }, // 晳
    { 0, 0, 0, 0, 0, 0, 33116 }, // 晴
    { 0, 0, 0, 0, 0, 0, 33116 }, // 晵
    { 0, 0, 0, 0, 0, 0, 33116 }, // 晶
    { 0, 0, 0, 0, 0, 0, 33116 }, // 晷
    { 0, 0, 0, 0, 0, 0, 33116 }, // 晸
    { 0, 0, 0, 0, 0, 0, 33116 }, // 晹
    { 0, 0, 0, 0, 0, 0, 33116 }, // 智
    { 0, 0, 0, 0, 0, 0, 33116 }, // 晻
    { 0, 0, 0, 0, 0, 0, 33116 }, // 晼
    { 0, 0, 0, 0, 0, 0, 33116 }, // 晽
    { 0, 0, 0, 0, 0, 0, 33116 }, // 晾
    { 0, 0, 0, 0, 0, 0, 33116 }, // 晿
    { 0, 0, 0, 0, 0, 0, 33116 }, // 暀
    { 0, 0, 0, 0, 0, 0, 33116 }, // 暁
    { 25, 27, 27, 1, 24, 85, 33116 }, // 暂
    { 0, 0, 0, 0, 0, 0, 33201 }, // 暃
    { 0, 0, 0, 0, 0, 0, 33201 }, // 暄
    { 0, 0, 0, 0, 0, 0, 33201 }, // 暅
    { 0, 0, 0, 0, 0, 0, 33201 }, // 暆
    { 0, 0, 0, 0, 0, 0, 33201 }, // 暇
    { 0, 0, 0, 0, 0, 0, 33201 }, // 暈
    { 0, 0, 0, 0, 0, 0, 33201 }, // 暉
    { 0, 0, 0, 0, 0, 0, 33201 }, // 暊
    { 0, 0, 0, 0, 0, 0, 33201 }, // 暋
    { 0, 0, 0, 0, 0, 0, 33201 }, // 暌
    { 0, 0, 0, 0, 0, 0, 33201 }, // 暍
    { 0, 0, 0, 0, 0, 0, 33201 }, // 暎
    { 0, 0, 0, 0, 0, 0, 33201 }, // 暏
    { 0, 0, 0, 0, 0, 0, 33201 }, // 暐
    { 0, 0, 0, 0, 0, 0, 33201 }, // 暑
    { 0, 0, 0, 0, 0, 0, 33201 }, // 暒
    { 0, 0, 0, 0, 0, 0, 33201 }, // 暓
    { 0, 0, 0, 0, 0, 0, 33201 }, // 暔
    { 0, 0, 0, 0, 0, 0, 33201 }, // 暕
    { 0, 0, 0, 0, 0, 0, 33201 }, // 暖
    { 24, 27, 27, 2, 24, 81, 33201 }, // 暗
    { 0, 0, 0, 0, 0, 0, 33282 }, // 暘
    { 0, 0, 0, 0, 0, 0, 33282 }, // 暙
    { 0, 0, 0, 0, 0, 0, 33282 }, // 暚
    { 0, 0, 0, 0, 0, 0, 33282 }, // 暛
    { 0, 0, 0, 0, 0, 0, 33282 }, // 暜
    { 0, 0, 0, 0, 0, 0, 33282 }, // 暝
    { 0, 0, 0, 0, 0, 0, 33282 }, // 暞
    { 0, 0, 0, 0, 0, 0, 33282 }, // 暟
    { 0, 0, 0, 0, 0, 0, 33282 }, // 暠
    { 0, 0, 0, 0, 0, 0, 33282 }, // 暡
    { 0, 0, 0, 0, 0, 0, 33282 }, // 暢
    { 0, 0, 0, 0, 0, 0, 33282 }, // 暣
    { 0, 0, 0, 0, 0, 0, 33282 }, // 暤
    { 0, 0, 0, 0, 0, 0, 33282 }, // 暥
    { 0, 0, 0, 0, 0, 0, 33282 }, // 暦
    { 0, 0, 0, 0, 0, 0, 33282 }, // 暧
    { 0, 0, 0, 0, 0, 0, 33282 }, // 暨
    { 0, 0, 0, 0, 0, 0, 33282 }, // 暩
    { 0, 0, 0, 0, 0, 0, 33282 }, // 暪
    { 25, 27, 27, 1, 24, 85, 33282 }, // 暫
    { 26, 25, 27, 1, 22, 82, 33367 }, // 更
    { 0, 0, 0, 0, 0, 0, 33449 }, // 曵
    { 0, 0, 0, 0, 0, 0, 33449 }, // 曶
    { 0, 0, 0, 0, 0, 0, 33449 }, // 曷
    { 25, 27, 27, 1, 24, 85, 33449 }, // 書
    { 0, 0, 0, 0, 0, 0, 33534 }, // 曹
    { 0, 0, 0, 0, 0, 0, 33534 }, // 曺
    { 0, 0, 0, 0, 0, 0, 33534 }, // 曻
    { 0, 0, 0, 0, 0, 0, 33534 }, // 曼
    { 0, 0, 0, 0, 0, 0, 33534 }, // 曽
    { 0, 0, 0, 0, 0, 0, 33534 }, // 曾
    { 0, 0, 0, 0, 0, 0, 33534 }, // 替
    { 26, 26, 27, 1, 23, 85, 33534 }, // 最
    { 0, 0, 0, 0, 0, 0, 33619 }, // 朁
    { 0, 0, 0, 0, 0, 0, 33619 }, // 朂
    { 26, 27, 27, 1, 24, 88, 33619 }, // 會
    { 0, 0, 0, 0, 0, 0, 33707 }, // 朄
    { 0, 0, 0, 0, 0, 0, 33707 }, // 朅
    { 0, 0, 0, 0, 0, 0, 33707 }, // 朆
    { 0, 0, 0, 0, 0, 0, 33707 }, // 朇
    { 0, 0, 0, 0, 0, 0, 33707 }, // 月
    { 25, 27, 27, 1, 24, 85, 33707 }, // 有
    { 0, 0, 0, 0, 0, 0, 33792 }, // 朊
    { 0, 0, 0, 0, 0, 0, 33792 }, // 朋
    { 0, 0, 0, 0, 0, 0, 33792 }, // 朌
    { 27, 25, 27, 0, 22, 85, 33792 }, // 服
    { 27, 27, 27, 0, 24, 92, 33877 }, // 未
    { 0, 0, 0, 0, 0, 0, 33969 }, // 末
    { 26, 27, 27, 1, 24, 88, 33969 }, // 本
    { 0, 0, 0, 0, 0, 0, 34057 }, // 札
    { 0, 0, 0, 0, 0, 0, 34057 }, // 朮
    { 0, 0, 0, 0, 0, 0, 34057 }, // 术
    { 0, 0, 0, 0, 0, 0, 34057 }, // 朰
    { 0, 0, 0, 0, 0, 0, 34057 }, // 朱
    { 0, 0, 0, 0, 0, 0, 34057 }, // 朲
    { 0, 0, 0, 0, 0, 0, 34057 }, // 朳
    { 0, 0, 0, 0, 0, 0, 34057 }, // 朴
    { 0, 0, 0, 0, 0, 0, 34057 }, // 朵
    { 0, 0, 0, 0, 0, 0, 34057 }, // 朶
    { 0, 0, 0, 0, 0, 0, 34057 }, // 朷
    { 0, 0, 0, 0, 0, 0, 34057 }, // 朸
    { 0, 0, 0, 0, 0, 0, 34057 }, // 朹
    { 27, 27, 27, 0, 24, 92, 34057 }, // 机
    { 0, 0, 0, 0, 0, 0, 34149 }, // 朻
    { 0, 0, 0, 0, 0, 0, 34149 }, // 朼
    { 0, 0, 0, 0, 0, 0, 34149 }, // 朽
    { 0, 0, 0, 0, 0, 0, 34149 }, // 朾
    { 0, 0, 0, 0, 0, 0, 34149 }, // 朿
    { 0, 0, 0, 0, 0, 0, 34149 }, // 杀
    { 0, 0, 0, 0, 0, 0, 34149 }, // 杁
    { 0, 0, 0, 0, 0, 0, 34149 }, // 杂
    { 27, 27, 27, 0, 24, 92, 34149 }, // 权
    { 27, 26, 27, 0, 24, 88, 34241 }, // 条
    { 26, 27, 27, 0, 24, 88, 34329 }, // 松
    { 0, 0, 0, 0, 0, 0, 34417 }, // 板
    { 0, 0, 0, 0, 0, 0, 34417 }, // 枀
    { 0, 0, 0, 0, 0, 0, 34417 }, // 极
    { 0, 0, 0, 0, 0, 0, 34417 }, // 枂
    { 0, 0, 0, 0, 0, 0, 34417 }, // 枃
    { 0, 0, 0, 0, 0, 0, 34417 }, // 构
    { 0, 0, 0, 0, 0, 0, 34417 }, // 枅
    { 0, 0, 0, 0, 0, 0, 34417 }, // 枆
    { 0, 0, 0, 0, 0, 0, 34417 }, // 枇
    { 0, 0, 0, 0, 0, 0, 34417 }, // 枈
    { 0, 0, 0, 0, 0, 0, 34417 }, // 枉
    { 0, 0, 0, 0, 0, 0, 34417 }, // 枊
    { 0, 0, 0, 0, 0, 0, 34417 }, // 枋
    { 0, 0, 0, 0, 0, 0, 34417 }, // 枌
    { 0, 0, 0, 0, 0, 0, 34417 }, // 枍
    { 0, 0, 0, 0, 0, 0, 34417 }, // 枎
    { 0, 0, 0, 0, 0, 0, 34417 }, // 枏
    { 26, 27, 27, 0, 24, 88, 34417 }, // 析
    { 0, 0, 0, 0, 0, 0, 34505 }, // 枑
    { 0, 0, 0, 0, 0, 0, 34505 }, // 枒
    { 0, 0, 0, 0, 0, 0, 34505 }, // 枓
    { 0, 0, 0, 0, 0, 0, 34505 }, // 枔
    { 0, 0, 0, 0, 0, 0, 34505 }, // 枕
    { 0, 0, 0, 0, 0, 0, 34505 }, // 枖
    { 0, 0, 0, 0, 0, 0, 34505 }, // 林
    { 0, 0, 0, 0, 0, 0, 34505 }, // 枘
    { 0, 0, 0, 0, 0, 0, 34505 }, // 枙
    { 0, 0, 0, 0, 0, 0, 34505 }, // 枚
    { 0, 0, 0, 0, 0, 0, 34505 }, // 枛
    { 27, 25, 27, 0, 22, 85, 34505 }, // 果
    { 26, 26, 27, 0, 23, 85, 34590 }, // 架
    { 27, 26, 27, 0, 24, 88, 34675 }, // 查
    { 26, 27, 27, 0, 24, 88, 34763 }, // 标
    { 0, 0, 0, 0, 0, 0, 34851 }, // 栈
    { 0, 0, 0, 0, 0, 0, 34851 }, // 栉
    { 0, 0, 0, 0, 0, 0, 34851 }, // 栊
    { 0, 0, 0, 0, 0, 0, 34851 }, // 栋
    { 0, 0, 0, 0, 0, 0, 34851 }, // 栌
    { 0, 0, 0, 0, 0, 0, 34851 }, // 栍
    { 0, 0, 0, 0, 0, 0, 34851 }, // 栎
    { 26, 27, 27, 0, 24, 88, 34851 }, // 栏
    { 0, 0, 0, 0, 0, 0, 34939 }, // 栐
    { 0, 0, 0, 0, 0, 0, 34939 }, // 树
    { 0, 0, 0, 0, 0, 0, 34939 }, // 栒
    { 0, 0, 0, 0, 0, 0, 34939 }, // 栓
    { 0, 0, 0, 0, 0, 0, 34939 }, // 栔
    { 0, 0, 0, 0, 0, 0, 34939 }, // 栕
    { 0, 0, 0, 0, 0, 0, 34939 }, // 栖
    { 0, 0, 0, 0, 0, 0, 34939 }, // 栗
    { 0, 0, 0, 0, 0, 0, 34939 }, // 栘
    { 0, 0, 0, 0, 0, 0, 34939 }, // 栙
    { 0, 0, 0, 0, 0, 0, 34939 }, // 栚
    { 0, 0, 0, 0, 0, 0, 34939 }, // 栛
    { 0, 0, 0, 0, 0, 0, 34939 }, // 栜
    { 0, 0, 0, 0, 0, 0, 34939 }, // 栝
    { 0, 0, 0, 0, 0, 0, 34939 }, // 栞
    { 0, 0, 0, 0, 0, 0, 34939 }, // 栟
    { 0, 0, 0, 0, 0, 0, 34939 }, // 栠
    { 27, 27, 27, 0, 24, 92, 34939 }, // 校
    { 26, 27, 27, 0, 24, 88, 35031 }, // 样
    { 27, 27, 27, 0, 24, 92, 35119 }, // 核
    { 0, 0, 0, 0, 0, 0, 35211 }, // 根
    { 0, 0, 0, 0, 0, 0, 35211 }, // 栺
    { 0, 0, 0, 0, 0, 0, 35211 }, // 栻
    { 27, 27, 27, 0, 24, 92, 35211 }, // 格
    { 0, 0, 0, 0, 0, 0, 35303 }, // 栽
    { 0, 0, 0, 0, 0, 0, 35303 }, // 栾
    { 0, 0, 0, 0, 0, 0, 35303 }, // 栿
    { 0, 0, 0, 0, 0, 0, 35303 }, // 桀
    { 0, 0, 0, 0, 0, 0, 35303 }, // 桁
    { 0, 0, 0, 0, 0, 0, 35303 }, // 桂
    { 0, 0, 0, 0, 0, 0, 35303 }, // 桃
    { 0, 0, 0, 0, 0, 0, 35303 }, // 桄
    { 0, 0, 0, 0, 0, 0, 35303 }, // 桅
    { 27, 27, 27, 0, 24, 92, 35303 }, // 框
    { 26, 27, 27, 0, 24, 88, 35395 }, // 档
    { 27, 27, 27, 0, 24, 92, 35483 }, // 條
    { 27, 27, 27, 0, 24, 92, 35575 }, // 检
    { 26, 27, 27, 0, 24, 88, 35667 }, // 楼
    { 26, 27, 27, 0, 24, 88, 35755 }, // 樓
    { 0, 0, 0, 0, 0, 0, 35843 }, // 樔
    { 0, 0, 0, 0, 0, 0, 35843 }, // 樕
    { 0, 0, 0, 0, 0, 0, 35843 }, // 樖
    { 0, 0, 0, 0, 0, 0, 35843 }, // 樗
    { 0, 0, 0, 0, 0, 0, 35843 }, // 樘
    { 27, 27, 27, 0, 24, 92, 35843 }, // 標
    { 0, 0, 0, 0, 0, 0, 35935 }, // 樚
    { 0, 0, 0, 0, 0, 0, 35935 }, // 樛
    { 0, 0, 0, 0, 0, 0, 35935 }, // 樜
    { 0, 0, 0, 0, 0, 0, 35935 }, // 樝
    { 0, 0, 0, 0, 0, 0, 35935 }, // 樞
    { 0, 0, 0, 0, 0, 0, 35935 }, // 樟
    { 0, 0, 0, 0, 0, 0, 35935 }, // 樠
    { 27, 27, 27, 0, 24, 92, 35935 }, // 模
    { 0, 0, 0, 0, 0, 0, 36027 }, // 樢
    { 27, 27, 27, 0, 24, 92, 36027 }, // 樣
    { 0, 0, 0, 0, 0, 0, 36119 }, // 樤
    { 0, 0, 0, 0, 0, 0, 36119 }, // 樥
    { 0, 0, 0, 0, 0, 0, 36119 }, // 樦
    { 0, 0, 0, 0, 0, 0, 36119 }, // 樧
    { 0, 0, 0, 0, 0, 0, 36119 }, // 樨
    { 0, 0, 0, 0, 0, 0, 36119 }, // 権
    { 27, 27, 27, 0, 24, 92, 36119 }, // 横
    { 27, 27, 27, 0, 24, 92, 36211 }, // 機
    { 0, 0, 0, 0, 0, 0, 36303 }, // 橠
    { 0, 0, 0, 0, 0, 0, 36303 }, // 橡
    { 0, 0, 0, 0, 0, 0, 36303 }, // 橢
    { 0, 0, 0, 0, 0, 0, 36303 }, // 橣
    { 0, 0, 0, 0, 0, 0, 36303 }, // 橤
    { 0, 0, 0, 0, 0, 0, 36303 }, // 橥
    { 0, 0, 0, 0, 0, 0, 36303 }, // 橦
    { 0, 0, 0, 0, 0, 0, 36303 }, // 橧
    { 0, 0, 0, 0, 0, 0, 36303 }, // 橨
    { 0, 0, 0, 0, 0, 0, 36303 }, // 橩
    { 0, 0, 0, 0, 0, 0, 36303 }, // 橪
    { 27, 27, 27, 0, 24, 92, 36303 }, // 橫
    { 26, 27, 27, 0, 24, 88, 36395 }, // 檔
    { 0, 0, 0, 0, 0, 0, 36483 }, // 檕
    { 0, 0, 0, 0, 0, 0, 36483 }, // 檖
    { 0, 0, 0, 0, 0, 0, 36483 }, // 檗
    { 0, 0, 0, 0, 0, 0, 36483 }, // 檘
    { 0, 0, 0, 0, 0, 0, 36483 }, // 檙
    { 0, 0, 0, 0, 0, 0, 36483 }, // 檚
    { 0, 0, 0, 0, 0, 0, 36483 }, // 檛
    { 0, 0, 0, 0, 0, 0, 36483 }, // 檜
    { 0, 0, 0, 0, 0, 0, 36483 }, // 檝
    { 0, 0, 0, 0, 0, 0, 36483 }, // 檞
    { 0, 0, 0, 0, 0, 0, 36483 }, // 檟
    { 0, 0, 0, 0, 0, 0, 36483 }, // 檠
    { 0, 0, 0, 0, 0, 0, 36483 }, // 檡
    { 26, 27, 27, 1, 24, 88, 36483 }, // 檢
    { 26, 27, 27, 1, 24, 88, 36571 }, // 次
    { 0, 0, 0, 0, 0, 0, 36659 }, // 欢
    { 0, 0, 0, 0, 0, 0, 36659 }, // 欣
    { 0, 0, 0, 0, 0, 0, 36659 }, // 欤
    { 0, 0, 0, 0, 0, 0, 36659 }, // 欥
    { 0, 0, 0, 0, 0, 0, 36659 }, // 欦
    { 0, 0, 0, 0, 0, 0, 36659 }, // 欧
    { 0, 0, 0, 0, 0, 0, 36659 }, // 欨
    { 0, 0, 0, 0, 0, 0, 36659 }, // 欩
    { 0, 0, 0, 0, 0, 0, 36659 }, // 欪
    { 0, 0, 0, 0, 0, 0, 36659 }, // 欫
    { 0, 0, 0, 0, 0, 0, 36659 }, // 欬
    { 0, 0, 0, 0, 0, 0, 36659 }, // 欭
    { 0, 0, 0, 0, 0, 0, 36659 }, // 欮
    { 0, 0, 0, 0, 0, 0, 36659 }, // 欯
    { 0, 0, 0, 0, 0, 0, 36659 }, // 欰
    { 0, 0, 0, 0, 0, 0, 36659 }, // 欱
    { 27, 27, 27, 0, 24, 92, 36659 }, // 欲
    { 25, 25, 27, 1, 24, 79, 36751 }, // 止
    { 25, 22, 27, 1, 21, 69, 36830 }, // 正
    { 26, 26, 27, 1, 24, 85, 36899 }, // 此
    { 25, 26, 27, 1, 23, 82, 36984 }, // 步
    { 0, 0, 0, 0, 0, 0, 37066 }, // 武
    { 0, 0, 0, 0, 0, 0, 37066 }, // 歧
    { 0, 0, 0, 0, 0, 0, 37066 }, // 歨
    { 0, 0, 0, 0, 0, 0, 37066 }, // 歩
    { 0, 0, 0, 0, 0, 0, 37066 }, // 歪
    { 0, 0, 0, 0, 0, 0, 37066 }, // 歫
    { 0, 0, 0, 0, 0, 0, 37066 }, // 歬
    { 0, 0, 0, 0, 0, 0, 37066 }, // 歭
    { 0, 0, 0, 0, 0, 0, 37066 }, // 歮
    { 0, 0, 0, 0, 0, 0, 37066 }, // 歯
    { 0, 0, 0, 0, 0, 0, 37066 }, // 歰
    { 0, 0, 0, 0, 0, 0, 37066 }, // 歱
    { 0, 0, 0, 0, 0, 0, 37066 }, // 歲
    { 0, 0, 0, 0, 0, 0, 37066 }, // 歳
    { 0, 0, 0, 0, 0, 0, 37066 }, // 歴
    { 0, 0, 0, 0, 0, 0, 37066 }, // 歵
    { 0, 0, 0, 0, 0, 0, 37066 }, // 歶
    { 26, 25, 27, 0, 22, 82, 37066 }, // 歷
    { 27, 27, 27, 0, 24, 92, 37148 }, // 段
    { 25, 27, 27, 1, 24, 85, 37240 }, // 每
    { 0, 0, 0, 0, 0, 0, 37325 }, // 毐
    { 0, 0, 0, 0, 0, 0, 37325 }, // 毑
    { 0, 0, 0, 0, 0, 0, 37325 }, // 毒
    { 0, 0, 0, 0, 0, 0, 37325 }, // 毓
    { 24, 27, 27, 2, 24, 81, 37325 }, // 比
    { 25, 27, 27, 1, 24, 85, 37406 }, // 氪
    { 0, 0, 0, 0, 0, 0, 37491 }, // 氫
    { 0, 0, 0, 0, 0, 0, 37491 }, // 氬
    { 0, 0, 0, 0, 0, 0, 37491 }, // 氭
    { 0, 0, 0, 0, 0, 0, 37491 }, // 氮
    { 0, 0, 0, 0, 0, 0, 37491 }, // 氯
    { 0, 0, 0, 0, 0, 0, 37491 }, // 氰
    { 0, 0, 0, 0, 0, 0, 37491 }, // 氱
    { 0, 0, 0, 0, 0, 0, 37491 }, // 氲
    { 0, 0, 0, 0, 0, 0, 37491 }, // 氳
    { 0, 0, 0, 0, 0, 0, 37491 }, // 水
    { 0, 0, 0, 0, 0, 0, 37491 }, // 氵
    { 0, 0, 0, 0, 0, 0, 37491 }, // 氶
    { 0, 0, 0, 0, 0, 0, 37491 }, // 氷
    { 27, 26, 27, 0, 24, 88, 37491 }, // 永
    { 0, 0, 0, 0, 0, 0, 37579 }, // 氹
    { 0, 0, 0, 0, 0, 0, 37579 }, // 氺
    { 0, 0, 0, 0, 0, 0, 37579 }, // 氻
    { 0, 0, 0, 0, 0, 0, 37579 }, // 氼
    { 0, 0, 0, 0, 0, 0, 37579 }, // 氽
    { 0, 0, 0, 0, 0, 0, 37579 }, // 氾
    { 0, 0, 0, 0, 0, 0, 37579 }, // 氿
    { 0, 0, 0, 0, 0, 0, 37579 }, // 汀
    { 0, 0, 0, 0, 0, 0, 37579 }, // 汁
    { 26, 27, 27, 1, 24, 88, 37579 }, // 求
    { 26, 26, 27, 1, 24, 85, 37667 }, // 池
    { 26, 27, 27, 1, 24, 88, 37752 }, // 沒
    { 0, 0, 0, 0, 0, 0, 37840 }, // 沓
    { 0, 0, 0, 0, 0, 0, 37840 }, // 沔
    { 0, 0, 0, 0, 0, 0, 37840 }, // 沕
    { 0, 0, 0, 0, 0, 0, 37840 }, // 沖
    { 0, 0, 0, 0, 0, 0, 37840 }, // 沗
    { 0, 0, 0, 0, 0, 0, 37840 }, // 沘
    { 0, 0, 0, 0, 0, 0, 37840 }, // 沙
    { 0, 0, 0, 0, 0, 0, 37840 }, // 沚
    { 0, 0, 0, 0, 0, 0, 37840 }, // 沛
    { 0, 0, 0, 0, 0, 0, 37840 }, // 沜
    { 0, 0, 0, 0, 0, 0, 37840 }, // 沝
    { 0, 0, 0, 0, 0, 0, 37840 }, // 沞
    { 0, 0, 0, 0, 0, 0, 37840 }, // 沟
    { 0, 0, 0, 0, 0, 0, 37840 }, // 沠
    { 27, 26, 27, 0, 23, 88, 37840 }, // 没
    { 24, 27, 27, 1, 24, 81, 37928 }, // 泊
    { 0, 0, 0, 0, 0, 0, 38009 }, // 泋
    { 0, 0, 0, 0, 0, 0, 38009 }, // 泌
    { 0, 0, 0, 0, 0, 0, 38009 }, // 泍
    { 0, 0, 0, 0, 0, 0, 38009 }, // 泎
    { 0, 0, 0, 0, 0, 0, 38009 }, // 泏
    { 0, 0, 0, 0, 0, 0, 38009 }, // 泐
    { 0, 0, 0, 0, 0, 0, 38009 }, // 泑
    { 0, 0, 0, 0, 0, 0, 38009 }, // 泒
    { 0, 0, 0, 0, 0, 0, 38009 }, // 泓
    { 0, 0, 0, 0, 0, 0, 38009 }, // 泔
    { 25, 27, 27, 1, 24, 85, 38009 }, // 法
    { 0, 0, 0, 0, 0, 0, 38094 }, // 泖
    { 0, 0, 0, 0, 0, 0, 38094 }, // 泗
    { 0, 0, 0, 0, 0, 0, 38094 }, // 泘
    { 0, 0, 0, 0, 0, 0, 38094 }, // 泙
    { 0, 0, 0, 0, 0, 0, 38094 }, // 泚
    { 0, 0, 0, 0, 0, 0, 38094 }, // 泛
    { 0, 0, 0, 0, 0, 0, 38094 }, // 泜
    { 0, 0, 0, 0, 0, 0, 38094 }, // 泝
    { 0, 0, 0, 0, 0, 0, 38094 }, // 泞
    { 0, 0, 0, 0, 0, 0, 38094 }, // 泟
    { 0, 0, 0, 0, 0, 0, 38094 }, // 泠
    { 0, 0, 0, 0, 0, 0, 38094 }, // 泡
    { 0, 0, 0, 0, 0, 0, 38094 }, // 波
    { 0, 0, 0, 0, 0, 0, 38094 }, // 泣
    { 0, 0, 0, 0, 0, 0, 38094 }, // 泤
    { 0, 0, 0, 0, 0, 0, 38094 }, // 泥
    { 0, 0, 0, 0, 0, 0, 38094 }, // 泦
    { 0, 0, 0, 0, 0, 0, 38094 }, // 泧
    { 26, 27, 27, 1, 24, 88, 38094 }, // 注
    { 25, 27, 27, 1, 24, 85, 38182 }, // 浅
    { 0, 0, 0, 0, 0, 0, 38267 }, // 浆
    { 0, 0, 0, 0, 0, 0, 38267 }, // 浇
    { 0, 0, 0, 0, 0, 0, 38267 }, // 浈
    { 0, 0, 0, 0, 0, 0, 38267 }, // 浉
    { 0, 0, 0, 0, 0, 0, 38267 }, // 浊
    { 0, 0, 0, 0, 0, 0, 38267 }, // 测
    { 0, 0, 0, 0, 0, 0, 38267 }, // 浌
    { 0, 0, 0, 0, 0, 0, 38267 }, // 浍
    { 0, 0, 0, 0, 0, 0, 38267 }, // 济
    { 24, 26, 27, 1, 24, 78, 38267 }, // 浏
    { 26, 27, 27, 1, 24, 88, 38345 }, // 海
    { 0, 0, 0, 0, 0, 0, 38433 }, // 浸
    { 0, 0, 0, 0, 0, 0, 38433 }, // 浹
    { 0, 0, 0, 0, 0, 0, 38433 }, // 浺
    { 0, 0, 0, 0, 0, 0, 38433 }, // 浻
    { 0, 0, 0, 0, 0, 0, 38433 }, // 浼
    { 0, 0, 0, 0, 0, 0, 38433 }, // 浽
    { 0, 0, 0, 0, 0, 0, 38433 }, // 浾
    { 0, 0, 0, 0, 0, 0, 38433 }, // 浿
    { 0, 0, 0, 0, 0, 0, 38433 }, // 涀
    { 0, 0, 0, 0, 0, 0, 38433 }, // 涁
    { 0, 0, 0, 0, 0, 0, 38433 }, // 涂
    { 0, 0, 0, 0, 0, 0, 38433 }, // 涃
    { 0, 0, 0, 0, 0, 0, 38433 }, // 涄
    { 0, 0, 0, 0, 0, 0, 38433 }, // 涅
    { 0, 0, 0, 0, 0, 0, 38433 }, // 涆
    { 0, 0, 0, 0, 0, 0, 38433 }, // 涇
    { 25, 27, 27, 1, 24, 85, 38433 }, // 消
    { 27, 25, 27, 0, 23, 85, 38518 }, // 淡
    { 0, 0, 0, 0, 0, 0, 38603 }, // 淢
    { 0, 0, 0, 0, 0, 0, 38603 }, // 淣
    { 0, 0, 0, 0, 0, 0, 38603 }, // 淤
    { 0, 0, 0, 0, 0, 0, 38603 }, // 淥
    { 0, 0, 0, 0, 0, 0, 38603 }, // 淦
    { 0, 0, 0, 0, 0, 0, 38603 }, // 淧
    { 0, 0, 0, 0, 0, 0, 38603 }, // 淨
    { 0, 0, 0, 0, 0, 0, 38603 }, // 淩
    { 0, 0, 0, 0, 0, 0, 38603 }, // 淪
    { 0, 0, 0, 0, 0, 0, 38603 }, // 淫
    { 0, 0, 0, 0, 0, 0, 38603 }, // 淬
    { 0, 0, 0, 0, 0, 0, 38603 }, // 淭
    { 0, 0, 0, 0, 0, 0, 38603 }, // 淮
    { 0, 0, 0, 0, 0, 0, 38603 }, // 淯
    { 0, 0, 0, 0, 0, 0, 38603 }, // 淰
    { 25, 27, 27, 1, 24, 85, 38603 }, // 深
    { 0, 0, 0, 0, 0, 0, 38688 }, // 淲
    { 0, 0, 0, 0, 0, 0, 38688 }, // 淳
    { 0, 0, 0, 0, 0, 0, 38688 }, // 淴
    { 0, 0, 0, 0, 0, 0, 38688 }, // 淵
    { 0, 0, 0, 0, 0, 0, 38688 }, // 淶
    { 0, 0, 0, 0, 0, 0, 38688 }, // 混
    { 0, 0, 0, 0, 0, 0, 38688 }, // 淸
    { 0, 0, 0, 0, 0, 0, 38688 }, // 淹
    { 0, 0, 0, 0, 0, 0, 38688 }, // 淺
    { 26, 26, 27, 1, 24, 85, 38688 }, // 添
    { 0, 0, 0, 0, 0, 0, 38773 }, // 淼
    { 0, 0, 0, 0, 0, 0, 38773 }, // 淽
    { 0, 0, 0, 0, 0, 0, 38773 }, // 淾
    { 0, 0, 0, 0, 0, 0, 38773 }, // 淿
    { 0, 0, 0, 0, 0, 0, 38773 }, // 渀
    { 0, 0, 0, 0, 0, 0, 38773 }, // 渁
    { 0, 0, 0, 0, 0, 0, 38773 }, // 渂
    { 0, 0, 0, 0, 0, 0, 38773 }, // 渃
    { 0, 0, 0, 0, 0, 0, 38773 }, // 渄
    { 26, 27, 27, 0, 24, 88, 38773 }, // 清
    { 26, 26, 27, 1, 23, 85, 38861 }, // 温
    { 27, 27, 27, 0, 24, 92, 38946 }, // 湊
    { 26, 27, 27, 1, 24, 88, 39038 }, // 源
    { 0, 0, 0, 0, 0, 0, 39126 }, // 溑
    { 0, 0, 0, 0, 0, 0, 39126 }, // 溒
    { 0, 0, 0, 0, 0, 0, 39126 }, // 溓
    { 0, 0, 0, 0, 0, 0, 39126 }, // 溔
    { 0, 0, 0, 0, 0, 0, 39126 }, // 溕
    { 25, 27, 27, 1, 24, 85, 39126 }, // 準
    { 0, 0, 0, 0, 0, 0, 39211 }, // 溗
    { 0, 0, 0, 0, 0, 0, 39211 }, // 溘
    { 0, 0, 0, 0, 0, 0, 39211 }, // 溙
    { 0, 0, 0, 0, 0, 0, 39211 }, // 溚
    { 0, 0, 0, 0, 0, 0, 39211 }, // 溛
    { 0, 0, 0, 0, 0, 0, 39211 }, // 溜
    { 0, 0, 0, 0, 0, 0, 39211 }, // 溝
    { 0, 0, 0, 0, 0, 0, 39211 }, // 溞
    { 0, 0, 0, 0, 0, 0, 39211 }, // 溟
    { 0, 0, 0, 0, 0, 0, 39211 }, // 溠
    { 0, 0, 0, 0, 0, 0, 39211 }, // 溡
    { 0, 0, 0, 0, 0, 0, 39211 }, // 溢
    { 0, 0, 0, 0, 0, 0, 39211 }, // 溣
    { 0, 0, 0, 0, 0, 0, 39211 }, // 溤
    { 0, 0, 0, 0, 0, 0, 39211 }, // 溥
    { 0, 0, 0, 0, 0, 0, 39211 }, // 溦
    { 0, 0, 0, 0, 0, 0, 39211 }, // 溧
    { 0, 0, 0, 0, 0, 0, 39211 }, // 溨
    { 0, 0, 0, 0, 0, 0, 39211 }, // 溩
    { 0, 0, 0, 0, 0, 0, 39211 }, // 溪
    { 26, 27, 27, 1, 24, 88, 39211 }, // 溫
    { 25, 27, 27, 1, 24, 85, 39299 }, // 滑
    { 0, 0, 0, 0, 0, 0, 39384 }, // 滒
    { 0, 0, 0, 0, 0, 0, 39384 }, // 滓
    { 0, 0, 0, 0, 0, 0, 39384 }, // 滔
    { 0, 0, 0, 0, 0, 0, 39384 }, // 滕
    { 0, 0, 0, 0, 0, 0, 39384 }, // 滖
    { 0, 0, 0, 0, 0, 0, 39384 }, // 滗
    { 0, 0, 0, 0, 0, 0, 39384 }, // 滘
    { 0, 0, 0, 0, 0, 0, 39384 }, // 滙
    { 0, 0, 0, 0, 0, 0, 39384 }, // 滚
    { 0, 0, 0, 0, 0, 0, 39384 }, // 滛
    { 0, 0, 0, 0, 0, 0, 39384 }, // 滜
    { 0, 0, 0, 0, 0, 0, 39384 }, // 滝
    { 0, 0, 0, 0, 0, 0, 39384 }, // 滞
    { 0, 0, 0, 0, 0, 0, 39384 }, // 滟
    { 0, 0, 0, 0, 0, 0, 39384 }, // 滠
    { 0, 0, 0, 0, 0, 0, 39384 }, // 满
    { 0, 0, 0, 0, 0, 0, 39384 }, // 滢
    { 0, 0, 0, 0, 0, 0, 39384 }, // 滣
    { 26, 27, 27, 1, 24, 88, 39384 }, // 滤
    { 25, 27, 27, 0, 24, 85, 39472 }, // 瀏
    { 26, 25, 27, 1, 23, 82, 39557 }, // 火
    { 0, 0, 0, 0, 0, 0, 39639 }, // 灬
    { 0, 0, 0, 0, 0, 0, 39639 }, // 灭
    { 0, 0, 0, 0, 0, 0, 39639 }, // 灮
    { 0, 0, 0, 0, 0, 0, 39639 }, // 灯
    { 25, 27, 27, 1, 24, 85, 39639 }, // 灰
    { 0, 0, 0, 0, 0, 0, 39724 }, // 灱
    { 0, 0, 0, 0, 0, 0, 39724 }, // 灲
    { 0, 0, 0, 0, 0, 0, 39724 }, // 灳
    { 0, 0, 0, 0, 0, 0, 39724 }, // 灴
    { 26, 25, 27, 1, 22, 82, 39724 }, // 灵
    { 25, 26, 27, 1, 23, 82, 39806 }, // 点
    { 26, 27, 27, 0, 24, 88, 39888 }, // 為
    { 26, 27, 27, 1, 24, 88, 39976 }, // 热
    { 25, 27, 27, 1, 24, 85, 40064 }, // 無
    { 26, 27, 27, 1, 24, 88, 40149 }, // 熱
    { 24, 27, 27, 1, 24, 81, 40237 }, // 片
    { 27, 27, 27, 0, 24, 92, 40318 }, // 版
    { 0, 0, 0, 0, 0, 0, 40410 }, // 牉
    { 0, 0, 0, 0, 0, 0, 40410 }, // 牊
    { 0, 0, 0, 0, 0, 0, 40410 }, // 牋
    { 0, 0, 0, 0, 0, 0, 40410 }, // 牌
    { 0, 0, 0, 0, 0, 0, 40410 }, // 牍
    { 0, 0, 0, 0, 0, 0, 40410 }, // 牎
    { 0, 0, 0, 0, 0, 0, 40410 }, // 牏
    { 0, 0, 0, 0, 0, 0, 40410 }, // 牐
    { 0, 0, 0, 0, 0, 0, 40410 }, // 牑
    { 0, 0, 0, 0, 0, 0, 40410 }, // 牒
    { 0, 0, 0, 0, 0, 0, 40410 }, // 牓
    { 0, 0, 0, 0, 0, 0, 40410 }, // 牔
    { 0, 0, 0, 0, 0, 0, 40410 }, // 牕
    { 0, 0, 0, 0, 0, 0, 40410 }, // 牖
    { 0, 0, 0, 0, 0, 0, 40410 }, // 牗
    { 0, 0, 0, 0, 0, 0, 40410 }, // 牘
    { 25, 25, 27, 1, 22, 79, 40410 }, // 牙
    { 0, 0, 0, 0, 0, 0, 40489 }, // 牚
    { 0, 0, 0, 0, 0, 0, 40489 }, // 牛
    { 0, 0, 0, 0, 0, 0, 40489 }, // 牜
    { 0, 0, 0, 0, 0, 0, 40489 }, // 牝
    { 0, 0, 0, 0, 0, 0, 40489 }, // 牞
    { 0, 0, 0, 0, 0, 0, 40489 }, // 牟
    { 0, 0, 0, 0, 0, 0, 40489 }, // 牠
    { 0, 0, 0, 0, 0, 0, 40489 }, // 牡
    { 0, 0, 0, 0, 0, 0, 40489 }, // 牢
    { 0, 0, 0, 0, 0, 0, 40489 }, // 牣
    { 0, 0, 0, 0, 0, 0, 40489 }, // 牤
    { 0, 0, 0, 0, 0, 0, 40489 }, // 牥
    { 0, 0, 0, 0, 0, 0, 40489 }, // 牦
    { 0, 0, 0, 0, 0, 0, 40489 }, // 牧
    { 0, 0, 0, 0, 0, 0, 40489 }, // 牨
    { 26, 27, 27, 0, 24, 88, 40489 }, // 物
    { 0, 0, 0, 0, 0, 0, 40577 }, // 牪
    { 0, 0, 0, 0, 0, 0, 40577 }, // 牫
    { 0, 0, 0, 0, 0, 0, 40577 }, // 牬
    { 0, 0, 0, 0, 0, 0, 40577 }, // 牭
    { 0, 0, 0, 0, 0, 0, 40577 }, // 牮
    { 0, 0, 0, 0, 0, 0, 40577 }, // 牯
    { 0, 0, 0, 0, 0, 0, 40577 }, // 牰
    { 0, 0, 0, 0, 0, 0, 40577 }, // 牱
    { 0, 0, 0, 0, 0, 0, 40577 }, // 牲
    { 0, 0, 0, 0, 0, 0, 40577 }, // 牳
    { 0, 0, 0, 0, 0, 0, 40577 }, // 牴
    { 0, 0, 0, 0, 0, 0, 40577 }, // 牵
    { 0, 0, 0, 0, 0, 0, 40577 }, // 牶
    { 0, 0, 0, 0, 0, 0, 40577 }, // 牷
    { 0, 0, 0, 0, 0, 0, 40577 }, // 牸
    { 25, 27, 27, 1, 24, 85, 40577 }, // 特
    { 27, 27, 27, 0, 24, 92, 40662 }, // 状
    { 27, 27, 27, 0, 24, 92, 40754 }, // 獲
    { 0, 0, 0, 0, 0, 0, 40846 }, // 獳
    { 0, 0, 0, 0, 0, 0, 40846 }, // 獴
    { 0, 0, 0, 0, 0, 0, 40846 }, // 獵
    { 0, 0, 0, 0, 0, 0, 40846 }, // 獶
    { 0, 0, 0, 0, 0, 0, 40846 }, // 獷
    { 0, 0, 0, 0, 0, 0, 40846 }, // 獸
    { 0, 0, 0, 0, 0, 0, 40846 }, // 獹
    { 0, 0, 0, 0, 0, 0, 40846 }, // 獺
    { 0, 0, 0, 0, 0, 0, 40846 }, // 獻
    { 0, 0, 0, 0, 0, 0, 40846 }, // 獼
    { 0, 0, 0, 0, 0, 0, 40846 }, // 獽
    { 0, 0, 0, 0, 0, 0, 40846 }, // 獾
    { 0, 0, 0, 0, 0, 0, 40846 }, // 獿
    { 0, 0, 0, 0, 0, 0, 40846 }, // 玀
    { 0, 0, 0, 0, 0, 0, 40846 }, // 玁
    { 0, 0, 0, 0, 0, 0, 40846 }, // 玂
    { 0, 0, 0, 0, 0, 0, 40846 }, // 玃
    { 0, 0, 0, 0, 0, 0, 40846 }, // 玄
    { 0, 0, 0, 0, 0, 0, 40846 }, // 玅
    { 0, 0, 0, 0, 0, 0, 40846 }, // 玆
    { 25, 27, 27, 1, 24, 85, 40846 }, // 率
    { 25, 25, 27, 1, 22, 79, 40931 }, // 现
    { 27, 25, 27, 0, 22, 85, 41010 }, // 現
    { 0, 0, 0, 0, 0, 0, 41095 }, // 珿
    { 0, 0, 0, 0, 0, 0, 41095 }, // 琀
    { 0, 0, 0, 0, 0, 0, 41095 }, // 琁
    { 0, 0, 0, 0, 0, 0, 41095 }, // 琂
    { 0, 0, 0, 0, 0, 0, 41095 }, // 球
    { 0, 0, 0, 0, 0, 0, 41095 }, // 琄
    { 0, 0, 0, 0, 0, 0, 41095 }, // 琅
    { 27, 23, 27, 0, 22, 78, 41095 }, // 理
    { 25, 25, 27, 1, 24, 79, 41173 }, // 生
    { 0, 0, 0, 0, 0, 0, 41252 }, // 甠
    { 0, 0, 0, 0, 0, 0, 41252 }, // 甡
    { 0, 0, 0, 0, 0, 0, 41252 }, // 產
    { 0, 0, 0, 0, 0, 0, 41252 }, // 産
    { 0, 0, 0, 0, 0, 0, 41252 }, // 甤
    { 0, 0, 0, 0, 0, 0, 41252 }, // 甥
    { 0, 0, 0, 0, 0, 0, 41252 }, // 甦
    { 0, 0, 0, 0, 0, 0, 41252 }, // 甧
    { 25, 24, 27, 0, 21, 75, 41252 }, // 用
    { 0, 0, 0, 0, 0, 0, 41327 }, // 甩
    { 0, 0, 0, 0, 0, 0, 41327 }, // 甪
    { 0, 0, 0, 0, 0, 0, 41327 }, // 甫
    { 0, 0, 0, 0, 0, 0, 41327 }, // 甬
    { 0, 0, 0, 0, 0, 0, 41327 }, // 甭
    { 0, 0, 0, 0, 0, 0, 41327 }, // 甮
    { 0, 0, 0, 0, 0, 0, 41327 }, // 甯
    { 0, 0, 0, 0, 0, 0, 41327 }, // 田
    { 22, 27, 27, 3, 24, 75, 41327 }, // 由
    { 0, 0, 0, 0, 0, 0, 41402 }, // 甲
    { 0, 0, 0, 0, 0, 0, 41402 }, // 申
    { 0, 0, 0, 0, 0, 0, 41402 }, // 甴
    { 24, 26, 27, 3, 24, 78, 41402 }, // 电
    { 26, 26, 27, 1, 23, 85, 41480 }, // 界
    { 0, 0, 0, 0, 0, 0, 41565 }, // 畍
    { 0, 0, 0, 0, 0, 0, 41565 }, // 畎
    { 0, 0, 0, 0, 0, 0, 41565 }, // 畏
    { 0, 0, 0, 0, 0, 0, 41565 }, // 畐
    { 0, 0, 0, 0, 0, 0, 41565 }, // 畑
    { 0, 0, 0, 0, 0, 0, 41565 }, // 畒
    { 0, 0, 0, 0, 0, 0, 41565 }, // 畓
    { 0, 0, 0, 0, 0, 0, 41565 }, // 畔
    { 0, 0, 0, 0, 0, 0, 41565 }, // 畕
    { 0, 0, 0, 0, 0, 0, 41565 }, // 畖
    { 0, 0, 0, 0, 0, 0, 41565 }, // 畗
    { 0, 0, 0, 0, 0, 0, 41565 }, // 畘
    { 23, 27, 27, 2, 24, 78, 41565 }, // 留
    { 0, 0, 0, 0, 0, 0, 41643 }, // 畚
    { 0, 0, 0, 0, 0, 0, 41643 }, // 畛
    { 0, 0, 0, 0, 0, 0, 41643 }, // 畜
    { 0, 0, 0, 0, 0, 0, 41643 }, // 畝
    { 0, 0, 0, 0, 0, 0, 41643 }, // 畞
    { 0, 0, 0, 0, 0, 0, 41643 }, // 畟
    { 0, 0, 0, 0, 0, 0, 41643 }, // 畠
    { 0, 0, 0, 0, 0, 0, 41643 }, // 畡
    { 0, 0, 0, 0, 0, 0, 41643 }, // 畢
    { 0, 0, 0, 0, 0, 0, 41643 }, // 畣
    { 0, 0, 0, 0, 0, 0, 41643 }, // 畤
    { 25, 27, 27, 2, 24, 85, 41643 }, // 略
    { 0, 0, 0, 0, 0, 0, 41728 }, // 畦
    { 0, 0, 0, 0, 0, 0, 41728 }, // 畧
    { 0, 0, 0, 0, 0, 0, 41728 }, // 畨
    { 0, 0, 0, 0, 0, 0, 41728 }, // 畩
    { 27, 26, 27, 0, 23, 88, 41728 }, // 番
    { 0, 0, 0, 0, 0, 0, 41816 }, // 畫
    { 0, 0, 0, 0, 0, 0, 41816 }, // 畬
    { 0, 0, 0, 0, 0, 0, 41816 }, // 畭
    { 0, 0, 0, 0, 0, 0, 41816 }, // 畮
    { 0, 0, 0, 0, 0, 0, 41816 }, // 畯
    { 25, 25, 27, 1, 22, 79, 41816 }, // 異
    { 0, 0, 0, 0, 0, 0, 41895 }, // 畱
    { 0, 0, 0, 0, 0, 0, 41895 }, // 畲
    { 0, 0, 0, 0, 0, 0, 41895 }, // 畳
    { 0, 0, 0, 0, 0, 0, 41895 }, // 畴
    { 0, 0, 0, 0, 0, 0, 41895 }, // 畵
    { 24, 27, 27, 2, 24, 81, 41895 }, // 當
    { 0, 0, 0, 0, 0, 0, 41976 }, // 畷
    { 0, 0, 0, 0, 0, 0, 41976 }, // 畸
    { 0, 0, 0, 0, 0, 0, 41976 }, // 畹
    { 0, 0, 0, 0, 0, 0, 41976 }, // 畺
    { 0, 0, 0, 0, 0, 0, 41976 }, // 畻
    { 0, 0, 0, 0, 0, 0, 41976 }, // 畼
    { 0, 0, 0, 0, 0, 0, 41976 }, // 畽
    { 0, 0, 0, 0, 0, 0, 41976 }, // 畾
    { 0, 0, 0, 0, 0, 0, 41976 }, // 畿
    { 0, 0, 0, 0, 0, 0, 41976 }, // 疀
    { 0, 0, 0, 0, 0, 0, 41976 }, // 疁
    { 0, 0, 0, 0, 0, 0, 41976 }, // 疂
    { 0, 0, 0, 0, 0, 0, 41976 }, // 疃
    { 0, 0, 0, 0, 0, 0, 41976 }, // 疄
    { 0, 0, 0, 0, 0, 0, 41976 }, // 疅
    { 0, 0, 0, 0, 0, 0, 41976 }, // 疆
    { 0, 0, 0, 0, 0, 0, 41976 }, // 疇
    { 0, 0, 0, 0, 0, 0, 41976 }, // 疈
    { 0, 0, 0, 0, 0, 0, 41976 }, // 疉
    { 25, 25, 27, 1, 23, 79, 41976 }, // 疊
    { 27, 26, 27, 0, 24, 88, 42055 }, // 登
    { 27, 27, 27, 0, 24, 92, 42143 }, // 發
    { 21, 27, 27, 3, 24, 71, 42235 }, // 白
    { 25, 25, 27, 1, 22, 79, 42306 }, // 百
    { 0, 0, 0, 0, 0, 0, 42385 }, // 癿
    { 0, 0, 0, 0, 0, 0, 42385 }, // 皀
    { 0, 0, 0, 0, 0, 0, 42385 }, // 皁
    { 0, 0, 0, 0, 0, 0, 42385 }, // 皂
    { 0, 0, 0, 0, 0, 0, 42385 }, // 皃
    { 24, 26, 27, 2, 24, 78, 42385 }, // 的
    { 25, 26, 27, 1, 24, 82, 42463 }, // 盖
    { 0, 0, 0, 0, 0, 0, 42545 }, // 盗
    { 25, 26, 27, 1, 24, 82, 42545 }, // 盘
    { 0, 0, 0, 0, 0, 0, 42627 }, // 盙
    { 0, 0, 0, 0, 0, 0, 42627 }, // 盚
    { 0, 0, 0, 0, 0, 0, 42627 }, // 盛
    { 0, 0, 0, 0, 0, 0, 42627 }, // 盜
    { 0, 0, 0, 0, 0, 0, 42627 }, // 盝
    { 0, 0, 0, 0, 0, 0, 42627 }, // 盞
    { 0, 0, 0, 0, 0, 0, 42627 }, // 盟
    { 0, 0, 0, 0, 0, 0, 42627 }, // 盠
    { 0, 0, 0, 0, 0, 0, 42627 }, // 盡
    { 0, 0, 0, 0, 0, 0, 42627 }, // 盢
    { 0, 0, 0, 0, 0, 0, 42627 }, // 監
    { 27, 26, 27, 0, 24, 88, 42627 }, // 盤
    { 0, 0, 0, 0, 0, 0, 42715 }, // 盥
    { 0, 0, 0, 0, 0, 0, 42715 }, // 盦
    { 0, 0, 0, 0, 0, 0, 42715 }, // 盧
    { 0, 0, 0, 0, 0, 0, 42715 }, // 盨
    { 0, 0, 0, 0, 0, 0, 42715 }, // 盩
    { 0, 0, 0, 0, 0, 0, 42715 }, // 盪
    { 0, 0, 0, 0, 0, 0, 42715 }, // 盫
    { 0, 0, 0, 0, 0, 0, 42715 }, // 盬
    { 0, 0, 0, 0, 0, 0, 42715 }, // 盭
    { 19, 25, 27, 4, 22, 60, 42715 }, // 目
    { 0, 0, 0, 0, 0, 0, 42775 }, // 盯
    { 0, 0, 0, 0, 0, 0, 42775 }, // 盰
    { 0, 0, 0, 0, 0, 0, 42775 }, // 盱
    { 0, 0, 0, 0, 0, 0, 42775 }, // 盲
    { 0, 0, 0, 0, 0, 0, 42775 }, // 盳
    { 25, 25, 27, 1, 24, 79, 42775 }, // 直
    { 25, 27, 27, 1, 24, 85, 42854 }, // 真
    { 26, 25, 27, 1, 22, 82, 42939 }, // 眠
    { 25, 25, 27, 2, 22, 79, 43021 }, // 眼
    { 0, 0, 0, 0, 0, 0, 43100 }, // 眽
    { 26, 25, 27, 0, 22, 82, 43100 }, // 眾
    { 25, 27, 27, 0, 24, 85, 43182 }, // 知
    { 0, 0, 0, 0, 0, 0, 43267 }, // 矦
    { 0, 0, 0, 0, 0, 0, 43267 }, // 矧
    { 0, 0, 0, 0, 0, 0, 43267 }, // 矨
    { 0, 0, 0, 0, 0, 0, 43267 }, // 矩
    { 0, 0, 0, 0, 0, 0, 43267 }, // 矪
    { 0, 0, 0, 0, 0, 0, 43267 }, // 矫
    { 0, 0, 0, 0, 0, 0, 43267 }, // 矬
    { 25, 26, 27, 1, 24, 82, 43267 }, // 短
    { 0, 0, 0, 0, 0, 0, 43349 }, // 矮
    { 0, 0, 0, 0, 0, 0, 43349 }, // 矯
    { 0, 0, 0, 0, 0, 0, 43349 }, // 矰
    { 0, 0, 0, 0, 0, 0, 43349 }, // 矱
    { 0, 0, 0, 0, 0, 0, 43349 }, // 矲
    { 26, 24, 27, 0, 21, 78, 43349 }, // 石
    { 0, 0, 0, 0, 0, 0, 43427 }, // 矴
    { 0, 0, 0, 0, 0, 0, 43427 }, // 矵
    { 0, 0, 0, 0, 0, 0, 43427 }, // 矶
    { 0, 0, 0, 0, 0, 0, 43427 }, // 矷
    { 0, 0, 0, 0, 0, 0, 43427 }, // 矸
    { 0, 0, 0, 0, 0, 0, 43427 }, // 矹
    { 0, 0, 0, 0, 0, 0, 43427 }, // 矺
    { 0, 0, 0, 0, 0, 0, 43427 }, // 矻
    { 0, 0, 0, 0, 0, 0, 43427 }, // 矼
    { 0, 0, 0, 0, 0, 0, 43427 }, // 矽
    { 0, 0, 0, 0, 0, 0, 43427 }, // 矾
    { 0, 0, 0, 0, 0, 0, 43427 }, // 矿
    { 0, 0, 0, 0, 0, 0, 43427 }, // 砀
    { 26, 25, 27, 0, 22, 82, 43427 }, // 码
    { 0, 0, 0, 0, 0, 0, 43509 }, // 砂
    { 0, 0, 0, 0, 0, 0, 43509 }, // 砃
    { 0, 0, 0, 0, 0, 0, 43509 }, // 砄
    { 0, 0, 0, 0, 0, 0, 43509 }, // 砅
    { 0, 0, 0, 0, 0, 0, 43509 }, // 砆
    { 0, 0, 0, 0, 0, 0, 43509 }, // 砇
    { 0, 0, 0, 0, 0, 0, 43509 }, // 砈
    { 0, 0, 0, 0, 0, 0, 43509 }, // 砉
    { 0, 0, 0, 0, 0, 0, 43509 }, // 砊
    { 0, 0, 0, 0, 0, 0, 43509 }, // 砋
    { 0, 0, 0, 0, 0, 0, 43509 }, // 砌
    { 0, 0, 0, 0, 0, 0, 43509 }, // 砍
    { 0, 0, 0, 0, 0, 0, 43509 }, // 砎
    { 0, 0, 0, 0, 0, 0, 43509 }, // 砏
    { 0, 0, 0, 0, 0, 0, 43509 }, // 砐
    { 0, 0, 0, 0, 0, 0, 43509 }, // 砑
    { 0, 0, 0, 0, 0, 0, 43509 }, // 砒
    { 0, 0, 0, 0, 0, 0, 43509 }, // 砓
    { 26, 25, 27, 0, 22, 82, 43509 }, // 研
    { 26, 27, 27, 0, 24, 88, 43591 }, // 破
    { 26, 27, 27, 0, 24, 88, 43679 }, // 确
    { 26, 27, 27, 0, 24, 88, 43767 }, // 確
    { 0, 0, 0, 0, 0, 0, 43855 }, // 碻
    { 26, 25, 27, 0, 22, 82, 43855 }, // 碼
    { 26, 24, 27, 0, 21, 78, 43937 }, // 示
    { 26, 27, 27, 0, 24, 88, 44015 }, // 神
    { 25, 26, 27, 1, 24, 82, 44103 }, // 禁
    { 25, 27, 27, 1, 24, 85, 44185 }, // 离
    { 26, 27, 27, 0, 24, 88, 44270 }, // 秒
    { 26, 27, 27, 0, 24, 88, 44358 }, // 称
    { 0, 0, 0, 0, 0, 0, 44446 }, // 秱
    { 0, 0, 0, 0, 0, 0, 44446 }, // 秲
    { 0, 0, 0, 0, 0, 0, 44446 }, // 秳
    { 0, 0, 0, 0, 0, 0, 44446 }, // 秴
    { 0, 0, 0, 0, 0, 0, 44446 }, // 秵
    { 0, 0, 0, 0, 0, 0, 44446 }, // 秶
    { 0, 0, 0, 0, 0, 0, 44446 }, // 秷
    { 0, 0, 0, 0, 0, 0, 44446 }, // 秸
    { 0, 0, 0, 0, 0, 0, 44446 }, // 秹
    { 0, 0, 0, 0, 0, 0, 44446 }, // 秺
    { 26, 27, 27, 0, 24, 88, 44446 }, // 移
    { 0, 0, 0, 0, 0, 0, 44534 }, // 秼
    { 0, 0, 0, 0, 0, 0, 44534 }, // 秽
    { 0, 0, 0, 0, 0, 0, 44534 }, // 秾
    { 0, 0, 0, 0, 0, 0, 44534 }, // 秿
    { 0, 0, 0, 0, 0, 0, 44534 }, // 稀
    { 0, 0, 0, 0, 0, 0, 44534 }, // 稁
    { 0, 0, 0, 0, 0, 0, 44534 }, // 稂
    { 0, 0, 0, 0, 0, 0, 44534 }, // 稃
    { 0, 0, 0, 0, 0, 0, 44534 }, // 稄
    { 0, 0, 0, 0, 0, 0, 44534 }, // 稅
    { 0, 0, 0, 0, 0, 0, 44534 }, // 稆
    { 0, 0, 0, 0, 0, 0, 44534 }, // 稇
    { 0, 0, 0, 0, 0, 0, 44534 }, // 稈
    { 0, 0, 0, 0, 0, 0, 44534 }, // 稉
    { 0, 0, 0, 0, 0, 0, 44534 }, // 稊
    { 27, 26, 27, 0, 23, 88, 44534 }, // 程
    { 0, 0, 0, 0, 0, 0, 44622 }, // 稌
    { 25, 27, 27, 1, 24, 85, 44622 }, // 稍
    { 27, 27, 27, 0, 24, 92, 44707 }, // 稱
    { 23, 27, 27, 2, 24, 78, 44799 }, // 穷
    { 0, 0, 0, 0, 0, 0, 44877 }, // 穸
    { 0, 0, 0, 0, 0, 0, 44877 }, // 穹
    { 24, 25, 27, 2, 24, 75, 44877 }, // 空
    { 25, 27, 27, 1, 24, 85, 44952 }, // 窮
    { 25, 26, 27, 1, 24, 82, 45037 }, // 立
    { 0, 0, 0, 0, 0, 0, 45119 }, // 竌
    { 0, 0, 0, 0, 0, 0, 45119 }, // 竍
    { 0, 0, 0, 0, 0, 0, 45119 }, // 竎
    { 0, 0, 0, 0, 0, 0, 45119 }, // 竏
    { 0, 0, 0, 0, 0, 0, 45119 }, // 竐
    { 0, 0, 0, 0, 0, 0, 45119 }, // 竑
    { 0, 0, 0, 0, 0, 0, 45119 }, // 竒
    { 0, 0, 0, 0, 0, 0, 45119 }, // 竓
    { 0, 0, 0, 0, 0, 0, 45119 }, // 竔
    { 0, 0, 0, 0, 0, 0, 45119 }, // 竕
    { 25, 25, 27, 1, 23, 79, 45119 }, // 竖
    { 0, 0, 0, 0, 0, 0, 45198 }, // 竗
    { 0, 0, 0, 0, 0, 0, 45198 }, // 竘
    { 0, 0, 0, 0, 0, 0, 45198 }, // 站
    { 0, 0, 0, 0, 0, 0, 45198 }, // 竚
    { 0, 0, 0, 0, 0, 0, 45198 }, // 竛
    { 0, 0, 0, 0, 0, 0, 45198 }, // 竜
    { 0, 0, 0, 0, 0, 0, 45198 }, // 竝
    { 0, 0, 0, 0, 0, 0, 45198 }, // 竞
    { 0, 0, 0, 0, 0, 0, 45198 }, // 竟
    { 25, 26, 27, 1, 24, 82, 45198 }, // 章
    { 0, 0, 0, 0, 0, 0, 45280 }, // 竡
    { 0, 0, 0, 0, 0, 0, 45280 }, // 竢
    { 0, 0, 0, 0, 0, 0, 45280 }, // 竣
    { 0, 0, 0, 0, 0, 0, 45280 }, // 竤
    { 0, 0, 0, 0, 0, 0, 45280 }, // 童
    { 0, 0, 0, 0, 0, 0, 45280 }, // 竦
    { 0, 0, 0, 0, 0, 0, 45280 }, // 竧
    { 0, 0, 0, 0, 0, 0, 45280 }, // 竨
    { 0, 0, 0, 0, 0, 0, 45280 }, // 竩
    { 0, 0, 0, 0, 0, 0, 45280 }, // 竪
    { 0, 0, 0, 0, 0, 0, 45280 }, // 竫
    { 0, 0, 0, 0, 0, 0, 45280 }, // 竬
    { 0, 0, 0, 0, 0, 0, 45280 }, // 竭
    { 0, 0, 0, 0, 0, 0, 45280 }, // 竮
    { 25, 27, 27, 1, 24, 85, 45280 }, // 端
    { 26, 26, 27, 0, 24, 85, 45365 }, // 笔
    { 0, 0, 0, 0, 0, 0, 45450 }, // 笕
    { 0, 0, 0, 0, 0, 0, 45450 }, // 笖
    { 0, 0, 0, 0, 0, 0, 45450 }, // 笗
    { 0, 0, 0, 0, 0, 0, 45450 }, // 笘
    { 0, 0, 0, 0, 0, 0, 45450 }, // 笙
    { 0, 0, 0, 0, 0, 0, 45450 }, // 笚
    { 0, 0, 0, 0, 0, 0, 45450 }, // 笛
    { 0, 0, 0, 0, 0, 0, 45450 }, // 笜
    { 0, 0, 0, 0, 0, 0, 45450 }, // 笝
    { 0, 0, 0, 0, 0, 0, 45450 }, // 笞
    { 0, 0, 0, 0, 0, 0, 45450 }, // 笟
    { 0, 0, 0, 0, 0, 0, 45450 }, // 笠
    { 0, 0, 0, 0, 0, 0, 45450 }, // 笡
    { 0, 0, 0, 0, 0, 0, 45450 }, // 笢
    { 0, 0, 0, 0, 0, 0, 45450 }, // 笣
    { 0, 0, 0, 0, 0, 0, 45450 }, // 笤
    { 0, 0, 0, 0, 0, 0, 45450 }, // 笥
    { 26, 27, 27, 0, 24, 88, 45450 }, // 符
    { 0, 0, 0, 0, 0, 0, 45538 }, // 笧
    { 0, 0, 0, 0, 0, 0, 45538 }, // 笨
    { 0, 0, 0, 0, 0, 0, 45538 }, // 笩
    { 0, 0, 0, 0, 0, 0, 45538 }, // 笪
    { 0, 0, 0, 0, 0, 0, 45538 }, // 笫
    { 25, 27, 27, 1, 24, 85, 45538 }, // 第
    { 25, 27, 27, 1, 24, 85, 45623 }, // 筆
    { 0, 0, 0, 0, 0, 0, 45708 }, // 筇
    { 0, 0, 0, 0, 0, 0, 45708 }, // 筈
    { 26, 26, 27, 0, 24, 85, 45708 }, // 等
    { 27, 26, 27, 0, 24, 88, 45793 }, // 签
    { 0, 0, 0, 0, 0, 0, 45881 }, // 筿
    { 25, 27, 27, 1, 24, 85, 45881 }, // 简
    { 25, 27, 27, 1, 24, 85, 45966 }, // 管
    { 0, 0, 0, 0, 0, 0, 46051 }, // 箢
    { 0, 0, 0, 0, 0, 0, 46051 }, // 箣
    { 0, 0, 0, 0, 0, 0, 46051 }, // 箤
    { 0, 0, 0, 0, 0, 0, 46051 }, // 箥
    { 0, 0, 0, 0, 0, 0, 46051 }, // 箦
    { 0, 0, 0, 0, 0, 0, 46051 }, // 箧
    { 0, 0, 0, 0, 0, 0, 46051 }, // 箨
    { 0, 0, 0, 0, 0, 0, 46051 }, // 箩
    { 0, 0, 0, 0, 0, 0, 46051 }, // 箪
    { 0, 0, 0, 0, 0, 0, 46051 }, // 箫
    { 0, 0, 0, 0, 0, 0, 46051 }, // 箬
    { 0, 0, 0, 0, 0, 0, 46051 }, // 箭
    { 0, 0, 0, 0, 0, 0, 46051 }, // 箮
    { 0, 0, 0, 0, 0, 0, 46051 }, // 箯
    { 0, 0, 0, 0, 0, 0, 46051 }, // 箰
    { 26, 27, 27, 0, 24, 88, 46051 }, // 箱
    { 0, 0, 0, 0, 0, 0, 46139 }, // 箲
    { 0, 0, 0, 0, 0, 0, 46139 }, // 箳
    { 0, 0, 0, 0, 0, 0, 46139 }, // 箴
    { 0, 0, 0, 0, 0, 0, 46139 }, // 箵
    { 0, 0, 0, 0, 0, 0, 46139 }, // 箶
    { 0, 0, 0, 0, 0, 0, 46139 }, // 箷
    { 0, 0, 0, 0, 0, 0, 46139 }, // 箸
    { 0, 0, 0, 0, 0, 0, 46139 }, // 箹
    { 0, 0, 0, 0, 0, 0, 46139 }, // 箺
    { 0, 0, 0, 0, 0, 0, 46139 }, // 箻
    { 0, 0, 0, 0, 0, 0, 46139 }, // 箼
    { 0, 0, 0, 0, 0, 0, 46139 }, // 箽
    { 0, 0, 0, 0, 0, 0, 46139 }, // 箾
    { 0, 0, 0, 0, 0, 0, 46139 }, // 箿
    { 26, 27, 27, 0, 24, 88, 46139 }, // 節
    { 0, 0, 0, 0, 0, 0, 46227 }, // 篁
    { 0, 0, 0, 0, 0, 0, 46227 }, // 篂
    { 0, 0, 0, 0, 0, 0, 46227 }, // 篃
    { 27, 26, 27, 0, 24, 88, 46227 }, // 範
    { 25, 27, 27, 1, 24, 85, 46315 }, // 簡
    { 26, 27, 27, 0, 24, 88, 46400 }, // 籍
    { 25, 27, 27, 1, 24, 85, 46488 }, // 籤
    { 26, 27, 27, 1, 24, 88, 46573 }, // 类
    { 26, 27, 27, 0, 24, 88, 46661 }, // 粘
    { 25, 27, 27, 1, 24, 85, 46749 }, // 系
    { 0, 0, 0, 0, 0, 0, 46834 }, // 糼
    { 0, 0, 0, 0, 0, 0, 46834 }, // 糽
    { 0, 0, 0, 0, 0, 0, 46834 }, // 糾
    { 0, 0, 0, 0, 0, 0, 46834 }, // 糿
    { 0, 0, 0, 0, 0, 0, 46834 }, // 紀
    { 0, 0, 0, 0, 0, 0, 46834 }, // 紁
    { 0, 0, 0, 0, 0, 0, 46834 }, // 紂
    { 0, 0, 0, 0, 0, 0, 46834 }, // 紃
    { 0, 0, 0, 0, 0, 0, 46834 }, // 約
    { 0, 0, 0, 0, 0, 0, 46834 }, // 紅
    { 0, 0, 0, 0, 0, 0, 46834 }, // 紆
    { 0, 0, 0, 0, 0, 0, 46834 }, // 紇
    { 0, 0, 0, 0, 0, 0, 46834 }, // 紈
    { 0, 0, 0, 0, 0, 0, 46834 }, // 紉
    { 0, 0, 0, 0, 0, 0, 46834 }, // 紊
    { 0, 0, 0, 0, 0, 0, 46834 }, // 紋
    { 0, 0, 0, 0, 0, 0, 46834 }, // 紌
    { 25, 27, 27, 0, 24, 85, 46834 }, // 納
    { 0, 0, 0, 0, 0, 0, 46919 }, // 紎
    { 0, 0, 0, 0, 0, 0, 46919 }, // 紏
    { 0, 0, 0, 0, 0, 0, 46919 }, // 紐
    { 0, 0, 0, 0, 0, 0, 46919 }, // 紑
    { 0, 0, 0, 0, 0, 0, 46919 }, // 紒
    { 0, 0, 0, 0, 0, 0, 46919 }, // 紓
    { 0, 0, 0, 0, 0, 0, 46919 }, // 純
    { 0, 0, 0, 0, 0, 0, 46919 }, // 紕
    { 0, 0, 0, 0, 0, 0, 46919 }, // 紖
    { 0, 0, 0, 0, 0, 0, 46919 }, // 紗
    { 0, 0, 0, 0, 0, 0, 46919 }, // 紘
    { 27, 27, 27, 0, 24, 92, 46919 }, // 紙
    { 27, 27, 27, 0, 24, 92, 47011 }, // 級
    { 0, 0, 0, 0, 0, 0, 47103 }, // 紛
    { 0, 0, 0, 0, 0, 0, 47103 }, // 紜
    { 0, 0, 0, 0, 0, 0, 47103 }, // 紝
    { 0, 0, 0, 0, 0, 0, 47103 }, // 紞
    { 0, 0, 0, 0, 0, 0, 47103 }, // 紟
    { 0, 0, 0, 0, 0, 0, 47103 }, // 素
    { 0, 0, 0, 0, 0, 0, 47103 }, // 紡
    { 25, 26, 27, 1, 24, 82, 47103 }, // 索
    { 0, 0, 0, 0, 0, 0, 47185 }, // 紣
    { 0, 0, 0, 0, 0, 0, 47185 }, // 紤
    { 0, 0, 0, 0, 0, 0, 47185 }, // 紥
    { 0, 0, 0, 0, 0, 0, 47185 }, // 紦
    { 25, 25, 27, 1, 23, 79, 47185 }, // 紧
    { 0, 0, 0, 0, 0, 0, 47264 }, // 紨
    { 0, 0, 0, 0, 0, 0, 47264 }, // 紩
    { 0, 0, 0, 0, 0, 0, 47264 }, // 紪
    { 0, 0, 0, 0, 0, 0, 47264 }, // 紫
    { 0, 0, 0, 0, 0, 0, 47264 }, // 紬
    { 0, 0, 0, 0, 0, 0, 47264 }, // 紭
    { 0, 0, 0, 0, 0, 0, 47264 }, // 紮
    { 25, 25, 27, 1, 23, 79, 47264 }, // 累
    { 26, 26, 27, 0, 24, 85, 47343 }, // 細
    { 27, 26, 27, 0, 24, 88, 47428 }, // 絕
    { 0, 0, 0, 0, 0, 0, 47516 }, // 絖
    { 0, 0, 0, 0, 0, 0, 47516 }, // 絗
    { 0, 0, 0, 0, 0, 0, 47516 }, // 絘
    { 0, 0, 0, 0, 0, 0, 47516 }, // 絙
    { 0, 0, 0, 0, 0, 0, 47516 }, // 絚
    { 0, 0, 0, 0, 0, 0, 47516 }, // 絛
    { 0, 0, 0, 0, 0, 0, 47516 }, // 絜
    { 0, 0, 0, 0, 0, 0, 47516 }, // 絝
    { 0, 0, 0, 0, 0, 0, 47516 }, // 絞
    { 0, 0, 0, 0, 0, 0, 47516 }, // 絟
    { 0, 0, 0, 0, 0, 0, 47516 }, // 絠
    { 27, 27, 27, 0, 24, 92, 47516 }, // 絡
    { 0, 0, 0, 0, 0, 0, 47608 }, // 絢
    { 0, 0, 0, 0, 0, 0, 47608 }, // 絣
    { 0, 0, 0, 0, 0, 0, 47608 }, // 絤
    { 0, 0, 0, 0, 0, 0, 47608 }, // 絥
    { 0, 0, 0, 0, 0, 0, 47608 }, // 給
    { 0, 0, 0, 0, 0, 0, 47608 }, // 絧
    { 0, 0, 0, 0, 0, 0, 47608 }, // 絨
    { 0, 0, 0, 0, 0, 0, 47608 }, // 絩
    { 0, 0, 0, 0, 0, 0, 47608 }, // 絪
    { 0, 0, 0, 0, 0, 0, 47608 }, // 絫
    { 0, 0, 0, 0, 0, 0, 47608 }, // 絬
    { 0, 0, 0, 0, 0, 0, 47608 }, // 絭
    { 0, 0, 0, 0, 0, 0, 47608 }, // 絮
    { 0, 0, 0, 0, 0, 0, 47608 }, // 絯
    { 0, 0, 0, 0, 0, 0, 47608 }, // 絰
    { 26, 27, 27, 0, 24, 88, 47608 }, // 統
    { 25, 27, 27, 1, 24, 85, 47696 }, // 維
    { 0, 0, 0, 0, 0, 0, 47781 }, // 綮
    { 0, 0, 0, 0, 0, 0, 47781 }, // 綯
    { 0, 0, 0, 0, 0, 0, 47781 }, // 綰
    { 0, 0, 0, 0, 0, 0, 47781 }, // 綱
    { 26, 27, 27, 0, 24, 88, 47781 }, // 網
    { 25, 25, 27, 1, 23, 79, 47869 }, // 緊
    { 0, 0, 0, 0, 0, 0, 47948 }, // 緋
    { 0, 0, 0, 0, 0, 0, 47948 }, // 緌
    { 0, 0, 0, 0, 0, 0, 47948 }, // 緍
    { 0, 0, 0, 0, 0, 0, 47948 }, // 緎
    { 0, 0, 0, 0, 0, 0, 47948 }, // 総
    { 0, 0, 0, 0, 0, 0, 47948 }, // 緐
    { 0, 0, 0, 0, 0, 0, 47948 }, // 緑
    { 0, 0, 0, 0, 0, 0, 47948 }, // 緒
    { 0, 0, 0, 0, 0, 0, 47948 }, // 緓
    { 0, 0, 0, 0, 0, 0, 47948 }, // 緔
    { 0, 0, 0, 0, 0, 0, 47948 }, // 緕
    { 0, 0, 0, 0, 0, 0, 47948 }, // 緖
    { 0, 0, 0, 0, 0, 0, 47948 }, // 緗
    { 0, 0, 0, 0, 0, 0, 47948 }, // 緘
    { 0, 0, 0, 0, 0, 0, 47948 }, // 緙
    { 27, 26, 27, 0, 24, 88, 47948 }, // 線
    { 0, 0, 0, 0, 0, 0, 48036 }, // 緛
    { 0, 0, 0, 0, 0, 0, 48036 }, // 緜
    { 0, 0, 0, 0, 0, 0, 48036 }, // 緝
    { 0, 0, 0, 0, 0, 0, 48036 }, // 緞
    { 0, 0, 0, 0, 0, 0, 48036 }, // 緟
    { 0, 0, 0, 0, 0, 0, 48036 }, // 締
    { 0, 0, 0, 0, 0, 0, 48036 }, // 緡
    { 0, 0, 0, 0, 0, 0, 48036 }, // 緢
    { 0, 0, 0, 0, 0, 0, 48036 }, // 緣
    { 0, 0, 0, 0, 0, 0, 48036 }, // 緤
    { 0, 0, 0, 0, 0, 0, 48036 }, // 緥
    { 0, 0, 0, 0, 0, 0, 48036 }, // 緦
    { 0, 0, 0, 0, 0, 0, 48036 }, // 緧
    { 0, 0, 0, 0, 0, 0, 48036 }, // 編
    { 27, 27, 27, 0, 24, 92, 48036 }, // 緩
    { 26, 27, 27, 0, 24, 88, 48128 }, // 縮
    { 0, 0, 0, 0, 0, 0, 48216 }, // 縯
    { 0, 0, 0, 0, 0, 0, 48216 }, // 縰
    { 0, 0, 0, 0, 0, 0, 48216 }, // 縱
    { 0, 0, 0, 0, 0, 0, 48216 }, // 縲
    { 0, 0, 0, 0, 0, 0, 48216 }, // 縳
    { 0, 0, 0, 0, 0, 0, 48216 }, // 縴
    { 0, 0, 0, 0, 0, 0, 48216 }, // 縵
    { 0, 0, 0, 0, 0, 0, 48216 }, // 縶
    { 0, 0, 0, 0, 0, 0, 48216 }, // 縷
    { 0, 0, 0, 0, 0, 0, 48216 }, // 縸
    { 0, 0, 0, 0, 0, 0, 48216 }, // 縹
    { 0, 0, 0, 0, 0, 0, 48216 }, // 縺
    { 0, 0, 0, 0, 0, 0, 48216 }, // 縻
    { 0, 0, 0, 0, 0, 0, 48216 }, // 縼
    { 26, 26, 27, 1, 24, 85, 48216 }, // 總
    { 0, 0, 0, 0, 0, 0, 48301 }, // 績
    { 0, 0, 0, 0, 0, 0, 48301 }, // 縿
    { 0, 0, 0, 0, 0, 0, 48301 }, // 繀
    { 27, 27, 27, 0, 24, 92, 48301 }, // 繁
    { 27, 26, 27, 0, 24, 88, 48393 }, // 繼
    { 0, 0, 0, 0, 0, 0, 48481 }, // 繽
    { 0, 0, 0, 0, 0, 0, 48481 }, // 繾
    { 0, 0, 0, 0, 0, 0, 48481 }, // 繿
    { 0, 0, 0, 0, 0, 0, 48481 }, // 纀
    { 0, 0, 0, 0, 0, 0, 48481 }, // 纁
    { 0, 0, 0, 0, 0, 0, 48481 }, // 纂
    { 0, 0, 0, 0, 0, 0, 48481 }, // 纃
    { 0, 0, 0, 0, 0, 0, 48481 }, // 纄
    { 0, 0, 0, 0, 0, 0, 48481 }, // 纅
    { 0, 0, 0, 0, 0, 0, 48481 }, // 纆
    { 0, 0, 0, 0, 0, 0, 48481 }, // 纇
    { 0, 0, 0, 0, 0, 0, 48481 }, // 纈
    { 0, 0, 0, 0, 0, 0, 48481 }, // 纉
    { 0, 0, 0, 0, 0, 0, 48481 }, // 纊
    { 0, 0, 0, 0, 0, 0, 48481 }, // 纋
    { 26, 27, 27, 0, 24, 88, 48481 }, // 續
    { 27, 27, 27, 0, 24, 92, 48569 }, // 级
    { 0, 0, 0, 0, 0, 0, 48661 }, // 纨
    { 0, 0, 0, 0, 0, 0, 48661 }, // 纩
    { 0, 0, 0, 0, 0, 0, 48661 }, // 纪
    { 0, 0, 0, 0, 0, 0, 48661 }, // 纫
    { 0, 0, 0, 0, 0, 0, 48661 }, // 纬
    { 0, 0, 0, 0, 0, 0, 48661 }, // 纭
    { 0, 0, 0, 0, 0, 0, 48661 }, // 纮
    { 0, 0, 0, 0, 0, 0, 48661 }, // 纯
    { 0, 0, 0, 0, 0, 0, 48661 }, // 纰
    { 0, 0, 0, 0, 0, 0, 48661 }, // 纱
    { 0, 0, 0, 0, 0, 0, 48661 }, // 纲
    { 24, 27, 27, 1, 24, 81, 48661 }, // 纳
    { 0, 0, 0, 0, 0, 0, 48742 }, // 纴
    { 0, 0, 0, 0, 0, 0, 48742 }, // 纵
    { 0, 0, 0, 0, 0, 0, 48742 }, // 纶
    { 0, 0, 0, 0, 0, 0, 48742 }, // 纷
    { 26, 27, 27, 1, 24, 88, 48742 }, // 纸
    { 0, 0, 0, 0, 0, 0, 48830 }, // 纹
    { 0, 0, 0, 0, 0, 0, 48830 }, // 纺
    { 0, 0, 0, 0, 0, 0, 48830 }, // 纻
    { 0, 0, 0, 0, 0, 0, 48830 }, // 纼
    { 0, 0, 0, 0, 0, 0, 48830 }, // 纽
    { 0, 0, 0, 0, 0, 0, 48830 }, // 纾
    { 26, 26, 27, 1, 24, 85, 48830 }, // 线
    { 0, 0, 0, 0, 0, 0, 48915 }, // 绀
    { 0, 0, 0, 0, 0, 0, 48915 }, // 绁
    { 0, 0, 0, 0, 0, 0, 48915 }, // 绂
    { 0, 0, 0, 0, 0, 0, 48915 }, // 练
    { 0, 0, 0, 0, 0, 0, 48915 }, // 组
    { 0, 0, 0, 0, 0, 0, 48915 }, // 绅
    { 26, 26, 27, 0, 24, 85, 48915 }, // 细
    { 0, 0, 0, 0, 0, 0, 49000 }, // 织
    { 27, 27, 27, 0, 24, 92, 49000 }, // 终
    { 0, 0, 0, 0, 0, 0, 49092 }, // 绉
    { 0, 0, 0, 0, 0, 0, 49092 }, // 绊
    { 0, 0, 0, 0, 0, 0, 49092 }, // 绋
    { 0, 0, 0, 0, 0, 0, 49092 }, // 绌
    { 0, 0, 0, 0, 0, 0, 49092 }, // 绍
    { 0, 0, 0, 0, 0, 0, 49092 }, // 绎
    { 27, 26, 27, 0, 24, 88, 49092 }, // 经
    { 0, 0, 0, 0, 0, 0, 49180 }, // 绐
    { 0, 0, 0, 0, 0, 0, 49180 }, // 绑
    { 0, 0, 0, 0, 0, 0, 49180 }, // 绒
    { 0, 0, 0, 0, 0, 0, 49180 }, // 结
    { 0, 0, 0, 0, 0, 0, 49180 }, // 绔
    { 0, 0, 0, 0, 0, 0, 49180 }, // 绕
    { 0, 0, 0, 0, 0, 0, 49180 }, // 绖
    { 0, 0, 0, 0, 0, 0, 49180 }, // 绗
    { 0, 0, 0, 0, 0, 0, 49180 }, // 绘
    { 0, 0, 0, 0, 0, 0, 49180 }, // 给
    { 0, 0, 0, 0, 0, 0, 49180 }, // 绚
    { 0, 0, 0, 0, 0, 0, 49180 }, // 绛
    { 27, 27, 27, 0, 24, 92, 49180 }, // 络
    { 26, 26, 27, 0, 24, 85, 49272 }, // 绝
    { 0, 0, 0, 0, 0, 0, 49357 }, // 绞
    { 26, 27, 27, 0, 24, 88, 49357 }, // 统
    { 0, 0, 0, 0, 0, 0, 49445 }, // 绠
    { 0, 0, 0, 0, 0, 0, 49445 }, // 绡
    { 0, 0, 0, 0, 0, 0, 49445 }, // 绢
    { 0, 0, 0, 0, 0, 0, 49445 }, // 绣
    { 0, 0, 0, 0, 0, 0, 49445 }, // 绤
    { 0, 0, 0, 0, 0, 0, 49445 }, // 绥
    { 0, 0, 0, 0, 0, 0, 49445 }, // 绦
    { 26, 25, 27, 0, 24, 82, 49445 }, // 继
    { 0, 0, 0, 0, 0, 0, 49527 }, // 绨
    { 0, 0, 0, 0, 0, 0, 49527 }, // 绩
    { 0, 0, 0, 0, 0, 0, 49527 }, // 绪
    { 0, 0, 0, 0, 0, 0, 49527 }, // 绫
    { 0, 0, 0, 0, 0, 0, 49527 }, // 绬
    { 25, 27, 27, 1, 24, 85, 49527 }, // 续
    { 0, 0, 0, 0, 0, 0, 49612 }, // 绮
    { 0, 0, 0, 0, 0, 0, 49612 }, // 绯
    { 0, 0, 0, 0, 0, 0, 49612 }, // 绰
    { 0, 0, 0, 0, 0, 0, 49612 }, // 绱
    { 0, 0, 0, 0, 0, 0, 49612 }, // 绲
    { 0, 0, 0, 0, 0, 0, 49612 }, // 绳
    { 25, 27, 27, 1, 24, 85, 49612 }, // 维
    { 0, 0, 0, 0, 0, 0, 49697 }, // 绵
    { 0, 0, 0, 0, 0, 0, 49697 }, // 绶
    { 0, 0, 0, 0, 0, 0, 49697 }, // 绷
    { 0, 0, 0, 0, 0, 0, 49697 }, // 绸
    { 0, 0, 0, 0, 0, 0, 49697 }, // 绹
    { 0, 0, 0, 0, 0, 0, 49697 }, // 绺
    { 0, 0, 0, 0, 0, 0, 49697 }, // 绻
    { 0, 0, 0, 0, 0, 0, 49697 }, // 综
    { 0, 0, 0, 0, 0, 0, 49697 }, // 绽
    { 0, 0, 0, 0, 0, 0, 49697 }, // 绾
    { 0, 0, 0, 0, 0, 0, 49697 }, // 绿
    { 27, 27, 27, 0, 24, 92, 49697 }, // 缀
    { 0, 0, 0, 0, 0, 0, 49789 }, // 缁
    { 0, 0, 0, 0, 0, 0, 49789 }, // 缂
    { 0, 0, 0, 0, 0, 0, 49789 }, // 缃
    { 0, 0, 0, 0, 0, 0, 49789 }, // 缄
    { 0, 0, 0, 0, 0, 0, 49789 }, // 缅
    { 0, 0, 0, 0, 0, 0, 49789 }, // 缆
    { 0, 0, 0, 0, 0, 0, 49789 }, // 缇
    { 0, 0, 0, 0, 0, 0, 49789 }, // 缈
    { 0, 0, 0, 0, 0, 0, 49789 }, // 缉
    { 0, 0, 0, 0, 0, 0, 49789 }, // 缊
    { 0, 0, 0, 0, 0, 0, 49789 }, // 缋
    { 0, 0, 0, 0, 0, 0, 49789 }, // 缌
    { 0, 0, 0, 0, 0, 0, 49789 }, // 缍
    { 0, 0, 0, 0, 0, 0, 49789 }, // 缎
    { 0, 0, 0, 0, 0, 0, 49789 }, // 缏
    { 0, 0, 0, 0, 0, 0, 49789 }, // 缐
    { 0, 0, 0, 0, 0, 0, 49789 }, // 缑
    { 0, 0, 0, 0, 0, 0, 49789 }, // 缒
    { 27, 27, 27, 0, 24, 92, 49789 }, // 缓
    { 0, 0, 0, 0, 0, 0, 49881 }, // 缔
    { 0, 0, 0, 0, 0, 0, 49881 }, // 缕
    { 25, 27, 27, 1, 24, 85, 49881 }, // 编
    { 0, 0, 0, 0, 0, 0, 49966 }, // 缗
    { 26, 26, 27, 1, 24, 85, 49966 }, // 缘
    { 0, 0, 0, 0, 0, 0, 50051 }, // 缙
    { 0, 0, 0, 0, 0, 0, 50051 }, // 缚
    { 0, 0, 0, 0, 0, 0, 50051 }, // 缛
    { 0, 0, 0, 0, 0, 0, 50051 }, // 缜
    { 0, 0, 0, 0, 0, 0, 50051 }, // 缝
    { 0, 0, 0, 0, 0, 0, 50051 }, // 缞
    { 0, 0, 0, 0, 0, 0, 50051 }, // 缟
    { 0, 0, 0, 0, 0, 0, 50051 }, // 缠
    { 0, 0, 0, 0, 0, 0, 50051 }, // 缡
    { 0, 0, 0, 0, 0, 0, 50051 }, // 缢
    { 0, 0, 0, 0, 0, 0, 50051 }, // 缣
    { 0, 0, 0, 0, 0, 0, 50051 }, // 缤
    { 0, 0, 0, 0, 0, 0, 50051 }, // 缥
    { 0, 0, 0, 0, 0, 0, 50051 }, // 缦
    { 0, 0, 0, 0, 0, 0, 50051 }, // 缧
    { 0, 0, 0, 0, 0, 0, 50051 }, // 缨
    { 25, 27, 27, 1, 24, 85, 50051 }, // 缩
    { 0, 0, 0, 0, 0, 0, 50136 }, // 缪
    { 0, 0, 0, 0, 0, 0, 50136 }, // 缫
    { 0, 0, 0, 0, 0, 0, 50136 }, // 缬
    { 0, 0, 0, 0, 0, 0, 50136 }, // 缭
    { 0, 0, 0, 0, 0, 0, 50136 }, // 缮
    { 0, 0, 0, 0, 0, 0, 50136 }, // 缯
    { 0, 0, 0, 0, 0, 0, 50136 }, // 缰
    { 0, 0, 0, 0, 0, 0, 50136 }, // 缱
    { 0, 0, 0, 0, 0, 0, 50136 }, // 缲
    { 0, 0, 0, 0, 0, 0, 50136 }, // 缳
    { 0, 0, 0, 0, 0, 0, 50136 }, // 缴
    { 0, 0, 0, 0, 0, 0, 50136 }, // 缵
    { 0, 0, 0, 0, 0, 0, 50136 }, // 缶
    { 0, 0, 0, 0, 0, 0, 50136 }, // 缷
    { 0, 0, 0, 0, 0, 0, 50136 }, // 缸
    { 0, 0, 0, 0, 0, 0, 50136 }, // 缹
    { 27, 27, 27, 0, 24, 92, 50136 }, // 缺
    { 23, 25, 27, 2, 22, 72, 50228 }, // 网
    { 25, 25, 27, 1, 23, 79, 50300 }, // 置
    { 26, 27, 27, 1, 24, 88, 50379 }, // 義
    { 23, 25, 27, 2, 22, 72, 50467 }, // 習
    { 26, 27, 27, 0, 24, 88, 50539 }, // 翻
    { 0, 0, 0, 0, 0, 0, 50627 }, // 翼
    { 0, 0, 0, 0, 0, 0, 50627 }, // 翽
    { 0, 0, 0, 0, 0, 0, 50627 }, // 翾
    { 0, 0, 0, 0, 0, 0, 50627 }, // 翿
    { 0, 0, 0, 0, 0, 0, 50627 }, // 耀
    { 26, 26, 27, 0, 24, 85, 50627 }, // 老
    { 0, 0, 0, 0, 0, 0, 50712 }, // 耂
    { 0, 0, 0, 0, 0, 0, 50712 }, // 考
    { 0, 0, 0, 0, 0, 0, 50712 }, // 耄
    { 26, 27, 27, 0, 24, 88, 50712 }, // 者
    { 0, 0, 0, 0, 0, 0, 50800 }, // 耆
    { 0, 0, 0, 0, 0, 0, 50800 }, // 耇
    { 0, 0, 0, 0, 0, 0, 50800 }, // 耈
    { 0, 0, 0, 0, 0, 0, 50800 }, // 耉
    { 0, 0, 0, 0, 0, 0, 50800 }, // 耊
    { 0, 0, 0, 0, 0, 0, 50800 }, // 耋
    { 25, 25, 27, 1, 22, 79, 50800 }, // 而
    { 0, 0, 0, 0, 0, 0, 50879 }, // 耍
    { 0, 0, 0, 0, 0, 0, 50879 }, // 耎
    { 0, 0, 0, 0, 0, 0, 50879 }, // 耏
    { 0, 0, 0, 0, 0, 0, 50879 }, // 耐
    { 0, 0, 0, 0, 0, 0, 50879 }, // 耑
    { 0, 0, 0, 0, 0, 0, 50879 }, // 耒
    { 0, 0, 0, 0, 0, 0, 50879 }, // 耓
    { 0, 0, 0, 0, 0, 0, 50879 }, // 耔
    { 0, 0, 0, 0, 0, 0, 50879 }, // 耕
    { 0, 0, 0, 0, 0, 0, 50879 }, // 耖
    { 27, 26, 27, 0, 23, 88, 50879 }, // 耗
    { 26, 27, 27, 1, 24, 88, 50967 }, // 耻
    { 25, 26, 27, 1, 24, 82, 51055 }, // 背
    { 26, 27, 27, 0, 24, 88, 51137 }, // 胶
    { 0, 0, 0, 0, 0, 0, 51225 }, // 胷
    { 0, 0, 0, 0, 0, 0, 51225 }, // 胸
    { 0, 0, 0, 0, 0, 0, 51225 }, // 胹
    { 0, 0, 0, 0, 0, 0, 51225 }, // 胺
    { 0, 0, 0, 0, 0, 0, 51225 }, // 胻
    { 0, 0, 0, 0, 0, 0, 51225 }, // 胼
    { 26, 27, 27, 1, 24, 88, 51225 }, // 能
    { 26, 27, 27, 0, 24, 88, 51313 }, // 脚
    { 27, 26, 27, 0, 23, 88, 51401 }, // 膠
    { 20, 27, 27, 4, 24, 68, 51489 }, // 自
    { 0, 0, 0, 0, 0, 0, 51557 }, // 臫
    { 0, 0, 0, 0, 0, 0, 51557 }, // 臬
    { 0, 0, 0, 0, 0, 0, 51557 }, // 臭
    { 0, 0, 0, 0, 0, 0, 51557 }, // 臮
    { 0, 0, 0, 0, 0, 0, 51557 }, // 臯
    { 0, 0, 0, 0, 0, 0, 51557 }, // 臰
    { 0, 0, 0, 0, 0, 0, 51557 }, // 臱
    { 0, 0, 0, 0, 0, 0, 51557 }, // 臲
    { 25, 23, 27, 1, 22, 72, 51557 }, // 至
    { 26, 27, 27, 1, 24, 88, 51629 }, // 致
    { 26, 27, 27, 1, 24, 88, 51717 }, // 舍
    { 26, 26, 27, 1, 24, 85, 51805 }, // 色
    { 0, 0, 0, 0, 0, 0, 51890 }, // 艳
    { 0, 0, 0, 0, 0, 0, 51890 }, // 艴
    { 0, 0, 0, 0, 0, 0, 51890 }, // 艵
    { 0, 0, 0, 0, 0, 0, 51890 }, // 艶
    { 0, 0, 0, 0, 0, 0, 51890 }, // 艷
    { 0, 0, 0, 0, 0, 0, 51890 }, // 艸
    { 0, 0, 0, 0, 0, 0, 51890 }, // 艹
    { 0, 0, 0, 0, 0, 0, 51890 }, // 艺
    { 0, 0, 0, 0, 0, 0, 51890 }, // 艻
    { 0, 0, 0, 0, 0, 0, 51890 }, // 艼
    { 0, 0, 0, 0, 0, 0, 51890 }, // 艽
    { 0, 0, 0, 0, 0, 0, 51890 }, // 艾
    { 0, 0, 0, 0, 0, 0, 51890 }, // 艿
    { 0, 0, 0, 0, 0, 0, 51890 }, // 芀
    { 0, 0, 0, 0, 0, 0, 51890 }, // 芁
    { 25, 26, 27, 1, 23, 82, 51890 }, // 节
    { 25, 27, 27, 1, 24, 85, 51972 }, // 范
    { 26, 27, 27, 0, 24, 88, 52057 }, // 茄
    { 26, 27, 27, 0, 24, 88, 52145 }, // 荐
    { 25, 27, 27, 1, 24, 85, 52233 }, // 获
    { 27, 27, 27, 0, 24, 92, 52318 }, // 菜
    { 25, 27, 27, 1, 24, 85, 52410 }, // 萬
    { 0, 0, 0, 0, 0, 0, 52495 }, // 萭
    { 0, 0, 0, 0, 0, 0, 52495 }, // 萮
    { 0, 0, 0, 0, 0, 0, 52495 }, // 萯
    { 0, 0, 0, 0, 0, 0, 52495 }, // 萰
    { 0, 0, 0, 0, 0, 0, 52495 }, // 萱
    { 0, 0, 0, 0, 0, 0, 52495 }, // 萲
    { 0, 0, 0, 0, 0, 0, 52495 }, // 萳
    { 0, 0, 0, 0, 0, 0, 52495 }, // 萴
    { 0, 0, 0, 0, 0, 0, 52495 }, // 萵
    { 0, 0, 0, 0, 0, 0, 52495 }, // 萶
    { 0, 0, 0, 0, 0, 0, 52495 }, // 萷
    { 0, 0, 0, 0, 0, 0, 52495 }, // 萸
    { 0, 0, 0, 0, 0, 0, 52495 }, // 萹
    { 0, 0, 0, 0, 0, 0, 52495 }, // 萺
    { 0, 0, 0, 0, 0, 0, 52495 }, // 萻
    { 0, 0, 0, 0, 0, 0, 52495 }, // 萼
    { 26, 27, 27, 1, 24, 88, 52495 }, // 落
    { 25, 26, 27, 1, 24, 82, 52583 }, // 蓝
    { 26, 27, 27, 0, 24, 88, 52665 }, // 薦
    { 26, 26, 27, 1, 24, 85, 52753 }, // 藍
    { 0, 0, 0, 0, 0, 0, 52838 }, // 藎
    { 27, 27, 27, 0, 24, 92, 52838 }, // 藏
    { 25, 27, 27, 1, 24, 85, 52930 }, // 虚
    { 25, 27, 27, 1, 24, 85, 53015 }, // 虛
    { 0, 0, 0, 0, 0, 0, 53100 }, // 虜
    { 0, 0, 0, 0, 0, 0, 53100 }, // 虝
    { 0, 0, 0, 0, 0, 0, 53100 }, // 虞
    { 26, 27, 27, 1, 24, 88, 53100 }, // 號
    { 26, 27, 27, 0, 24, 88, 53188 }, // 行
    { 27, 27, 27, 0, 24, 92, 53276 }, // 表
    { 27, 27, 27, 0, 24, 92, 53368 }, // 被
    { 26, 27, 27, 1, 24, 88, 53460 }, // 裁
    { 0, 0, 0, 0, 0, 0, 53548 }, // 裂
    { 0, 0, 0, 0, 0, 0, 53548 }, // 裃
    { 0, 0, 0, 0, 0, 0, 53548 }, // 裄
    { 26, 27, 27, 1, 24, 88, 53548 }, // 装
    { 27, 27, 27, 0, 24, 92, 53636 }, // 裝
    { 27, 27, 27, 0, 24, 92, 53728 }, // 褪
    { 25, 25, 27, 1, 22, 79, 53820 }, // 要
    { 0, 0, 0, 0, 0, 0, 53899 }, // 覂
    { 0, 0, 0, 0, 0, 0, 53899 }, // 覃
    { 0, 0, 0, 0, 0, 0, 53899 }, // 覄
    { 0, 0, 0, 0, 0, 0, 53899 }, // 覅
    { 27, 26, 27, 0, 23, 88, 53899 }, // 覆
    { 25, 27, 27, 1, 24, 85, 53987 }, // 覽
    { 0, 0, 0, 0, 0, 0, 54072 }, // 覾
    { 0, 0, 0, 0, 0, 0, 54072 }, // 覿
    { 0, 0, 0, 0, 0, 0, 54072 }, // 觀
    { 0, 0, 0, 0, 0, 0, 54072 }, // 见
    { 0, 0, 0, 0, 0, 0, 54072 }, // 观
    { 0, 0, 0, 0, 0, 0, 54072 }, // 觃
    { 0, 0, 0, 0, 0, 0, 54072 }, // 规
    { 0, 0, 0, 0, 0, 0, 54072 }, // 觅
    { 0, 0, 0, 0, 0, 0, 54072 }, // 视
    { 0, 0, 0, 0, 0, 0, 54072 }, // 觇
    { 25, 27, 27, 1, 24, 85, 54072 }, // 览
    { 0, 0, 0, 0, 0, 0, 54157 }, // 觉
    { 0, 0, 0, 0, 0, 0, 54157 }, // 觊
    { 0, 0, 0, 0, 0, 0, 54157 }, // 觋
    { 0, 0, 0, 0, 0, 0, 54157 }, // 觌
    { 0, 0, 0, 0, 0, 0, 54157 }, // 觍
    { 0, 0, 0, 0, 0, 0, 54157 }, // 觎
    { 0, 0, 0, 0, 0, 0, 54157 }, // 觏
    { 0, 0, 0, 0, 0, 0, 54157 }, // 觐
    { 0, 0, 0, 0, 0, 0, 54157 }, // 觑
    { 23, 27, 27, 1, 24, 78, 54157 }, // 角
    { 0, 0, 0, 0, 0, 0, 54235 }, // 觓
    { 0, 0, 0, 0, 0, 0, 54235 }, // 觔
    { 0, 0, 0, 0, 0, 0, 54235 }, // 觕
    { 0, 0, 0, 0, 0, 0, 54235 }, // 觖
    { 0, 0, 0, 0, 0, 0, 54235 }, // 觗
    { 0, 0, 0, 0, 0, 0, 54235 }, // 觘
    { 0, 0, 0, 0, 0, 0, 54235 }, // 觙
    { 0, 0, 0, 0, 0, 0, 54235 }, // 觚
    { 0, 0, 0, 0, 0, 0, 54235 }, // 觛
    { 0, 0, 0, 0, 0, 0, 54235 }, // 觜
    { 0, 0, 0, 0, 0, 0, 54235 }, // 觝
    { 0, 0, 0, 0, 0, 0, 54235 }, // 觞
    { 0, 0, 0, 0, 0, 0, 54235 }, // 觟
    { 0, 0, 0, 0, 0, 0, 54235 }, // 觠
    { 0, 0, 0, 0, 0, 0, 54235 }, // 觡
    { 0, 0, 0, 0, 0, 0, 54235 }, // 觢
    { 26, 27, 27, 0, 24, 88, 54235 }, // 解
    { 25, 27, 27, 1, 24, 85, 54323 }, // 言
    { 0, 0, 0, 0, 0, 0, 54408 }, // 訁
    { 0, 0, 0, 0, 0, 0, 54408 }, // 訂
    { 0, 0, 0, 0, 0, 0, 54408 }, // 訃
    { 0, 0, 0, 0, 0, 0, 54408 }, // 訄
    { 0, 0, 0, 0, 0, 0, 54408 }, // 訅
    { 0, 0, 0, 0, 0, 0, 54408 }, // 訆
    { 0, 0, 0, 0, 0, 0, 54408 }, // 訇
    { 25, 27, 27, 1, 24, 85, 54408 }, // 計
    { 0, 0, 0, 0, 0, 0, 54493 }, // 訉
    { 0, 0, 0, 0, 0, 0, 54493 }, // 訊
    { 0, 0, 0, 0, 0, 0, 54493 }, // 訋
    { 0, 0, 0, 0, 0, 0, 54493 }, // 訌
    { 0, 0, 0, 0, 0, 0, 54493 }, // 訍
    { 0, 0, 0, 0, 0, 0, 54493 }, // 討
    { 0, 0, 0, 0, 0, 0, 54493 }, // 訏
    { 0, 0, 0, 0, 0, 0, 54493 }, // 訐
    { 0, 0, 0, 0, 0, 0, 54493 }, // 訑
    { 0, 0, 0, 0, 0, 0, 54493 }, // 訒
    { 0, 0, 0, 0, 0, 0, 54493 }, // 訓
    { 0, 0, 0, 0, 0, 0, 54493 }, // 訔
    { 0, 0, 0, 0, 0, 0, 54493 }, // 訕
    { 0, 0, 0, 0, 0, 0, 54493 }, // 訖
    { 0, 0, 0, 0, 0, 0, 54493 }, // 託
    { 26, 27, 27, 1, 24, 88, 54493 }, // 記
    { 0, 0, 0, 0, 0, 0, 54581 }, // 訙
    { 0, 0, 0, 0, 0, 0, 54581 }, // 訚
    { 0, 0, 0, 0, 0, 0, 54581 }, // 訛
    { 0, 0, 0, 0, 0, 0, 54581 }, // 訜
    { 0, 0, 0, 0, 0, 0, 54581 }, // 訝
    { 0, 0, 0, 0, 0, 0, 54581 }, // 訞
    { 0, 0, 0, 0, 0, 0, 54581 }, // 訟
    { 0, 0, 0, 0, 0, 0, 54581 }, // 訠
    { 0, 0, 0, 0, 0, 0, 54581 }, // 訡
    { 0, 0, 0, 0, 0, 0, 54581 }, // 訢
    { 0, 0, 0, 0, 0, 0, 54581 }, // 訣
    { 0, 0, 0, 0, 0, 0, 54581 }, // 訤
    { 0, 0, 0, 0, 0, 0, 54581 }, // 訥
    { 0, 0, 0, 0, 0, 0, 54581 }, // 訦
    { 0, 0, 0, 0, 0, 0, 54581 }, // 訧
    { 0, 0, 0, 0, 0, 0, 54581 }, // 訨
    { 0, 0, 0, 0, 0, 0, 54581 }, // 訩
    { 25, 27, 27, 1, 24, 85, 54581 }, // 訪
    { 0, 0, 0, 0, 0, 0, 54666 }, // 訫
    { 0, 0, 0, 0, 0, 0, 54666 }, // 訬
    { 26, 27, 27, 1, 24, 88, 54666 }, // 設
    { 0, 0, 0, 0, 0, 0, 54754 }, // 訮
    { 0, 0, 0, 0, 0, 0, 54754 }, // 訯
    { 0, 0, 0, 0, 0, 0, 54754 }, // 訰
    { 0, 0, 0, 0, 0, 0, 54754 }, // 許
    { 0, 0, 0, 0, 0, 0, 54754 }, // 訲
    { 0, 0, 0, 0, 0, 0, 54754 }, // 訳
    { 0, 0, 0, 0, 0, 0, 54754 }, // 訴
    { 0, 0, 0, 0, 0, 0, 54754 }, // 訵
    { 0, 0, 0, 0, 0, 0, 54754 }, // 訶
    { 0, 0, 0, 0, 0, 0, 54754 }, // 訷
    { 0, 0, 0, 0, 0, 0, 54754 }, // 訸
    { 0, 0, 0, 0, 0, 0, 54754 }, // 訹
    { 0, 0, 0, 0, 0, 0, 54754 }, // 診
    { 25, 26, 27, 1, 24, 82, 54754 }, // 註
    { 26, 27, 27, 1, 24, 88, 54836 }, // 試
    { 0, 0, 0, 0, 0, 0, 54924 }, // 詧
    { 0, 0, 0, 0, 0, 0, 54924 }, // 詨
    { 0, 0, 0, 0, 0, 0, 54924 }, // 詩
    { 0, 0, 0, 0, 0, 0, 54924 }, // 詪
    { 0, 0, 0, 0, 0, 0, 54924 }, // 詫
    { 0, 0, 0, 0, 0, 0, 54924 }, // 詬
    { 0, 0, 0, 0, 0, 0, 54924 }, // 詭
    { 0, 0, 0, 0, 0, 0, 54924 }, // 詮
    { 0, 0, 0, 0, 0, 0, 54924 }, // 詯
    { 0, 0, 0, 0, 0, 0, 54924 }, // 詰
    { 0, 0, 0, 0, 0, 0, 54924 }, // 話
    { 0, 0, 0, 0, 0, 0, 54924 }, // 該
    { 25, 27, 27, 1, 24, 85, 54924 }, // 詳
    { 26, 27, 27, 1, 24, 88, 55009 }, // 認
    { 0, 0, 0, 0, 0, 0, 55097 }, // 誎
    { 0, 0, 0, 0, 0, 0, 55097 }, // 誏
    { 0, 0, 0, 0, 0, 0, 55097 }, // 誐
    { 0, 0, 0, 0, 0, 0, 55097 }, // 誑
    { 0, 0, 0, 0, 0, 0, 55097 }, // 誒
    { 0, 0, 0, 0, 0, 0, 55097 }, // 誓
    { 0, 0, 0, 0, 0, 0, 55097 }, // 誔
    { 0, 0, 0, 0, 0, 0, 55097 }, // 誕
    { 0, 0, 0, 0, 0, 0, 55097 }, // 誖
    { 0, 0, 0, 0, 0, 0, 55097 }, // 誗
    { 0, 0, 0, 0, 0, 0, 55097 }, // 誘
    { 0, 0, 0, 0, 0, 0, 55097 }, // 誙
    { 0, 0, 0, 0, 0, 0, 55097 }, // 誚
    { 0, 0, 0, 0, 0, 0, 55097 }, // 誛
    { 0, 0, 0, 0, 0, 0, 55097 }, // 誜
    { 0, 0, 0, 0, 0, 0, 55097 }, // 誝
    { 26, 27, 27, 1, 24, 88, 55097 }, // 語
    { 0, 0, 0, 0, 0, 0, 55185 }, // 誟
    { 0, 0, 0, 0, 0, 0, 55185 }, // 誠
    { 0, 0, 0, 0, 0, 0, 55185 }, // 誡
    { 0, 0, 0, 0, 0, 0, 55185 }, // 誢
    { 0, 0, 0, 0, 0, 0, 55185 }, // 誣
    { 26, 27, 27, 1, 24, 88, 55185 }, // 誤
    { 0, 0, 0, 0, 0, 0, 55273 }, // 誥
    { 0, 0, 0, 0, 0, 0, 55273 }, // 誦
    { 0, 0, 0, 0, 0, 0, 55273 }, // 誧
    { 26, 27, 27, 1, 24, 88, 55273 }, // 誨
    { 0, 0, 0, 0, 0, 0, 55361 }, // 誩
    { 26, 27, 27, 1, 24, 88, 55361 }, // 說
    { 25, 27, 27, 1, 24, 85, 55449 }, // 請
    { 26, 27, 27, 1, 24, 88, 55534 }, // 證
    { 26, 27, 27, 1, 24, 88, 55622 }, // 讀
    { 25, 27, 27, 1, 24, 85, 55710 }, // 计
    { 0, 0, 0, 0, 0, 0, 55795 }, // 订
    { 0, 0, 0, 0, 0, 0, 55795 }, // 讣
    { 26, 27, 27, 1, 24, 88, 55795 }, // 认
    { 0, 0, 0, 0, 0, 0, 55883 }, // 讥
    { 0, 0, 0, 0, 0, 0, 55883 }, // 讦
    { 0, 0, 0, 0, 0, 0, 55883 }, // 讧
    { 0, 0, 0, 0, 0, 0, 55883 }, // 讨
    { 0, 0, 0, 0, 0, 0, 55883 }, // 让
    { 0, 0, 0, 0, 0, 0, 55883 }, // 讪
    { 0, 0, 0, 0, 0, 0, 55883 }, // 讫
    { 0, 0, 0, 0, 0, 0, 55883 }, // 讬
    { 0, 0, 0, 0, 0, 0, 55883 }, // 训
    { 0, 0, 0, 0, 0, 0, 55883 }, // 议
    { 0, 0, 0, 0, 0, 0, 55883 }, // 讯
    { 26, 25, 27, 1, 23, 82, 55883 }, // 记
    { 0, 0, 0, 0, 0, 0, 55965 }, // 讱
    { 0, 0, 0, 0, 0, 0, 55965 }, // 讲
    { 0, 0, 0, 0, 0, 0, 55965 }, // 讳
    { 0, 0, 0, 0, 0, 0, 55965 }, // 讴
    { 0, 0, 0, 0, 0, 0, 55965 }, // 讵
    { 0, 0, 0, 0, 0, 0, 55965 }, // 讶
    { 0, 0, 0, 0, 0, 0, 55965 }, // 讷
    { 25, 27, 27, 1, 24, 85, 55965 }, // 许
    { 0, 0, 0, 0, 0, 0, 56050 }, // 讹
    { 0, 0, 0, 0, 0, 0, 56050 }, // 论
    { 0, 0, 0, 0, 0, 0, 56050 }, // 讻
    { 0, 0, 0, 0, 0, 0, 56050 }, // 讼
    { 0, 0, 0, 0, 0, 0, 56050 }, // 讽
    { 26, 26, 27, 1, 23, 85, 56050 }, // 设
    { 25, 27, 27, 1, 24, 85, 56135 }, // 访
    { 0, 0, 0, 0, 0, 0, 56220 }, // 诀
    { 26, 25, 27, 1, 23, 82, 56220 }, // 证
    { 0, 0, 0, 0, 0, 0, 56302 }, // 诂
    { 0, 0, 0, 0, 0, 0, 56302 }, // 诃
    { 0, 0, 0, 0, 0, 0, 56302 }, // 评
    { 0, 0, 0, 0, 0, 0, 56302 }, // 诅
    { 0, 0, 0, 0, 0, 0, 56302 }, // 识
    { 0, 0, 0, 0, 0, 0, 56302 }, // 诇
    { 0, 0, 0, 0, 0, 0, 56302 }, // 诈
    { 0, 0, 0, 0, 0, 0, 56302 }, // 诉
    { 0, 0, 0, 0, 0, 0, 56302 }, // 诊
    { 0, 0, 0, 0, 0, 0, 56302 }, // 诋
    { 0, 0, 0, 0, 0, 0, 56302 }, // 诌
    { 24, 26, 27, 1, 23, 78, 56302 }, // 词
    { 0, 0, 0, 0, 0, 0, 56380 }, // 诎
    { 0, 0, 0, 0, 0, 0, 56380 }, // 诏
    { 0, 0, 0, 0, 0, 0, 56380 }, // 诐
    { 0, 0, 0, 0, 0, 0, 56380 }, // 译
    { 0, 0, 0, 0, 0, 0, 56380 }, // 诒
    { 0, 0, 0, 0, 0, 0, 56380 }, // 诓
    { 0, 0, 0, 0, 0, 0, 56380 }, // 诔
    { 26, 26, 27, 1, 24, 85, 56380 }, // 试
    { 0, 0, 0, 0, 0, 0, 56465 }, // 诖
    { 0, 0, 0, 0, 0, 0, 56465 }, // 诗
    { 0, 0, 0, 0, 0, 0, 56465 }, // 诘
    { 0, 0, 0, 0, 0, 0, 56465 }, // 诙
    { 0, 0, 0, 0, 0, 0, 56465 }, // 诚
    { 0, 0, 0, 0, 0, 0, 56465 }, // 诛
    { 0, 0, 0, 0, 0, 0, 56465 }, // 诜
    { 0, 0, 0, 0, 0, 0, 56465 }, // 话
    { 0, 0, 0, 0, 0, 0, 56465 }, // 诞
    { 0, 0, 0, 0, 0, 0, 56465 }, // 诟
    { 0, 0, 0, 0, 0, 0, 56465 }, // 诠
    { 0, 0, 0, 0, 0, 0, 56465 }, // 诡
    { 0, 0, 0, 0, 0, 0, 56465 }, // 询
    { 0, 0, 0, 0, 0, 0, 56465 }, // 诣
    { 0, 0, 0, 0, 0, 0, 56465 }, // 诤
    { 25, 27, 27, 1, 24, 85, 56465 }, // 该
    { 25, 27, 27, 1, 24, 85, 56550 }, // 详
    { 0, 0, 0, 0, 0, 0, 56635 }, // 诧
    { 0, 0, 0, 0, 0, 0, 56635 }, // 诨
    { 0, 0, 0, 0, 0, 0, 56635 }, // 诩
    { 0, 0, 0, 0, 0, 0, 56635 }, // 诪
    { 0, 0, 0, 0, 0, 0, 56635 }, // 诫
    { 0, 0, 0, 0, 0, 0, 56635 }, // 诬
    { 25, 26, 27, 1, 23, 82, 56635 }, // 语
    { 0, 0, 0, 0, 0, 0, 56717 }, // 诮
    { 26, 26, 27, 1, 23, 85, 56717 }, // 误
    { 0, 0, 0, 0, 0, 0, 56802 }, // 诰
    { 0, 0, 0, 0, 0, 0, 56802 }, // 诱
    { 25, 27, 27, 1, 24, 85, 56802 }, // 诲
    { 0, 0, 0, 0, 0, 0, 56887 }, // 诳
    { 25, 27, 27, 1, 24, 85, 56887 }, // 说
    { 0, 0, 0, 0, 0, 0, 56972 }, // 诵
    { 0, 0, 0, 0, 0, 0, 56972 }, // 诶
    { 25, 27, 27, 1, 24, 85, 56972 }, // 请
    { 0, 0, 0, 0, 0, 0, 57057 }, // 诸
    { 0, 0, 0, 0, 0, 0, 57057 }, // 诹
    { 0, 0, 0, 0, 0, 0, 57057 }, // 诺
    { 25, 27, 27, 1, 24, 85, 57057 }, // 读
    { 25, 25, 27, 1, 23, 79, 57142 }, // 豎
    { 25, 25, 27, 1, 22, 79, 57221 }, // 貝
    { 25, 27, 27, 1, 24, 85, 57300 }, // 質
    { 0, 0, 0, 0, 0, 0, 57385 }, // 賫
    { 27, 25, 27, 0, 22, 85, 57385 }, // 賬
    { 24, 25, 27, 1, 22, 75, 57470 }, // 贝
    { 0, 0, 0, 0, 0, 0, 57545 }, // 贞
    { 0, 0, 0, 0, 0, 0, 57545 }, // 负
    { 0, 0, 0, 0, 0, 0, 57545 }, // 贠
    { 0, 0, 0, 0, 0, 0, 57545 }, // 贡
    { 0, 0, 0, 0, 0, 0, 57545 }, // 财
    { 0, 0, 0, 0, 0, 0, 57545 }, // 责
    { 0, 0, 0, 0, 0, 0, 57545 }, // 贤
    { 26, 27, 27, 1, 24, 88, 57545 }, // 败
    { 26, 26, 27, 1, 23, 85, 57633 }, // 账
    { 0, 0, 0, 0, 0, 0, 57718 }, // 货
    { 26, 27, 27, 0, 24, 88, 57718 }, // 质
    { 0, 0, 0, 0, 0, 0, 57806 }, // 贩
    { 0, 0, 0, 0, 0, 0, 57806 }, // 贪
    { 0, 0, 0, 0, 0, 0, 57806 }, // 贫
    { 0, 0, 0, 0, 0, 0, 57806 }, // 贬
    { 0, 0, 0, 0, 0, 0, 57806 }, // 购
    { 0, 0, 0, 0, 0, 0, 57806 }, // 贮
    { 0, 0, 0, 0, 0, 0, 57806 }, // 贯
    { 0, 0, 0, 0, 0, 0, 57806 }, // 贰
    { 0, 0, 0, 0, 0, 0, 57806 }, // 贱
    { 0, 0, 0, 0, 0, 0, 57806 }, // 贲
    { 0, 0, 0, 0, 0, 0, 57806 }, // 贳
    { 25, 27, 27, 1, 24, 85, 57806 }, // 贴
    { 27, 27, 27, 0, 24, 92, 57891 }, // 赛
    { 27, 27, 27, 0, 24, 92, 57983 }, // 超
    { 0, 0, 0, 0, 0, 0, 58075 }, // 趆
    { 0, 0, 0, 0, 0, 0, 58075 }, // 趇
    { 0, 0, 0, 0, 0, 0, 58075 }, // 趈
    { 0, 0, 0, 0, 0, 0, 58075 }, // 趉
    { 27, 27, 27, 0, 24, 92, 58075 }, // 越
    { 26, 25, 27, 1, 22, 82, 58167 }, // 足
    { 26, 23, 27, 0, 22, 75, 58249 }, // 距
    { 0, 0, 0, 0, 0, 0, 58324 }, // 跞
    { 0, 0, 0, 0, 0, 0, 58324 }, // 跟
    { 0, 0, 0, 0, 0, 0, 58324 }, // 跠
    { 0, 0, 0, 0, 0, 0, 58324 }, // 跡
    { 0, 0, 0, 0, 0, 0, 58324 }, // 跢
    { 0, 0, 0, 0, 0, 0, 58324 }, // 跣
    { 0, 0, 0, 0, 0, 0, 58324 }, // 跤
    { 0, 0, 0, 0, 0, 0, 58324 }, // 跥
    { 0, 0, 0, 0, 0, 0, 58324 }, // 跦
    { 0, 0, 0, 0, 0, 0, 58324 }, // 跧
    { 0, 0, 0, 0, 0, 0, 58324 }, // 跨
    { 0, 0, 0, 0, 0, 0, 58324 }, // 跩
    { 0, 0, 0, 0, 0, 0, 58324 }, // 跪
    { 0, 0, 0, 0, 0, 0, 58324 }, // 跫
    { 0, 0, 0, 0, 0, 0, 58324 }, // 跬
    { 0, 0, 0, 0, 0, 0, 58324 }, // 跭
    { 0, 0, 0, 0, 0, 0, 58324 }, // 跮
    { 26, 27, 27, 1, 24, 88, 58324 }, // 路
    { 0, 0, 0, 0, 0, 0, 58412 }, // 跰
    { 0, 0, 0, 0, 0, 0, 58412 }, // 跱
    { 0, 0, 0, 0, 0, 0, 58412 }, // 跲
    { 27, 27, 27, 0, 24, 92, 58412 }, // 跳
    { 26, 27, 27, 1, 24, 88, 58504 }, // 載
    { 26, 27, 27, 1, 24, 88, 58592 }, // 輸
    { 0, 0, 0, 0, 0, 0, 58680 }, // 輹
    { 0, 0, 0, 0, 0, 0, 58680 }, // 輺
    { 0, 0, 0, 0, 0, 0, 58680 }, // 輻
    { 0, 0, 0, 0, 0, 0, 58680 }, // 輼
    { 0, 0, 0, 0, 0, 0, 58680 }, // 輽
    { 0, 0, 0, 0, 0, 0, 58680 }, // 輾
    { 0, 0, 0, 0, 0, 0, 58680 }, // 輿
    { 0, 0, 0, 0, 0, 0, 58680 }, // 轀
    { 0, 0, 0, 0, 0, 0, 58680 }, // 轁
    { 0, 0, 0, 0, 0, 0, 58680 }, // 轂
    { 0, 0, 0, 0, 0, 0, 58680 }, // 轃
    { 0, 0, 0, 0, 0, 0, 58680 }, // 轄
    { 0, 0, 0, 0, 0, 0, 58680 }, // 轅
    { 0, 0, 0, 0, 0, 0, 58680 }, // 轆
    { 0, 0, 0, 0, 0, 0, 58680 }, // 轇
    { 0, 0, 0, 0, 0, 0, 58680 }, // 轈
    { 26, 27, 27, 1, 24, 88, 58680 }, // 轉
    { 25, 27, 27, 1, 24, 85, 58768 }, // 转
    { 0, 0, 0, 0, 0, 0, 58853 }, // 轭
    { 0, 0, 0, 0, 0, 0, 58853 }, // 轮
    { 0, 0, 0, 0, 0, 0, 58853 }, // 软
    { 0, 0, 0, 0, 0, 0, 58853 }, // 轰
    { 0, 0, 0, 0, 0, 0, 58853 }, // 轱
    { 0, 0, 0, 0, 0, 0, 58853 }, // 轲
    { 0, 0, 0, 0, 0, 0, 58853 }, // 轳
    { 0, 0, 0, 0, 0, 0, 58853 }, // 轴
    { 0, 0, 0, 0, 0, 0, 58853 }, // 轵
    { 0, 0, 0, 0, 0, 0, 58853 }, // 轶
    { 0, 0, 0, 0, 0, 0, 58853 }, // 轷
    { 0, 0, 0, 0, 0, 0, 58853 }, // 轸
    { 0, 0, 0, 0, 0, 0, 58853 }, // 轹
    { 0, 0, 0, 0, 0, 0, 58853 }, // 轺
    { 0, 0, 0, 0, 0, 0, 58853 }, // 轻
    { 0, 0, 0, 0, 0, 0, 58853 }, // 轼
    { 26, 27, 27, 1, 24, 88, 58853 }, // 载
    { 0, 0, 0, 0, 0, 0, 58941 }, // 轾
    { 0, 0, 0, 0, 0, 0, 58941 }, // 轿
    { 0, 0, 0, 0, 0, 0, 58941 }, // 辀
    { 0, 0, 0, 0, 0, 0, 58941 }, // 辁
    { 0, 0, 0, 0, 0, 0, 58941 }, // 辂
    { 26, 27, 27, 1, 24, 88, 58941 }, // 较
    { 0, 0, 0, 0, 0, 0, 59029 }, // 辄
    { 0, 0, 0, 0, 0, 0, 59029 }, // 辅
    { 0, 0, 0, 0, 0, 0, 59029 }, // 辆
    { 0, 0, 0, 0, 0, 0, 59029 }, // 辇
    { 0, 0, 0, 0, 0, 0, 59029 }, // 辈
    { 0, 0, 0, 0, 0, 0, 59029 }, // 辉
    { 0, 0, 0, 0, 0, 0, 59029 }, // 辊
    { 0, 0, 0, 0, 0, 0, 59029 }, // 辋
    { 0, 0, 0, 0, 0, 0, 59029 }, // 辌
    { 0, 0, 0, 0, 0, 0, 59029 }, // 辍
    { 0, 0, 0, 0, 0, 0, 59029 }, // 辎
    { 0, 0, 0, 0, 0, 0, 59029 }, // 辏
    { 0, 0, 0, 0, 0, 0, 59029 }, // 辐
    { 25, 27, 27, 1, 24, 85, 59029 }, // 辑
    { 0, 0, 0, 0, 0, 0, 59114 }, // 辒
    { 26, 27, 27, 1, 24, 88, 59114 }, // 输
    { 27, 26, 27, 0, 23, 88, 59202 }, // 边
    { 0, 0, 0, 0, 0, 0, 59290 }, // 辺
    { 0, 0, 0, 0, 0, 0, 59290 }, // 辻
    { 0, 0, 0, 0, 0, 0, 59290 }, // 込
    { 0, 0, 0, 0, 0, 0, 59290 }, // 辽
    { 0, 0, 0, 0, 0, 0, 59290 }, // 达
    { 0, 0, 0, 0, 0, 0, 59290 }, // 辿
    { 0, 0, 0, 0, 0, 0, 59290 }, // 迀
    { 0, 0, 0, 0, 0, 0, 59290 }, // 迁
    { 0, 0, 0, 0, 0, 0, 59290 }, // 迂
    { 0, 0, 0, 0, 0, 0, 59290 }, // 迃
    { 0, 0, 0, 0, 0, 0, 59290 }, // 迄
    { 0, 0, 0, 0, 0, 0, 59290 }, // 迅
    { 0, 0, 0, 0, 0, 0, 59290 }, // 迆
    { 26, 26, 27, 1, 24, 85, 59290 }, // 过
    { 0, 0, 0, 0, 0, 0, 59375 }, // 迈
    { 0, 0, 0, 0, 0, 0, 59375 }, // 迉
    { 0, 0, 0, 0, 0, 0, 59375 }, // 迊
    { 0, 0, 0, 0, 0, 0, 59375 }, // 迋
    { 0, 0, 0, 0, 0, 0, 59375 }, // 迌
    { 0, 0, 0, 0, 0, 0, 59375 }, // 迍
    { 0, 0, 0, 0, 0, 0, 59375 }, // 迎
    { 0, 0, 0, 0, 0, 0, 59375 }, // 迏
    { 26, 26, 27, 1, 23, 85, 59375 }, // 运
    { 26, 27, 27, 1, 24, 88, 59460 }, // 近
    { 0, 0, 0, 0, 0, 0, 59548 }, // 迒
    { 0, 0, 0, 0, 0, 0, 59548 }, // 迓
    { 27, 26, 27, 0, 23, 88, 59548 }, // 返
    { 0, 0, 0, 0, 0, 0, 59636 }, // 迕
    { 0, 0, 0, 0, 0, 0, 59636 }, // 迖
    { 0, 0, 0, 0, 0, 0, 59636 }, // 迗
    { 27, 26, 27, 0, 23, 88, 59636 }, // 还
    { 27, 27, 27, 0, 24, 92, 59724 }, // 这
    { 0, 0, 0, 0, 0, 0, 59816 }, // 迚
    { 26, 26, 27, 1, 23, 85, 59816 }, // 进
    { 26, 26, 27, 1, 23, 85, 59901 }, // 远
    { 0, 0, 0, 0, 0, 0, 59986 }, // 违
    { 27, 27, 27, 0, 24, 92, 59986 }, // 连
    { 26, 26, 27, 1, 23, 85, 60078 }, // 退
    { 0, 0, 0, 0, 0, 0, 60163 }, // 送
    { 26, 27, 27, 1, 24, 88, 60163 }, // 适
    { 0, 0, 0, 0, 0, 0, 60251 }, // 逃
    { 0, 0, 0, 0, 0, 0, 60251 }, // 逄
    { 0, 0, 0, 0, 0, 0, 60251 }, // 逅
    { 0, 0, 0, 0, 0, 0, 60251 }, // 逆
    { 0, 0, 0, 0, 0, 0, 60251 }, // 逇
    { 0, 0, 0, 0, 0, 0, 60251 }, // 逈
    { 26, 27, 27, 1, 24, 88, 60251 }, // 选
    { 0, 0, 0, 0, 0, 0, 60339 }, // 逊
    { 0, 0, 0, 0, 0, 0, 60339 }, // 逋
    { 0, 0, 0, 0, 0, 0, 60339 }, // 逌
    { 0, 0, 0, 0, 0, 0, 60339 }, // 逍
    { 0, 0, 0, 0, 0, 0, 60339 }, // 逎
    { 26, 26, 27, 1, 23, 85, 60339 }, // 透
    { 0, 0, 0, 0, 0, 0, 60424 }, // 逐
    { 0, 0, 0, 0, 0, 0, 60424 }, // 逑
    { 0, 0, 0, 0, 0, 0, 60424 }, // 递
    { 0, 0, 0, 0, 0, 0, 60424 }, // 逓
    { 0, 0, 0, 0, 0, 0, 60424 }, // 途
    { 0, 0, 0, 0, 0, 0, 60424 }, // 逕
    { 0, 0, 0, 0, 0, 0, 60424 }, // 逖
    { 0, 0, 0, 0, 0, 0, 60424 }, // 逗
    { 0, 0, 0, 0, 0, 0, 60424 }, // 逘
    { 26, 27, 27, 1, 24, 88, 60424 }, // 這
    { 26, 26, 27, 1, 23, 85, 60512 }, // 通
    { 0, 0, 0, 0, 0, 0, 60597 }, // 逛
    { 0, 0, 0, 0, 0, 0, 60597 }, // 逜
    { 0, 0, 0, 0, 0, 0, 60597 }, // 逝
    { 0, 0, 0, 0, 0, 0, 60597 }, // 逞
    { 26, 26, 27, 1, 23, 85, 60597 }, // 速
    { 0, 0, 0, 0, 0, 0, 60682 }, // 造
    { 0, 0, 0, 0, 0, 0, 60682 }, // 逡
    { 0, 0, 0, 0, 0, 0, 60682 }, // 逢
    { 27, 27, 27, 0, 24, 92, 60682 }, // 連
    { 0, 0, 0, 0, 0, 0, 60774 }, // 逤
    { 0, 0, 0, 0, 0, 0, 60774 }, // 逥
    { 0, 0, 0, 0, 0, 0, 60774 }, // 逦
    { 0, 0, 0, 0, 0, 0, 60774 }, // 逧
    { 0, 0, 0, 0, 0, 0, 60774 }, // 逨
    { 0, 0, 0, 0, 0, 0, 60774 }, // 逩
    { 0, 0, 0, 0, 0, 0, 60774 }, // 逪
    { 0, 0, 0, 0, 0, 0, 60774 }, // 逫
    { 0, 0, 0, 0, 0, 0, 60774 }, // 逬
    { 0, 0, 0, 0, 0, 0, 60774 }, // 逭
    { 0, 0, 0, 0, 0, 0, 60774 }, // 逮
    { 0, 0, 0, 0, 0, 0, 60774 }, // 逯
    { 0, 0, 0, 0, 0, 0, 60774 }, // 逰
    { 0, 0, 0, 0, 0, 0, 60774 }, // 週
    { 26, 27, 27, 1, 24, 88, 60774 }, // 進
    { 0, 0, 0, 0, 0, 0, 60862 }, // 逳
    { 0, 0, 0, 0, 0, 0, 60862 }, // 逴
    { 0, 0, 0, 0, 0, 0, 60862 }, // 逵
    { 0, 0, 0, 0, 0, 0, 60862 }, // 逶
    { 0, 0, 0, 0, 0, 0, 60862 }, // 逷
    { 0, 0, 0, 0, 0, 0, 60862 }, // 逸
    { 0, 0, 0, 0, 0, 0, 60862 }, // 逹
    { 0, 0, 0, 0, 0, 0, 60862 }, // 逺
    { 27, 26, 27, 0, 23, 88, 60862 }, // 逻
    { 0, 0, 0, 0, 0, 0, 60950 }, // 逼
    { 0, 0, 0, 0, 0, 0, 60950 }, // 逽
    { 0, 0, 0, 0, 0, 0, 60950 }, // 逾
    { 0, 0, 0, 0, 0, 0, 60950 }, // 逿
    { 0, 0, 0, 0, 0, 0, 60950 }, // 遀
    { 0, 0, 0, 0, 0, 0, 60950 }, // 遁
    { 0, 0, 0, 0, 0, 0, 60950 }, // 遂
    { 0, 0, 0, 0, 0, 0, 60950 }, // 遃
    { 0, 0, 0, 0, 0, 0, 60950 }, // 遄
    { 0, 0, 0, 0, 0, 0, 60950 }, // 遅
    { 0, 0, 0, 0, 0, 0, 60950 }, // 遆
    { 0, 0, 0, 0, 0, 0, 60950 }, // 遇
    { 0, 0, 0, 0, 0, 0, 60950 }, // 遈
    { 0, 0, 0, 0, 0, 0, 60950 }, // 遉
    { 0, 0, 0, 0, 0, 0, 60950 }, // 遊
    { 0, 0, 0, 0, 0, 0, 60950 }, // 運
    { 0, 0, 0, 0, 0, 0, 60950 }, // 遌
    { 0, 0, 0, 0, 0, 0, 60950 }, // 遍
    { 27, 27, 27, 0, 24, 92, 60950 }, // 過
    { 0, 0, 0, 0, 0, 0, 61042 }, // 遏
    { 0, 0, 0, 0, 0, 0, 61042 }, // 遐
    { 0, 0, 0, 0, 0, 0, 61042 }, // 遑
    { 0, 0, 0, 0, 0, 0, 61042 }, // 遒
    { 26, 27, 27, 1, 24, 88, 61042 }, // 道
    { 0, 0, 0, 0, 0, 0, 61130 }, // 達
    { 0, 0, 0, 0, 0, 0, 61130 }, // 違
    { 0, 0, 0, 0, 0, 0, 61130 }, // 遖
    { 0, 0, 0, 0, 0, 0, 61130 }, // 遗
    { 0, 0, 0, 0, 0, 0, 61130 }, // 遘
    { 0, 0, 0, 0, 0, 0, 61130 }, // 遙
    { 0, 0, 0, 0, 0, 0, 61130 }, // 遚
    { 0, 0, 0, 0, 0, 0, 61130 }, // 遛
    { 0, 0, 0, 0, 0, 0, 61130 }, // 遜
    { 0, 0, 0, 0, 0, 0, 61130 }, // 遝
    { 0, 0, 0, 0, 0, 0, 61130 }, // 遞
    { 0, 0, 0, 0, 0, 0, 61130 }, // 遟
    { 26, 27, 27, 1, 24, 88, 61130 }, // 遠
    { 26, 26, 27, 1, 23, 85, 61218 }, // 選
    { 0, 0, 0, 0, 0, 0, 61303 }, // 遹
    { 0, 0, 0, 0, 0, 0, 61303 }, // 遺
    { 0, 0, 0, 0, 0, 0, 61303 }, // 遻
    { 0, 0, 0, 0, 0, 0, 61303 }, // 遼
    { 0, 0, 0, 0, 0, 0, 61303 }, // 遽
    { 0, 0, 0, 0, 0, 0, 61303 }, // 遾
    { 0, 0, 0, 0, 0, 0, 61303 }, // 避
    { 0, 0, 0, 0, 0, 0, 61303 }, // 邀
    { 0, 0, 0, 0, 0, 0, 61303 }, // 邁
    { 0, 0, 0, 0, 0, 0, 61303 }, // 邂
    { 0, 0, 0, 0, 0, 0, 61303 }, // 邃
    { 27, 27, 27, 0, 24, 92, 61303 }, // 還
    { 0, 0, 0, 0, 0, 0, 61395 }, // 邅
    { 0, 0, 0, 0, 0, 0, 61395 }, // 邆
    { 0, 0, 0, 0, 0, 0, 61395 }, // 邇
    { 0, 0, 0, 0, 0, 0, 61395 }, // 邈
    { 0, 0, 0, 0, 0, 0, 61395 }, // 邉
    { 27, 27, 27, 0, 24, 92, 61395 }, // 邊
    { 27, 26, 27, 0, 23, 88, 61487 }, // 都
    { 26, 25, 27, 1, 22, 82, 61575 }, // 配
    { 24, 26, 27, 1, 23, 78, 61657 }, // 酬
    { 25, 24, 27, 1, 22, 75, 61735 }, // 里
    { 25, 26, 27, 1, 24, 82, 61810 }, // 重
    { 0, 0, 0, 0, 0, 0, 61892 }, // 野
    { 25, 25, 27, 1, 23, 79, 61892 }, // 量
    { 0, 0, 0, 0, 0, 0, 61971 }, // 釐
    { 27, 26, 27, 0, 24, 88, 61971 }, // 金
    { 27, 26, 27, 0, 24, 88, 62059 }, // 鈕
    { 26, 27, 27, 0, 24, 88, 62147 }, // 鋸
    { 0, 0, 0, 0, 0, 0, 62235 }, // 鋹
    { 0, 0, 0, 0, 0, 0, 62235 }, // 鋺
    { 0, 0, 0, 0, 0, 0, 62235 }, // 鋻
    { 0, 0, 0, 0, 0, 0, 62235 }, // 鋼
    { 0, 0, 0, 0, 0, 0, 62235 }, // 鋽
    { 0, 0, 0, 0, 0, 0, 62235 }, // 鋾
    { 0, 0, 0, 0, 0, 0, 62235 }, // 鋿
    { 0, 0, 0, 0, 0, 0, 62235 }, // 錀
    { 0, 0, 0, 0, 0, 0, 62235 }, // 錁
    { 0, 0, 0, 0, 0, 0, 62235 }, // 錂
    { 0, 0, 0, 0, 0, 0, 62235 }, // 錃
    { 27, 27, 27, 0, 24, 92, 62235 }, // 錄
    { 26, 27, 27, 0, 24, 88, 62327 }, // 錯
    { 27, 27, 27, 0, 24, 92, 62415 }, // 鍥
    { 0, 0, 0, 0, 0, 0, 62507 }, // 鍦
    { 0, 0, 0, 0, 0, 0, 62507 }, // 鍧
    { 0, 0, 0, 0, 0, 0, 62507 }, // 鍨
    { 0, 0, 0, 0, 0, 0, 62507 }, // 鍩
    { 0, 0, 0, 0, 0, 0, 62507 }, // 鍪
    { 0, 0, 0, 0, 0, 0, 62507 }, // 鍫
    { 0, 0, 0, 0, 0, 0, 62507 }, // 鍬
    { 0, 0, 0, 0, 0, 0, 62507 }, // 鍭
    { 0, 0, 0, 0, 0, 0, 62507 }, // 鍮
    { 0, 0, 0, 0, 0, 0, 62507 }, // 鍯
    { 0, 0, 0, 0, 0, 0, 62507 }, // 鍰
    { 0, 0, 0, 0, 0, 0, 62507 }, // 鍱
    { 0, 0, 0, 0, 0, 0, 62507 }, // 鍲
    { 0, 0, 0, 0, 0, 0, 62507 }, // 鍳
    { 0, 0, 0, 0, 0, 0, 62507 }, // 鍴
    { 27, 27, 27, 0, 24, 92, 62507 }, // 鍵
    { 27, 27, 27, 0, 24, 92, 62599 }, // 鎖
    { 26, 27, 27, 0, 24, 88, 62691 }, // 鏤
    { 27, 26, 27, 0, 24, 88, 62779 }, // 鐘
    { 26, 27, 27, 0, 24, 88, 62867 }, // 钟
    { 0, 0, 0, 0, 0, 0, 62955 }, // 钠
    { 0, 0, 0, 0, 0, 0, 62955 }, // 钡
    { 0, 0, 0, 0, 0, 0, 62955 }, // 钢
    { 0, 0, 0, 0, 0, 0, 62955 }, // 钣
    { 0, 0, 0, 0, 0, 0, 62955 }, // 钤
    { 0, 0, 0, 0, 0, 0, 62955 }, // 钥
    { 0, 0, 0, 0, 0, 0, 62955 }, // 钦
    { 0, 0, 0, 0, 0, 0, 62955 }, // 钧
    { 0, 0, 0, 0, 0, 0, 62955 }, // 钨
    { 26, 27, 27, 0, 24, 88, 62955 }, // 钩
    { 0, 0, 0, 0, 0, 0, 63043 }, // 钪
    { 0, 0, 0, 0, 0, 0, 63043 }, // 钫
    { 0, 0, 0, 0, 0, 0, 63043 }, // 钬
    { 0, 0, 0, 0, 0, 0, 63043 }, // 钭
    { 26, 27, 27, 0, 24, 88, 63043 }, // 钮
    { 27, 27, 27, 0, 24, 92, 63131 }, // 锁
    { 25, 27, 27, 1, 24, 85, 63223 }, // 错
    { 0, 0, 0, 0, 0, 0, 63308 }, // 锚
    { 0, 0, 0, 0, 0, 0, 63308 }, // 锛
    { 0, 0, 0, 0, 0, 0, 63308 }, // 锜
    { 0, 0, 0, 0, 0, 0, 63308 }, // 锝
    { 0, 0, 0, 0, 0, 0, 63308 }, // 锞
    { 0, 0, 0, 0, 0, 0, 63308 }, // 锟
    { 0, 0, 0, 0, 0, 0, 63308 }, // 锠
    { 0, 0, 0, 0, 0, 0, 63308 }, // 锡
    { 0, 0, 0, 0, 0, 0, 63308 }, // 锢
    { 0, 0, 0, 0, 0, 0, 63308 }, // 锣
    { 0, 0, 0, 0, 0, 0, 63308 }, // 锤
    { 0, 0, 0, 0, 0, 0, 63308 }, // 锥
    { 0, 0, 0, 0, 0, 0, 63308 }, // 锦
    { 0, 0, 0, 0, 0, 0, 63308 }, // 锧
    { 0, 0, 0, 0, 0, 0, 63308 }, // 锨
    { 0, 0, 0, 0, 0, 0, 63308 }, // 锩
    { 0, 0, 0, 0, 0, 0, 63308 }, // 锪
    { 0, 0, 0, 0, 0, 0, 63308 }, // 锫
    { 0, 0, 0, 0, 0, 0, 63308 }, // 锬
    { 0, 0, 0, 0, 0, 0, 63308 }, // 锭
    { 27, 27, 27, 0, 24, 92, 63308 }, // 键
    { 26, 27, 27, 0, 24, 88, 63400 }, // 锯
    { 0, 0, 0, 0, 0, 0, 63488 }, // 锰
    { 0, 0, 0, 0, 0, 0, 63488 }, // 锱
    { 27, 27, 27, 0, 24, 92, 63488 }, // 锲
    { 0, 0, 0, 0, 0, 0, 63580 }, // 锳
    { 0, 0, 0, 0, 0, 0, 63580 }, // 锴
    { 0, 0, 0, 0, 0, 0, 63580 }, // 锵
    { 0, 0, 0, 0, 0, 0, 63580 }, // 锶
    { 0, 0, 0, 0, 0, 0, 63580 }, // 锷
    { 0, 0, 0, 0, 0, 0, 63580 }, // 锸
    { 0, 0, 0, 0, 0, 0, 63580 }, // 锹
    { 0, 0, 0, 0, 0, 0, 63580 }, // 锺
    { 0, 0, 0, 0, 0, 0, 63580 }, // 锻
    { 0, 0, 0, 0, 0, 0, 63580 }, // 锼
    { 0, 0, 0, 0, 0, 0, 63580 }, // 锽
    { 0, 0, 0, 0, 0, 0, 63580 }, // 锾
    { 0, 0, 0, 0, 0, 0, 63580 }, // 锿
    { 0, 0, 0, 0, 0, 0, 63580 }, // 镀
    { 0, 0, 0, 0, 0, 0, 63580 }, // 镁
    { 26, 27, 27, 0, 24, 88, 63580 }, // 镂
    { 27, 27, 27, 0, 24, 92, 63668 }, // 镜
    { 26, 25, 27, 1, 22, 82, 63760 }, // 長
    { 0, 0, 0, 0, 0, 0, 63842 }, // 镸
    { 0, 0, 0, 0, 0, 0, 63842 }, // 镹
    { 0, 0, 0, 0, 0, 0, 63842 }, // 镺
    { 0, 0, 0, 0, 0, 0, 63842 }, // 镻
    { 0, 0, 0, 0, 0, 0, 63842 }, // 镼
    { 0, 0, 0, 0, 0, 0, 63842 }, // 镽
    { 0, 0, 0, 0, 0, 0, 63842 }, // 镾
    { 26, 27, 27, 1, 24, 88, 63842 }, // 长
    { 0, 0, 0, 0, 0, 0, 63930 }, // 門
    { 0, 0, 0, 0, 0, 0, 63930 }, // 閁
    { 0, 0, 0, 0, 0, 0, 63930 }, // 閂
    { 0, 0, 0, 0, 0, 0, 63930 }, // 閃
    { 0, 0, 0, 0, 0, 0, 63930 }, // 閄
    { 0, 0, 0, 0, 0, 0, 63930 }, // 閅
    { 0, 0, 0, 0, 0, 0, 63930 }, // 閆
    { 0, 0, 0, 0, 0, 0, 63930 }, // 閇
    { 0, 0, 0, 0, 0, 0, 63930 }, // 閈
    { 23, 25, 27, 2, 22, 72, 63930 }, // 閉
    { 0, 0, 0, 0, 0, 0, 64002 }, // 閊
    { 23, 25, 27, 2, 22, 72, 64002 }, // 開
    { 0, 0, 0, 0, 0, 0, 64074 }, // 閌
    { 0, 0, 0, 0, 0, 0, 64074 }, // 閍
    { 0, 0, 0, 0, 0, 0, 64074 }, // 閎
    { 0, 0, 0, 0, 0, 0, 64074 }, // 閏
    { 0, 0, 0, 0, 0, 0, 64074 }, // 閐
    { 0, 0, 0, 0, 0, 0, 64074 }, // 閑
    { 0, 0, 0, 0, 0, 0, 64074 }, // 閒
    { 23, 25, 27, 2, 22, 72, 64074 }, // 間
    { 23, 25, 27, 2, 22, 72, 64146 }, // 閱
    { 23, 25, 27, 2, 22, 72, 64218 }, // 關
    { 0, 0, 0, 0, 0, 0, 64290 }, // 闝
    { 0, 0, 0, 0, 0, 0, 64290 }, // 闞
    { 0, 0, 0, 0, 0, 0, 64290 }, // 闟
    { 0, 0, 0, 0, 0, 0, 64290 }, // 闠
    { 0, 0, 0, 0, 0, 0, 64290 }, // 闡
    { 0, 0, 0, 0, 0, 0, 64290 }, // 闢
    { 0, 0, 0, 0, 0, 0, 64290 }, // 闣
    { 0, 0, 0, 0, 0, 0, 64290 }, // 闤
    { 0, 0, 0, 0, 0, 0, 64290 }, // 闥
    { 0, 0, 0, 0, 0, 0, 64290 }, // 闦
    { 0, 0, 0, 0, 0, 0, 64290 }, // 闧
    { 0, 0, 0, 0, 0, 0, 64290 }, // 门
    { 0, 0, 0, 0, 0, 0, 64290 }, // 闩
    { 0, 0, 0, 0, 0, 0, 64290 }, // 闪
    { 0, 0, 0, 0, 0, 0, 64290 }, // 闫
    { 0, 0, 0, 0, 0, 0, 64290 }, // 闬
    { 23, 27, 27, 2, 24, 78, 64290 }, // 闭
    { 23, 27, 27, 2, 24, 78, 64368 }, // 问
    { 0, 0, 0, 0, 0, 0, 64446 }, // 闯
    { 0, 0, 0, 0, 0, 0, 64446 }, // 闰
    { 0, 0, 0, 0, 0, 0, 64446 }, // 闱
    { 0, 0, 0, 0, 0, 0, 64446 }, // 闲
    { 0, 0, 0, 0, 0, 0, 64446 }, // 闳
    { 23, 27, 27, 2, 24, 78, 64446 }, // 间
    { 0, 0, 0, 0, 0, 0, 64524 }, // 闵
    { 0, 0, 0, 0, 0, 0, 64524 }, // 闶
    { 0, 0, 0, 0, 0, 0, 64524 }, // 闷
    { 0, 0, 0, 0, 0, 0, 64524 }, // 闸
    { 0, 0, 0, 0, 0, 0, 64524 }, // 闹
    { 0, 0, 0, 0, 0, 0, 64524 }, // 闺
    { 0, 0, 0, 0, 0, 0, 64524 }, // 闻
    { 0, 0, 0, 0, 0, 0, 64524 }, // 闼
    { 0, 0, 0, 0, 0, 0, 64524 }, // 闽
    { 0, 0, 0, 0, 0, 0, 64524 }, // 闾
    { 0, 0, 0, 0, 0, 0, 64524 }, // 闿
    { 0, 0, 0, 0, 0, 0, 64524 }, // 阀
    { 0, 0, 0, 0, 0, 0, 64524 }, // 阁
    { 0, 0, 0, 0, 0, 0, 64524 }, // 阂
    { 0, 0, 0, 0, 0, 0, 64524 }, // 阃
    { 0, 0, 0, 0, 0, 0, 64524 }, // 阄
    { 23, 27, 27, 2, 24, 78, 64524 }, // 阅
    { 24, 27, 27, 2, 24, 81, 64602 }, // 防
    { 23, 26, 27, 2, 23, 75, 64683 }, // 阳
    { 0, 0, 0, 0, 0, 0, 64758 }, // 阴
    { 0, 0, 0, 0, 0, 0, 64758 }, // 阵
    { 25, 27, 27, 2, 24, 85, 64758 }, // 阶
    { 0, 0, 0, 0, 0, 0, 64843 }, // 阷
    { 0, 0, 0, 0, 0, 0, 64843 }, // 阸
    { 0, 0, 0, 0, 0, 0, 64843 }, // 阹
    { 0, 0, 0, 0, 0, 0, 64843 }, // 阺
    { 0, 0, 0, 0, 0, 0, 64843 }, // 阻
    { 0, 0, 0, 0, 0, 0, 64843 }, // 阼
    { 0, 0, 0, 0, 0, 0, 64843 }, // 阽
    { 0, 0, 0, 0, 0, 0, 64843 }, // 阾
    { 0, 0, 0, 0, 0, 0, 64843 }, // 阿
    { 0, 0, 0, 0, 0, 0, 64843 }, // 陀
    { 0, 0, 0, 0, 0, 0, 64843 }, // 陁
    { 0, 0, 0, 0, 0, 0, 64843 }, // 陂
    { 0, 0, 0, 0, 0, 0, 64843 }, // 陃
    { 25, 27, 27, 2, 24, 85, 64843 }, // 附
    { 0, 0, 0, 0, 0, 0, 64928 }, // 际
    { 0, 0, 0, 0, 0, 0, 64928 }, // 陆
    { 0, 0, 0, 0, 0, 0, 64928 }, // 陇
    { 0, 0, 0, 0, 0, 0, 64928 }, // 陈
    { 0, 0, 0, 0, 0, 0, 64928 }, // 陉
    { 0, 0, 0, 0, 0, 0, 64928 }, // 陊
    { 0, 0, 0, 0, 0, 0, 64928 }, // 陋
    { 0, 0, 0, 0, 0, 0, 64928 }, // 陌
    { 25, 27, 27, 2, 24, 85, 64928 }, // 降
    { 0, 0, 0, 0, 0, 0, 65013 }, // 陎
    { 0, 0, 0, 0, 0, 0, 65013 }, // 陏
    { 25, 26, 27, 2, 23, 82, 65013 }, // 限
    { 0, 0, 0, 0, 0, 0, 65095 }, // 陑
    { 0, 0, 0, 0, 0, 0, 65095 }, // 陒
    { 0, 0, 0, 0, 0, 0, 65095 }, // 陓
    { 0, 0, 0, 0, 0, 0, 65095 }, // 陔
    { 0, 0, 0, 0, 0, 0, 65095 }, // 陕
    { 0, 0, 0, 0, 0, 0, 65095 }, // 陖
    { 0, 0, 0, 0, 0, 0, 65095 }, // 陗
    { 0, 0, 0, 0, 0, 0, 65095 }, // 陘
    { 0, 0, 0, 0, 0, 0, 65095 }, // 陙
    { 0, 0, 0, 0, 0, 0, 65095 }, // 陚
    { 0, 0, 0, 0, 0, 0, 65095 }, // 陛
    { 0, 0, 0, 0, 0, 0, 65095 }, // 陜
    { 0, 0, 0, 0, 0, 0, 65095 }, // 陝
    { 0, 0, 0, 0, 0, 0, 65095 }, // 陞
    { 0, 0, 0, 0, 0, 0, 65095 }, // 陟
    { 0, 0, 0, 0, 0, 0, 65095 }, // 陠
    { 0, 0, 0, 0, 0, 0, 65095 }, // 陡
    { 0, 0, 0, 0, 0, 0, 65095 }, // 院
    { 0, 0, 0, 0, 0, 0, 65095 }, // 陣
    { 25, 26, 27, 2, 24, 82, 65095 }, // 除
    { 24, 27, 27, 2, 24, 81, 65177 }, // 隐
    { 0, 0, 0, 0, 0, 0, 65258 }, // 隑
    { 0, 0, 0, 0, 0, 0, 65258 }, // 隒
    { 0, 0, 0, 0, 0, 0, 65258 }, // 隓
    { 24, 26, 27, 2, 23, 78, 65258 }, // 隔
    { 24, 27, 27, 2, 24, 81, 65336 }, // 隱
    { 0, 0, 0, 0, 0, 0, 65417 }, // 隲
    { 0, 0, 0, 0, 0, 0, 65417 }, // 隳
    { 0, 0, 0, 0, 0, 0, 65417 }, // 隴
    { 0, 0, 0, 0, 0, 0, 65417 }, // 隵
    { 0, 0, 0, 0, 0, 0, 65417 }, // 隶
    { 0, 0, 0, 0, 0, 0, 65417 }, // 隷
    { 0, 0, 0, 0, 0, 0, 65417 }, // 隸
    { 0, 0, 0, 0, 0, 0, 65417 }, // 隹
    { 0, 0, 0, 0, 0, 0, 65417 }, // 隺
    { 0, 0, 0, 0, 0, 0, 65417 }, // 隻
    { 0, 0, 0, 0, 0, 0, 65417 }, // 隼
    { 0, 0, 0, 0, 0, 0, 65417 }, // 隽
    { 26, 27, 27, 0, 24, 88, 65417 }, // 难
    { 26, 27, 27, 0, 24, 88, 65505 }, // 雙
    { 0, 0, 0, 0, 0, 0, 65593 }, // 雚
    { 0, 0, 0, 0, 0, 0, 65593 }, // 雛
    { 0, 0, 0, 0, 0, 0, 65593 }, // 雜
    { 0, 0, 0, 0, 0, 0, 65593 }, // 雝
    { 0, 0, 0, 0, 0, 0, 65593 }, // 雞
    { 0, 0, 0, 0, 0, 0, 65593 }, // 雟
    { 0, 0, 0, 0, 0, 0, 65593 }, // 雠
    { 0, 0, 0, 0, 0, 0, 65593 }, // 雡
    { 0, 0, 0, 0, 0, 0, 65593 }, // 離
    { 25, 27, 27, 1, 24, 85, 65593 }, // 難
    { 0, 0, 0, 0, 0, 0, 65678 }, // 雤
    { 0, 0, 0, 0, 0, 0, 65678 }, // 雥
    { 0, 0, 0, 0, 0, 0, 65678 }, // 雦
    { 0, 0, 0, 0, 0, 0, 65678 }, // 雧
    { 0, 0, 0, 0, 0, 0, 65678 }, // 雨
    { 0, 0, 0, 0, 0, 0, 65678 }, // 雩
    { 0, 0, 0, 0, 0, 0, 65678 }, // 雪
    { 0, 0, 0, 0, 0, 0, 65678 }, // 雫
    { 0, 0, 0, 0, 0, 0, 65678 }, // 雬
    { 0, 0, 0, 0, 0, 0, 65678 }, // 雭
    { 0, 0, 0, 0, 0, 0, 65678 }, // 雮
    { 0, 0, 0, 0, 0, 0, 65678 }, // 雯
    { 0, 0, 0, 0, 0, 0, 65678 }, // 雰
    { 0, 0, 0, 0, 0, 0, 65678 }, // 雱
    { 25, 25, 27, 1, 22, 79, 65678 }, // 雲
    { 0, 0, 0, 0, 0, 0, 65757 }, // 雳
    { 0, 0, 0, 0, 0, 0, 65757 }, // 雴
    { 0, 0, 0, 0, 0, 0, 65757 }, // 雵
    { 0, 0, 0, 0, 0, 0, 65757 }, // 零
    { 0, 0, 0, 0, 0, 0, 65757 }, // 雷
    { 0, 0, 0, 0, 0, 0, 65757 }, // 雸
    { 0, 0, 0, 0, 0, 0, 65757 }, // 雹
    { 0, 0, 0, 0, 0, 0, 65757 }, // 雺
    { 25, 24, 27, 2, 22, 75, 65757 }, // 電
    { 0, 0, 0, 0, 0, 0, 65832 }, // 雼
    { 0, 0, 0, 0, 0, 0, 65832 }, // 雽
    { 0, 0, 0, 0, 0, 0, 65832 }, // 雾
    { 0, 0, 0, 0, 0, 0, 65832 }, // 雿
    { 25, 25, 27, 1, 22, 79, 65832 }, // 需
    { 25, 25, 27, 1, 23, 79, 65911 }, // 靈
    { 0, 0, 0, 0, 0, 0, 65990 }, // 靉
    { 0, 0, 0, 0, 0, 0, 65990 }, // 靊
    { 0, 0, 0, 0, 0, 0, 65990 }, // 靋
    { 0, 0, 0, 0, 0, 0, 65990 }, // 靌
    { 0, 0, 0, 0, 0, 0, 65990 }, // 靍
    { 0, 0, 0, 0, 0, 0, 65990 }, // 靎
    { 0, 0, 0, 0, 0, 0, 65990 }, // 靏
    { 0, 0, 0, 0, 0, 0, 65990 }, // 靐
    { 0, 0, 0, 0, 0, 0, 65990 }, // 靑
    { 0, 0, 0, 0, 0, 0, 65990 }, // 青
    { 0, 0, 0, 0, 0, 0, 65990 }, // 靓
    { 0, 0, 0, 0, 0, 0, 65990 }, // 靔
    { 0, 0, 0, 0, 0, 0, 65990 }, // 靕
    { 0, 0, 0, 0, 0, 0, 65990 }, // 靖
    { 0, 0, 0, 0, 0, 0, 65990 }, // 靗
    { 0, 0, 0, 0, 0, 0, 65990 }, // 靘
    { 26, 27, 27, 1, 24, 88, 65990 }, // 静
    { 0, 0, 0, 0, 0, 0, 66078 }, // 靚
    { 0, 0, 0, 0, 0, 0, 66078 }, // 靛
    { 26, 27, 27, 1, 24, 88, 66078 }, // 靜
    { 0, 0, 0, 0, 0, 0, 66166 }, // 靝
    { 25, 27, 27, 1, 24, 85, 66166 }, // 非
    { 0, 0, 0, 0, 0, 0, 66251 }, // 靟
    { 0, 0, 0, 0, 0, 0, 66251 }, // 靠
    { 0, 0, 0, 0, 0, 0, 66251 }, // 靡
    { 25, 25, 27, 1, 22, 79, 66251 }, // 面
    { 25, 27, 27, 1, 24, 85, 66330 }, // 響
    { 0, 0, 0, 0, 0, 0, 66415 }, // 頀
    { 25, 25, 27, 1, 22, 79, 66415 }, // 頁
    { 26, 25, 27, 1, 22, 82, 66494 }, // 頂
    { 0, 0, 0, 0, 0, 0, 66576 }, // 頃
    { 0, 0, 0, 0, 0, 0, 66576 }, // 頄
    { 27, 25, 27, 0, 22, 85, 66576 }, // 項
    { 26, 27, 27, 1, 24, 88, 66661 }, // 頻
    { 27, 26, 27, 0, 23, 88, 66749 }, // 類
    { 0, 0, 0, 0, 0, 0, 66837 }, // 顟
    { 0, 0, 0, 0, 0, 0, 66837 }, // 顠
    { 0, 0, 0, 0, 0, 0, 66837 }, // 顡
    { 0, 0, 0, 0, 0, 0, 66837 }, // 顢
    { 0, 0, 0, 0, 0, 0, 66837 }, // 顣
    { 0, 0, 0, 0, 0, 0, 66837 }, // 顤
    { 0, 0, 0, 0, 0, 0, 66837 }, // 顥
    { 0, 0, 0, 0, 0, 0, 66837 }, // 顦
    { 0, 0, 0, 0, 0, 0, 66837 }, // 顧
    { 0, 0, 0, 0, 0, 0, 66837 }, // 顨
    { 0, 0, 0, 0, 0, 0, 66837 }, // 顩
    { 0, 0, 0, 0, 0, 0, 66837 }, // 顪
    { 0, 0, 0, 0, 0, 0, 66837 }, // 顫
    { 0, 0, 0, 0, 0, 0, 66837 }, // 顬
    { 0, 0, 0, 0, 0, 0, 66837 }, // 顭
    { 0, 0, 0, 0, 0, 0, 66837 }, // 顮
    { 27, 25, 27, 0, 22, 85, 66837 }, // 顯
    { 0, 0, 0, 0, 0, 0, 66922 }, // 顰
    { 0, 0, 0, 0, 0, 0, 66922 }, // 顱
    { 0, 0, 0, 0, 0, 0, 66922 }, // 顲
    { 0, 0, 0, 0, 0, 0, 66922 }, // 顳
    { 0, 0, 0, 0, 0, 0, 66922 }, // 顴
    { 25, 25, 27, 1, 22, 79, 66922 }, // 页
    { 26, 25, 27, 1, 22, 82, 67001 }, // 顶
    { 0, 0, 0, 0, 0, 0, 67083 }, // 顷
    { 0, 0, 0, 0, 0, 0, 67083 }, // 顸
    { 27, 25, 27, 0, 22, 85, 67083 }, // 项
    { 26, 27, 27, 1, 24, 88, 67168 }, // 频
    { 0, 0, 0, 0, 0, 0, 67256 }, // 颒
    { 0, 0, 0, 0, 0, 0, 67256 }, // 颓
    { 0, 0, 0, 0, 0, 0, 67256 }, // 颔
    { 0, 0, 0, 0, 0, 0, 67256 }, // 颕
    { 0, 0, 0, 0, 0, 0, 67256 }, // 颖
    { 0, 0, 0, 0, 0, 0, 67256 }, // 颗
    { 27, 25, 27, 0, 22, 85, 67256 }, // 题
    { 0, 0, 0, 0, 0, 0, 67341 }, // 颙
    { 0, 0, 0, 0, 0, 0, 67341 }, // 颚
    { 0, 0, 0, 0, 0, 0, 67341 }, // 颛
    { 0, 0, 0, 0, 0, 0, 67341 }, // 颜
    { 26, 27, 27, 1, 24, 88, 67341 }, // 额
    { 0, 0, 0, 0, 0, 0, 67429 }, // 颞
    { 0, 0, 0, 0, 0, 0, 67429 }, // 颟
    { 0, 0, 0, 0, 0, 0, 67429 }, // 颠
    { 0, 0, 0, 0, 0, 0, 67429 }, // 颡
    { 0, 0, 0, 0, 0, 0, 67429 }, // 颢
    { 0, 0, 0, 0, 0, 0, 67429 }, // 颣
    { 0, 0, 0, 0, 0, 0, 67429 }, // 颤
    { 0, 0, 0, 0, 0, 0, 67429 }, // 颥
    { 0, 0, 0, 0, 0, 0, 67429 }, // 颦
    { 0, 0, 0, 0, 0, 0, 67429 }, // 颧
    { 27, 25, 27, 0, 22, 85, 67429 }, // 風
    { 26, 25, 27, 1, 22, 82, 67514 }, // 风
    { 25, 27, 27, 1, 24, 85, 67596 }, // 首
    { 27, 27, 27, 0, 24, 92, 67681 }, // 驗
    { 27, 27, 27, 0, 24, 92, 67773 }, // 验
    { 25, 27, 27, 1, 24, 85, 67865 }, // 體
    { 0, 0, 0, 0, 0, 0, 67950 }, // 髕
    { 0, 0, 0, 0, 0, 0, 67950 }, // 髖
    { 0, 0, 0, 0, 0, 0, 67950 }, // 髗
    { 25, 27, 27, 1, 24, 85, 67950 }, // 高
    { 25, 25, 27, 1, 22, 79, 68035 }, // 黑
    { 0, 0, 0, 0, 0, 0, 68114 }, // 黒
    { 0, 0, 0, 0, 0, 0, 68114 }, // 黓
    { 0, 0, 0, 0, 0, 0, 68114 }, // 黔
    { 0, 0, 0, 0, 0, 0, 68114 }, // 黕
    { 0, 0, 0, 0, 0, 0, 68114 }, // 黖
    { 0, 0, 0, 0, 0, 0, 68114 }, // 黗
    { 27, 27, 27, 0, 24, 92, 68114 }, // 默
    { 0, 0, 0, 0, 0, 0, 68206 }, // 黙
    { 0, 0, 0, 0, 0, 0, 68206 }, // 黚
    { 0, 0, 0, 0, 0, 0, 68206 }, // 黛
    { 0, 0, 0, 0, 0, 0, 68206 }, // 黜
    { 0, 0, 0, 0, 0, 0, 68206 }, // 黝
    { 27, 27, 27, 0, 24, 92, 68206 }, // 點
    { 26, 27, 27, 1, 24, 88, 68298 }, // 齊
    { 0, 0, 0, 0, 0, 0, 68386 }, // 齋
    { 0, 0, 0, 0, 0, 0, 68386 }, // 齌
    { 0, 0, 0, 0, 0, 0, 68386 }, // 齍
    { 0, 0, 0, 0, 0, 0, 68386 }, // 齎
    { 0, 0, 0, 0, 0, 0, 68386 }, // 齏
    { 26, 27, 27, 1, 24, 88, 68386 }, // 齐
    { 0, 0, 0, 0, 0, 0, 68474 }, // 齑
    { 25, 27, 27, 1, 24, 85, 68474 }, // 齒
    { 25, 26, 27, 1, 23, 82, 68559 }, // 齿
    { 4, 21, 27, 5, 21, 11, 68641 }, // ！
    { 0, 0, 0, 0, 0, 0, 68652 }, // ＂
    { 0, 0, 0, 0, 0, 0, 68652 }, // ＃
    { 0, 0, 0, 0, 0, 0, 68652 }, // ＄
    { 0, 0, 0, 0, 0, 0, 68652 }, // ％
    { 0, 0, 0, 0, 0, 0, 68652 }, // ＆
    { 0, 0, 0, 0, 0, 0, 68652 }, // ＇
    { 8, 26, 27, 18, 23, 26, 68652 }, // （
    { 8, 26, 27, 1, 23, 26, 68678 }, // ）
    { 0, 0, 0, 0, 0, 0, 68704 }, // ＊
    { 0, 0, 0, 0, 0, 0, 68704 }, // ＋
    { 6, 10, 27, 3, 6, 8, 68704 }, // ，
    { 0, 0, 0, 0, 0, 0, 68712 }, // －
    { 0, 0, 0, 0, 0, 0, 68712 }, // ．
    { 0, 0, 0, 0, 0, 0, 68712 }, // ／
    { 0, 0, 0, 0, 0, 0, 68712 }, // ０
    { 0, 0, 0, 0, 0, 0, 68712 }, // １
    { 0, 0, 0, 0, 0, 0, 68712 }, // ２
    { 0, 0, 0, 0, 0, 0, 68712 }, // ３
    { 0, 0, 0, 0, 0, 0, 68712 }, // ４
    { 0, 0, 0, 0, 0, 0, 68712 }, // ５
    { 0, 0, 0, 0, 0, 0, 68712 }, // ６
    { 0, 0, 0, 0, 0, 0, 68712 }, // ７
    { 0, 0, 0, 0, 0, 0, 68712 }, // ８
    { 0, 0, 0, 0, 0, 0, 68712 }, // ９
    { 5, 19, 27, 4, 18, 12, 68712 }, // ：
    { 7, 23, 27, 3, 18, 21, 68724 }, // ；
    { 0, 0, 0, 0, 0, 0, 68745 }, // ＜
    { 0, 0, 0, 0, 0, 0, 68745 }, // ＝
    { 0, 0, 0, 0, 0, 0, 68745 }, // ＞
    { 13, 22, 27, 0, 22, 36, 68745 }, // ？
};

static const EpdUnicodeInterval m4_ui_cjk_13Intervals[] = {
    { 0x20, 0x7E, 0x0 },
    { 0xAB, 0xBB, 0x5F },
    { 0x2026, 0x2029, 0x70 },
    { 0x202F, 0x203A, 0x74 },
    { 0x2190, 0x2193, 0x80 },
    { 0x3001, 0x3002, 0x84 },
    { 0x4E00, 0x4E49, 0x86 },
    { 0x4E60, 0x4E66, 0xD0 },
    { 0x4E86, 0x4E91, 0xD7 },
    { 0x4EAE, 0x4EFB, 0xE3 },
    { 0x4F11, 0x4F24, 0x131 },
    { 0x4F48, 0x4F60, 0x145 },
    { 0x4F7F, 0x4F7F, 0x15E },
    { 0x4F9B, 0x4FA7, 0x15F },
    { 0x4FDD, 0x4FEE, 0x16C },
    { 0x500B, 0x5026, 0x17E },
    { 0x503C, 0x504F, 0x19A },
    { 0x5074, 0x5074, 0x1AE },
    { 0x5099, 0x5099, 0x1AF },
    { 0x50B3, 0x50C5, 0x1B0 },
    { 0x5141, 0x5149, 0x1C3 },
    { 0x5165, 0x5199, 0x1CC },
    { 0x51B2, 0x51D1, 0x201 },
    { 0x51ED, 0x524D, 0x221 },
    { 0x526A, 0x526A, 0x282 },
    { 0x5283, 0x5283, 0x283 },
    { 0x529B, 0x52AA, 0x284 },
    { 0x52D5, 0x52E4, 0x294 },
    { 0x52FF, 0x5305, 0x2A4 },
    { 0x533A, 0x53AD, 0x2AB },
    { 0x53CC, 0x542F, 0x31F },
    { 0x547D, 0x548C, 0x383 },
    { 0x54CD, 0x54CD, 0x393 },
    { 0x554F, 0x555F, 0x394 },
    { 0x5584, 0x5584, 0x3A5 },
    { 0x55AE, 0x55AE, 0x3A6 },
    { 0x5668, 0x5668, 0x3A7 },
    { 0x56CA, 0x56DE, 0x3A8 },
    { 0x56F4, 0x575A, 0x3BD },
    { 0x57DF, 0x57DF, 0x424 },
    { 0x5805, 0x5805, 0x425 },
    { 0x5899, 0x589E, 0x426 },
    { 0x58C1, 0x58C1, 0x42C },
    { 0x58EE, 0x5931, 0x42D },
    { 0x597D, 0x5982, 0x471 },
    { 0x59CB, 0x59CB, 0x477 },
    { 0x5B50, 0x5B9E, 0x478 },
    { 0x5BB9, 0x5BC6, 0x4C7 },
    { 0x5BE6, 0x5C1A, 0x4D5 },
    { 0x5C40, 0x5C71, 0x50A },
    { 0x5D4C, 0x5D4C, 0x53C },
    { 0x5DDD, 0x5E55, 0x53D },
    { 0x5E76, 0x5E76, 0x5B6 },
    { 0x5E8F, 0x5EA6, 0x5B7 },
    { 0x5EE0, 0x5EE0, 0x5CF },
    { 0x5EFA, 0x5F15, 0x5D0 },
    { 0x5F3A, 0x5F3A, 0x5EC },
    { 0x5F53, 0x5F55, 0x5ED },
    { 0x5F71, 0x6015, 0x5F0 },
    { 0x603B, 0x603B, 0x695 },
    { 0x6062, 0x606F, 0x696 },
    { 0x60A8, 0x60B2, 0x6A4 },
    { 0x60F3, 0x60F3, 0x6AF },
    { 0x610F, 0x610F, 0x6B0 },
    { 0x6191, 0x6191, 0x6B1 },
    { 0x61C9, 0x61C9, 0x6B2 },
    { 0x6210, 0x6253, 0x6B3 },
    { 0x6269, 0x627E, 0x6F7 },
    { 0x6297, 0x6297, 0x70D },
    { 0x62D2, 0x62D2, 0x70E },
    { 0x62E9, 0x6309, 0x70F },
    { 0x6355, 0x6383, 0x730 },
    { 0x63A5, 0x63A8, 0x75F },
    { 0x63CF, 0x63DB, 0x763 },
    { 0x641C, 0x641C, 0x770 },
    { 0x64C7, 0x64DA, 0x771 },
    { 0x64F4, 0x64F4, 0x785 },
    { 0x652F, 0x6557, 0x786 },
    { 0x6570, 0x65F6, 0x7AF },
    { 0x660E, 0x6643, 0x836 },
    { 0x666F, 0x66AB, 0x86C },
    { 0x66F4, 0x670D, 0x8A9 },
    { 0x672A, 0x6743, 0x8C3 },
    { 0x6761, 0x6761, 0x8DD },
    { 0x677E, 0x679C, 0x8DE },
    { 0x67B6, 0x67B6, 0x8FD },
    { 0x67E5, 0x67E5, 0x8FE },
    { 0x6807, 0x6821, 0x8FF },
    { 0x6837, 0x6846, 0x91A },
    { 0x6863, 0x6863, 0x92A },
    { 0x689D, 0x689D, 0x92B },
    { 0x68C0, 0x68C0, 0x92C },
    { 0x697C, 0x697C, 0x92D },
    { 0x6A13, 0x6A2A, 0x92E },
    { 0x6A5F, 0x6A6B, 0x946 },
    { 0x6A94, 0x6AA2, 0x953 },
    { 0x6B21, 0x6B32, 0x962 },
    { 0x6B62, 0x6B77, 0x974 },
    { 0x6BB5, 0x6BB5, 0x98A },
    { 0x6BCF, 0x6BD4, 0x98B },
    { 0x6C2A, 0x6C42, 0x991 },
    { 0x6C60, 0x6C60, 0x9AA },
    { 0x6C92, 0x6CA1, 0x9AB },
    { 0x6CCA, 0x6CE8, 0x9BB },
    { 0x6D45, 0x6D4F, 0x9DA },
    { 0x6D77, 0x6D88, 0x9E5 },
    { 0x6DE1, 0x6E05, 0x9F7 },
    { 0x6E29, 0x6E29, 0xA1C },
    { 0x6E4A, 0x6E4A, 0xA1D },
    { 0x6E90, 0x6EAB, 0xA1E },
    { 0x6ED1, 0x6EE4, 0xA3A },
    { 0x700F, 0x700F, 0xA4E },
    { 0x706B, 0x7075, 0xA4F },
    { 0x70B9, 0x70BA, 0xA5A },
    { 0x70ED, 0x70ED, 0xA5C },
    { 0x7121, 0x7121, 0xA5D },
    { 0x71B1, 0x71B1, 0xA5E },
    { 0x7247, 0x7279, 0xA5F },
    { 0x72B6, 0x72B6, 0xA92 },
    { 0x7372, 0x7387, 0xA93 },
    { 0x73B0, 0x73B0, 0xAA9 },
    { 0x73FE, 0x7406, 0xAAA },
    { 0x751F, 0x7535, 0xAB3 },
    { 0x754C, 0x758A, 0xACA },
    { 0x767B, 0x7684, 0xB09 },
    { 0x76D6, 0x76F4, 0xB13 },
    { 0x771F, 0x7720, 0xB32 },
    { 0x773C, 0x773E, 0xB34 },
    { 0x77E5, 0x7814, 0xB37 },
    { 0x7834, 0x7834, 0xB67 },
    { 0x786E, 0x786E, 0xB68 },
    { 0x78BA, 0x78BC, 0xB69 },
    { 0x793A, 0x793A, 0xB6C },
    { 0x795E, 0x795E, 0xB6D },
    { 0x7981, 0x7981, 0xB6E },
    { 0x79BB, 0x79BB, 0xB6F },
    { 0x79D2, 0x79D2, 0xB70 },
    { 0x79F0, 0x7A0D, 0xB71 },
    { 0x7A31, 0x7A31, 0xB8F },
    { 0x7A77, 0x7A7A, 0xB90 },
    { 0x7AAE, 0x7AAE, 0xB94 },
    { 0x7ACB, 0x7AEF, 0xB95 },
    { 0x7B14, 0x7B2C, 0xBBA },
    { 0x7B46, 0x7B49, 0xBD3 },
    { 0x7B7E, 0x7B80, 0xBD7 },
    { 0x7BA1, 0x7BC4, 0xBDA },
    { 0x7C21, 0x7C21, 0xBFE },
    { 0x7C4D, 0x7C4D, 0xBFF },
    { 0x7C64, 0x7C64, 0xC00 },
    { 0x7C7B, 0x7C7B, 0xC01 },
    { 0x7C98, 0x7C98, 0xC02 },
    { 0x7CFB, 0x7D30, 0xC03 },
    { 0x7D55, 0x7D71, 0xC39 },
    { 0x7DAD, 0x7DB2, 0xC56 },
    { 0x7DCA, 0x7DE9, 0xC5C },
    { 0x7E2E, 0x7E41, 0xC7C },
    { 0x7E7C, 0x7E8C, 0xC90 },
    { 0x7EA7, 0x7F3A, 0xCA1 },
    { 0x7F51, 0x7F51, 0xD35 },
    { 0x7F6E, 0x7F6E, 0xD36 },
    { 0x7FA9, 0x7FA9, 0xD37 },
    { 0x7FD2, 0x7FD2, 0xD38 },
    { 0x7FFB, 0x8017, 0xD39 },
    { 0x803B, 0x803B, 0xD56 },
    { 0x80CC, 0x80CC, 0xD57 },
    { 0x80F6, 0x80FD, 0xD58 },
    { 0x811A, 0x811A, 0xD60 },
    { 0x81A0, 0x81A0, 0xD61 },
    { 0x81EA, 0x81F4, 0xD62 },
    { 0x820D, 0x820D, 0xD6D },
    { 0x8272, 0x8282, 0xD6E },
    { 0x8303, 0x8304, 0xD7F },
    { 0x8350, 0x8350, 0xD81 },
    { 0x83B7, 0x83B7, 0xD82 },
    { 0x83DC, 0x83DC, 0xD83 },
    { 0x842C, 0x843D, 0xD84 },
    { 0x84DD, 0x84DD, 0xD96 },
    { 0x85A6, 0x85A6, 0xD97 },
    { 0x85CD, 0x85CF, 0xD98 },
    { 0x865A, 0x865F, 0xD9B },
    { 0x884C, 0x884C, 0xDA1 },
    { 0x8868, 0x8868, 0xDA2 },
    { 0x88AB, 0x88AB, 0xDA3 },
    { 0x88C1, 0x88C5, 0xDA4 },
    { 0x88DD, 0x88DD, 0xDA9 },
    { 0x892A, 0x892A, 0xDAA },
    { 0x8981, 0x8986, 0xDAB },
    { 0x89BD, 0x89E3, 0xDB1 },
    { 0x8A00, 0x8A3B, 0xDD8 },
    { 0x8A66, 0x8A73, 0xE14 },
    { 0x8A8D, 0x8AAA, 0xE22 },
    { 0x8ACB, 0x8ACB, 0xE40 },
    { 0x8B49, 0x8B49, 0xE41 },
    { 0x8B80, 0x8B80, 0xE42 },
    { 0x8BA1, 0x8BFB, 0xE43 },
    { 0x8C4E, 0x8C4E, 0xE9E },
    { 0x8C9D, 0x8C9D, 0xE9F },
    { 0x8CEA, 0x8CEC, 0xEA0 },
    { 0x8D1D, 0x8D34, 0xEA3 },
    { 0x8D5B, 0x8D5B, 0xEBB },
    { 0x8D85, 0x8D8A, 0xEBC },
    { 0x8DB3, 0x8DB3, 0xEC2 },
    { 0x8DDD, 0x8DF3, 0xEC3 },
    { 0x8F09, 0x8F09, 0xEDA },
    { 0x8F38, 0x8F49, 0xEDB },
    { 0x8F6C, 0x8F93, 0xEED },
    { 0x8FB9, 0x8FDE, 0xF15 },
    { 0x9000, 0x9060, 0xF3B },
    { 0x9078, 0x908A, 0xF9C },
    { 0x90FD, 0x90FD, 0xFAF },
    { 0x914D, 0x914D, 0xFB0 },
    { 0x916C, 0x916C, 0xFB1 },
    { 0x91CC, 0x91D1, 0xFB2 },
    { 0x9215, 0x9215, 0xFB8 },
    { 0x92F8, 0x9304, 0xFB9 },
    { 0x932F, 0x932F, 0xFC6 },
    { 0x9365, 0x9375, 0xFC7 },
    { 0x9396, 0x9396, 0xFD8 },
    { 0x93E4, 0x93E4, 0xFD9 },
    { 0x9418, 0x9418, 0xFDA },
    { 0x949F, 0x94AE, 0xFDB },
    { 0x9501, 0x9501, 0xFEB },
    { 0x9519, 0x9542, 0xFEC },
    { 0x955C, 0x955C, 0x1016 },
    { 0x9577, 0x9593, 0x1017 },
    { 0x95B1, 0x95B1, 0x1034 },
    { 0x95DC, 0x9605, 0x1035 },
    { 0x9632, 0x9664, 0x105F },
    { 0x9690, 0x9694, 0x1092 },
    { 0x96B1, 0x96BE, 0x1097 },
    { 0x96D9, 0x9700, 0x10A5 },
    { 0x9748, 0x9762, 0x10CD },
    { 0x97FF, 0x9805, 0x10E8 },
    { 0x983B, 0x983B, 0x10EF },
    { 0x985E, 0x9879, 0x10F0 },
    { 0x9891, 0x98A8, 0x110C },
    { 0x98CE, 0x98CE, 0x1124 },
    { 0x9996, 0x9996, 0x1125 },
    { 0x9A57, 0x9A57, 0x1126 },
    { 0x9A8C, 0x9A8C, 0x1127 },
    { 0x9AD4, 0x9AD8, 0x1128 },
    { 0x9ED1, 0x9EDE, 0x112D },
    { 0x9F4A, 0x9F52, 0x113B },
    { 0x9F7F, 0x9F7F, 0x1144 },
    { 0xFF01, 0xFF1F, 0x1145 },
};

static const EpdFontData m4_ui_cjk_13 = {
    m4_ui_cjk_13Bitmaps,
    m4_ui_cjk_13Glyphs,
    m4_ui_cjk_13Intervals,
    245,
    37,
    29,
    -8,
    false,
};
